"baseMean","log2FoldChange","lfcSE","stat","pvalue","padj","gene","cell_population","branch","significant"
587.948493275461,0.0941707546456843,0.354989066757915,0.265277901389295,0.790795386980187,0.922982649035673,"AT1G69810","Atrichoblast_lineage","pca",FALSE
143.238811942783,0.543710080841019,0.363712572645172,1.49488943119777,0.134943300994126,0.392128093664368,"AT1G72430","Atrichoblast_lineage","pca",FALSE
1155.95250173173,-0.918609657739709,0.348789553214459,-2.63370748714738,0.00844582147105231,0.0724549485550511,"AT1G65310","Atrichoblast_lineage","pca",FALSE
3.26417794447899,-0.171870167227423,1.48063898274364,-0.116078375100556,0.907590427114367,NA,"AT1G30190","Atrichoblast_lineage","pca",FALSE
42.4334615918603,-0.120310106870418,0.502785304326462,-0.239287238181288,0.810882860468384,0.931479561920572,"AT1G06180","Atrichoblast_lineage","pca",FALSE
24.1521187291027,-1.044258080702,0.613498783495553,-1.70213553603496,0.0887299637030697,0.311148016641533,"AT1G66930","Atrichoblast_lineage","pca",FALSE
2.82360369614158,4.51849916454059,2.07619196475373,2.17633978035194,0.0295298630680986,NA,"AT1G65500","Atrichoblast_lineage","pca",FALSE
717.633099329125,1.38719550414078,0.318715822119634,4.35245258586527,1.34622992670524e-05,0.000611048518679844,"AT1G49310","Atrichoblast_lineage","pca",TRUE
40.1891216259711,-0.92517802884191,0.515423441078569,-1.79498632601167,0.0726558785828602,0.275295203433539,"AT1G56060","Atrichoblast_lineage","pca",FALSE
161.680485640283,1.85423002849805,0.407492697413867,4.55033928280392,5.35594833124857e-06,0.000294324519146442,"AT1G70890","Atrichoblast_lineage","pca",TRUE
30.6407620380426,-0.887023585891072,0.559790458546055,-1.58456360295054,0.113065520030171,0.355142672121129,"AT1G26970","Atrichoblast_lineage","pca",FALSE
799.173413316808,0.383988249308666,0.43735747773888,0.877973440156708,0.379958132412205,0.676451070278763,"AT1G70690","Atrichoblast_lineage","pca",FALSE
7.89382100023292,-1.49895932845249,1.08546649345256,-1.38093560464011,0.167298761297337,NA,"AT1G09930","Atrichoblast_lineage","pca",FALSE
38.0151464960182,-1.29483137885162,0.619151007550467,-2.09130141607026,0.0365010529684652,0.180134397239178,"AT1G28660","Atrichoblast_lineage","pca",FALSE
29.2587638309943,0.0647756200948342,0.637526272641207,0.101604628506486,0.919070505448929,0.976909548548233,"AT1G66440","Atrichoblast_lineage","pca",FALSE
11.4455316374483,0.960963280771544,0.921330785297191,1.04301657570421,0.296940615877364,0.59981935758374,"AT1G04180","Atrichoblast_lineage","pca",FALSE
2.67492889393225,1.39501950953858,1.83350906420672,0.760846802872035,0.446748575756173,NA,"AT1G56600","Atrichoblast_lineage","pca",FALSE
50.8147836326585,2.08444077620738,0.595935001693314,3.49776531045259,0.000469173797568297,0.0100475638633652,"AT1G09090","Atrichoblast_lineage","pca",TRUE
187.443539989223,0.63565681165798,0.437453466070232,1.45308441002483,0.146200319043142,0.407892419958267,"AT1G72300","Atrichoblast_lineage","pca",FALSE
12.2511766442666,1.70831463775058,0.893034009575287,1.912933459906,0.0557565713965868,0.235090099203727,"AT1G77380","Atrichoblast_lineage","pca",FALSE
57.0171744869523,-1.61428139715616,0.68357626744092,-2.36152346716116,0.0182000199851761,0.114610936663406,"AT1G66090","Atrichoblast_lineage","pca",FALSE
963.017212857199,0.680296024876541,0.348082764281354,1.95440882079028,0.050652888366043,0.220408173355728,"AT1G14960","Atrichoblast_lineage","pca",FALSE
243.640129928719,0.47136589582739,0.39745651582092,1.18595588967466,0.235639719728186,0.532981352986095,"AT1G18860","Atrichoblast_lineage","pca",FALSE
873.594521246065,-2.08557909909422,0.519795774540027,-4.01230483441264,6.01287850298166e-05,0.00206029513410989,"AT1G78280","Atrichoblast_lineage","pca",TRUE
256.252182248335,-0.500343974167323,0.335028840472523,-1.49343553068936,0.13532321815293,0.392890768387039,"AT1G17420","Atrichoblast_lineage","pca",FALSE
207.963591955394,0.578092111215245,0.379647369766785,1.52270806345995,0.127831759719201,0.380879795582785,"AT1G29050","Atrichoblast_lineage","pca",FALSE
87.8052454837129,0.123335184872379,0.41124182553042,0.299909146433005,0.764246457453329,0.909321634370323,"AT1G63720","Atrichoblast_lineage","pca",FALSE
3.18739980706872,-5.52602121925557,4.80770498052661,-1.14940938382003,0.250387212475219,NA,"AT1G11925","Atrichoblast_lineage","pca",FALSE
143.663964924825,-0.665655679621014,0.368999497770646,-1.80394738649416,0.071239555366115,0.272648101187661,"AT1G72470","Atrichoblast_lineage","pca",FALSE
39.139377440576,0.815163639151917,0.731102549036162,1.11497852144897,0.264859625954025,0.564673929728133,"AT1G44050","Atrichoblast_lineage","pca",FALSE
564.953082781786,0.252694472367571,0.432144496348341,0.584745321305401,0.558718975135441,0.804389306218349,"AT5G48430","Atrichoblast_lineage","pca",FALSE
1927.50687568931,-2.21698818086496,0.487660719703336,-4.54616927566699,5.46311043989327e-06,0.000298337046678547,"AT5G01040","Atrichoblast_lineage","pca",TRUE
15.8371417934742,-0.0218895993211969,0.740783621088252,-0.0295492485228546,0.976426541429536,0.993401850994131,"AT5G20710","Atrichoblast_lineage","pca",FALSE
589.922445199152,-2.37549770492189,1.07570640043732,-2.20831418680427,0.0272223790575241,0.148845767844254,"AT5G63770","Atrichoblast_lineage","pca",FALSE
134.8415483024,-2.35057119176,0.491821503033233,-4.77931765338281,1.75891112572559e-06,0.000118675567266621,"AT5G43650","Atrichoblast_lineage","pca",TRUE
23.1184662300892,0.786622663333478,0.704162971312512,1.11710313575175,0.263950229912721,0.564550547217793,"AT5G57540","Atrichoblast_lineage","pca",FALSE
19.4154074100985,0.532325257101386,0.811939492564233,0.655621831400539,0.512067475206589,0.773492223577948,"AT5G57030","Atrichoblast_lineage","pca",FALSE
152.151735560885,-1.27141996757209,0.423482303366032,-3.00229775238838,0.00267949953556537,0.0343538183301576,"AT5G22690","Atrichoblast_lineage","pca",TRUE
29.4297804934484,0.778751855823393,0.607786740167088,1.28129128912767,0.20009137139096,0.488818156318366,"AT5G05790","Atrichoblast_lineage","pca",FALSE
363.096965271214,1.32816700647087,0.33308051824862,3.9875253390818,6.67660753199991e-05,0.0022181314947091,"AT5G48290","Atrichoblast_lineage","pca",TRUE
3.40256120302499,-0.11304723522033,1.65530341622475,-0.0682939659957669,0.945551627354126,NA,"AT5G28510","Atrichoblast_lineage","pca",FALSE
121.658801540737,-1.45055534513817,0.450874350929073,-3.21720528601628,0.00129445941389533,0.0211408208017017,"AT5G51500","Atrichoblast_lineage","pca",TRUE
376.020290060764,1.14582977751602,0.45983877191952,2.49180766713721,0.0127094839147599,0.0923869515018426,"AT5G24030","Atrichoblast_lineage","pca",FALSE
377.746312066197,-0.604607510605566,0.351050148541831,-1.72228245199994,0.0850183649349669,0.302462525903613,"AT5G36180","Atrichoblast_lineage","pca",FALSE
48.6523441000675,0.956596054765704,0.484387090857538,1.97485868806328,0.0482841867239651,0.213811338086881,"AT5G27100","Atrichoblast_lineage","pca",FALSE
241.809903159067,1.94120260277775,0.388521242656413,4.99638730048653,5.84142868956294e-07,4.77004515654731e-05,"AT5G66985","Atrichoblast_lineage","pca",TRUE
12.1173528154922,0.786490961217869,1.07025649581484,0.734862123512808,0.462423467940882,0.739192288901107,"AT5G11570","Atrichoblast_lineage","pca",FALSE
738.446346396502,0.65932390350142,0.37201305828931,1.77231387127457,0.0763424699055782,0.283968638058744,"AT5G42590","Atrichoblast_lineage","pca",FALSE
214.686399438789,1.36890904227875,0.449736854708053,3.04380000871261,0.00233610383039191,0.0311154073445873,"AT5G38100","Atrichoblast_lineage","pca",TRUE
11.8390376049806,0.124173899692025,0.855935469986438,0.145073903403012,0.884652522355825,0.963693068385748,"AT5G14340","Atrichoblast_lineage","pca",FALSE
76.588559857623,0.851585110591766,0.423806802010213,2.00937103074444,0.0444978000860237,0.203773337658088,"AT5G02350","Atrichoblast_lineage","pca",FALSE
68.2038236681471,0.223859440271374,0.4802219444743,0.466158289614261,0.641102202712318,0.848346281417367,"AT5G52870","Atrichoblast_lineage","pca",FALSE
71.3088895422612,0.458486564596217,0.49002646798528,0.93563632691365,0.349460464221476,0.649523677118729,"AT5G57480","Atrichoblast_lineage","pca",FALSE
648.825152783795,-0.0417506434430801,0.427857422367187,-0.0975807389575905,0.922265219587721,0.978126158420552,"AT5G09978","Atrichoblast_lineage","pca",FALSE
3752.4586890321,-0.713071188984439,0.40814970441282,-1.74708245840896,0.0806230357271594,0.29299506642689,"AT5G46900","Atrichoblast_lineage","pca",FALSE
6.80695200998463,0.131558195257892,1.28350795875153,0.1024989322122,0.918360660357966,NA,"AT5G09640","Atrichoblast_lineage","pca",FALSE
216.524480063737,-1.11903004007753,0.503487142161539,-2.22255931953572,0.0262455298948494,0.14500178150885,"AT5G20230","Atrichoblast_lineage","pca",FALSE
2.54698976819104,0.870094688371114,1.80798742087593,0.481250410442332,0.630338536862732,NA,"AT5G04370","Atrichoblast_lineage","pca",FALSE
56.6343070857086,-0.086328882822541,0.534124513636454,-0.1616268877734,0.871599682320598,0.958660904365084,"AT5G13910","Atrichoblast_lineage","pca",FALSE
120.930489856736,0.129017125154687,0.424410798150216,0.30399114658959,0.761134636178704,0.90815429245001,"AT5G14700","Atrichoblast_lineage","pca",FALSE
16.2738388447085,-2.14356770441272,0.789586553525502,-2.71479763028093,0.00663162805986061,0.0615301981728422,"AT5G52400","Atrichoblast_lineage","pca",FALSE
201.024005182321,1.83900630399579,0.37794443131669,4.86581135112648,1.13988207349045e-06,8.28287088899793e-05,"AT5G42500","Atrichoblast_lineage","pca",TRUE
1986.86388771895,-1.45522822941325,0.317905629936036,-4.57754783929448,4.70458222566367e-06,0.00026520185288217,"AT5G53250","Atrichoblast_lineage","pca",TRUE
18.2208866965361,-0.214198768247249,0.68085530795486,-0.314602479770122,0.753063496123178,0.903521084432031,"AT5G10100","Atrichoblast_lineage","pca",FALSE
81.3055044629057,0.191406282100533,0.621262107737019,0.308092638705651,0.758011842439795,0.906224313837959,"AT5G15960","Atrichoblast_lineage","pca",FALSE
87.8321051028428,0.569765276550848,0.401439665369713,1.41930488116094,0.155810149683742,0.424130157948651,"AT5G04960","Atrichoblast_lineage","pca",FALSE
1951.85458501342,1.05993048936212,0.346283826669582,3.06087205849636,0.00220693376136048,0.0298805193073909,"AT5G43350","Atrichoblast_lineage","pca",TRUE
14.8889301076378,-1.10606302925362,0.748105633387675,-1.47848509607526,0.139277983395277,0.398207603955662,"AT5G22540","Atrichoblast_lineage","pca",FALSE
29.75689058018,0.831945335076425,0.572101190695173,1.45419262991834,0.145892907759112,0.407368502539258,"AT5G20045","Atrichoblast_lineage","pca",FALSE
257.353424572354,-0.768105705169997,0.381108591113209,-2.01545103700333,0.0438574114315794,0.202111884168473,"AT3G20940","Atrichoblast_lineage","pca",FALSE
271.653237394207,1.24732116671444,0.349527201331706,3.56859541106422,0.000358900155477392,0.00808219100124669,"AT3G27170","Atrichoblast_lineage","pca",TRUE
1731.89859859318,-2.09702160426743,1.06761806804113,-1.96420580265661,0.0495062301705082,0.217140670981419,"AT3G48520","Atrichoblast_lineage","pca",FALSE
524.973095718962,-0.365531582598483,0.338527607020879,-1.07976890220341,0.28024510248598,0.58148695867282,"AT3G22240","Atrichoblast_lineage","pca",FALSE
687.692475047397,0.164249549774066,0.322789810519499,0.508843663651347,0.610861810998935,0.831323866591562,"AT3G09220","Atrichoblast_lineage","pca",FALSE
261.870112262117,0.354800799320064,0.355788226948895,0.997224675933495,0.318655465971852,0.621901303088912,"AT3G02240","Atrichoblast_lineage","pca",FALSE
110.744882121699,-0.311810427000979,0.451382250791815,-0.69079018161215,0.489697406614023,0.758505777395856,"AT3G14560","Atrichoblast_lineage","pca",FALSE
1720.77350693246,-0.328936734464909,1.05894032127335,-0.31062820808388,0.756083280361761,0.905093528176584,"AT3G12580","Atrichoblast_lineage","pca",FALSE
3.12308912786389,1.87120509092234,1.66027196252766,1.12704733510861,0.259722468231239,NA,"AT3G62990","Atrichoblast_lineage","pca",FALSE
179.372712112639,-1.00007659112994,0.467246180821964,-2.14036332917829,0.0323254156703185,0.166709704819664,"AT3G27540","Atrichoblast_lineage","pca",FALSE
69.1769728991285,0.151793663293399,0.432186631783663,0.351222486144322,0.725421441874639,0.889845549400486,"AT3G07600","Atrichoblast_lineage","pca",FALSE
7.8775243418981,-0.701750829428581,1.08485738242965,-0.646859984357517,0.517722566071918,NA,"AT3G22910","Atrichoblast_lineage","pca",FALSE
1377.13781570468,-0.728045125009301,0.509627140002442,-1.4285838956807,0.153123865564264,0.419213465570344,"AT3G50970","Atrichoblast_lineage","pca",FALSE
310.483939712501,1.29495119943288,0.343101948338068,3.77424612627653,0.000160492251714856,0.0044659269087852,"AT3G55230","Atrichoblast_lineage","pca",TRUE
751.7135750532,0.282124594765054,0.499813863773122,0.564459322187023,0.572441576351943,0.811263692730381,"AT3G11340","Atrichoblast_lineage","pca",FALSE
6.32808555367508,4.19341050461605,1.70850100738296,2.45443841501704,0.0141104831867285,NA,"AT3G09290","Atrichoblast_lineage","pca",FALSE
28.4881436530489,0.13162090619328,0.587368544868343,0.224085724956182,0.822690599893559,0.935912659961687,"AT2G32560","Atrichoblast_lineage","pca",FALSE
138.538728445599,0.30175758880096,0.378727680619506,0.796766659113372,0.425586561933544,0.711328193528582,"AT2G47360","Atrichoblast_lineage","pca",FALSE
7.96115823526038,-0.730978844825357,1.02815002640386,-0.710965156886769,0.477105827656717,NA,"AT2G31690","Atrichoblast_lineage","pca",FALSE
240.903939183353,-0.290816473766797,0.344833135153066,-0.8433542027152,0.399030377018541,0.690301192061839,"AT2G35910","Atrichoblast_lineage","pca",FALSE
5.83860655594869,0.295754537519829,1.13136906022022,0.261412962329253,0.793774061991776,NA,"AT2G28650","Atrichoblast_lineage","pca",FALSE
133.240666443855,0.82930648146077,0.515402864891385,1.60904515273802,0.107606468832618,0.345443379317573,"AT2G44340","Atrichoblast_lineage","pca",FALSE
84.2291364382629,-0.705097324718957,0.620421306722651,-1.13648147972803,0.255755112276693,0.557017567156327,"AT2G21510","Atrichoblast_lineage","pca",FALSE
50.2439215495877,1.60497278193513,0.508598554914204,3.1556770392434,0.00160126055592812,0.0242478580717884,"AT2G23600","Atrichoblast_lineage","pca",TRUE
11.1012742511013,1.2853236684285,0.888244027737952,1.44703890855508,0.147886026540514,0.410533489085858,"AT2G43060","Atrichoblast_lineage","pca",FALSE
484.161040706612,0.719125485470978,0.327545340555217,2.19549905442709,0.028127818652864,0.152271880718339,"AT2G41380","Atrichoblast_lineage","pca",FALSE
84.0221676550758,-1.44521046642775,0.446121427117404,-3.23950023150854,0.00119739369300445,0.0200257440778991,"AT2G33110","Atrichoblast_lineage","pca",TRUE
143.841735070262,1.3026284460228,0.37904347203355,3.43662018246683,0.000589020966398837,0.0118995854194447,"AT2G39430","Atrichoblast_lineage","pca",TRUE
18.3279765988201,2.18788211662241,0.765875531617356,2.85670716232714,0.00428060563834508,0.0463015227911652,"AT2G44940","Atrichoblast_lineage","pca",TRUE
11.5258580644729,-0.34565211406344,0.84086323157613,-0.41106817504143,0.681022545217437,0.867585300362889,"AT2G40250","Atrichoblast_lineage","pca",FALSE
47.0118301122941,0.708072467621883,0.568404949826238,1.24571833485676,0.212867820011036,0.505515735930634,"AT2G44130","Atrichoblast_lineage","pca",FALSE
197.79430482308,0.327982911197228,0.396233799640296,0.827750967976413,0.4078115480326,0.696184029675194,"AT4G11210","Atrichoblast_lineage","pca",FALSE
62.3414441915152,3.54744217728918,0.566119756538046,6.26623984823038,3.69870494244371e-10,1.07724781448673e-07,"AT4G36220","Atrichoblast_lineage","pca",TRUE
7344.15084995047,1.105821503175,0.374983016504377,2.94899089959742,0.00318813363852398,0.0384225071263493,"AT4G17340","Atrichoblast_lineage","pca",TRUE
16.3043042438098,-0.61922827375887,0.714450993112471,-0.866719032835594,0.386095974455201,0.682026623847663,"AT4G17250","Atrichoblast_lineage","pca",FALSE
235.90266511492,-0.398078156244814,0.488164423550415,-0.815459171214476,0.41480952614568,0.702581787798722,"AT4G01720","Atrichoblast_lineage","pca",FALSE
63.269405521257,0.289124274932174,0.440007383525296,0.657089598396596,0.511123306694705,0.772787660883368,"AT4G23550","Atrichoblast_lineage","pca",FALSE
90.6995789245259,-0.993300945356338,0.426427947656782,-2.32935235791772,0.0198404067636121,0.120931673594043,"AT4G01140","Atrichoblast_lineage","pca",FALSE
113.95709643354,0.183304398653345,0.386179542920177,0.474661079318833,0.63502856343946,0.845366355306206,"AT4G18430","Atrichoblast_lineage","pca",FALSE
268.167736962141,-0.34539479933593,0.323487249637546,-1.06772307014552,0.285645448689678,0.587488156353953,"AT4G01090","Atrichoblast_lineage","pca",FALSE
4303.84423170388,0.317246501153243,0.302277714271252,1.0495199817098,0.293938863634223,0.596999261042312,"AT4G12545","Atrichoblast_lineage","pca",FALSE
1025.53857675713,-1.04643781047324,0.554477555758057,-1.8872500782157,0.0591266975536758,0.243491671587957,"AT4G27410","Atrichoblast_lineage","pca",FALSE
160.532232961742,-1.87631731115892,0.56110602941785,-3.34396212620564,0.000825910118203729,0.0153377038423062,"AT4G08040","Atrichoblast_lineage","pca",TRUE
28.9456565552281,1.56081189405407,0.604637089192226,2.58140283147245,0.0098399687578724,0.079488507269342,"AT4G17670","Atrichoblast_lineage","pca",FALSE
163.394052984049,0.971824454180393,0.355176229536568,2.73617537820148,0.00621578890045862,0.0593881416268532,"AT4G28890","Atrichoblast_lineage","pca",FALSE
522.307856052162,2.52916449261397,0.316333137250959,7.99525624976647,1.29304650655323e-15,1.50639918013452e-12,"AT4G04745","Atrichoblast_lineage","pca",TRUE
460.957152364109,1.94237591258957,0.312131963288667,6.2229317757926,4.87949600058011e-10,1.31183373246365e-07,"AT4G15390","Atrichoblast_lineage","pca",TRUE
3.34551551166086,-0.32129430831501,1.47819041196394,-0.21735650949605,0.827930521355525,NA,"AT4G08620","Atrichoblast_lineage","pca",FALSE
17.0113761496957,2.66270633959883,0.835341107233255,3.18756770921764,0.00143474861696408,0.0227117146973925,"AT4G10310","Atrichoblast_lineage","pca",TRUE
262.349157665508,0.225180347114568,0.336563048134726,0.669058437527666,0.503458201322,0.768110011184036,"AT4G01870","Atrichoblast_lineage","pca",FALSE
342.490935135813,-0.762266039218716,0.323914901796319,-2.3532910495672,0.0186080627685506,0.116098459962514,"AT4G39400","Atrichoblast_lineage","pca",FALSE
70.8853369008996,-0.415871183979741,0.545469421769531,-0.762409710576687,0.44581551242049,0.727862393885124,"AT4G01680","Atrichoblast_lineage","pca",FALSE
503.279510578408,0.526854733067258,0.347546301267761,1.51592674456734,0.129537876802673,0.383261252817953,"AT4G35060","Atrichoblast_lineage","pca",FALSE
87.9224098629751,0.566346571627908,0.376065833029586,1.50597720368644,0.132073025803235,0.353930063904942,"AT1G69810","Cortex_lineage","pca",FALSE
68.9092225812992,-0.0211046201143584,0.413985891149368,-0.0509790806052948,0.959342190127809,0.985759621712934,"AT1G72430","Cortex_lineage","pca",FALSE
113.768744831706,-0.563641723903208,0.335606141923182,-1.67947380424349,0.093059740022649,0.283013986789903,"AT1G65310","Cortex_lineage","pca",FALSE
2.06178805360887,1.59624468305375,2.05646581771547,0.776207739172157,0.437626337266756,NA,"AT1G30190","Cortex_lineage","pca",FALSE
43.7133216883789,-0.680579522738183,0.453771457739563,-1.4998288480471,0.133658742607789,0.356449141397119,"AT1G06180","Cortex_lineage","pca",FALSE
2.55645678450216,2.00106609215399,2.00975323707703,0.995677506689491,0.319406862493506,NA,"AT1G65500","Cortex_lineage","pca",FALSE
125.070212123821,1.6139705659601,0.337955068694109,4.77569569291158,1.790870373197e-06,7.51081205467563e-05,"AT1G49310","Cortex_lineage","pca",TRUE
37.9533594103732,-0.706880019566951,0.492504302784481,-1.43527684036556,0.15120822463036,0.384384731649218,"AT1G56060","Cortex_lineage","pca",FALSE
84.4400274058467,1.7155936604732,0.44270565508837,3.87524677120002,0.000106516699102637,0.00208812068794814,"AT1G70890","Cortex_lineage","pca",TRUE
29.142898446166,-1.89445689731047,0.565307645619443,-3.3511963122922,0.000804632393773022,0.00995047640363931,"AT1G26970","Cortex_lineage","pca",TRUE
172.255570300443,1.26637494576073,0.301799308022572,4.19608299985238,2.71570760610917e-05,0.000688961041763101,"AT1G70690","Cortex_lineage","pca",TRUE
3.5981709854381,-2.31978903249191,1.48733568485324,-1.55969432866852,0.118832133009044,NA,"AT1G09930","Cortex_lineage","pca",FALSE
10.6109763479698,0.331397624651185,0.821150048027581,0.403577428324103,0.686523486680518,NA,"AT1G28660","Cortex_lineage","pca",FALSE
5.4714611845174,2.2437393442426,1.38134461702056,1.62431540731823,0.104308510624365,NA,"AT1G66440","Cortex_lineage","pca",FALSE
1.45626443892885,3.04153543298992,2.46825685747666,1.23226050148578,0.217851789399088,NA,"AT1G04180","Cortex_lineage","pca",FALSE
2.71015855275589,3.94666005867899,2.05764740936053,1.9180448704307,0.0551053218744239,NA,"AT1G56600","Cortex_lineage","pca",FALSE
122.525316618327,-0.292730467396577,0.521655806340558,-0.56115634837863,0.574690957704029,0.789342148414938,"AT1G09090","Cortex_lineage","pca",FALSE
34.3431002928803,1.22927079469189,0.550868346808419,2.23151466555293,0.025647057171363,0.120556892378059,"AT1G72300","Cortex_lineage","pca",FALSE
2.20967516395809,0.378409666766344,1.73074575235421,0.21863966226791,0.82693075417665,NA,"AT1G77380","Cortex_lineage","pca",FALSE
17.3529631992341,1.24148155546792,0.833441752966826,1.48958406637126,0.136333634108272,0.361278894840296,"AT1G66090","Cortex_lineage","pca",FALSE
146.18340047461,0.400587581858656,0.334427311228334,1.19783154188968,0.230982605109294,0.490052410932109,"AT1G14960","Cortex_lineage","pca",FALSE
23.2532840917691,1.602073998205,0.651514144553129,2.45900110012785,0.013932419086182,0.0795208088537627,"AT1G18860","Cortex_lineage","pca",FALSE
311.531281569057,-0.393576102240524,0.29264550891819,-1.34489028618768,0.178660667625678,0.423513547561317,"AT1G78280","Cortex_lineage","pca",FALSE
263.333125709636,0.819017232111009,0.478186873387349,1.71275557254282,0.0867575166292223,0.269853614379062,"AT1G17420","Cortex_lineage","pca",FALSE
131.033139087684,-0.619484782276557,0.317144211144628,-1.95332205510147,0.0507814457043639,0.190547779272955,"AT1G29050","Cortex_lineage","pca",FALSE
40.2040501158553,1.09209285804435,0.487789084328172,2.23886284693821,0.0251648415405929,0.118735035248452,"AT1G63720","Cortex_lineage","pca",FALSE
5.24502955262971,-6.81060570751321,4.80478915956881,-1.41746192836574,0.156347917766033,NA,"AT1G11925","Cortex_lineage","pca",FALSE
43.9981255747996,-0.307380170561065,0.437873269111061,-0.701984323420988,0.482688939932168,0.724085876087375,"AT1G72470","Cortex_lineage","pca",FALSE
6.99466460375475,2.00429115904507,1.18755886797296,1.6877404675241,0.0914610599536831,NA,"AT1G44050","Cortex_lineage","pca",FALSE
52.9445381832001,0.882277767358403,0.47940445917162,1.84036203768926,0.0657151029535581,0.225325251145852,"AT5G48430","Cortex_lineage","pca",FALSE
344.435981735615,-1.24567613091374,0.273725595382743,-4.55082079252379,5.34370475765386e-06,0.00018765513832158,"AT5G01040","Cortex_lineage","pca",TRUE
9.88723299481572,4.27519987292768,1.56207243930476,2.73687683448949,0.00620255105509396,NA,"AT5G20710","Cortex_lineage","pca",FALSE
193.836361331291,-0.74493694480714,0.297039797737411,-2.50786914912216,0.0121461636635259,0.0721763905787491,"AT5G63770","Cortex_lineage","pca",FALSE
51.5006172449358,-0.874204175440967,0.550394508286472,-1.58832285257097,0.112213352507398,0.318457017880855,"AT5G43650","Cortex_lineage","pca",FALSE
7.50888059657133,2.87655196254088,1.33191106718372,2.15971774198351,0.0307945268707159,NA,"AT5G57540","Cortex_lineage","pca",FALSE
10.7505053253588,0.621462422516543,1.01556294945896,0.611938849135476,0.540578216977371,NA,"AT5G57030","Cortex_lineage","pca",FALSE
75.828854457843,-0.246345128212556,0.633502960171116,-0.388861842328275,0.697378350363212,0.8617026452534,"AT5G22690","Cortex_lineage","pca",FALSE
10.8105606287516,0.540332974656192,0.865822471088737,0.624069012642678,0.532582263237732,NA,"AT5G05790","Cortex_lineage","pca",FALSE
112.031248504459,1.71247356312979,0.359468262809526,4.76390752759499,1.89879547974483e-06,7.86945237716466e-05,"AT5G48290","Cortex_lineage","pca",TRUE
4.14260425416323,-1.17492485548412,1.53109046948871,-0.767377812675219,0.442856916268097,NA,"AT5G28510","Cortex_lineage","pca",FALSE
6.64038527644642,-1.00633250423104,1.00331034377082,-1.00301218907886,0.315854980180868,NA,"AT5G51500","Cortex_lineage","pca",FALSE
173.493471895386,1.30121183527697,0.319802762713628,4.06879485416503,4.7256931594634e-05,0.00108517955563651,"AT5G24030","Cortex_lineage","pca",TRUE
204.008538852445,-0.395345644852479,0.274963397315268,-1.4378119004661,0.150487431848533,0.383097568270328,"AT5G36180","Cortex_lineage","pca",FALSE
6.9949411494682,3.73546257936079,1.62439419222144,2.2996035058783,0.0214706932961942,NA,"AT5G27100","Cortex_lineage","pca",FALSE
108.187715842451,2.12897541211726,0.406679639014215,5.23501844665217,1.64968387114579e-07,1.0790183462409e-05,"AT5G66985","Cortex_lineage","pca",TRUE
3.9719706126972,0.886709029385652,1.36593569892296,0.649158690328413,0.516235809704678,NA,"AT5G11570","Cortex_lineage","pca",FALSE
613.867678284352,1.01370963649552,0.270597293766439,3.74619281067341,0.000179538617787044,0.00313076354723685,"AT5G42590","Cortex_lineage","pca",TRUE
14.4105545296029,2.05318005983789,0.847906530627967,2.42146980318371,0.0154578852588497,0.0847573597367441,"AT5G38100","Cortex_lineage","pca",FALSE
12.4964527813682,-0.306542140755502,0.773971507650604,-0.396063857293678,0.692057920412096,0.858948549439619,"AT5G14340","Cortex_lineage","pca",FALSE
9.53129758062016,0.90789092287779,0.892105186176938,1.01769492762227,0.308822958574874,NA,"AT5G02350","Cortex_lineage","pca",FALSE
15.1725967459123,-0.516631189731453,0.85955257972886,-0.601046639746484,0.5478089223733,0.770939508520751,"AT5G52870","Cortex_lineage","pca",FALSE
26.548033081321,-0.655866458068068,0.643292627291215,-1.01954605142888,0.307943802010269,0.57215029773071,"AT5G57480","Cortex_lineage","pca",FALSE
234.304242249637,0.944658207976048,0.36748712417436,2.57058858891567,0.0101525856516082,0.0636084098682864,"AT5G09978","Cortex_lineage","pca",FALSE
928.91918371431,-1.12064601764266,0.260445122239616,-4.30281054222103,1.68645052721546e-05,0.00046179967710517,"AT5G46900","Cortex_lineage","pca",TRUE
4.21381471006995,1.76954716412161,1.45998849980103,1.21202815252501,0.22550160425504,NA,"AT5G09640","Cortex_lineage","pca",FALSE
389.759189140676,0.267473125473318,0.342511652687109,0.780916863338545,0.43485139319192,0.685335821928853,"AT5G20230","Cortex_lineage","pca",FALSE
4.69795010613797,0.15060663613411,1.21078067399667,0.124388041012393,0.90100804170017,NA,"AT5G04370","Cortex_lineage","pca",FALSE
25.8070273852961,-0.429083977314462,0.581063262143321,-0.738446233430305,0.460243328416367,0.707171918890479,"AT5G13910","Cortex_lineage","pca",FALSE
119.391733945894,0.194626767701204,0.435902398620096,0.446491619035177,0.655242165230396,0.837989630079208,"AT5G14700","Cortex_lineage","pca",FALSE
17.135132269571,-0.148107095272693,0.696748889317664,-0.212568828660403,0.83166328688637,0.930243609438158,"AT5G52400","Cortex_lineage","pca",FALSE
118.969815437189,0.760788446279945,0.35275451416301,2.15670789666601,0.0310284313229578,0.136507293811967,"AT5G42500","Cortex_lineage","pca",FALSE
984.954187671353,-2.29528998489258,0.284033435081927,-8.08105561315527,6.42085186063702e-16,5.90761176857677e-13,"AT5G53250","Cortex_lineage","pca",TRUE
27.8486361574229,-1.17765685492641,0.533901323829136,-2.2057575105457,0.0274009827674339,0.125943670957118,"AT5G10100","Cortex_lineage","pca",FALSE
40.5550788475004,-0.100640636174795,0.673606762556238,-0.149405620265566,0.881233577177091,0.951933672403024,"AT5G15960","Cortex_lineage","pca",FALSE
28.6433537720064,0.357584546629512,0.54532152747756,0.655731579649085,0.5119968461399,0.74606857256165,"AT5G04960","Cortex_lineage","pca",FALSE
249.490196083269,1.45146194967524,0.28871902368564,5.02724736024185,4.97570359658575e-07,2.64114174371077e-05,"AT5G43350","Cortex_lineage","pca",TRUE
4.25401222937686,0.437771862726611,1.30131330236008,0.336407736655471,0.736563416115447,NA,"AT5G22540","Cortex_lineage","pca",FALSE
4.43239316134807,0.530511953543653,1.2513485810092,0.423952175752498,0.671600691544052,NA,"AT5G20045","Cortex_lineage","pca",FALSE
66.638745232023,-0.803334411698685,0.454675572219819,-1.76682993497241,0.0772567138041874,0.250168913001312,"AT3G20940","Cortex_lineage","pca",FALSE
132.659408286142,0.647334483785519,0.354266929121322,1.82725067053559,0.0676620884461539,0.22988785884918,"AT3G27170","Cortex_lineage","pca",FALSE
408.4493847237,-0.786870272532976,0.366348261588541,-2.14787500047356,0.0317236868550855,0.138813761029497,"AT3G48520","Cortex_lineage","pca",FALSE
175.749800418291,-0.612299558716452,0.381535221588108,-1.60483101970981,0.108530997421247,0.311948279912608,"AT3G22240","Cortex_lineage","pca",FALSE
41.5003477399099,0.447646246723105,0.464902979319604,0.962881002350739,0.335607244355821,0.601049340160673,"AT3G09220","Cortex_lineage","pca",FALSE
40.7547870080967,0.551161928228937,0.483727535178028,1.13940573597096,0.254533964645926,0.516620844423412,"AT3G02240","Cortex_lineage","pca",FALSE
24.7621986281673,-0.0782478060665051,0.598967864941259,-0.130637736423771,0.896061889176732,0.959019009889731,"AT3G14560","Cortex_lineage","pca",FALSE
601.707415690343,-0.494406756576657,0.482783077406208,-1.02407640142007,0.305799189708169,0.569853445471568,"AT3G12580","Cortex_lineage","pca",FALSE
87.9923043587907,0.0971358868705511,0.413467116527503,0.234930138305424,0.814262957125097,0.921571516424756,"AT3G27540","Cortex_lineage","pca",FALSE
71.5220676114925,1.04667695967331,0.778513649527482,1.34445550223633,0.178801136411857,0.423773739244383,"AT3G07600","Cortex_lineage","pca",FALSE
4.1220906759396,-2.92071407009142,1.6713094140301,-1.74756035332116,0.0805401855834398,NA,"AT3G22910","Cortex_lineage","pca",FALSE
555.42017772411,-0.646028137502707,0.494128624140814,-1.30740885255537,0.191073892399637,0.440971703847389,"AT3G50970","Cortex_lineage","pca",FALSE
119.443022263268,0.744979716374773,0.325447759256375,2.2890915521342,0.0220740335634194,0.108298520159528,"AT3G55230","Cortex_lineage","pca",FALSE
799.382861545205,-0.352558642250369,0.366984746131753,-0.96069018117662,0.336707969636935,0.601569126021254,"AT3G11340","Cortex_lineage","pca",FALSE
5.26262040737327,0.578546149519057,1.32002553115726,0.438284060318022,0.661180379225551,NA,"AT3G09290","Cortex_lineage","pca",FALSE
9.82103834872878,-6.17483562677838,4.23278730772098,-1.45881074995545,0.144617203021399,NA,"AT3G59620","Cortex_lineage","pca",FALSE
23.0245553811732,-0.854317905975248,0.61938132642339,-1.37930846399341,0.167799668009892,0.407209990892302,"AT2G32560","Cortex_lineage","pca",FALSE
40.4755923741588,0.723606471810855,0.48725615845441,1.48506377858036,0.137526929977225,0.362975043037239,"AT2G47360","Cortex_lineage","pca",FALSE
13.3161498799616,1.7374052292296,0.940564841523554,1.84719346559383,0.0647191060896891,0.222907008521038,"AT2G31690","Cortex_lineage","pca",FALSE
35.5047962092819,0.808937207346077,0.550084827492157,1.47056811407439,0.141407952409148,0.36891704181449,"AT2G35910","Cortex_lineage","pca",FALSE
2.22991219646827,0.3977639805055,1.70440049743973,0.233374715099534,0.815470445572756,NA,"AT2G25150","Cortex_lineage","pca",FALSE
11.4170775217045,1.63048313659961,0.895195338037498,1.82137134468781,0.0685504280057097,NA,"AT2G44340","Cortex_lineage","pca",FALSE
16.185613078667,-0.362648171040431,0.794943262058103,-0.456193779291289,0.648250638311901,0.834717956647,"AT2G21510","Cortex_lineage","pca",FALSE
21.1702926893497,1.48376472801346,0.661145166914299,2.24423440155888,0.0248173236960095,0.117416484171624,"AT2G23600","Cortex_lineage","pca",FALSE
6.48698701587866,0.915782639778632,1.08983136353107,0.840297563846466,0.400741567007429,NA,"AT2G43060","Cortex_lineage","pca",FALSE
169.035723828687,1.15162243364943,0.339959355664986,3.38752975748166,0.000705250662309416,0.00908792193327008,"AT2G41380","Cortex_lineage","pca",TRUE
33.9974974085349,0.14081401063598,0.584041976686863,0.241102551283704,0.80947563546101,0.919092923054214,"AT2G33110","Cortex_lineage","pca",FALSE
57.6017454664444,0.524694899793284,0.420713149442879,1.24715593151319,0.212340327883464,0.467609520523327,"AT2G39430","Cortex_lineage","pca",FALSE
8.41434401744364,0.403059373179504,0.931948496855947,0.432491038441801,0.665384564081424,NA,"AT2G44940","Cortex_lineage","pca",FALSE
18.4451926470104,0.715352936780535,0.766175824986624,0.933666807867534,0.350475791725614,0.613328198407021,"AT2G44130","Cortex_lineage","pca",FALSE
135.996687358169,-1.5724612513909,0.348244094797604,-4.51539961447099,6.3197478534347e-06,0.000213248997861252,"AT4G11210","Cortex_lineage","pca",TRUE
77.0480473053077,3.34807375950568,0.554711215566092,6.03570590525903,1.58269272659288e-09,1.83552456468138e-07,"AT4G36220","Cortex_lineage","pca",TRUE
1749.6748066554,1.34692961555477,0.236575050362968,5.6934558969267,1.24493384778421e-08,1.15310953243422e-06,"AT4G17340","Cortex_lineage","pca",TRUE
22.7398945486994,0.582047326644836,0.602263575028371,0.966432888818517,0.333827613494991,0.598954094363543,"AT4G17250","Cortex_lineage","pca",FALSE
74.7941501824815,0.802577349079995,0.376436053124958,2.13204166396246,0.0330034216014186,0.142604953513206,"AT4G01720","Cortex_lineage","pca",FALSE
3.00968513407474,1.30606775985916,1.6722999718487,0.781000886112146,0.434801973540771,NA,"AT4G23550","Cortex_lineage","pca",FALSE
61.8603679349338,-1.67744672763453,0.448332615344166,-3.7415228565221,0.000182908538676048,0.00316727822116454,"AT4G01140","Cortex_lineage","pca",TRUE
27.7328681665273,0.218738206386196,0.568253194200413,0.384930887531537,0.700288620910625,0.863766490051617,"AT4G18430","Cortex_lineage","pca",FALSE
99.8933568228241,0.517174607454078,0.488051238214883,1.05967276990366,0.289293494966416,0.554636704151544,"AT4G01090","Cortex_lineage","pca",FALSE
471.886322157613,0.769201311886456,0.247837099412951,3.10365685245855,0.00191144884422409,0.0191993489804488,"AT4G12545","Cortex_lineage","pca",FALSE
224.744606056578,0.932021341937772,0.304779678186739,3.05801668760448,0.00222807168116713,0.0213687402861623,"AT4G27410","Cortex_lineage","pca",FALSE
21.9026855234943,-0.946376785339653,0.619707419029161,-1.52713483214749,0.126727487027663,0.345111728998582,"AT4G08040","Cortex_lineage","pca",FALSE
31.2900151829116,0.639405413611245,0.544432955858103,1.17444288912204,0.240217674753641,0.500414208192453,"AT4G17670","Cortex_lineage","pca",FALSE
48.1094127449874,0.540141846464286,0.439470055306896,1.22907542832944,0.219043526871011,0.476216086065977,"AT4G28890","Cortex_lineage","pca",FALSE
161.704579250225,2.93269190014638,0.371858010475307,7.88659062742207,3.10554046732569e-15,2.38108688830899e-12,"AT4G04745","Cortex_lineage","pca",TRUE
430.286077514038,2.08076701834857,0.441349162332477,4.71455979966513,2.42233858093957e-06,9.51433064753729e-05,"AT4G15390","Cortex_lineage","pca",TRUE
3.66524983230005,2.79966461855004,1.79866081078164,1.55652727950046,0.119582760999414,NA,"AT4G10310","Cortex_lineage","pca",FALSE
111.86752678126,0.349315238754229,0.356391987115333,0.980143357266859,0.327015359758202,0.593287627188503,"AT4G01870","Cortex_lineage","pca",FALSE
111.291424237065,-0.701199026578773,0.323787879300504,-2.16561233883619,0.0303408227110038,0.13453430644566,"AT4G39400","Cortex_lineage","pca",FALSE
23.0598975443993,-0.545136375246539,0.561045461862103,-0.971643854737257,0.331227757307378,0.597083892189018,"AT4G01680","Cortex_lineage","pca",FALSE
237.620324302454,0.0419950008842446,0.283785419102554,0.147981531317042,0.882357343632359,0.952471484114678,"AT4G35060","Cortex_lineage","pca",FALSE
22.5370867903472,1.295039042355,0.663618144596043,1.95148226868227,0.0509997034557959,0.391948407290933,"AT1G69810","Dividing_meristematic","pca",FALSE
26.5217201539099,0.731231743243014,0.577791421589268,1.26556351638398,0.205669394840785,0.769389814849828,"AT1G72430","Dividing_meristematic","pca",FALSE
57.4297071807684,0.0155127702847827,0.408371127527275,0.037986941874941,0.969698093388767,0.997355407705135,"AT1G65310","Dividing_meristematic","pca",FALSE
36.5176539161272,-0.198990378636576,0.496664601760224,-0.400653434795506,0.688675298657632,0.990715753691181,"AT1G06180","Dividing_meristematic","pca",FALSE
57.2387512537752,1.63103567808542,0.42190925891646,3.86584471332584,0.000110705363144115,0.00499562081984951,"AT1G49310","Dividing_meristematic","pca",TRUE
3.36856201033483,-0.124686273500781,1.52325681638577,-0.0818550569802301,0.934761973784355,NA,"AT1G56060","Dividing_meristematic","pca",FALSE
13.6705667220213,2.58811759198268,0.917081330721431,2.82212439102507,0.0047706669205858,0.0826095897348174,"AT1G70890","Dividing_meristematic","pca",FALSE
2.63887582957045,1.27104926959165,1.77488189497583,0.716131745548602,0.473910003384495,NA,"AT1G26970","Dividing_meristematic","pca",FALSE
20.9763077540234,1.43603965701857,0.681753447299045,2.10639148611252,0.0351703602383234,0.315184881313068,"AT1G70690","Dividing_meristematic","pca",FALSE
4.57184165596073,-0.59058808582518,1.32405031427277,-0.446046558396504,0.655563614947504,NA,"AT1G28660","Dividing_meristematic","pca",FALSE
8.36959120513665,1.36325915620104,1.06646061185454,1.27830239677618,0.201142823082773,0.762087185083924,"AT1G09090","Dividing_meristematic","pca",FALSE
12.2138290517329,2.15426930901195,0.905396405219172,2.37936587399026,0.0173424530316778,0.201976781571552,"AT1G72300","Dividing_meristematic","pca",FALSE
2.51109886788379,-0.916540117030643,1.89820225826275,-0.482846394814358,0.629204805887786,NA,"AT1G66090","Dividing_meristematic","pca",FALSE
65.5873673634106,1.57655485921384,0.430046499836405,3.66601021009026,0.00024636409302327,0.00901764163252486,"AT1G14960","Dividing_meristematic","pca",TRUE
5.9323988709203,2.29396662748064,1.29604670050845,1.76997219820913,0.0767317722391764,NA,"AT1G18860","Dividing_meristematic","pca",FALSE
40.6904513498744,-0.492139036188453,0.512073645068649,-0.961070816527721,0.336516562108175,0.888113228473943,"AT1G78280","Dividing_meristematic","pca",FALSE
9.12313804944735,-1.58083753936607,1.02413712564165,-1.54357995602946,0.122690123887363,0.62051074031625,"AT1G17420","Dividing_meristematic","pca",FALSE
37.5846183016243,1.14561835283505,0.507310134846456,2.25822090698382,0.0239318904446109,0.247071356324381,"AT1G29050","Dividing_meristematic","pca",FALSE
13.5571208664089,0.548904935128566,0.835035044553885,0.657343591395996,0.510960013304176,0.969643801295409,"AT1G63720","Dividing_meristematic","pca",FALSE
25.2857960525707,0.25583091532037,0.580421963303562,0.440767116847661,0.659381601592416,0.985361453781561,"AT1G72470","Dividing_meristematic","pca",FALSE
3.52324547036103,1.33798107547808,1.54905589628506,0.863739700217933,0.387730899481239,NA,"AT1G44050","Dividing_meristematic","pca",FALSE
22.1827203014864,1.00215351467622,0.679321460996388,1.47522722630656,0.140151463999665,0.659816157359993,"AT5G48430","Dividing_meristematic","pca",FALSE
105.456224637493,-0.941480230005336,0.365938676898395,-2.5727814233387,0.0100884898970774,0.141472821682856,"AT5G01040","Dividing_meristematic","pca",FALSE
29.6227355451649,-0.221613005947975,0.581352279559591,-0.38120260939866,0.703052913028005,0.990715753691181,"AT5G63770","Dividing_meristematic","pca",FALSE
6.85067047063675,-2.0258994128153,1.2116298761917,-1.67204478250648,0.094515491704233,NA,"AT5G43650","Dividing_meristematic","pca",FALSE
7.92134455135164,0.910493145620565,1.0322882546968,0.882014438775139,0.377768999201442,0.908415638653504,"AT5G57540","Dividing_meristematic","pca",FALSE
8.49267815880497,0.270033426480659,0.987158618310269,0.27354613683349,0.784433432072312,0.994223500230848,"AT5G57030","Dividing_meristematic","pca",FALSE
7.28836409113462,-0.687460567550239,1.08003653595766,-0.63651602946994,0.524440136569043,NA,"AT5G22690","Dividing_meristematic","pca",FALSE
6.28039575876813,0.264436984082096,1.12574311704181,0.234899934167019,0.814286400667003,NA,"AT5G05790","Dividing_meristematic","pca",FALSE
18.6008712320731,2.51323714925817,0.778404785210039,3.22870208021655,0.00124353366668243,0.0304675825595435,"AT5G48290","Dividing_meristematic","pca",TRUE
34.4413690038742,1.53835871177612,0.543091376000603,2.8325964648984,0.00461716325113528,0.080690932794696,"AT5G24030","Dividing_meristematic","pca",FALSE
10.7672281090155,1.16953526349661,0.914679964658685,1.2786278356201,0.201028142963163,0.762021674316485,"AT5G36180","Dividing_meristematic","pca",FALSE
4.35905538856067,1.20432434838085,1.39327927789525,0.86438115278665,0.387378542900636,NA,"AT5G27100","Dividing_meristematic","pca",FALSE
43.3447362715644,2.03453824288656,0.494030758400806,4.11824204928541,3.81773588528952e-05,0.00218608762795158,"AT5G66985","Dividing_meristematic","pca",TRUE
57.9834272388751,0.879012828509693,0.418149146174188,2.10215143699833,0.0355400122872673,0.316756357231447,"AT5G42590","Dividing_meristematic","pca",FALSE
5.64625580861162,3.25355428405743,1.48975164332486,2.183957506364,0.028965370708442,NA,"AT5G38100","Dividing_meristematic","pca",FALSE
7.56234290473095,1.66701973055402,1.20215785363013,1.38668954789936,0.16553644910874,NA,"AT5G02350","Dividing_meristematic","pca",FALSE
10.319506720449,0.0616924733370883,0.89218486603709,0.06914763485186,0.944872104609795,0.996833464896285,"AT5G52870","Dividing_meristematic","pca",FALSE
13.1024885032183,0.97404146947899,0.826650445498109,1.17829909217803,0.238677389596168,0.809786613856403,"AT5G57480","Dividing_meristematic","pca",FALSE
42.9252227885792,0.965168331004075,0.494879326775082,1.95031046718736,0.0511391258414984,0.392247398307471,"AT5G09978","Dividing_meristematic","pca",FALSE
312.330496362296,0.575443981212836,0.266347719299324,2.16049900005393,0.0307340609335484,0.292170763352968,"AT5G46900","Dividing_meristematic","pca",FALSE
17.9738299179395,-1.45039366443223,0.825759578046438,-1.75643577500311,0.0790140287845937,0.493372603526106,"AT5G20230","Dividing_meristematic","pca",FALSE
7.23812219446733,1.27631515607796,1.13067637615317,1.12880677707293,0.258979353140656,NA,"AT5G13910","Dividing_meristematic","pca",FALSE
14.2081260195254,-0.0104800247679774,0.762815127967359,-0.0137386168466572,0.98903851456167,0.999033366036091,"AT5G14700","Dividing_meristematic","pca",FALSE
2.38016453081986,-1.42539231669306,1.95382352205377,-0.729539951077439,0.465671438938235,NA,"AT5G52400","Dividing_meristematic","pca",FALSE
34.8765259464047,1.68791774471183,0.529856518501063,3.18561287022921,0.00144447745411997,0.0339319429406192,"AT5G42500","Dividing_meristematic","pca",TRUE
176.499859127854,-0.544645527163588,0.264809936973641,-2.05674127409275,0.0397111196857819,0.338014074487592,"AT5G53250","Dividing_meristematic","pca",FALSE
12.176483641772,-1.22414545519443,0.842248119960447,-1.45342616526341,0.146105466074762,0.669376124918425,"AT5G10100","Dividing_meristematic","pca",FALSE
17.7033925686513,0.220885949798363,0.802415000857439,0.275276446181004,0.783103858910623,0.994223500230848,"AT5G15960","Dividing_meristematic","pca",FALSE
26.3205728700036,0.613398433433452,0.580147075305901,1.05731539387666,0.290367670006116,0.858711866495315,"AT5G04960","Dividing_meristematic","pca",FALSE
97.8971573538738,1.93600964298105,0.34630016895271,5.59055356177266,2.26346849797562e-08,4.81927511040808e-06,"AT5G43350","Dividing_meristematic","pca",TRUE
7.96041271732183,0.591615925000689,1.1691947479806,0.506002893036007,0.612854618730637,0.981321697016829,"AT5G20045","Dividing_meristematic","pca",FALSE
60.7144329026404,-0.300220274162613,0.418215113898197,-0.717860890689124,0.472843064305939,0.953522130502867,"AT3G20940","Dividing_meristematic","pca",FALSE
20.7513133338818,2.16362905502141,0.702458833149074,3.08007950490424,0.00206945344586793,0.0449481720419332,"AT3G27170","Dividing_meristematic","pca",TRUE
48.0622896521117,-1.17860012427568,0.564734928401433,-2.08699704056182,0.0368884020632244,0.323833898948759,"AT3G48520","Dividing_meristematic","pca",FALSE
52.7321109220991,0.325629126005874,0.437415197628211,0.744439442825779,0.456610664307949,0.946065067454272,"AT3G22240","Dividing_meristematic","pca",FALSE
17.5138816871571,0.34911394658973,0.720894767714365,0.484278652342857,0.628188124160597,0.982716370089381,"AT3G09220","Dividing_meristematic","pca",FALSE
19.2783176307325,1.60480931840983,0.708843500091303,2.26398255496893,0.0235751877529988,0.245107368130731,"AT3G02240","Dividing_meristematic","pca",FALSE
16.697021924399,0.234316295544818,0.720051007569073,0.325416245629432,0.744866061807985,0.991325710665046,"AT3G14560","Dividing_meristematic","pca",FALSE
336.289476016054,-0.867518394028777,1.01036050445891,-0.85862263043761,0.390548748493822,0.917185867792622,"AT3G12580","Dividing_meristematic","pca",FALSE
13.2376281650149,0.807289271133468,0.801906635777549,1.00671229681333,0.314073051108636,0.87313894722422,"AT3G27540","Dividing_meristematic","pca",FALSE
7.94299777560304,1.07743735002091,1.08582160028341,0.99227842745041,0.32106172367155,0.87845974239689,"AT3G07600","Dividing_meristematic","pca",FALSE
133.52231935461,0.47813268357692,0.935005697190172,0.511368738194621,0.609092880958124,0.981225722938507,"AT3G50970","Dividing_meristematic","pca",FALSE
68.7301613926623,1.66909605002837,0.39816521436274,4.19196853421699,2.7654435910864e-05,0.00174917199859636,"AT3G55230","Dividing_meristematic","pca",TRUE
105.967711190091,0.705929178527679,0.399060450604347,1.76897805196832,0.0768975373755403,0.486588561115966,"AT3G11340","Dividing_meristematic","pca",FALSE
8.59827921210337,-0.277508077115116,0.978826324130654,-0.28351104815411,0.776785113746485,0.993839176706491,"AT2G32560","Dividing_meristematic","pca",FALSE
22.9477920076251,1.2752821139305,0.626582961566408,2.0352965084502,0.0418210472884709,0.349924452156741,"AT2G47360","Dividing_meristematic","pca",FALSE
10.8094291768227,0.494144536642398,0.879596530680863,0.56178545436042,0.574262203593985,0.975528203078804,"AT2G35910","Dividing_meristematic","pca",FALSE
3.3125686289828,2.36111543387122,1.72304252085061,1.37031756633934,0.17058779189167,NA,"AT2G44340","Dividing_meristematic","pca",FALSE
2.31893140269067,-1.24488106136867,1.89797077323455,-0.655901070197792,0.51188777958557,NA,"AT2G21510","Dividing_meristematic","pca",FALSE
15.5216806180754,2.50420427050093,0.835089323060862,2.99872624562153,0.00271110783170042,0.0551599153321874,"AT2G23600","Dividing_meristematic","pca",FALSE
31.0085389768462,1.28528254880077,0.546109770451946,2.35352417836638,0.0185963984317988,0.211688068594504,"AT2G41380","Dividing_meristematic","pca",FALSE
9.20071111531795,-0.285500946570742,0.937125401872832,-0.30465607484353,0.760628107295754,0.993415982065836,"AT2G33110","Dividing_meristematic","pca",FALSE
38.3621784520965,2.1167241239707,0.572608157922546,3.69663633792835,0.00021847495250249,0.00831560388542839,"AT2G39430","Dividing_meristematic","pca",TRUE
14.5628108008294,1.76549815198937,0.807227149397448,2.18711443650926,0.0287341710092417,0.279836218645394,"AT2G44130","Dividing_meristematic","pca",FALSE
66.3901537800173,0.20690329900411,0.407364947067028,0.507906486539369,0.611518925509477,0.981321697016829,"AT4G11210","Dividing_meristematic","pca",FALSE
10.9165873363024,2.01398002197387,0.940128606952563,2.1422388459194,0.0321742670648951,0.299870825708898,"AT4G36220","Dividing_meristematic","pca",FALSE
697.097635622333,2.00624354035857,0.194122023884957,10.3349609704643,4.89611368656809e-25,1.85036376499625e-21,"AT4G17340","Dividing_meristematic","pca",TRUE
4.34742993237785,1.90124142391271,1.51943449399675,1.25128225759285,0.210831516294302,NA,"AT4G01720","Dividing_meristematic","pca",FALSE
7.15209199402045,0.583027044937453,1.09421390769616,0.53282730262952,0.594153132247518,NA,"AT4G01140","Dividing_meristematic","pca",FALSE
14.9867721202043,1.61515061460459,0.869441287084625,1.85768796421027,0.0632133386681552,0.441791974408924,"AT4G18430","Dividing_meristematic","pca",FALSE
27.7599361805061,0.0379607005184244,0.56046572719826,0.0677306366406882,0.946000060789719,0.996833464896285,"AT4G01090","Dividing_meristematic","pca",FALSE
281.891911063835,1.61724860866566,0.243199583302999,6.64988231764672,2.93327457266405e-11,1.19844085716115e-08,"AT4G12545","Dividing_meristematic","pca",TRUE
41.1490659566297,0.508522398612399,0.507162292736803,1.00268179613326,0.316014415814905,0.875333406410099,"AT4G27410","Dividing_meristematic","pca",FALSE
3.63996024193465,-1.0443336733881,1.55145912929892,-0.673129993350207,0.500864593891068,NA,"AT4G08040","Dividing_meristematic","pca",FALSE
9.50265790392021,0.712781290517628,0.954232254410147,0.746968347824534,0.455082667225204,0.945979675015533,"AT4G17670","Dividing_meristematic","pca",FALSE
13.7122425246099,2.84367505445929,0.930686466926558,3.05545976600484,0.0022471575066914,0.0476994991930955,"AT4G28890","Dividing_meristematic","pca",TRUE
30.7565974764322,3.28195838897154,0.660092551776249,4.97196700696,6.62769863389817e-07,8.78867721479286e-05,"AT4G04745","Dividing_meristematic","pca",TRUE
92.7402142504552,2.23516833000634,0.360341315079133,6.20291994415206,5.54250377190658e-10,1.70991896979412e-07,"AT4G15390","Dividing_meristematic","pca",TRUE
5.03484408668388,2.88594705323082,1.55396351937232,1.85715238308588,0.063289477331616,NA,"AT4G10310","Dividing_meristematic","pca",FALSE
54.0552467253953,0.205866616455026,0.425554688557437,0.483760658713177,0.628555738379314,0.982823571898716,"AT4G01870","Dividing_meristematic","pca",FALSE
106.895146828711,-0.284965756425874,0.329295401919049,-0.865380308273868,0.386830085447483,0.913580722592082,"AT4G39400","Dividing_meristematic","pca",FALSE
3.12355853916695,0.461714499364164,1.58279334234441,0.291708643833616,0.77050939971355,NA,"AT4G01680","Dividing_meristematic","pca",FALSE
47.9837450395743,1.20398712939454,0.449745269776296,2.67704233997482,0.00742752481715248,0.114807661207458,"AT4G35060","Dividing_meristematic","pca",FALSE
45.9568092873727,-0.332682928673567,0.463858652829484,-0.717207551576843,0.473246040411318,0.997956966793844,"AT1G69810","Endodermis_lineage","pca",FALSE
95.375813387201,-0.20441616524524,0.41033376739935,-0.498170468740135,0.618363895168014,0.997956966793844,"AT1G72430","Endodermis_lineage","pca",FALSE
73.6214344337631,-0.496817235396607,0.424552569492664,-1.17021370519627,0.241914978834113,0.900807060735094,"AT1G65310","Endodermis_lineage","pca",FALSE
5.6387360898758,1.59623945473852,1.22534671162888,1.30268391761268,0.19268269481356,NA,"AT1G06180","Endodermis_lineage","pca",FALSE
107.382925685015,0.678743971596877,0.368592326985479,1.84144899908244,0.0655557879222787,0.482962684424937,"AT1G49310","Endodermis_lineage","pca",FALSE
22.4747619706493,-0.506497183971285,0.617122219202409,-0.82074047605335,0.411794110143835,0.997956966793844,"AT1G56060","Endodermis_lineage","pca",FALSE
23.5554771603364,0.53112200016133,0.603917184956558,0.879461643734374,0.379151021266304,0.99342062317802,"AT1G70890","Endodermis_lineage","pca",FALSE
5.68978798594521,-1.54897668881124,1.1582422482707,-1.33735122434354,0.181108017729517,NA,"AT1G26970","Endodermis_lineage","pca",FALSE
90.2257307607151,-0.869163176247498,0.36804735994976,-2.36155253597293,0.0181985931716989,0.211175360152121,"AT1G70690","Endodermis_lineage","pca",FALSE
6.19412134707599,-2.84502141575025,1.15732541349439,-2.45827265398076,0.0139607137947899,NA,"AT1G09930","Endodermis_lineage","pca",FALSE
7.38903153757842,-0.543913374770205,0.984530986181433,-0.552459376499472,0.580633659514823,NA,"AT1G28660","Endodermis_lineage","pca",FALSE
2.23298942248147,1.58704646479391,1.952960028767,0.812636429530969,0.416426538572309,NA,"AT1G66440","Endodermis_lineage","pca",FALSE
5.71653506400537,-0.275326774241821,1.15287412454725,-0.238817723790917,0.811246926240143,NA,"AT1G56600","Endodermis_lineage","pca",FALSE
245.785194852443,-1.18104481246379,0.376322376018799,-3.13838583014471,0.00169881100258302,0.0361073937743398,"AT1G09090","Endodermis_lineage","pca",TRUE
18.6084288838822,1.01723773971863,0.687406054290724,1.47982074549551,0.13892109077115,0.725454007247078,"AT1G72300","Endodermis_lineage","pca",FALSE
4.17679570267389,-0.172913982891144,1.30776153486093,-0.132221340268684,0.894809222215971,NA,"AT1G77380","Endodermis_lineage","pca",FALSE
11.151576558264,-4.45609211503548,1.18734241020533,-3.75299667285101,0.000174733175091312,NA,"AT1G66090","Endodermis_lineage","pca",FALSE
82.9643786894373,1.14318300879501,0.397004946701332,2.87951829893704,0.00398283183967551,0.069022736097383,"AT1G14960","Endodermis_lineage","pca",FALSE
7.9913245622855,1.5861144047896,1.02341828359553,1.54982027408889,0.121184659466939,NA,"AT1G18860","Endodermis_lineage","pca",FALSE
208.975184455537,-1.71925479210265,0.312326210777286,-5.50467662583921,3.69846503063012e-08,4.26368696900686e-06,"AT1G78280","Endodermis_lineage","pca",TRUE
52.0249216721964,-1.87673944558869,0.449233308944576,-4.17764980517113,2.94536671684428e-05,0.00125456061842773,"AT1G17420","Endodermis_lineage","pca",TRUE
52.5594683997955,0.0273783456437592,0.446692383314361,0.061291274860381,0.951127239392303,0.997956966793844,"AT1G29050","Endodermis_lineage","pca",FALSE
39.741594048223,-0.487677183871452,0.539675174176071,-0.90364946769322,0.36618130195675,0.991914346215038,"AT1G63720","Endodermis_lineage","pca",FALSE
12.5130013663226,0.884439930394327,0.864471764995064,1.02309869009935,0.30626118623377,NA,"AT1G72470","Endodermis_lineage","pca",FALSE
2.81817960775104,1.27611875491619,1.63860541401258,0.778783436209487,0.436107296539437,NA,"AT1G44050","Endodermis_lineage","pca",FALSE
27.125296185236,0.670698912433279,0.596385233238244,1.12460683976283,0.260755674064045,0.920853922086776,"AT5G48430","Endodermis_lineage","pca",FALSE
457.5161203056,-2.52793015632713,0.297596090276773,-8.49450056274626,1.98785830694123e-17,5.27080630085467e-14,"AT5G01040","Endodermis_lineage","pca",TRUE
135.900166046214,-1.73004570269739,0.366783012506532,-4.71680978591279,2.39571476219462e-06,0.000152149405795426,"AT5G63770","Endodermis_lineage","pca",TRUE
88.8203677743327,-2.50639715604153,0.387819453810503,-6.46279378565213,1.0278732473359e-10,2.65893260030356e-08,"AT5G43650","Endodermis_lineage","pca",TRUE
8.49769430997223,-0.0793811347367816,0.908834083381185,-0.0873439235921431,0.930398141426537,NA,"AT5G57540","Endodermis_lineage","pca",FALSE
3.73906262944264,0.863277152114077,1.40671934911365,0.613681153001849,0.539426045021677,NA,"AT5G57030","Endodermis_lineage","pca",FALSE
29.332354416073,-1.475957758574,0.555919141355486,-2.65498639779736,0.00793116065469202,0.118643004095435,"AT5G22690","Endodermis_lineage","pca",FALSE
43.3019938364539,0.64835263913929,0.494798711920494,1.31033614987152,0.190082143303124,0.834096488155952,"AT5G05790","Endodermis_lineage","pca",FALSE
29.0198676089829,0.893215647138294,0.583588220250649,1.53055804785549,0.125878656768865,0.688910071229158,"AT5G48290","Endodermis_lineage","pca",FALSE
2.54085016206048,0.0440968415611802,1.62698179292636,0.0271034634517118,0.978377212341793,NA,"AT5G51500","Endodermis_lineage","pca",FALSE
78.0186736285309,-0.145688910881397,0.391456265588344,-0.372171615806002,0.709765077913578,0.997956966793844,"AT5G24030","Endodermis_lineage","pca",FALSE
56.4403803454736,-0.45511130303568,0.423913706873014,-1.07359421423948,0.283004591880153,0.942493810840568,"AT5G36180","Endodermis_lineage","pca",FALSE
6.14464986388105,1.37267685407481,1.1398885262632,1.20422025702351,0.228504458445289,NA,"AT5G27100","Endodermis_lineage","pca",FALSE
101.036601277274,0.65672414878047,0.367581978218599,1.7866059483197,0.0740011996378333,0.521153202761527,"AT5G66985","Endodermis_lineage","pca",FALSE
8.25711483392826,2.21242762747209,1.09345268498268,2.02334098023375,0.0430380045775271,NA,"AT5G11570","Endodermis_lineage","pca",FALSE
81.1694957080644,0.711728380910711,0.421725547075849,1.68765773343748,0.0914769497348703,0.583992423557828,"AT5G42590","Endodermis_lineage","pca",FALSE
8.67300948412063,1.27378002458893,0.971166610181018,1.31159783628836,0.189655863477768,NA,"AT5G38100","Endodermis_lineage","pca",FALSE
4.02965311318627,-0.996695489139134,1.28195863378168,-0.77747866652995,0.436876416125709,NA,"AT5G14340","Endodermis_lineage","pca",FALSE
4.92301856058553,-0.273296585466006,1.16736815506144,-0.234113449369896,0.814896904957448,NA,"AT5G02350","Endodermis_lineage","pca",FALSE
13.6010340204451,-1.62309739105655,0.757060384591454,-2.14394706696012,0.0320371283192707,NA,"AT5G52870","Endodermis_lineage","pca",FALSE
34.0451833433722,-0.417578518743425,0.50609951920888,-0.825091711994059,0.40931952472898,0.997956966793844,"AT5G57480","Endodermis_lineage","pca",FALSE
68.7487375787535,0.193249270074336,0.41857697482896,0.461681558459593,0.644309697752522,0.997956966793844,"AT5G09978","Endodermis_lineage","pca",FALSE
403.588892758227,-0.258677416222043,0.283742724380755,-0.911661847141933,0.361946754109743,0.988618921990197,"AT5G46900","Endodermis_lineage","pca",FALSE
1.90963222160649,-0.120701251487133,1.84747938890008,-0.0653329353563152,0.947908919729475,NA,"AT5G09640","Endodermis_lineage","pca",FALSE
211.610418627448,-1.88648994576415,0.389675451341215,-4.84118242314491,1.29068817129028e-06,8.77502483634916e-05,"AT5G20230","Endodermis_lineage","pca",TRUE
6.75276349097237,0.906219125940317,1.06843583566443,0.84817365319534,0.396341267851178,NA,"AT5G13910","Endodermis_lineage","pca",FALSE
110.698929964949,-1.2183944057119,0.440280197802769,-2.76731593151892,0.00565199525453199,0.0905514526730608,"AT5G14700","Endodermis_lineage","pca",FALSE
13.097022981986,-1.64934940389587,0.851641663119364,-1.93667063898059,0.0527856170243582,NA,"AT5G52400","Endodermis_lineage","pca",FALSE
179.399161768753,-0.18406607888694,0.321400164655079,-0.572700636555293,0.566847406387245,0.997956966793844,"AT5G42500","Endodermis_lineage","pca",FALSE
283.708470132286,-1.37339385386456,0.327969427237481,-4.18756670532615,2.81961164019557e-05,0.0012156423193461,"AT5G53250","Endodermis_lineage","pca",TRUE
16.5864390113293,0.130038143899748,0.703796621301242,0.184766649858764,0.853412066987541,0.997956966793844,"AT5G10100","Endodermis_lineage","pca",FALSE
30.0952838703958,-0.389608158128865,0.577887286726029,-0.674194028970868,0.500187965297341,0.997956966793844,"AT5G15960","Endodermis_lineage","pca",FALSE
14.5265475048994,0.861259020256512,0.815170629515798,1.05653833574462,0.290722336046397,0.948452607135252,"AT5G04960","Endodermis_lineage","pca",FALSE
126.269513926724,1.5320190365407,0.359740267611575,4.2586809831222,2.05636692989127e-05,0.000945100581053969,"AT5G43350","Endodermis_lineage","pca",TRUE
4.95908755459662,0.78857894146842,1.25035376508376,0.630684661804968,0.528246729952321,NA,"AT5G20045","Endodermis_lineage","pca",FALSE
37.9456904887253,-1.267902161226,0.49058678599764,-2.58446048164065,0.00975314807575349,0.136647144638628,"AT3G20940","Endodermis_lineage","pca",FALSE
59.449777462164,0.498309528206989,0.430593593129147,1.15726182683246,0.247165404511015,0.907431525049597,"AT3G27170","Endodermis_lineage","pca",FALSE
269.678606662378,-2.11521062600194,0.832660451170755,-2.54030394145401,0.0110756171315084,0.150025057537816,"AT3G48520","Endodermis_lineage","pca",FALSE
226.769504983421,-0.457780666575228,0.322168731990767,-1.42093450145357,0.155335801741205,0.76391866277207,"AT3G22240","Endodermis_lineage","pca",FALSE
25.9890639080157,0.291530778895444,0.566199226671242,0.514890810800628,0.606629322558464,0.997956966793844,"AT3G09220","Endodermis_lineage","pca",FALSE
24.4053513432018,0.784669132650778,0.620385165613816,1.26480963140764,0.205939577955913,0.858309560048538,"AT3G02240","Endodermis_lineage","pca",FALSE
18.166405835706,-0.126324740386475,0.698599869810705,-0.180825599667954,0.856504468705134,0.997956966793844,"AT3G14560","Endodermis_lineage","pca",FALSE
332.65245604642,0.471711328661053,0.414286364659912,1.13861176446944,0.254865119385379,0.912275442764831,"AT3G12580","Endodermis_lineage","pca",FALSE
71.1084241686667,-0.651664498789838,0.416075251504607,-1.56621788110034,0.117297617975682,0.66130455658682,"AT3G27540","Endodermis_lineage","pca",FALSE
12.9674573707635,-0.592710816447702,0.758423754120584,-0.781503497520286,0.434506420453594,NA,"AT3G07600","Endodermis_lineage","pca",FALSE
4.57306918792424,-1.75593319849457,1.29372485605384,-1.35726943041859,0.174695616831414,NA,"AT3G22910","Endodermis_lineage","pca",FALSE
695.026472027373,-1.24446942023295,0.878288727059068,-1.41692518859946,0.156504801226368,0.765631882752241,"AT3G50970","Endodermis_lineage","pca",FALSE
937.206035660034,-0.574509989705036,0.31187068876452,-1.84214166448589,0.0654544307404155,0.482962684424937,"AT3G55230","Endodermis_lineage","pca",FALSE
324.484839757577,-0.646560577901336,0.393940779212863,-1.64126338784534,0.10074275259898,0.610448777627067,"AT3G11340","Endodermis_lineage","pca",FALSE
4.13897887939047,-0.180414139398331,1.26556259902016,-0.142556472147654,0.886640476463239,NA,"AT3G09290","Endodermis_lineage","pca",FALSE
4.99197755771272,-5.11629722954921,3.66059268552951,-1.39766908505668,0.162212461939461,NA,"AT3G59620","Endodermis_lineage","pca",FALSE
39.5909203552271,-0.24196203128458,0.530011765361208,-0.456522000261034,0.64801465420672,0.997956966793844,"AT2G32560","Endodermis_lineage","pca",FALSE
26.8877939841177,0.109972229611617,0.559501859193918,0.196553823377915,0.844176709193168,0.997956966793844,"AT2G47360","Endodermis_lineage","pca",FALSE
8.61996659167882,-1.40687085066154,0.909954718337977,-1.54608885729081,0.122083109477166,NA,"AT2G31690","Endodermis_lineage","pca",FALSE
13.7822014172669,0.271363755210773,0.751699927999358,0.361000108025824,0.718099366314657,NA,"AT2G35910","Endodermis_lineage","pca",FALSE
2.90532646309861,-1.06826505784614,1.58334407101625,-0.674689145209283,0.499873282394338,NA,"AT2G25150","Endodermis_lineage","pca",FALSE
11.9872595905673,-0.0184940610432955,0.800690979677841,-0.0230976263161308,0.981572399107627,NA,"AT2G28650","Endodermis_lineage","pca",FALSE
6.74739886226961,2.32539553027133,1.21721614668315,1.91042119890368,0.0560790035264138,NA,"AT2G44340","Endodermis_lineage","pca",FALSE
19.7059721256176,-0.997096729456163,0.659836587726308,-1.51112676684389,0.130756156212277,0.701112129821742,"AT2G21510","Endodermis_lineage","pca",FALSE
7.72791116501644,1.21568659647498,1.02139009240978,1.190227519837,0.233956979527955,NA,"AT2G23600","Endodermis_lineage","pca",FALSE
4.41139967005977,-0.316101085624809,1.2257684163287,-0.257879939973949,0.796499566954729,NA,"AT2G43060","Endodermis_lineage","pca",FALSE
33.3795603726048,0.842129875979492,0.528060714016668,1.5947595676525,0.110766011751079,0.640907976340396,"AT2G41380","Endodermis_lineage","pca",FALSE
17.8798361945402,-1.23765326464152,0.673356573950877,-1.83803546667655,0.0660571793022548,0.483992406153791,"AT2G33110","Endodermis_lineage","pca",FALSE
426.518797769452,0.335130561026764,0.308401356247415,1.08667019206591,0.277182591912373,0.939232769911382,"AT2G39430","Endodermis_lineage","pca",FALSE
8.63944630549004,0.512794520787394,0.937854879195016,0.546773847599469,0.584534112336007,NA,"AT2G44940","Endodermis_lineage","pca",FALSE
14.2503502985228,0.843319674912336,0.77586486739612,1.08694143832366,0.277062691402272,NA,"AT2G44130","Endodermis_lineage","pca",FALSE
82.0011226168056,-0.521034027294836,0.397199120639272,-1.31177034444653,0.189597633773866,0.833695067912779,"AT4G11210","Endodermis_lineage","pca",FALSE
16.1936928049127,2.70787186589032,0.895691335719257,3.02321989496063,0.00250100438799709,0.0492635591343538,"AT4G36220","Endodermis_lineage","pca",TRUE
1646.34445303229,0.365914601307784,0.258214655866816,1.41709462648208,0.156455263402568,0.765631882752241,"AT4G17340","Endodermis_lineage","pca",FALSE
13.9667943769531,-0.547244557799316,0.747145274073792,-0.732447325558893,0.463895582037182,NA,"AT4G17250","Endodermis_lineage","pca",FALSE
36.4621366804385,-0.783083178277991,0.492152273601457,-1.5911400196276,0.111578067834585,0.643150536659573,"AT4G01720","Endodermis_lineage","pca",FALSE
20.3977629147789,-0.779173394495554,0.615888864158504,-1.26512012124159,0.205828271001419,0.858309560048538,"AT4G01140","Endodermis_lineage","pca",FALSE
26.9262398525025,0.339532285552925,0.567295676523631,0.59851026475923,0.549499511850373,0.997956966793844,"AT4G18430","Endodermis_lineage","pca",FALSE
50.0558570611226,-0.587803024155899,0.516678760940779,-1.13765664198314,0.255263884882048,0.912275442764831,"AT4G01090","Endodermis_lineage","pca",FALSE
359.937134231764,0.900378589945413,0.310624617540446,2.89860667539712,0.00374824777261836,0.0665894738297995,"AT4G12545","Endodermis_lineage","pca",FALSE
204.048492651119,-0.433093852587975,0.392379370890195,-1.10376305361164,0.269695935632525,0.930685037919015,"AT4G27410","Endodermis_lineage","pca",FALSE
8.22303809606002,-2.13205234073895,0.950559155257644,-2.24294545893997,0.024900331823535,NA,"AT4G08040","Endodermis_lineage","pca",FALSE
11.7969615143606,0.864930849337958,0.840499075473517,1.02906817458505,0.303447639997069,NA,"AT4G17670","Endodermis_lineage","pca",FALSE
69.844246998837,0.254939560482858,0.402011521661547,0.634159835591705,0.525976516444391,0.997956966793844,"AT4G28890","Endodermis_lineage","pca",FALSE
58.6732586773429,1.79921183093535,0.503533101685439,3.57317488147847,0.000352679052664612,0.0101473860919974,"AT4G04745","Endodermis_lineage","pca",TRUE
160.982091890304,1.02988815033539,0.345157963151539,2.98381686150821,0.00284677106702319,0.0543036941310214,"AT4G15390","Endodermis_lineage","pca",FALSE
5.05718866930372,3.30639563907288,1.59231415562731,2.07647192445532,0.0378503251504134,NA,"AT4G10310","Endodermis_lineage","pca",FALSE
86.4570609801196,-0.166949671369192,0.373379022233116,-0.447131899298185,0.654779828143169,0.997956966793844,"AT4G01870","Endodermis_lineage","pca",FALSE
34.7532748554497,-0.515454182599668,0.500117305882657,-1.03066655869855,0.302697211985224,0.956616993538523,"AT4G39400","Endodermis_lineage","pca",FALSE
6.00683699046537,-1.04059578137857,1.12351479602289,-0.926196775567319,0.354343727942259,NA,"AT4G01680","Endodermis_lineage","pca",FALSE
71.8017067354343,0.324670740366959,0.417328946850739,0.777973209903121,0.436584806886483,0.997956966793844,"AT4G35060","Endodermis_lineage","pca",FALSE
70.5483470137854,-0.178600535885621,0.38841962649597,-0.459813366015566,0.645650188500501,0.995794717897038,"AT1G69810","Epidermal_initial_like","pca",FALSE
23.4318449732464,0.677320848927378,0.643582092037723,1.05242339292386,0.292605340695035,0.905549072759598,"AT1G72430","Epidermal_initial_like","pca",FALSE
46.224031559301,0.352903214577387,0.45007330080315,0.784101642882693,0.432980471509701,0.972893052355261,"AT1G65310","Epidermal_initial_like","pca",FALSE
50.6234107461666,0.369490004085557,0.430142814684123,0.858993784092137,0.39034394539635,0.955893427094981,"AT1G06180","Epidermal_initial_like","pca",FALSE
59.2009386948344,1.39850706687371,0.416287520774301,3.35947391426116,0.000780910233097511,0.0218793644256067,"AT1G49310","Epidermal_initial_like","pca",TRUE
6.6798914331584,-1.11474827281159,1.29476064652135,-0.860968608990855,0.389255332284779,NA,"AT1G56060","Epidermal_initial_like","pca",FALSE
11.6732542998799,1.97866384894015,0.925583207984449,2.13774821309571,0.0325371841575834,0.314819241308509,"AT1G70890","Epidermal_initial_like","pca",FALSE
2.69155556911052,-0.977272258122006,1.9589286419594,-0.498880988918769,0.617863227758116,NA,"AT1G26970","Epidermal_initial_like","pca",FALSE
21.9252775512251,1.15338997138843,0.652671437239226,1.76718315768071,0.0771975593819507,0.52817441488272,"AT1G70690","Epidermal_initial_like","pca",FALSE
4.14879107570961,-2.10827758902307,1.54882659971439,-1.36120956949722,0.173447470883818,NA,"AT1G28660","Epidermal_initial_like","pca",FALSE
3.28477497901446,-0.161197236707722,1.67326072234703,-0.0963371903462932,0.923252774811387,NA,"AT1G66440","Epidermal_initial_like","pca",FALSE
10.7069594479589,1.0460848169482,0.969110462579733,1.07942784371924,0.280397044094888,0.893278236137663,"AT1G09090","Epidermal_initial_like","pca",FALSE
18.759028144048,1.5326024030464,0.724946555029897,2.11409019383945,0.0345075645768212,0.327250546185483,"AT1G72300","Epidermal_initial_like","pca",FALSE
58.4844148418788,1.56568983585122,0.436954852315806,3.58318445842462,0.00033943073395379,0.0114103616443725,"AT1G14960","Epidermal_initial_like","pca",TRUE
7.70174793319922,0.329077062515117,1.08767666782031,0.302550447436353,0.762232482641188,NA,"AT1G18860","Epidermal_initial_like","pca",FALSE
39.9879816331207,-0.207331432044832,0.515421202580241,-0.402256311938497,0.687495403271595,0.996044374303709,"AT1G78280","Epidermal_initial_like","pca",FALSE
18.3156727586974,-1.66764818435276,0.834459859897993,-1.99847621736606,0.0456650558064663,0.390080834684557,"AT1G17420","Epidermal_initial_like","pca",FALSE
28.019455760853,0.546155333129462,0.573435236015338,0.952427229489005,0.340880355401677,0.931921857455519,"AT1G29050","Epidermal_initial_like","pca",FALSE
14.4892868549425,0.323744478471874,0.801016848401095,0.404166877535846,0.686090008770021,0.996044374303709,"AT1G63720","Epidermal_initial_like","pca",FALSE
51.5030835234348,0.452723126626567,0.463351246891233,0.97706249775743,0.328538212539023,0.924834737956076,"AT1G72470","Epidermal_initial_like","pca",FALSE
4.48112716072536,0.281736847876952,1.36927198879287,0.205756672292207,0.836980987463874,NA,"AT1G44050","Epidermal_initial_like","pca",FALSE
25.4336108674749,0.364233054854534,0.661430094054752,0.550675057165426,0.581856446142017,0.995794717897038,"AT5G48430","Epidermal_initial_like","pca",FALSE
202.616753450768,-1.13195377640242,0.261151681030143,-4.33446865797417,1.46112602530115e-05,0.000879131289172793,"AT5G01040","Epidermal_initial_like","pca",TRUE
43.7843406401515,-0.490427885621755,0.464474441524924,-1.05587701233166,0.291024407721079,0.905381168491388,"AT5G63770","Epidermal_initial_like","pca",FALSE
18.3972729346336,-3.57266309524984,1.00116561877229,-3.56850358048745,0.000359025948326722,0.011791861422107,"AT5G43650","Epidermal_initial_like","pca",TRUE
4.87694841190847,0.225544877436952,1.32963155451936,0.1696296065405,0.865301437316655,NA,"AT5G57540","Epidermal_initial_like","pca",FALSE
9.03196035035431,-0.244587464183032,0.987163169273125,-0.247768020319405,0.804313899619034,NA,"AT5G57030","Epidermal_initial_like","pca",FALSE
12.035199761181,0.0950722449440313,0.877461501761084,0.108349192247431,0.913718702490594,0.997400337889669,"AT5G22690","Epidermal_initial_like","pca",FALSE
4.140867557662,0.508182311714828,1.49475787560854,0.339976339986126,0.733874345748555,NA,"AT5G05790","Epidermal_initial_like","pca",FALSE
22.2455628213234,1.37431980105873,0.64905503265272,2.11741644686402,0.0342245195684219,0.325428366679816,"AT5G48290","Epidermal_initial_like","pca",FALSE
31.240206676457,-0.45801715919664,0.546426804599606,-0.838204047351322,0.401916114336694,0.959239792883576,"AT5G51500","Epidermal_initial_like","pca",FALSE
27.683018903722,1.62513092332227,0.618086149620904,2.62929516268732,0.00855620608525239,0.130068865329951,"AT5G24030","Epidermal_initial_like","pca",FALSE
14.1826160419817,1.60451539702538,0.872750392772737,1.83845852183214,0.065994868473862,0.480550753088425,"AT5G36180","Epidermal_initial_like","pca",FALSE
9.58919285335189,0.631683923172452,1.00892383749693,0.626096737628497,0.531251491922308,NA,"AT5G27100","Epidermal_initial_like","pca",FALSE
44.9381470024095,1.38416870457844,0.465397166071964,2.97416659465521,0.00293785525225389,0.0588392828143717,"AT5G66985","Epidermal_initial_like","pca",FALSE
92.0131613822163,0.738692566580932,0.356353465017331,2.07292095937668,0.0381796360931229,0.349796793892207,"AT5G42590","Epidermal_initial_like","pca",FALSE
10.5274331863755,1.20323835673789,0.951942811010246,1.26398176741411,0.206236571174046,0.823566006473045,"AT5G38100","Epidermal_initial_like","pca",FALSE
30.1982457003209,0.38715525177763,0.552940297642887,0.700175504350151,0.483817707331701,0.987533555001887,"AT5G02350","Epidermal_initial_like","pca",FALSE
8.9586571369918,-2.77301714659103,1.24007562020674,-2.23616777993645,0.0253407829107592,NA,"AT5G52870","Epidermal_initial_like","pca",FALSE
10.5411866566043,0.25665880936804,0.926775363001847,0.276937453901144,0.781828132824616,0.997400337889669,"AT5G57480","Epidermal_initial_like","pca",FALSE
45.1182984172181,1.081671082419,0.475208382537848,2.27620370802877,0.022833820094341,0.25605348766716,"AT5G09978","Epidermal_initial_like","pca",FALSE
303.800343588747,0.265298099506899,0.215342402400756,1.2319826311456,0.217955572325794,0.838335695864992,"AT5G46900","Epidermal_initial_like","pca",FALSE
28.4538701311909,-1.42757684297369,1.29901431010529,-1.09896929684937,0.271781458338443,0.886136266713684,"AT5G20230","Epidermal_initial_like","pca",FALSE
4.89018950964887,0.515122509934376,1.31955241806216,0.390376693554066,0.696258019323708,NA,"AT5G13910","Epidermal_initial_like","pca",FALSE
17.8789818186182,-0.740818230494036,0.72206117582962,-1.02597709902193,0.30490237883841,0.91161504202072,"AT5G14700","Epidermal_initial_like","pca",FALSE
2.61137991866741,-0.510844831876726,1.85175243506902,-0.275871019366412,0.782647133661199,NA,"AT5G52400","Epidermal_initial_like","pca",FALSE
36.1201786507945,1.01516136901086,0.55879164971457,1.81670819442167,0.0692618063507981,0.497406753732913,"AT5G42500","Epidermal_initial_like","pca",FALSE
176.363767682631,-0.878281107774864,0.256933612090043,-3.41831923285719,0.000630091567120996,0.0184895722155177,"AT5G53250","Epidermal_initial_like","pca",FALSE
5.44291267518284,-1.22155199788671,1.29256232566355,-0.945062356865163,0.3446270418489,NA,"AT5G10100","Epidermal_initial_like","pca",FALSE
18.6039592169032,0.426617647477876,0.715820539342177,0.595984082644412,0.551185860282985,0.995794717897038,"AT5G15960","Epidermal_initial_like","pca",FALSE
21.2211602177906,0.279898264824096,0.666239856661638,0.420116362036033,0.674400450357305,0.995794717897038,"AT5G04960","Epidermal_initial_like","pca",FALSE
106.214190010786,1.92588149755627,0.325118239169356,5.92363412916082,3.14903654313406e-09,5.36835753543806e-07,"AT5G43350","Epidermal_initial_like","pca",TRUE
2.85573829712587,1.36178522400674,1.77489970431247,0.767246296057187,0.442935091898646,NA,"AT5G20045","Epidermal_initial_like","pca",FALSE
180.821619317815,0.0394886609072693,0.259447856797553,0.152202686870072,0.879027074839378,0.997400337889669,"AT3G20940","Epidermal_initial_like","pca",FALSE
24.5780483161092,2.04192255155284,0.653915025298579,3.12261145952488,0.00179254217239202,0.0407447681089741,"AT3G27170","Epidermal_initial_like","pca",TRUE
46.8485107063505,-1.0831888097321,1.36647454985176,-0.792688608689865,0.427959268756624,0.971216597241657,"AT3G48520","Epidermal_initial_like","pca",FALSE
51.4178334059303,0.0152506736227142,0.427941951634538,0.0356372483802155,0.971571607262218,0.997434540385078,"AT3G22240","Epidermal_initial_like","pca",FALSE
16.5568320362376,0.899598719873506,0.733752902736392,1.2260240695725,0.220189617429361,0.841503955588056,"AT3G09220","Epidermal_initial_like","pca",FALSE
19.8171057936654,0.886108156950895,0.720198897173918,1.23036588979518,0.218560120623638,0.838886056068441,"AT3G02240","Epidermal_initial_like","pca",FALSE
16.9681182829222,-0.458486328232008,0.738187734521928,-0.621097190850694,0.534535677461306,0.995794717897038,"AT3G14560","Epidermal_initial_like","pca",FALSE
423.333826305978,-1.31147436965685,1.04762757837945,-1.25185170448217,0.21062390569194,0.827889877698697,"AT3G12580","Epidermal_initial_like","pca",FALSE
11.8625898238263,-0.0395504810073833,0.895671578443444,-0.0441573473572944,0.964778980745306,0.997434540385078,"AT3G27540","Epidermal_initial_like","pca",FALSE
7.30722087561456,-0.0171070494552615,1.09181617683013,-0.015668433769619,0.987498910107898,NA,"AT3G07600","Epidermal_initial_like","pca",FALSE
2.84329657165341,-1.99873717563047,1.92771011540526,-1.03684530140585,0.299807959247441,NA,"AT3G22910","Epidermal_initial_like","pca",FALSE
213.01456696047,-0.40699975351891,0.545310990046819,-0.746362646173637,0.455448377528148,0.979177664156871,"AT3G50970","Epidermal_initial_like","pca",FALSE
64.3777894785276,0.57047510983827,0.39616386116079,1.43999785383436,0.149868006262627,0.720329769169628,"AT3G55230","Epidermal_initial_like","pca",FALSE
142.924093072216,-0.04196099464656,0.608309429092759,-0.0689796880333439,0.94500578758288,0.997434540385078,"AT3G11340","Epidermal_initial_like","pca",FALSE
7.63017371113821,0.300227937860106,1.06635463895083,0.281546051279427,0.778291612065007,NA,"AT2G32560","Epidermal_initial_like","pca",FALSE
15.6525978249907,0.861583225104767,0.754845874112464,1.14140284083529,0.253702323053425,0.871018284853765,"AT2G47360","Epidermal_initial_like","pca",FALSE
39.6456194054651,-0.397311509658135,0.484249195228622,-0.820469117084557,0.411948727760979,0.963187174721513,"AT2G35910","Epidermal_initial_like","pca",FALSE
2.44509475482443,0.516190225426486,1.83422220183909,0.28142186094407,0.778386852766708,NA,"AT2G28650","Epidermal_initial_like","pca",FALSE
6.93866364102226,1.76178711700793,1.19157558697107,1.47853576077898,0.139264432649387,NA,"AT2G44340","Epidermal_initial_like","pca",FALSE
3.82532586769752,0.256932489990622,1.53732543390071,0.16712953830387,0.867268124668857,NA,"AT2G21510","Epidermal_initial_like","pca",FALSE
11.2450169902593,1.67070865489583,0.94382175120092,1.77015273569402,0.0767017004796228,0.52629053707149,"AT2G23600","Epidermal_initial_like","pca",FALSE
2.42789189806022,2.21351613855597,2.05848649556024,1.07531244112123,0.282234868006373,NA,"AT2G43060","Epidermal_initial_like","pca",FALSE
45.1872313062084,0.413005734975757,0.453096708336381,0.911517844594757,0.362022587720785,0.939160046406094,"AT2G41380","Epidermal_initial_like","pca",FALSE
13.401851622868,1.00830320725613,0.825310151823197,1.2217264079797,0.221811106310525,0.842099753201439,"AT2G33110","Epidermal_initial_like","pca",FALSE
27.726313045412,1.39900015617884,0.585383564816898,2.38988629039566,0.0168535899023819,0.212691904657781,"AT2G39430","Epidermal_initial_like","pca",FALSE
3.34813868324836,1.86678786098252,1.68545109016748,1.10758945891276,0.268039157901482,NA,"AT2G44940","Epidermal_initial_like","pca",FALSE
9.73234129747391,0.663645167768613,0.948630955128279,0.699582028375694,0.484188369195313,NA,"AT2G44130","Epidermal_initial_like","pca",FALSE
42.0720428908842,-0.261068475548082,0.47035150951073,-0.555049724023744,0.578860649902631,0.995794717897038,"AT4G11210","Epidermal_initial_like","pca",FALSE
14.9286541452793,2.997093000728,0.910428298832174,3.29195940479052,0.000994919719690669,0.0260461615831268,"AT4G36220","Epidermal_initial_like","pca",TRUE
695.883855226263,1.89576467249532,0.190329655343116,9.96042718134357,2.27084859382716e-23,3.61317242928944e-20,"AT4G17340","Epidermal_initial_like","pca",TRUE
8.54023787456631,0.440692356293869,1.01032627828568,0.436188156009992,0.662700220497448,NA,"AT4G01720","Epidermal_initial_like","pca",FALSE
11.1755538852226,-0.698310597831041,0.886970857820348,-0.787298242861189,0.431107298063601,0.972294859380279,"AT4G01140","Epidermal_initial_like","pca",FALSE
12.7183865327331,-0.213137466023696,0.84026932832761,-0.253653749861255,0.79976306786163,0.997400337889669,"AT4G18430","Epidermal_initial_like","pca",FALSE
31.1765737123661,-0.708576142770424,0.554170466054637,-1.27862487478819,0.201029186104054,0.815802938024893,"AT4G01090","Epidermal_initial_like","pca",FALSE
260.726829010484,1.44336994552393,0.221717412819576,6.50995303963105,7.51743022695833e-11,1.80636450946564e-08,"AT4G12545","Epidermal_initial_like","pca",TRUE
41.7019996924927,0.353685875279903,0.49567920928951,0.713537845952555,0.475513002780077,0.986916023637805,"AT4G27410","Epidermal_initial_like","pca",FALSE
3.21756229649349,-0.210099782740456,1.64608854747579,-0.127635772123337,0.898437220586453,NA,"AT4G08040","Epidermal_initial_like","pca",FALSE
7.63865367758687,2.41961106801665,1.18462778595286,2.0425074413314,0.0411012220452039,NA,"AT4G17670","Epidermal_initial_like","pca",FALSE
13.5097861112324,2.39927461319589,0.890801726455337,2.6933879245419,0.00707299207205444,0.114446606182847,"AT4G28890","Epidermal_initial_like","pca",FALSE
49.1301971174933,1.7252725911346,0.461656673533895,3.73713343712323,0.000186130156994773,0.0071843230408764,"AT4G04745","Epidermal_initial_like","pca",TRUE
100.823745113027,1.46651245946683,0.342861403728572,4.27727485076682,1.89195152606722e-05,0.00107085951989259,"AT4G15390","Epidermal_initial_like","pca",TRUE
3.46814153768819,3.61230660853519,1.99512627700031,1.81056540138718,0.0702081519589226,NA,"AT4G10310","Epidermal_initial_like","pca",FALSE
72.0756706750109,-0.902416684600894,0.412052001054663,-2.19005533838235,0.0285202237181884,0.291304995466803,"AT4G01870","Epidermal_initial_like","pca",FALSE
148.693035458446,-0.400517513162806,0.275844865337542,-1.451966534424,0.146510910672224,0.712890329876399,"AT4G39400","Epidermal_initial_like","pca",FALSE
5.05686558404684,0.788520861538201,1.34390220688801,0.586739762385041,0.55737849853014,NA,"AT4G01680","Epidermal_initial_like","pca",FALSE
44.3763962919871,0.736689467405631,0.459127486035391,1.60454228904267,0.108594570705897,0.61670317451518,"AT4G35060","Epidermal_initial_like","pca",FALSE
58.3435208938318,0.857940797897156,0.421756747286104,2.03420764082089,0.0419306644957488,0.295608429723643,"AT1G69810","Meristematic_unresolved","pca",FALSE
104.852049183711,0.0699996353042164,0.423689487694722,0.165214472714633,0.868775174225426,0.980794147827267,"AT1G72430","Meristematic_unresolved","pca",FALSE
143.125067206219,-0.081782494594733,0.285124573686495,-0.286830747477613,0.774241918608988,0.965857803677462,"AT1G65310","Meristematic_unresolved","pca",FALSE
107.722496065195,-0.349291187785766,0.317316069384802,-1.1007674098036,0.270997899219811,0.757405904327246,"AT1G06180","Meristematic_unresolved","pca",FALSE
159.548794039174,1.15806429200493,0.275519841609223,4.20319743667477,2.6317084886589e-05,0.00127199243618513,"AT1G49310","Meristematic_unresolved","pca",TRUE
12.6477430049296,-1.11270541095129,0.93311937963188,-1.19245772324465,0.233081818249344,0.715379836903735,"AT1G56060","Meristematic_unresolved","pca",FALSE
37.5638667738593,1.1752948022982,0.518389932673512,2.26720221250595,0.0233778757424444,0.206010500536794,"AT1G70890","Meristematic_unresolved","pca",FALSE
9.02571240131145,0.201092127593132,1.07990130730165,0.186213431017693,0.85227739174052,NA,"AT1G26970","Meristematic_unresolved","pca",FALSE
75.2289721525328,1.18443741219194,0.415023537305327,2.85390419030757,0.00431855532720356,0.0652573181502416,"AT1G70690","Meristematic_unresolved","pca",FALSE
10.7099966689818,-0.457144741003593,0.902526255944046,-0.506516833158962,0.612493875699037,0.933796431692337,"AT1G28660","Meristematic_unresolved","pca",FALSE
4.91087267918356,1.32123623195291,1.33506863711304,0.989639180506829,0.322350512125864,NA,"AT1G66440","Meristematic_unresolved","pca",FALSE
3.10009461169949,0.813683522651166,1.6466884228138,0.494133262478869,0.621212068155828,NA,"AT1G04180","Meristematic_unresolved","pca",FALSE
33.3864353448933,1.14982176743936,0.552929250907805,2.07950974840194,0.0375705227346435,0.278159535042022,"AT1G09090","Meristematic_unresolved","pca",FALSE
39.8656721087215,0.789499261324013,0.487466531672393,1.61959685440436,0.105318905763806,0.503447516563247,"AT1G72300","Meristematic_unresolved","pca",FALSE
7.41528962131139,1.20296380399594,1.18026687712949,1.01923033451693,0.308093628586587,NA,"AT1G77380","Meristematic_unresolved","pca",FALSE
3.68153819853758,-0.615552601571628,1.54292431439725,-0.398951909583522,0.68992863928699,NA,"AT1G66090","Meristematic_unresolved","pca",FALSE
163.729179798328,1.10474974512177,0.281982804828493,3.91779117806031,8.93640680654235e-05,0.00324675998987131,"AT1G14960","Meristematic_unresolved","pca",TRUE
17.9699652283251,1.24937704862544,0.756779497980152,1.65091291711791,0.0987563578507271,0.487545199904698,"AT1G18860","Meristematic_unresolved","pca",FALSE
86.256640119762,-0.789364054177,0.469059479144464,-1.68286558373525,0.092401115410751,0.471526934856068,"AT1G78280","Meristematic_unresolved","pca",FALSE
32.0922316376555,-0.497779293517655,0.605419256604074,-0.822205914476201,0.410959713188782,0.863949397044599,"AT1G17420","Meristematic_unresolved","pca",FALSE
105.63909247138,0.248788374979055,0.324491971755057,0.766701171783852,0.443259206798184,0.879119408347455,"AT1G29050","Meristematic_unresolved","pca",FALSE
25.4622017843711,0.219930147927925,0.612582745050052,0.359021127684482,0.719579283922394,0.959061657397394,"AT1G63720","Meristematic_unresolved","pca",FALSE
47.2478389918318,0.177830990976386,0.442264067948322,0.402092333210224,0.687616074927226,0.953683396463352,"AT1G72470","Meristematic_unresolved","pca",FALSE
6.2971130923803,2.20163339743432,1.29202679643007,1.70401527547071,0.0883782334847463,NA,"AT1G44050","Meristematic_unresolved","pca",FALSE
53.2871793007622,1.29830929396721,0.454644614750607,2.85565747804885,0.00429478184488555,0.0649983794203905,"AT5G48430","Meristematic_unresolved","pca",FALSE
173.764053851615,-0.941635079913515,0.747583832024322,-1.25957122074689,0.207824082854221,0.684954271040716,"AT5G01040","Meristematic_unresolved","pca",FALSE
67.9134938497137,-0.696840910818873,0.478713218861808,-1.45565420665777,0.145488234990935,0.591870094747054,"AT5G63770","Meristematic_unresolved","pca",FALSE
20.3600016885216,-1.83947577450638,0.881884710330586,-2.08584608958333,0.0369925669586321,0.275773675404902,"AT5G43650","Meristematic_unresolved","pca",FALSE
12.0466979304855,0.745448311293352,0.873530941350449,0.853373676885348,0.393452114205782,0.854023192958526,"AT5G57540","Meristematic_unresolved","pca",FALSE
14.7952232309749,1.19450323368024,0.791972410212009,1.5082636948937,0.131487051113206,0.560110313844453,"AT5G57030","Meristematic_unresolved","pca",FALSE
17.1809796418967,-0.691383054693635,0.805848499372254,-0.857956619925722,0.390916417670038,0.852778495852435,"AT5G22690","Meristematic_unresolved","pca",FALSE
38.0691416105571,0.554279383672461,0.493657317555192,1.12280191939116,0.261521630021315,0.747820249146814,"AT5G05790","Meristematic_unresolved","pca",FALSE
57.2551878569969,1.47438997518953,0.432753084040849,3.4070005034334,0.000656810058658524,0.0157078126212614,"AT5G48290","Meristematic_unresolved","pca",TRUE
7.74333556914647,1.04270526431257,1.12100519191933,0.930152038392704,0.352292370491406,NA,"AT5G51500","Meristematic_unresolved","pca",FALSE
89.5012355420843,1.39370315298744,0.354189492068035,3.9349082460067,8.32284858606471e-05,0.00306536036596594,"AT5G24030","Meristematic_unresolved","pca",TRUE
31.6433293412699,0.276855821048748,0.530475813440087,0.521900931266524,0.601739309879858,0.930996083790956,"AT5G36180","Meristematic_unresolved","pca",FALSE
9.38742090845352,1.4394302182784,0.984655157881548,1.46186226391713,0.14377895765522,NA,"AT5G27100","Meristematic_unresolved","pca",FALSE
104.69201818349,1.23871829474877,0.327716586905219,3.77984619712588,0.000156925263306971,0.00503129902973246,"AT5G66985","Meristematic_unresolved","pca",TRUE
141.421000502206,1.56791382638853,0.297309202234625,5.27368078284772,1.33714407524411e-07,1.52633573695419e-05,"AT5G42590","Meristematic_unresolved","pca",TRUE
16.7683630346729,2.31450575198143,0.815233893638517,2.83906958486653,0.00452452890687499,0.0674280488482897,"AT5G38100","Meristematic_unresolved","pca",FALSE
13.5622426941508,-0.0920533601409476,0.856196799029313,-0.107514254018831,0.914381017795938,0.987318025052035,"AT5G14340","Meristematic_unresolved","pca",FALSE
12.1066002318316,0.482478980619225,0.845887754646246,0.570381800621999,0.56841877052726,0.922307340657519,"AT5G02350","Meristematic_unresolved","pca",FALSE
28.1954335428828,-0.56503114776105,0.675621421759273,-0.836313251124789,0.40297870038395,0.85850463329045,"AT5G52870","Meristematic_unresolved","pca",FALSE
37.8479004993204,0.362236655384226,0.491137881189062,0.737545746842493,0.460790534159416,0.886707753143926,"AT5G57480","Meristematic_unresolved","pca",FALSE
105.533302529578,1.0745195342937,0.338521576830041,3.17415375514802,0.0015027406337884,0.0300454788830116,"AT5G09978","Meristematic_unresolved","pca",TRUE
706.291316252705,-0.00967202469876224,0.195671826692733,-0.0494298278001482,0.960576758061364,0.99523811454898,"AT5G46900","Meristematic_unresolved","pca",FALSE
40.5008965172438,-0.847122739184677,0.657443851790221,-1.28850963755758,0.19756861619075,0.668812230442702,"AT5G20230","Meristematic_unresolved","pca",FALSE
27.963578767064,-0.596864219535583,0.568910261994494,-1.04913596995612,0.294115543107977,0.781618928970508,"AT5G13910","Meristematic_unresolved","pca",FALSE
23.6791550806995,0.866146325533693,0.719949740837219,1.20306498690654,0.228951173243082,0.710469540932664,"AT5G14700","Meristematic_unresolved","pca",FALSE
5.2492452437508,-3.36430565928373,1.6575369624417,-2.02970174150916,0.0423868657850977,NA,"AT5G52400","Meristematic_unresolved","pca",FALSE
107.81370567788,1.29923086768711,0.349156977628393,3.72105084799387,0.00019839548196741,0.00607067544156932,"AT5G42500","Meristematic_unresolved","pca",TRUE
621.298798271398,-1.37022906505048,0.212365739041253,-6.4522133901472,1.1022821742351e-10,3.11249677093227e-08,"AT5G53250","Meristematic_unresolved","pca",TRUE
24.3250712475167,-0.850964534865633,0.659975256032882,-1.28938854462634,0.197263041890657,0.668812230442702,"AT5G10100","Meristematic_unresolved","pca",FALSE
40.2003188548874,0.228343024930013,0.475741576006435,0.479972818114438,0.63124672124754,0.942469327257158,"AT5G15960","Meristematic_unresolved","pca",FALSE
35.7647929080634,0.491111828525277,0.570463723030128,0.860899315238912,0.389293498845037,0.852548915060376,"AT5G04960","Meristematic_unresolved","pca",FALSE
271.804469389165,1.67407009530578,0.236179107881156,7.08813794041498,1.3592845304158e-12,6.07713458806733e-10,"AT5G43350","Meristematic_unresolved","pca",TRUE
9.06266861649079,0.949258166337549,0.987097407188407,0.961666153132103,0.336217329587688,NA,"AT5G20045","Meristematic_unresolved","pca",FALSE
93.6532985685919,-0.161727526108309,0.337227412976869,-0.479580010061051,0.631526063297779,0.942469327257158,"AT3G20940","Meristematic_unresolved","pca",FALSE
60.5306314075996,2.04586356747207,0.437081198815639,4.68074026751952,2.8584089219818e-06,0.000213981821392079,"AT3G27170","Meristematic_unresolved","pca",TRUE
140.34878898624,-1.10050105483748,1.11364319747465,-0.988198964742954,0.323055215097158,0.805139861235698,"AT3G48520","Meristematic_unresolved","pca",FALSE
146.512130102564,-0.0327885313909061,0.296967773172742,-0.110411076059198,0.912083369410817,0.987183799903922,"AT3G22240","Meristematic_unresolved","pca",FALSE
66.7855400849051,-0.000260308901356152,0.398492888515805,-0.000653233492636915,0.999478795118693,0.999789385173112,"AT3G09220","Meristematic_unresolved","pca",FALSE
52.1156003066204,0.498718001104428,0.431746263540522,1.1551182794605,0.24804199363285,0.733314302310494,"AT3G02240","Meristematic_unresolved","pca",FALSE
35.551513512019,0.433373068324656,0.524132720368928,0.826838416078302,0.408328652718455,0.862473709383666,"AT3G14560","Meristematic_unresolved","pca",FALSE
850.71853983094,-0.817531081215807,0.80263689286232,-1.01855657083039,0.308413531050834,0.794060830014187,"AT3G12580","Meristematic_unresolved","pca",FALSE
4.13652451848287,1.43228208832566,1.48388490136554,0.965224517755798,0.334432369212436,NA,"AT3G62990","Meristematic_unresolved","pca",FALSE
25.024649031041,0.567865012202476,0.608510834873435,0.933204438866873,0.350714423313591,0.824067882365495,"AT3G27540","Meristematic_unresolved","pca",FALSE
20.1705310351918,0.394098126351217,0.717629183506334,0.549166805655332,0.582890982233445,0.925979699208949,"AT3G07600","Meristematic_unresolved","pca",FALSE
5.97398890030259,-1.24578497975576,1.3022689786508,-0.956626472855433,0.338755822036385,NA,"AT3G22910","Meristematic_unresolved","pca",FALSE
378.189494653732,0.00489933356703577,0.754117132538055,0.00649678061357203,0.994816355518881,0.998928792276011,"AT3G50970","Meristematic_unresolved","pca",FALSE
205.125760827132,0.739560841083842,0.266670379706951,2.77331453870714,0.00554884589920334,0.0776597171718937,"AT3G55230","Meristematic_unresolved","pca",FALSE
340.721194796393,0.231019882675662,0.257255478291048,0.898017349174954,0.36917630020208,0.837848216790468,"AT3G11340","Meristematic_unresolved","pca",FALSE
33.0269754441468,-0.401177611243661,0.518432318904877,-0.773828321681599,0.439032321789421,0.878119202087826,"AT2G32560","Meristematic_unresolved","pca",FALSE
47.4217828613896,0.789304152259125,0.472455592582579,1.67064199186332,0.0947924129857587,0.476604369049785,"AT2G47360","Meristematic_unresolved","pca",FALSE
24.2513103100775,1.13564412033063,0.622256281839877,1.82504243584778,0.0679946258000696,0.394538554227848,"AT2G35910","Meristematic_unresolved","pca",FALSE
4.69671547149501,-0.2112089870624,1.32321899093393,-0.159617560290099,0.873182345231011,NA,"AT2G28650","Meristematic_unresolved","pca",FALSE
14.7123739202806,2.27002938813843,0.8570930146453,2.64852162991651,0.00808446756510614,0.0996945577646241,"AT2G44340","Meristematic_unresolved","pca",FALSE
8.03435994934637,-0.339256782459959,1.0616935337292,-0.319543042961108,0.749314757202783,NA,"AT2G21510","Meristematic_unresolved","pca",FALSE
36.6559909293037,1.23021215562972,0.513046533277739,2.3978568723,0.0164913077348106,0.16506691417399,"AT2G23600","Meristematic_unresolved","pca",FALSE
3.90110026720091,1.86700071310936,1.64974569010906,1.13169000792234,0.25776478385423,NA,"AT2G43060","Meristematic_unresolved","pca",FALSE
69.8845618445974,1.24425074374406,0.388734628890524,3.20077155795262,0.00137060148964286,0.0279947093601546,"AT2G41380","Meristematic_unresolved","pca",TRUE
14.6389224719859,0.230243506854241,0.761974286376544,0.30216702974208,0.76252473662123,0.965348753198598,"AT2G33110","Meristematic_unresolved","pca",FALSE
88.419381553377,0.531765013402643,0.359213356683602,1.4803598015177,0.138777251780189,0.576566821735196,"AT2G39430","Meristematic_unresolved","pca",FALSE
8.29489335776731,0.964082265215674,1.07521613426238,0.89664043767075,0.36991081290495,NA,"AT2G44940","Meristematic_unresolved","pca",FALSE
2.60967251788305,0.412282437974955,1.78011400699058,0.231604513169328,0.81684520181694,NA,"AT2G40250","Meristematic_unresolved","pca",FALSE
29.5676868734018,0.261294077046263,0.562210114359125,0.464762319945306,0.642101674065182,0.945096154008149,"AT2G44130","Meristematic_unresolved","pca",FALSE
480.136515146603,-0.800122943849446,0.766119922005609,-1.04438341944538,0.29630803167742,0.783003453121164,"AT4G11210","Meristematic_unresolved","pca",FALSE
20.4318990259545,4.10462631586118,0.939954364895621,4.36683574134685,1.26059455100875e-05,0.000709415010436565,"AT4G36220","Meristematic_unresolved","pca",TRUE
1797.00224841996,1.44420208401552,0.160792989062973,8.98174785126926,2.66498999270511e-19,2.6808133707868e-16,"AT4G17340","Meristematic_unresolved","pca",TRUE
4.80897611175652,1.26705463617155,1.51465496868155,0.836530208113647,0.40285668988259,NA,"AT4G17250","Meristematic_unresolved","pca",FALSE
16.4327356683048,1.41028895625144,0.753313606700675,1.87211400896919,0.0611908322870146,0.370808149721197,"AT4G01720","Meristematic_unresolved","pca",FALSE
2.77855621338581,-0.0375318657899382,1.74735876820613,-0.0214791984753476,0.982863396847251,NA,"AT4G23550","Meristematic_unresolved","pca",FALSE
32.2511077653193,-0.806832338380605,0.550227318105602,-1.46636183233955,0.142549738599845,0.585589086974094,"AT4G01140","Meristematic_unresolved","pca",FALSE
33.3080111981528,0.558679184326715,0.528788886665409,1.05652595660585,0.290727988508708,0.779004377584556,"AT4G18430","Meristematic_unresolved","pca",FALSE
49.941369336965,0.194500337438899,0.437361674165609,0.444712806191726,0.656527313473104,0.947789373819505,"AT4G01090","Meristematic_unresolved","pca",FALSE
761.116737161032,0.984779891233408,0.197982092185356,4.97408568807038,6.55563085948108e-07,5.92768981367124e-05,"AT4G12545","Meristematic_unresolved","pca",FALSE
117.79294353408,0.500016520179887,0.388752971078799,1.28620629906012,0.198371073289028,0.669346420248827,"AT4G27410","Meristematic_unresolved","pca",FALSE
13.2869642014254,-1.34817632227296,0.821481250403387,-1.64115288280887,0.100765683552392,0.492392913985784,"AT4G08040","Meristematic_unresolved","pca",FALSE
18.9661605970056,0.765074569678537,0.691185772158831,1.10690150245559,0.268336516234935,0.755576667040111,"AT4G17670","Meristematic_unresolved","pca",FALSE
34.6228402425014,1.83357063412531,0.546029042615673,3.35800935668524,0.000785059556805986,0.0179227426479324,"AT4G28890","Meristematic_unresolved","pca",TRUE
89.8864184100988,3.0729589467757,0.441560557458026,6.95931485471914,3.41931556721321e-12,1.34228985498284e-09,"AT4G04745","Meristematic_unresolved","pca",TRUE
232.625683863837,1.60537401639637,0.244878294131533,6.55580365785328,5.53430084890754e-11,1.8178484114932e-08,"AT4G15390","Meristematic_unresolved","pca",TRUE
8.55915166140826,3.20011468178696,1.24361252813071,2.57324094876809,0.0100751038929003,NA,"AT4G10310","Meristematic_unresolved","pca",FALSE
83.5851146368815,0.120532891830412,0.396896712445744,0.303688309957692,0.761365364944154,0.965275742321872,"AT4G01870","Meristematic_unresolved","pca",FALSE
170.797005936591,-0.280742502488617,0.268349075266216,-1.04618397589076,0.295476099692994,0.782739790117339,"AT4G39400","Meristematic_unresolved","pca",FALSE
14.5206662069554,0.0952626818060586,0.763057875420552,0.124843324306896,0.900647587841784,0.984951118519437,"AT4G01680","Meristematic_unresolved","pca",FALSE
134.070405474409,0.385744257211964,0.289248193846953,1.33360990809183,0.182331734084873,0.651994947810716,"AT4G35060","Meristematic_unresolved","pca",FALSE
36.1854441258867,0.0606247910971294,0.538791615414802,0.112519923032685,0.910411173757043,0.9994634578375,"AT1G69810","Pericycle","pca",FALSE
57.1183060796341,-0.232159820473006,0.46366330988339,-0.500707766873754,0.616576805312544,0.9994634578375,"AT1G72430","Pericycle","pca",FALSE
68.5676823690222,-0.271564217484782,0.406380567818387,-0.668250991780062,0.503973390894994,0.9994634578375,"AT1G65310","Pericycle","pca",FALSE
3.37121850254996,-0.238576388268101,1.50679195120324,-0.158333994336502,0.874193622381329,NA,"AT1G30190","Pericycle","pca",FALSE
15.6801111839185,-0.0331075808263931,0.734421255546378,-0.0450798238427379,0.964043683312063,0.9994634578375,"AT1G06180","Pericycle","pca",FALSE
7.9477102912632,-5.41313861200319,1.70914549931616,-3.16716079126617,0.0015393517927708,0.0379672338149844,"AT1G32960","Pericycle","pca",TRUE
286.217742770814,-0.480525214588839,0.304621532559282,-1.57744992795388,0.114692034885956,0.693668782147186,"AT1G49310","Pericycle","pca",FALSE
51.8452309340324,-2.86901692322547,0.516459489929537,-5.55516353009005,2.77351981000633e-08,4.6330387735333e-06,"AT1G56060","Pericycle","pca",TRUE
27.663244484113,0.653864299223205,0.638009620066352,1.02485021958635,0.305433866293072,0.968545892355887,"AT1G70890","Pericycle","pca",FALSE
4.61773323618745,-0.462843706361808,1.32637428091496,-0.348954072030506,0.727123789946359,NA,"AT1G26970","Pericycle","pca",FALSE
42.3106467236859,0.443510336807939,0.509170736079287,0.871044436337906,0.383729890726207,0.9994634578375,"AT1G70690","Pericycle","pca",FALSE
30.8191796392949,-1.9379455271624,0.588964272505828,-3.29042968755499,0.0010003449861738,0.0277885520778341,"AT1G09930","Pericycle","pca",TRUE
5.47415054584183,-1.366050258099,1.24162372146386,-1.10021275728241,0.271239433465658,NA,"AT1G28660","Pericycle","pca",FALSE
2.28543184227373,-0.0987046615971197,1.77618925682833,-0.0555710272526774,0.955683545729131,NA,"AT1G66440","Pericycle","pca",FALSE
3.77711930822933,0.357289930173626,1.49859192535651,0.238417092824404,0.811557611454732,NA,"AT1G04180","Pericycle","pca",FALSE
9.7079945223368,-0.918378923933754,0.896398011472857,-1.02452137575002,0.30558907972223,0.968545892355887,"AT1G56600","Pericycle","pca",FALSE
15.4191833483751,0.729891814741476,0.74469147946816,0.980126448153733,0.327023705313924,0.987982787649469,"AT1G09090","Pericycle","pca",FALSE
43.498360396177,0.601644759000688,0.535674010399347,1.12315465622863,0.261371816578235,0.930323125173038,"AT1G72300","Pericycle","pca",FALSE
8.67298357422418,-0.0169790899889306,0.97026402124875,-0.0174994533622695,0.986038168934,0.9994634578375,"AT1G77380","Pericycle","pca",FALSE
3.61366655258607,-2.53002994239238,1.61009584473588,-1.5713536251051,0.116100531574576,NA,"AT1G66090","Pericycle","pca",FALSE
91.3885469299846,1.30113865247074,0.385911566000605,3.37159796985379,0.000747334531801127,0.0217972571775329,"AT1G14960","Pericycle","pca",TRUE
10.054827782121,0.29008373734958,0.897551182133817,0.323194646861187,0.746547834741742,0.9994634578375,"AT1G18860","Pericycle","pca",FALSE
142.309367619356,-2.0484332844324,0.433123222900457,-4.72944690131099,2.25132324793993e-06,0.000176975677779235,"AT1G78280","Pericycle","pca",TRUE
106.743398249072,-2.27632764783864,0.400750921823249,-5.68015573734004,1.34572153569736e-08,2.56910474996768e-06,"AT1G17420","Pericycle","pca",TRUE
138.531223868792,-0.945268033167322,0.362073734483571,-2.61070589534909,0.0090355562506105,0.138513798170087,"AT1G29050","Pericycle","pca",FALSE
42.0278037710492,0.684648042350562,0.488375959478189,1.40188727365303,0.160948911362566,0.803588104143326,"AT1G63720","Pericycle","pca",FALSE
16.387776089642,-5.48762481585398,4.43074455943868,-1.23853333051301,0.215518371287086,0.885694052157339,"AT1G11925","Pericycle","pca",FALSE
12.3302545307677,0.914895294813946,0.82875272800585,1.10394242323084,0.269618114594818,0.93626000747244,"AT1G72470","Pericycle","pca",FALSE
4.805730550156,2.08714694721605,1.40435445338824,1.48619669498713,0.137227101493704,NA,"AT1G44050","Pericycle","pca",FALSE
30.2313504110119,-0.0886059508898454,0.556896690741176,-0.159106621323103,0.873584871614386,0.9994634578375,"AT5G48430","Pericycle","pca",FALSE
164.419317437323,-2.07680171672553,0.370367825195474,-5.60740316907774,2.05384850102985e-08,3.68189914209009e-06,"AT5G01040","Pericycle","pca",TRUE
2.43183878526287,1.07612222184319,1.85347992200788,0.580595564627116,0.56151306228399,NA,"AT5G20710","Pericycle","pca",FALSE
132.400649512546,-3.05737274689655,0.829612853446043,-3.68530060039072,0.000228432867781499,0.00845834548208575,"AT5G63770","Pericycle","pca",TRUE
47.7952382906161,-3.23722188087038,0.552849120327867,-5.85552506432594,4.75505297834104e-09,1.07537351971713e-06,"AT5G43650","Pericycle","pca",TRUE
6.55583950369911,0.269046664749308,1.1112595125201,0.242109661800929,0.808695191851717,NA,"AT5G57540","Pericycle","pca",FALSE
11.1877023283634,1.41349772765579,0.903891046068324,1.56379215592865,0.117866387016019,0.70232504626489,"AT5G57030","Pericycle","pca",FALSE
27.4731199154806,-2.34531356996155,0.610428233663595,-3.84207911859799,0.000121996494881916,0.00508112361903532,"AT5G22690","Pericycle","pca",TRUE
61.370015621226,-0.310533845250905,0.437823864593175,-0.70926660322514,0.478159048993952,0.9994634578375,"AT5G05790","Pericycle","pca",FALSE
36.554124054145,1.05836043503182,0.525283377507856,2.01483709622239,0.0439217207387194,0.406648126265506,"AT5G48290","Pericycle","pca",FALSE
36.7253147626831,-2.02235559049115,1.52171379829505,-1.32899865451508,0.183848413777105,0.843627775022734,"AT5G28510","Pericycle","pca",FALSE
2.62984119285848,1.67727314079477,1.79333777897128,0.935280101976614,0.349643967032835,NA,"AT5G51500","Pericycle","pca",FALSE
303.552447185216,0.275208024868844,0.315496727105735,0.872300728421221,0.383044340369225,0.9994634578375,"AT5G24030","Pericycle","pca",FALSE
34.7922698266003,-0.542998362564919,0.558016435494392,-0.973086683520052,0.330510221801168,0.990166469460934,"AT5G36180","Pericycle","pca",FALSE
6.50188108260939,0.47120991354272,1.10519231247403,0.426360107851177,0.66984546504864,NA,"AT5G27100","Pericycle","pca",FALSE
156.960695354422,0.233920861107951,0.342898818865753,0.682186255064158,0.495121184794843,0.9994634578375,"AT5G66985","Pericycle","pca",FALSE
68.0357292939616,1.16332524504005,0.447723920002381,2.59830934436978,0.00936840536387812,0.142408701694951,"AT5G42590","Pericycle","pca",FALSE
7.96052781231928,2.62260564020472,1.17102379519627,2.23958356009765,0.0251179709844433,0.282434977878098,"AT5G38100","Pericycle","pca",FALSE
7.01429891790046,-1.87556649596799,1.09379993187895,-1.71472537280753,0.0863955893936996,0.597654194864652,"AT5G14340","Pericycle","pca",FALSE
5.27282203784746,1.0064754107413,1.23047927077751,0.81795397504367,0.413383468354077,NA,"AT5G02350","Pericycle","pca",FALSE
124.325483505881,-1.69125960376107,0.415793027762378,-4.06755162024411,4.75096862933831e-05,0.00232024049339778,"AT5G52870","Pericycle","pca",TRUE
106.085424134212,-1.12843536527291,0.392964346605687,-2.87159732179271,0.00408403005720575,0.077749072571352,"AT5G57480","Pericycle","pca",FALSE
64.5092761144901,0.321745607347271,0.416994473795222,0.771582425107327,0.440361786744711,0.9994634578375,"AT5G09978","Pericycle","pca",FALSE
364.855965666244,-0.0889785973261601,0.279516703032047,-0.318330161886456,0.750234507462091,0.9994634578375,"AT5G46900","Pericycle","pca",FALSE
3.91884848867465,-3.36132051747575,1.61197141715442,-2.08522339894178,0.0370490268754567,NA,"AT5G09640","Pericycle","pca",FALSE
158.200598891866,-2.36011239803187,0.865318850422823,-2.72744826589487,0.00638262652926888,0.11021807205494,"AT5G20230","Pericycle","pca",FALSE
9.0019994193341,0.0936975024443238,0.940878885133857,0.0995850836114722,0.920673736505178,0.9994634578375,"AT5G13910","Pericycle","pca",FALSE
30.5392047604129,-1.22002186264078,0.624549852306393,-1.95344192002507,0.0507672530642762,0.445273639644905,"AT5G14700","Pericycle","pca",FALSE
13.336871722249,-2.26897757474831,2.38910908382033,-0.94971702636536,0.342256055972388,0.993515802289516,"AT5G52400","Pericycle","pca",FALSE
63.7382719140987,1.03356042250937,0.433650680447508,2.38339398301596,0.0171538246313698,0.217068632329851,"AT5G42500","Pericycle","pca",FALSE
253.436156307103,-1.17249478483214,0.29937790304061,-3.91643729521713,8.98671761232296e-05,0.00396710957661104,"AT5G53250","Pericycle","pca",TRUE
25.5126886546542,-2.67045935276298,0.652436037751805,-4.09305923989879,4.25718900213472e-05,0.00211421210578988,"AT5G10100","Pericycle","pca",TRUE
99.5677230051625,-1.2994606955873,0.990538163864204,-1.31187342698433,0.189562844805936,0.85371536732995,"AT5G15960","Pericycle","pca",FALSE
21.276390599173,-0.294353857484287,0.642077460696489,-0.45843979192945,0.646636509068356,0.9994634578375,"AT5G04960","Pericycle","pca",FALSE
166.616340216067,1.18727418824456,0.39236294023402,3.02595904581719,0.00247845870271865,0.0531098293439711,"AT5G43350","Pericycle","pca",FALSE
2.19092113697358,-0.792051230203987,1.89958941719348,-0.41695917182682,0.676708271454339,NA,"AT5G22540","Pericycle","pca",FALSE
4.76004247675764,2.17710104794575,1.42063127918642,1.53248846470039,0.125401941994654,NA,"AT5G20045","Pericycle","pca",FALSE
17.5479848197065,0.192516504325601,0.691696534955297,0.278325095756108,0.780762813264979,0.9994634578375,"AT3G20940","Pericycle","pca",FALSE
41.377720169398,1.05612687966879,0.507176704296789,2.08236472756203,0.037309167716245,0.364657423822342,"AT3G27170","Pericycle","pca",FALSE
243.662876894396,-2.19525335009041,1.03648906073292,-2.11797059250979,0.034177558293654,0.344588550697334,"AT3G48520","Pericycle","pca",FALSE
87.1878775282222,-0.463345355955849,0.38389916929151,-1.20694545083533,0.227453152311553,0.90140336222089,"AT3G22240","Pericycle","pca",FALSE
50.6687780735141,-0.531023415571518,0.563609038565197,-0.942183994996542,0.346098446658386,0.995167245222576,"AT3G09220","Pericycle","pca",FALSE
29.7495888694431,0.499338951936329,0.566617552563254,0.881262766529961,0.378175613763203,0.9994634578375,"AT3G02240","Pericycle","pca",FALSE
126.638260144758,-0.455314494535506,0.378812902008882,-1.20195086313304,0.229382566255834,0.903708804454943,"AT3G14560","Pericycle","pca",FALSE
426.988744342349,1.03441961228146,0.306531393771167,3.37459599017021,0.000739241298068796,0.0217336941632226,"AT3G12580","Pericycle","pca",TRUE
10.783776088986,-0.0831816955697961,0.856109303389835,-0.0971624712410336,0.922597370600457,0.9994634578375,"AT3G62990","Pericycle","pca",FALSE
32.7088250007035,-1.37926184069608,0.581742037617154,-2.37091657729534,0.0177440355422049,0.221236066556753,"AT3G27540","Pericycle","pca",FALSE
12.6152560956987,-0.157613902054403,0.79469988231659,-0.198331351950061,0.842785823560529,0.9994634578375,"AT3G07600","Pericycle","pca",FALSE
1.65400689377991,-2.06184310043665,2.33268491188196,-0.883892672316897,0.376754153224603,NA,"AT3G21320","Pericycle","pca",FALSE
11.863943328843,-1.65283768391231,0.871616216735585,-1.8962906519828,0.0579216216995422,0.482784030414927,"AT3G22910","Pericycle","pca",FALSE
453.106397085056,-1.07081033194635,0.949257347886466,-1.12805061170243,0.259298545232715,0.92743831452549,"AT3G50970","Pericycle","pca",FALSE
118.307137086177,0.532432089766561,0.413819702700073,1.28662817718096,0.198223917699957,0.862863959191403,"AT3G55230","Pericycle","pca",FALSE
139.050731213774,0.155347103851845,0.412798420861327,0.376326788091158,0.706673966558366,0.9994634578375,"AT3G11340","Pericycle","pca",FALSE
3.40010058366048,-5.7147830278248,4.81240201011693,-1.18751156196237,0.235025898767238,NA,"AT3G59620","Pericycle","pca",FALSE
2.12227985971299,-3.62693909911113,2.34311361287874,-1.54791431332051,0.121642928038546,NA,"AT3G51810","Pericycle","pca",FALSE
13.8335384448134,-0.0395569791439206,0.761331921388461,-0.0519575996127675,0.958562478358934,0.9994634578375,"AT2G32560","Pericycle","pca",FALSE
3.74261780669965,-1.44065917365684,1.43306485559717,-1.00529935405925,0.314752726049729,NA,"AT2G36640","Pericycle","pca",FALSE
34.5953183080672,0.173532105999193,0.576532430182603,0.300992792277497,0.763419990752357,0.9994634578375,"AT2G47360","Pericycle","pca",FALSE
4.99338762436596,-1.52599023338504,1.35438625497235,-1.12670239215931,0.259868330703734,NA,"AT2G31690","Pericycle","pca",FALSE
14.3009092195472,1.23162126193985,0.783364740843827,1.57221942439376,0.115899672133158,0.697225531764486,"AT2G35910","Pericycle","pca",FALSE
7.37309035157357,-0.53968088534491,1.18594183794078,-0.455065221648636,0.649062317487713,0.9994634578375,"AT2G28650","Pericycle","pca",FALSE
6.76852476746559,1.60983985221317,1.16516095591413,1.38164589539491,0.167080454587814,NA,"AT2G44340","Pericycle","pca",FALSE
13.2814310498351,-2.81213961348405,0.944399201162231,-2.97770223653649,0.00290417976952558,0.0599598913090254,"AT2G21510","Pericycle","pca",FALSE
66.4944562778306,0.388690542267595,0.416293693521007,0.9336930833135,0.350462233893223,0.997236639590522,"AT2G23600","Pericycle","pca",FALSE
2.61043242372112,-0.538503378509783,1.64448028066769,-0.327461134584806,0.743319134053721,NA,"AT2G43060","Pericycle","pca",FALSE
49.0410912665632,0.334364234386084,0.496936986792986,0.672850367898605,0.501042490367638,0.9994634578375,"AT2G41380","Pericycle","pca",FALSE
13.9355084291087,-2.14598663693864,0.825847101249998,-2.59852778279476,0.00936244683683601,0.142408701694951,"AT2G33110","Pericycle","pca",FALSE
43.4248980929482,0.907914499810195,0.493252711547833,1.84066803598737,0.0656702207931969,0.522066949714519,"AT2G39430","Pericycle","pca",FALSE
20.0018618153388,0.547866691287631,0.679128755181421,0.806719914460514,0.419827868053006,0.9994634578375,"AT2G44940","Pericycle","pca",FALSE
147.684644499015,-0.280439009579442,0.340244099120121,-0.824228870698019,0.409809525573963,0.9994634578375,"AT2G44130","Pericycle","pca",FALSE
137.048050076298,-1.43156849122098,0.336613108428353,-4.25286019877531,2.11057347327993e-05,0.00112457462951914,"AT4G11210","Pericycle","pca",TRUE
12.3916635471059,1.70155294042772,0.86401399362484,1.96935808098329,0.0489119858754991,0.436555065191158,"AT4G36220","Pericycle","pca",FALSE
1085.89192277528,1.24350173253378,0.264640783135457,4.69882879653242,2.61657676926553e-06,0.000200331658896892,"AT4G17340","Pericycle","pca",TRUE
16.778976543609,-0.715942530430867,0.70051812867693,-1.02201856186516,0.306772115228111,0.969625039768838,"AT4G17250","Pericycle","pca",FALSE
14.3563840522465,-0.524090885564745,0.821731771292823,-0.637788270910102,0.523611515701534,0.9994634578375,"AT4G01720","Pericycle","pca",FALSE
3.67640043863855,-0.894415480479825,1.47422524813663,-0.60670205018557,0.544048661353283,NA,"AT4G23550","Pericycle","pca",FALSE
14.3990339960351,-0.926203971543514,0.763366766082999,-1.21331450712227,0.225009598503724,0.897595956039279,"AT4G01140","Pericycle","pca",FALSE
21.6617621101896,-0.135401195985609,0.642792242589859,-0.21064534855005,0.833164023139251,0.9994634578375,"AT4G18430","Pericycle","pca",FALSE
44.4603222946383,-1.43820468787534,0.497402313659576,-2.89143143966083,0.00383491256403572,0.0737869302242475,"AT4G01090","Pericycle","pca",FALSE
371.675349065343,0.912296770867204,0.298070567025118,3.06067378598413,0.00220839558632247,0.0486707872847681,"AT4G12545","Pericycle","pca",FALSE
220.988975966877,-0.14162585974592,0.302383061678802,-0.468365717840236,0.639523079541458,0.9994634578375,"AT4G27410","Pericycle","pca",FALSE
12.8607294730511,-2.70704162977284,0.93010174529724,-2.91047903464338,0.00360875176978716,0.0707442164085627,"AT4G08040","Pericycle","pca",FALSE
10.5146388584674,1.73353081870251,1.00413544566591,1.72639142078376,0.084277018179235,0.590800696806645,"AT4G17670","Pericycle","pca",FALSE
18.7972851883422,1.08310684329389,0.734944080552366,1.47372687522002,0.140555143758818,0.756835389470557,"AT4G28890","Pericycle","pca",FALSE
52.7604733330505,2.31541752584868,0.497203176624504,4.65688401584232,3.21031180216139e-06,0.000233621700454319,"AT4G04745","Pericycle","pca",TRUE
137.124211006188,1.5976710151573,0.364958535172137,4.37767817761471,1.19950290629024e-05,0.000711600080385514,"AT4G15390","Pericycle","pca",TRUE
63.4900779730113,2.77594591001717,0.483174790637184,5.74522090930367,9.18010562237416e-09,1.85486738732902e-06,"AT4G10310","Pericycle","pca",TRUE
97.5117829040375,-0.41229648994522,0.389956047026146,-1.05728964351097,0.290379418360378,0.955794323756731,"AT4G01870","Pericycle","pca",FALSE
24.6443654400806,-0.163986715332062,0.599799191425058,-0.273402694896015,0.784543681448364,0.9994634578375,"AT4G39400","Pericycle","pca",FALSE
11.5987730835161,-1.43692692340601,0.941568228649955,-1.52609962792214,0.126985054735516,0.725559384143858,"AT4G01680","Pericycle","pca",FALSE
87.4449046376809,0.193689405667142,0.377704796139723,0.512806317649964,0.608086810073404,0.9994634578375,"AT4G35060","Pericycle","pca",FALSE
33.5446503081793,-0.266679259304202,0.505771381198413,-0.527272339277703,0.598004479960031,0.999216784157974,"AT1G69810","Root_cap","pca",FALSE
15.3276513704233,-0.0488616387025356,0.772682681267024,-0.0632363580641067,0.949578293154229,0.999216784157974,"AT1G72430","Root_cap","pca",FALSE
35.5892233453146,-0.343267166849476,0.516350100635977,-0.664795390620979,0.506181371242003,0.999216784157974,"AT1G65310","Root_cap","pca",FALSE
4.2819627320832,1.21926255511136,1.35204680125196,0.901790199852807,0.367168326718072,NA,"AT1G06180","Root_cap","pca",FALSE
33.7803371364279,1.18179994397888,0.530016172566762,2.22974317605378,0.0257644977477377,0.523409801655988,"AT1G49310","Root_cap","pca",FALSE
2.96973467559256,-2.21292939204125,1.64404932216768,-1.34602372459452,0.178294865501233,NA,"AT1G56060","Root_cap","pca",FALSE
7.92729201971919,1.11067246110407,1.03346057866402,1.07471197647409,0.282503700044921,NA,"AT1G70890","Root_cap","pca",FALSE
2.8361489008835,-0.325558894472893,1.54703945923373,-0.210439942258581,0.83332432112119,NA,"AT1G26970","Root_cap","pca",FALSE
15.3077776228566,0.589722530643838,0.731051880610953,0.806676716501976,0.419852761903362,0.999216784157974,"AT1G70690","Root_cap","pca",FALSE
7.47593158524286,-0.669296403096496,0.969529086669938,-0.690331432340356,0.48998578554293,NA,"AT1G04180","Root_cap","pca",FALSE
6.84566846444131,1.64462654565816,1.10565360811013,1.48746997576328,0.136890727309982,NA,"AT1G09090","Root_cap","pca",FALSE
8.10210357251616,-0.290788401241117,0.937872975382412,-0.310050943863213,0.75652221626307,NA,"AT1G72300","Root_cap","pca",FALSE
4.6397055173894,-2.86774792231209,1.45251607526438,-1.97433128014788,0.0483440863515286,NA,"AT1G66090","Root_cap","pca",FALSE
43.0486674008386,1.49863955652728,0.495922736924472,3.0219214505495,0.00251175717205439,0.117425724514078,"AT1G14960","Root_cap","pca",FALSE
4.8334895609424,0.282385088962007,1.23486977897137,0.228676005981156,0.819120745124738,NA,"AT1G18860","Root_cap","pca",FALSE
23.6656432078971,-0.865866437895898,0.649929640687757,-1.33224642128898,0.182779226901238,0.999216784157974,"AT1G78280","Root_cap","pca",FALSE
19.1146383846221,-1.80233774198301,0.707392527873894,-2.54786087068241,0.0108385687589174,0.305906470494221,"AT1G17420","Root_cap","pca",FALSE
19.9100497933615,0.532236622814076,0.637188752644596,0.835288790966688,0.403555126999526,0.999216784157974,"AT1G29050","Root_cap","pca",FALSE
6.27176806749249,0.458844161474289,1.06892920059893,0.429255895729291,0.667737009432449,NA,"AT1G63720","Root_cap","pca",FALSE
5.9004015775075,0.856414983630734,1.13948227306853,0.751582542240415,0.452302145149854,NA,"AT1G72470","Root_cap","pca",FALSE
17.4632973125193,0.00477844842978832,0.678721973171202,0.00704036206086259,0.994382650214794,0.999216784157974,"AT5G48430","Root_cap","pca",FALSE
108.648943585906,-1.40774709534511,0.389069708382164,-3.61823875006572,0.000296614708926497,0.0243734756336312,"AT5G01040","Root_cap","pca",TRUE
21.8301959367262,-0.922225892365209,0.637318408159734,-1.44704104033045,0.147885429516867,0.999216784157974,"AT5G63770","Root_cap","pca",FALSE
22.7892318016731,-2.89616388065857,0.687310389631036,-4.21376415132223,2.51149544973451e-05,0.00389281794708849,"AT5G43650","Root_cap","pca",TRUE
2.8361489008835,-0.325558894472893,1.54703945923373,-0.210439942258581,0.83332432112119,NA,"AT5G57540","Root_cap","pca",FALSE
7.60627704052771,-2.31584073475794,1.03184304376023,-2.24437306503378,0.0248084080386874,NA,"AT5G22690","Root_cap","pca",FALSE
4.4239832783538,0.642712108590923,1.28485310783482,0.500222246941516,0.616918595263671,NA,"AT5G05790","Root_cap","pca",FALSE
12.7582477069565,1.40549561062848,0.835366096414152,1.68249060700649,0.0924737448137035,0.92491484255684,"AT5G48290","Root_cap","pca",FALSE
2.52532891982454,-0.03572841517459,1.6252768068697,-0.0219829723918864,0.982461538319411,NA,"AT5G51500","Root_cap","pca",FALSE
38.6104329489556,0.193110635207314,0.573314512489232,0.33683193256152,0.736243599557414,0.999216784157974,"AT5G24030","Root_cap","pca",FALSE
9.21820119392143,0.334345058041675,0.902115207191035,0.370623458485689,0.710918007182416,0.999216784157974,"AT5G36180","Root_cap","pca",FALSE
2.52669779252565,2.63053339417506,2.01394471044855,1.3061596877648,0.191498258517608,NA,"AT5G27100","Root_cap","pca",FALSE
18.0295180164336,2.56926575301703,0.805723220063407,3.18876965320031,0.00142879680955502,0.0785422897345509,"AT5G66985","Root_cap","pca",FALSE
95.7084991448136,-0.442844035622365,0.390181595791668,-1.13496905133069,0.256388285844803,0.999216784157974,"AT5G42590","Root_cap","pca",FALSE
6.15098923654035,4.0813600778385,1.68413418291524,2.42341739704711,0.0153752494678015,NA,"AT5G38100","Root_cap","pca",FALSE
2.83111430170616,0.11360209851014,1.54670448201488,0.0734478368887578,0.941449752027544,NA,"AT5G02350","Root_cap","pca",FALSE
9.21124651521312,-2.02851369362538,0.922920937308069,-2.19792791735991,0.0279542430916162,0.534339177560991,"AT5G52870","Root_cap","pca",FALSE
8.25719661663569,-0.83164770697981,1.00388783130104,-0.828426922858493,0.407428764621888,NA,"AT5G57480","Root_cap","pca",FALSE
27.0785560509095,0.858698331242482,0.648133711391137,1.32487836406379,0.185211497996512,0.999216784157974,"AT5G09978","Root_cap","pca",FALSE
172.918719846612,0.341645223972171,0.334741135649036,1.02062515653999,0.307432066092991,0.999216784157974,"AT5G46900","Root_cap","pca",FALSE
44.4083211154584,-1.95569084907674,0.495415088852622,-3.94758030807278,7.89450405185296e-05,0.00944842225446452,"AT5G20230","Root_cap","pca",TRUE
3.46872436003526,1.91222032175568,1.6242644439581,1.17728386462483,0.239082224904126,NA,"AT5G13910","Root_cap","pca",FALSE
13.8415397422097,-1.31821986845499,0.76765360361239,-1.71720664405373,0.0859414220256311,0.901538340162776,"AT5G14700","Root_cap","pca",FALSE
18.1203548064138,1.28288033784988,0.699990765109648,1.83271037532749,0.066845653522754,0.826177325565541,"AT5G42500","Root_cap","pca",FALSE
102.051520633852,-0.866523750584216,0.354009739302839,-2.44773986244188,0.0143755404195279,0.368348874435327,"AT5G53250","Root_cap","pca",FALSE
8.95234988439656,-0.321865152869225,0.889641623285631,-0.361791922100622,0.717507529056693,0.999216784157974,"AT5G15960","Root_cap","pca",FALSE
7.64746876543346,0.924724263858685,0.99644980966056,0.928018907619333,0.353397761869468,NA,"AT5G04960","Root_cap","pca",FALSE
70.2315745361537,1.06068821838072,0.405778273004744,2.61396010813108,0.00894994856726378,0.273595338467875,"AT5G43350","Root_cap","pca",FALSE
77.6977053595178,-0.602690544890752,0.954794311747705,-0.63122552938921,0.527893071734111,0.999216784157974,"AT5G20045","Root_cap","pca",FALSE
58.2607824001656,-0.378870883570057,0.418926639428951,-0.904384796551743,0.365791397010692,0.999216784157974,"AT3G20940","Root_cap","pca",FALSE
14.7408328095655,0.406264831779954,0.751520573537751,0.540590432364985,0.588789913943844,0.999216784157974,"AT3G27170","Root_cap","pca",FALSE
39.0148139923685,-1.41507730966182,1.39158535443576,-1.01688143321657,0.309209836837665,0.999216784157974,"AT3G48520","Root_cap","pca",FALSE
38.8248148494521,-0.658855546509348,0.494280940198428,-1.33295762172187,0.182545711301605,0.999216784157974,"AT3G22240","Root_cap","pca",FALSE
15.1444050460648,0.510317880424733,0.732094596017903,0.697065492902852,0.485761808114079,0.999216784157974,"AT3G09220","Root_cap","pca",FALSE
10.233344194184,0.552814626926028,0.871543611384686,0.634293705678975,0.525889163505562,0.999216784157974,"AT3G02240","Root_cap","pca",FALSE
13.0302995216121,-0.42424323429602,0.764419688477074,-0.554987320043031,0.578903333509574,0.999216784157974,"AT3G14560","Root_cap","pca",FALSE
145.706410715678,-0.437598499364131,0.863503878670722,-0.506770739742097,0.612315689137736,0.999216784157974,"AT3G12580","Root_cap","pca",FALSE
6.35690783131329,-0.759630276694807,1.0456814323084,-0.726445218614893,0.467565879010634,NA,"AT3G27540","Root_cap","pca",FALSE
6.44025331538095,-0.993612751684519,1.04371595860149,-0.951995361856779,0.341099334132426,NA,"AT3G07600","Root_cap","pca",FALSE
10.6654951179744,-0.739644513728207,0.850191324048716,-0.869974196167903,0.384314505872508,0.999216784157974,"AT3G22910","Root_cap","pca",FALSE
86.4896025773254,-0.177471266599104,0.488020726414518,-0.363655183055406,0.716115513847368,0.999216784157974,"AT3G50970","Root_cap","pca",FALSE
52.493666990093,0.121844048914836,0.435354145043652,0.279873409503473,0.779574628431414,0.999216784157974,"AT3G55230","Root_cap","pca",FALSE
58.0509251959056,1.0350293958878,0.484127274603097,2.13792828907718,0.0325225638522404,0.57767278474779,"AT3G11340","Root_cap","pca",FALSE
15.9679056176602,-0.581942808225883,0.706633781959329,-0.823542297415066,0.410199674247784,0.999216784157974,"AT2G32560","Root_cap","pca",FALSE
12.335934480611,0.866401012166264,0.794141514148084,1.09099070723648,0.275276971626001,0.999216784157974,"AT2G47360","Root_cap","pca",FALSE
20.9817162753862,-1.32934085276539,0.686951665538957,-1.93513011096995,0.0529743313352425,0.743289141659543,"AT2G35910","Root_cap","pca",FALSE
3.21821386797236,0.206238682193494,1.58813841695418,0.129861906236756,0.896675683430122,NA,"AT2G21510","Root_cap","pca",FALSE
5.45649839576145,0.911255095259712,1.18403848690298,0.769616110742505,0.441527645419844,NA,"AT2G23600","Root_cap","pca",FALSE
2.97953831985522,0.720894759777518,1.63838532887362,0.440003183056533,0.659934801931195,NA,"AT2G43060","Root_cap","pca",FALSE
16.927585340982,0.853090973384489,0.690806379818837,1.23492051941994,0.216860085899212,0.999216784157974,"AT2G41380","Root_cap","pca",FALSE
5.83387700375504,-1.83838465607427,1.14750644304065,-1.60206913627686,0.109140322063267,NA,"AT2G33110","Root_cap","pca",FALSE
18.3205809890981,0.662358574713538,0.709919442644261,0.933005260774982,0.350817252134771,0.999216784157974,"AT2G39430","Root_cap","pca",FALSE
2.50179035073097,0.462301587648222,1.66619460636555,0.277459539169098,0.78142726969085,NA,"AT2G44940","Root_cap","pca",FALSE
4.5094372290745,1.31849305876753,1.31127936320319,1.00550126522751,0.314655540542705,NA,"AT2G44130","Root_cap","pca",FALSE
26.5669973475893,-0.250203462018507,0.569851187979156,-0.439068071272775,0.66061221342729,0.999216784157974,"AT4G11210","Root_cap","pca",FALSE
4.34274626093918,2.44197120341248,1.50473149284595,1.6228617630604,0.104618959056682,NA,"AT4G36220","Root_cap","pca",FALSE
379.963286500034,1.35397675982611,0.277187339866054,4.88469913698223,1.03586903846184e-06,0.000408089239944029,"AT4G17340","Root_cap","pca",TRUE
3.10176319047842,0.0955210508453094,1.57277952885272,0.0607339103116303,0.951571124995228,NA,"AT4G01720","Root_cap","pca",FALSE
7.27378993709826,-2.03355245405416,1.03739740823144,-1.96024439421048,0.0499672318802928,NA,"AT4G01140","Root_cap","pca",FALSE
10.084843009065,-0.179988813239644,0.84558100598851,-0.212858155475278,0.831437601479243,0.999216784157974,"AT4G18430","Root_cap","pca",FALSE
22.8737292371577,-0.73572514238247,0.599251715824579,-1.22773973432867,0.219544685351196,0.999216784157974,"AT4G01090","Root_cap","pca",FALSE
155.443772893237,0.861324505124168,0.353875399691867,2.43397677791154,0.014933953155821,0.3765347389021,"AT4G12545","Root_cap","pca",FALSE
31.9980848225847,0.460195868988114,0.547231006166631,0.840953571347865,0.400373945023151,0.999216784157974,"AT4G27410","Root_cap","pca",FALSE
2.48832097999208,-0.0667106239899019,1.69058880502528,-0.0394599939332405,0.968523648874338,NA,"AT4G08040","Root_cap","pca",FALSE
5.46996776650034,1.19721506126414,1.18132183398571,1.01345376579116,0.310843469257248,NA,"AT4G17670","Root_cap","pca",FALSE
5.70814074059551,2.17544428478002,1.28758944376686,1.6895480895026,0.0911144442839331,NA,"AT4G28890","Root_cap","pca",FALSE
19.3850353939787,2.89397319647301,0.800786046208006,3.61391561475996,0.000301607260617118,0.0243734756336312,"AT4G04745","Root_cap","pca",TRUE
70.4548807326468,1.27133522778669,0.409971258287997,3.10103501668793,0.00192845484036267,0.0976292187345809,"AT4G15390","Root_cap","pca",FALSE
3.19061731358333,3.01543115366041,1.94755567797123,1.54831576204363,0.121546291358116,NA,"AT4G10310","Root_cap","pca",FALSE
26.8971875972436,0.119471183372447,0.569624441547718,0.209736757516643,0.833873135193682,0.999216784157974,"AT4G01870","Root_cap","pca",FALSE
63.7209805755855,-0.825230874417214,0.407361147815994,-2.02579671341159,0.0427856208744639,0.68112306578077,"AT4G39400","Root_cap","pca",FALSE
2.18780721721775,1.35995761952858,1.90315378436395,0.714581044738374,0.474867960924757,NA,"AT4G01680","Root_cap","pca",FALSE
37.3506308167293,0.103972193092802,0.510069343708924,0.20383932964247,0.838479057415651,0.999216784157974,"AT4G35060","Root_cap","pca",FALSE
277.494229306397,-0.156135712577625,0.270968408838101,-0.576213711580354,0.564470738379893,0.774837943196791,"AT1G69810","Trichoblast_lineage","pca",FALSE
140.086389593269,-0.0996734160067499,0.427761138067054,-0.233011854366082,0.815752200655987,0.920647678228789,"AT1G72430","Trichoblast_lineage","pca",FALSE
239.068867039467,-0.596132229348633,0.350804368193393,-1.6993295505944,0.0892571076989778,0.259482933182586,"AT1G65310","Trichoblast_lineage","pca",FALSE
6.91638756097664,-1.61708840033181,1.14666777504676,-1.41025014875462,0.158465832756306,NA,"AT1G30190","Trichoblast_lineage","pca",FALSE
22.2509204947152,0.964051810764556,0.678383543477094,1.42110141089693,0.155287279899418,0.3691679171068,"AT1G06180","Trichoblast_lineage","pca",FALSE
8.11362497665814,-2.7065359144974,1.23739642046476,-2.18728280584555,0.0287218851401908,0.119136850512229,"AT1G66930","Trichoblast_lineage","pca",FALSE
238.551217005755,1.18836691461795,0.275157012479236,4.31886835778038,1.56831289539653e-05,0.000329672865873249,"AT1G49310","Trichoblast_lineage","pca",TRUE
8.56910940662496,-0.472784372616079,1.03590995886968,-0.45639523837762,0.64810578919582,0.830636696280144,"AT1G56060","Trichoblast_lineage","pca",FALSE
44.0910520669334,2.1853266204891,0.531163526673949,4.11422567768013,3.88481234297581e-05,0.000683040669637939,"AT1G70890","Trichoblast_lineage","pca",TRUE
38.936334030655,-0.247322455857908,0.486196227083587,-0.508688554293096,0.61097054641709,0.807326505376715,"AT1G26970","Trichoblast_lineage","pca",FALSE
112.095703425104,1.09911856294763,0.466740304223511,2.35488247533321,0.0185285647191399,0.0866655204429047,"AT1G70690","Trichoblast_lineage","pca",FALSE
7.81410025675197,0.249031554558549,1.03639348405826,0.240286684921449,0.810108016575365,0.917102341752887,"AT1G09930","Trichoblast_lineage","pca",FALSE
29.2437482013952,-1.60733730451998,0.590639838403669,-2.72134928938108,0.00650160237589145,0.0394080207167285,"AT1G28660","Trichoblast_lineage","pca",TRUE
10.4611902119442,0.389289706578679,0.956355071353029,0.407055620072073,0.683967137779911,0.850916690723768,"AT1G66440","Trichoblast_lineage","pca",FALSE
3.05435954187815,1.82210557596225,1.84434506403628,0.987941796517531,0.323181154083355,NA,"AT1G04180","Trichoblast_lineage","pca",FALSE
50.8620755129236,0.552248967417692,0.568031143304969,0.972216002461677,0.330943101154414,0.581051466831385,"AT1G09090","Trichoblast_lineage","pca",FALSE
104.080571504775,0.399256607684698,0.360764149089613,1.10669701712939,0.268424945464429,0.517681267430979,"AT1G72300","Trichoblast_lineage","pca",FALSE
9.40345611820638,1.00402585660827,0.988396680198825,1.01581265571056,0.30971860821137,0.560196670427633,"AT1G77380","Trichoblast_lineage","pca",FALSE
4.7683654154266,-1.41420461226289,1.36142620246738,-1.03876700015018,0.298913112302477,NA,"AT1G66090","Trichoblast_lineage","pca",FALSE
325.582277223814,0.921850374612356,0.361559139722951,2.54965308114942,0.0107830159902115,0.0578936286414186,"AT1G14960","Trichoblast_lineage","pca",FALSE
57.7154534179438,0.167558476555543,0.463564019401242,0.361457036229794,0.717757817068254,0.870105961247479,"AT1G18860","Trichoblast_lineage","pca",FALSE
179.371904124004,-0.721347983501078,0.395497521546835,-1.82390013641503,0.0681671710625356,0.217000756733943,"AT1G78280","Trichoblast_lineage","pca",FALSE
51.9005330935342,-0.0757907381262297,0.594273560791141,-0.127535100207607,0.898516894043581,0.956539312160096,"AT1G17420","Trichoblast_lineage","pca",FALSE
108.408184784532,0.587850469990297,0.348664921539634,1.68600405052068,0.0917950191924136,0.264382117620451,"AT1G29050","Trichoblast_lineage","pca",FALSE
31.6253770883774,0.913738998917856,0.555802485317068,1.64399948373134,0.100176309017376,0.278570292730876,"AT1G63720","Trichoblast_lineage","pca",FALSE
96.1851115511831,-0.403212420059664,0.349114114508344,-1.1549588037353,0.248107296983656,0.494100043140746,"AT1G72470","Trichoblast_lineage","pca",FALSE
41.3470123095633,1.87165849288274,0.512142130205831,3.6545684927942,0.000257614885524027,0.00302955856987884,"AT1G44050","Trichoblast_lineage","pca",TRUE
96.0629784386033,0.037537102721557,0.389401834437548,0.0963968307334134,0.923205409111879,0.968274772261797,"AT5G48430","Trichoblast_lineage","pca",FALSE
502.764191559239,-1.21307866328636,0.258083150481973,-4.70034041750081,2.5972815754908e-06,7.46452243166457e-05,"AT5G01040","Trichoblast_lineage","pca",TRUE
19.1242423161978,-1.31273027338674,0.683958734934098,-1.91931209638433,0.05494484806191,0.187130499641355,"AT5G20710","Trichoblast_lineage","pca",FALSE
123.737597324378,-0.981477671109117,0.387678545797,-2.5316790979273,0.0113517828423961,0.0602690996774873,"AT5G63770","Trichoblast_lineage","pca",FALSE
33.3421019789443,-2.04576601170345,0.685937986773393,-2.98243580491379,0.00285964612627316,0.0207143549894362,"AT5G43650","Trichoblast_lineage","pca",TRUE
193.847742544844,-0.364234363626483,0.848199807483712,-0.429420474294882,0.667617256459001,0.841767813134831,"AT5G57540","Trichoblast_lineage","pca",FALSE
7.90368687806941,0.0280998220148124,1.18981182960582,0.0236170302863115,0.981158087735919,0.993437189016381,"AT5G57030","Trichoblast_lineage","pca",FALSE
24.726412091115,-0.41465364864475,0.591806174703027,-0.700657861254703,0.483516559528862,0.714569774471942,"AT5G22690","Trichoblast_lineage","pca",FALSE
20.853055285116,0.690001960781156,0.654309413314549,1.05454995257641,0.291631203306677,0.541078241936313,"AT5G05790","Trichoblast_lineage","pca",FALSE
94.1110485471726,2.13042357367386,0.406909570094797,5.23561923888282,1.64432626697287e-07,7.53166829613739e-06,"AT5G48290","Trichoblast_lineage","pca",TRUE
21.7664913844764,-0.586256102282398,0.644617092116358,-0.909464098070447,0.363105200555612,0.611444010320731,"AT5G51500","Trichoblast_lineage","pca",FALSE
200.877589612059,1.33786170767521,0.288879781150009,4.63120576438158,3.63542356159348e-06,9.85108135858348e-05,"AT5G24030","Trichoblast_lineage","pca",TRUE
52.7456476563526,0.755381857392007,0.452031001551783,1.67108418404677,0.0947050508880119,0.269468969687117,"AT5G36180","Trichoblast_lineage","pca",FALSE
69.8149737841288,-0.36454788368212,0.38586981300046,-0.94474320457321,0.344789993967625,0.593471663578523,"AT5G27100","Trichoblast_lineage","pca",FALSE
99.6351102508268,1.82899591890894,0.379184883231517,4.82349376199214,1.41065180947947e-06,4.45086871315801e-05,"AT5G66985","Trichoblast_lineage","pca",TRUE
4.4473725375552,1.63076209231825,1.40932108708745,1.15712601426296,0.247220879680971,NA,"AT5G11570","Trichoblast_lineage","pca",FALSE
177.484385105827,1.27816309977643,0.332484254132346,3.84428159797202,0.000120906107760567,0.00163900295598654,"AT5G42590","Trichoblast_lineage","pca",TRUE
34.7811817395676,2.15952311778549,0.580787816984017,3.7182651815937,0.000200595635905407,0.00246697439946825,"AT5G38100","Trichoblast_lineage","pca",TRUE
6.46770765588073,1.14753839507766,1.14151170689772,1.00527956756249,0.314762250906851,NA,"AT5G14340","Trichoblast_lineage","pca",FALSE
176.690394287358,0.401955839374918,0.291925279373597,1.3769134356484,0.168539012753349,0.389138551141664,"AT5G02350","Trichoblast_lineage","pca",FALSE
35.2765082971485,-0.136828987747552,0.579834835400941,-0.235979246836625,0.813448774079439,0.919037822461122,"AT5G52870","Trichoblast_lineage","pca",FALSE
46.1809901982939,0.45228001347926,0.475996404644926,0.950175272472157,0.342023200913771,0.591043951589789,"AT5G57480","Trichoblast_lineage","pca",FALSE
130.968851638103,1.06578351235748,0.33286373961493,3.20186125887555,0.00136542744720182,0.0115321041022708,"AT5G09978","Trichoblast_lineage","pca",TRUE
6993.06766107983,-1.79836275524066,0.608514678284508,-2.95533176013191,0.00312332991374384,0.0221214240815381,"AT5G46900","Trichoblast_lineage","pca",TRUE
91.7182033708189,-0.85394574495299,0.987838317254389,-0.864459021316826,0.387335782198864,0.635131006297355,"AT5G20230","Trichoblast_lineage","pca",FALSE
116.114148745593,-1.55085033249948,0.460477431859198,-3.36791821965706,0.000757380584877372,0.00717886370956959,"AT5G13910","Trichoblast_lineage","pca",TRUE
27.943750268123,0.235509855976824,0.619849158864386,0.379947044549188,0.703984724789174,0.862393413230245,"AT5G14700","Trichoblast_lineage","pca",FALSE
6.10981739462043,-2.6634558787967,1.33284539462718,-1.99832320352634,0.0456816314825057,NA,"AT5G52400","Trichoblast_lineage","pca",FALSE
149.549241115693,1.5173362360358,0.327040219595012,4.63960132461623,3.4908195018725e-06,9.49114381596802e-05,"AT5G42500","Trichoblast_lineage","pca",TRUE
2278.20844772828,-1.70907423084497,0.276591637970289,-6.17905242322819,6.44874817052488e-10,5.90756629280526e-08,"AT5G53250","Trichoblast_lineage","pca",TRUE
13.6738719916557,0.0811214589318092,0.777956477164208,0.104275060768838,0.916951068628008,0.965813296369997,"AT5G10100","Trichoblast_lineage","pca",FALSE
42.2033844618714,0.236362622155761,0.627966597583707,0.37639362199397,0.706624286896858,0.864080650560337,"AT5G15960","Trichoblast_lineage","pca",FALSE
617.983738186463,-0.0825776280152887,0.681310043756805,-0.121204184162541,0.903529310070534,0.958836508014692,"AT5G04960","Trichoblast_lineage","pca",FALSE
849.132020154815,1.06287799024854,0.265794007892114,3.99887867554923,6.36432919150636e-05,0.00100501547066265,"AT5G43350","Trichoblast_lineage","pca",TRUE
6.92763656991404,-0.585365260032474,1.08461906317844,-0.539696636270695,0.58940626011488,NA,"AT5G22540","Trichoblast_lineage","pca",FALSE
8.04214673342114,0.344729879156769,1.11355598348111,0.309575705461257,0.756883633498502,0.890897213562945,"AT5G20045","Trichoblast_lineage","pca",FALSE
55.2882142495126,0.0853940537148502,0.442740596501074,0.192876041613779,0.847056048733625,0.933990391202071,"AT3G20940","Trichoblast_lineage","pca",FALSE
82.0891592767631,2.30753593552022,0.409901469003344,5.62948930417568,1.80743979795094e-08,1.12514872055456e-06,"AT3G27170","Trichoblast_lineage","pca",TRUE
253.191033301026,-0.817219659874383,0.95139808636929,-0.858967104919291,0.390358664823014,0.637600319414594,"AT3G48520","Trichoblast_lineage","pca",FALSE
148.527618645966,0.510469408539892,0.302221695031288,1.68905613638043,0.0912086726520002,0.26321056544983,"AT3G22240","Trichoblast_lineage","pca",FALSE
86.198355496374,1.03326710504292,0.369642077144997,2.795317873505,0.00518487067865306,0.0330546274330366,"AT3G09220","Trichoblast_lineage","pca",TRUE
104.676946768821,-0.116465539705038,0.355495824678024,-0.327614367371323,0.743203257387536,0.8840517351689,"AT3G02240","Trichoblast_lineage","pca",FALSE
77.8608068760991,-0.657081155943062,0.430067127586942,-1.52785719668897,0.126547997555398,0.324814963295082,"AT3G14560","Trichoblast_lineage","pca",FALSE
669.808283639919,0.0459518257782635,1.02638588133684,0.0447705162491249,0.964290226143876,0.985812650822251,"AT3G12580","Trichoblast_lineage","pca",FALSE
2.5263420750738,1.01940168354257,1.76206662979193,0.578526184144888,0.562908924644468,NA,"AT3G62990","Trichoblast_lineage","pca",FALSE
38.6550273773735,-0.248201675577842,0.519922885443434,-0.477381708955078,0.633090336585306,0.820853678871321,"AT3G27540","Trichoblast_lineage","pca",FALSE
71.5569307387391,-0.0999084911575023,0.439275668603884,-0.227439164739158,0.820082269079643,0.923033594653956,"AT3G07600","Trichoblast_lineage","pca",FALSE
7.57905613580258,-2.06299359501162,1.14653821320687,-1.79932388754965,0.0719674615766365,NA,"AT3G22910","Trichoblast_lineage","pca",FALSE
596.824831666542,-0.155436033642938,0.372633396626054,-0.417128564026485,0.676584372966137,0.846512342592454,"AT3G50970","Trichoblast_lineage","pca",FALSE
213.499840080611,1.39361050484533,0.297890059786883,4.67827125833721,2.89303663618962e-06,8.12620726224483e-05,"AT3G55230","Trichoblast_lineage","pca",TRUE
396.985694437621,0.263753926039951,0.341744189521792,0.771787594718218,0.440240240260387,0.679428868930623,"AT3G11340","Trichoblast_lineage","pca",FALSE
2.3927344336442,1.91444330057833,2.04797971375812,0.934796027381175,0.34989342728002,NA,"AT3G09290","Trichoblast_lineage","pca",FALSE
24.040559894296,0.320545549805672,0.602041598556265,0.532430899416853,0.59442758899223,0.795811344127022,"AT2G32560","Trichoblast_lineage","pca",FALSE
491.861498793211,-0.50283940966848,0.315331600786744,-1.59463691052184,0.110793453631219,0.296978030406674,"AT2G47360","Trichoblast_lineage","pca",FALSE
129.138720505048,-0.876567986792687,0.341171105302849,-2.56929140002809,0.0101906724628528,0.0556021022397886,"AT2G35910","Trichoblast_lineage","pca",FALSE
4.01704897422118,2.55953650562582,1.63991632420593,1.560772624704,0.118577408706138,NA,"AT2G28650","Trichoblast_lineage","pca",FALSE
31.2272283398552,1.71942282134976,0.57254479648949,3.00312365406559,0.00267223830856312,0.0196643077357203,"AT2G44340","Trichoblast_lineage","pca",TRUE
36.4671893618886,0.47959461382105,0.541139863598782,0.886267388677609,0.375473457750465,0.623637811389695,"AT2G21510","Trichoblast_lineage","pca",FALSE
20.6367453252029,1.73528446840455,0.68771898129136,2.52324643584235,0.011627688332746,0.0612657578394977,"AT2G23600","Trichoblast_lineage","pca",FALSE
4.10827128160337,0.366912460422349,1.45422677698024,0.252307594819741,0.800803318183027,NA,"AT2G43060","Trichoblast_lineage","pca",FALSE
130.258367109811,0.373147998836424,0.31677443403004,1.17796122019442,0.238812066740912,0.483653680701384,"AT2G41380","Trichoblast_lineage","pca",FALSE
16.8242398835575,0.51784809794511,0.748408941009812,0.691932003439708,0.488980031483042,0.71958972687122,"AT2G33110","Trichoblast_lineage","pca",FALSE
95.2657337670766,1.2681194386248,0.35857027344521,3.53659946888644,0.000405313840644817,0.00438288065239194,"AT2G39430","Trichoblast_lineage","pca",TRUE
8.90173408959844,1.93947842987537,1.07504775549056,1.80408583708949,0.0712178516340367,0.223307161006529,"AT2G44940","Trichoblast_lineage","pca",FALSE
8.71082433020743,-0.0215842222032652,1.01614771678541,-0.0212412249190964,0.983053228962003,0.993715812573942,"AT2G40250","Trichoblast_lineage","pca",FALSE
34.3106721611308,0.431074436172368,0.516897983329755,0.833964244541004,0.404301132723218,0.649322359089197,"AT2G44130","Trichoblast_lineage","pca",FALSE
143.950845735824,0.700483433286195,0.38227526103745,1.83240587263001,0.0668909737732487,0.214495459456263,"AT4G11210","Trichoblast_lineage","pca",FALSE
29.103273726964,2.96863608161906,0.675457853383799,4.39499824711086,1.10773647620543e-05,0.000249441832484081,"AT4G36220","Trichoblast_lineage","pca",TRUE
3827.79823825263,1.45060105789066,0.243224442340931,5.96404310327225,2.46071781525632e-09,1.93532455294525e-07,"AT4G17340","Trichoblast_lineage","pca",TRUE
4.97383409625789,-0.423854710046714,1.24419864698291,-0.340664821549621,0.733355924506145,NA,"AT4G17250","Trichoblast_lineage","pca",FALSE
42.1573898500215,0.431221626164374,0.528105928873316,0.816543807952243,0.414189178635388,0.657267778886639,"AT4G01720","Trichoblast_lineage","pca",FALSE
7.85539225682547,0.73235925348993,1.03034693673981,0.710788985123044,0.477215007339517,0.710643535913459,"AT4G23550","Trichoblast_lineage","pca",FALSE
163.183731915239,-2.25213160832855,0.334732253561745,-6.72815835451938,1.71823873160572e-11,2.40897070171122e-09,"AT4G01140","Trichoblast_lineage","pca",TRUE
243.615135179023,-0.434160815371524,0.370141608007483,-1.1729586892667,0.240812372328517,0.485983840932915,"AT4G18430","Trichoblast_lineage","pca",FALSE
57.0318590372435,0.0137536755780814,0.43470068094275,0.0316394157659319,0.974759609877601,0.990470565614195,"AT4G01090","Trichoblast_lineage","pca",FALSE
978.490519280267,1.51838798791733,0.300865846770151,5.04672765027171,4.49441300148474e-07,1.78481332076203e-05,"AT4G12545","Trichoblast_lineage","pca",TRUE
270.129715423898,-0.305822497481536,0.391030797741675,-0.782093122198447,0.434159848471065,0.674239957320265,"AT4G27410","Trichoblast_lineage","pca",FALSE
13.6373324707405,-0.683292149319477,0.818666924924648,-0.834639984243126,0.403920442272957,0.649191916059026,"AT4G08040","Trichoblast_lineage","pca",FALSE
29.4753314837077,1.31730996433063,0.646163691228193,2.03866293048246,0.0414836798381015,0.154181966350786,"AT4G17670","Trichoblast_lineage","pca",FALSE
85.0288459215159,0.78746552546563,0.42000807109597,1.87488188836661,0.0608089742486405,0.201314873045592,"AT4G28890","Trichoblast_lineage","pca",FALSE
192.631360596201,2.01758539164658,0.349190506190312,5.77789302939116,7.56418721728794e-09,5.25678407346265e-07,"AT4G04745","Trichoblast_lineage","pca",TRUE
265.31433531327,2.12982976891591,0.297582994453389,7.15709502429082,8.24045797178736e-13,1.47623226532364e-10,"AT4G15390","Trichoblast_lineage","pca",TRUE
11.4798266476628,-3.28051956684897,1.04149084192943,-3.14983044956171,0.00163365241420725,0.0132625266234962,"AT4G08620","Trichoblast_lineage","pca",TRUE
15.2529624896023,4.67903425026225,1.23053853547862,3.80242805516232,0.000143284883088527,0.00188125583879179,"AT4G10310","Trichoblast_lineage","pca",TRUE
109.917407742375,-0.0638034821834176,0.39926706812204,-0.159801514518887,0.873037431001341,0.945204304326794,"AT4G01870","Trichoblast_lineage","pca",FALSE
164.690931466156,-0.524121076128634,0.293485065341498,-1.78585263109988,0.074123122379023,0.22951898836399,"AT4G39400","Trichoblast_lineage","pca",FALSE
19.1580863805574,0.347562199437277,0.741373108995105,0.468808748550889,0.639206346038594,0.824671834614728,"AT4G01680","Trichoblast_lineage","pca",FALSE
244.345261549727,0.335159816828524,0.298473476902302,1.12291323271659,0.261474346915732,0.509720859549024,"AT4G35060","Trichoblast_lineage","pca",FALSE
544.984307522467,-0.02561287637439,0.273002339362734,-0.0938192560334016,0.925252735049822,0.973862168112717,"AT1G69810","Atrichoblast_lineage","harmony",FALSE
121.732882460976,0.376717740406155,0.324271659289335,1.16173501326561,0.245343118715405,0.529172047538686,"AT1G72430","Atrichoblast_lineage","harmony",FALSE
1163.78777417615,-1.1758102509663,0.35818426857694,-3.28269651718032,0.00102819291942501,0.013488835725987,"AT1G65310","Atrichoblast_lineage","harmony",TRUE
3.09548854219411,-0.185490915530495,1.5355259703687,-0.120799595128929,0.903849770797499,NA,"AT1G30190","Atrichoblast_lineage","harmony",FALSE
30.5317267651141,0.301592146875545,0.529511569755245,0.569566680129292,0.568971632988891,0.801395927546801,"AT1G06180","Atrichoblast_lineage","harmony",FALSE
22.8084678399697,-1.13489733872899,0.584354893278414,-1.94213713581118,0.0521205009167578,0.20748178087059,"AT1G66930","Atrichoblast_lineage","harmony",FALSE
2.6011510589094,4.29902090040801,2.09388829331434,2.0531281034115,0.0400601549929584,NA,"AT1G65500","Atrichoblast_lineage","harmony",FALSE
653.38940138,1.19677068740779,0.240940434719895,4.96708113272518,6.79681573145796e-07,3.71097340470638e-05,"AT1G49310","Atrichoblast_lineage","harmony",TRUE
38.0805710490997,-1.12968100126117,0.474399797377091,-2.38128474655146,0.0172523703299311,0.100297980646543,"AT1G56060","Atrichoblast_lineage","harmony",FALSE
142.957388655244,1.56950002292478,0.350683853828595,4.47554116275882,7.62180122183616e-06,0.000279537844377387,"AT1G70890","Atrichoblast_lineage","harmony",TRUE
28.5423933434188,-0.977030988371434,0.553107644662185,-1.76643913314227,0.0773222046566348,0.268876204284055,"AT1G26970","Atrichoblast_lineage","harmony",FALSE
755.651257921252,0.221196242076418,0.339247313736933,0.652020614813012,0.514387873783806,0.769055081474385,"AT1G70690","Atrichoblast_lineage","harmony",FALSE
6.86462236977515,-1.41332209708974,1.05401229843168,-1.34089715954234,0.179953844585178,NA,"AT1G09930","Atrichoblast_lineage","harmony",FALSE
32.4464285027328,-1.34090506606229,0.621061314700151,-2.15905424202711,0.030845959026274,0.146964748582962,"AT1G28660","Atrichoblast_lineage","harmony",FALSE
26.9413313809508,-0.120200908918379,0.623642772223134,-0.19274000160363,0.847162594030209,0.944482729084902,"AT1G66440","Atrichoblast_lineage","harmony",FALSE
9.89235132626849,0.856211825687706,0.946411253861882,0.904693199910597,0.365627944616678,0.652959569559434,"AT1G04180","Atrichoblast_lineage","harmony",FALSE
2.02507220975943,2.35529251747328,2.10467207275718,1.11907814426776,0.263106802926621,NA,"AT1G56600","Atrichoblast_lineage","harmony",FALSE
42.0670137776617,1.8255567259918,0.553258633489907,3.29964435344885,0.000968074255425758,0.013026408383727,"AT1G09090","Atrichoblast_lineage","harmony",TRUE
169.640474853236,0.519652553798576,0.396320273840148,1.31119346674698,0.189792409066345,0.459313161441864,"AT1G72300","Atrichoblast_lineage","harmony",FALSE
8.06815725255695,1.1609548956911,1.02601810943645,1.13151501422208,0.2578383876429,NA,"AT1G77380","Atrichoblast_lineage","harmony",FALSE
64.0557611730676,-1.99795768767891,0.748834515489651,-2.66808973992402,0.00762838796492084,0.0584051030238288,"AT1G66090","Atrichoblast_lineage","harmony",FALSE
925.167288251544,0.42096886350821,0.372612471625473,1.12977663273532,0.258570356869296,0.544207356696445,"AT1G14960","Atrichoblast_lineage","harmony",FALSE
228.517462365544,0.307376093429795,0.308937685765253,0.99494528376624,0.319762876925012,0.609366259641012,"AT1G18860","Atrichoblast_lineage","harmony",FALSE
809.807859369116,-2.17433168402863,0.447731018115646,-4.85633471002229,1.19578508876192e-06,6.00419352157808e-05,"AT1G78280","Atrichoblast_lineage","harmony",TRUE
245.650044368896,-0.590047501170007,0.272347670558341,-2.16652303271163,0.0302712417504467,0.144964319263076,"AT1G17420","Atrichoblast_lineage","harmony",FALSE
180.634274813014,0.415125862900866,0.315914586100113,1.31404462207805,0.188831188322526,0.457813966173588,"AT1G29050","Atrichoblast_lineage","harmony",FALSE
81.3077312014401,-0.0217466044898899,0.365703926028071,-0.0594650561345645,0.952581697368972,0.98306953856317,"AT1G63720","Atrichoblast_lineage","harmony",FALSE
116.176810193618,-0.604353117545016,0.337324491178978,-1.79160758660822,0.0731958470134474,0.259320415924188,"AT1G72470","Atrichoblast_lineage","harmony",FALSE
35.1975284873538,0.667475650275413,0.694724696189643,0.960777202734142,0.336664203520988,0.624054977392678,"AT1G44050","Atrichoblast_lineage","harmony",FALSE
533.247633039842,0.127929242517822,0.349629981391652,0.365898948392863,0.714440481092007,0.885826069306384,"AT5G48430","Atrichoblast_lineage","harmony",FALSE
1796.42987396457,-2.28757859078792,0.42922513288052,-5.3295541559648,9.84541597748396e-08,7.19056333143428e-06,"AT5G01040","Atrichoblast_lineage","harmony",TRUE
12.5289148741756,0.16832339249274,0.820989285051777,0.205025078350595,0.837552531512446,0.93983031321227,"AT5G20710","Atrichoblast_lineage","harmony",FALSE
532.995387517564,-2.39962540556854,0.96199768630899,-2.49441910278959,0.0126163481409709,0.0813648354305508,"AT5G63770","Atrichoblast_lineage","harmony",FALSE
121.384118990414,-2.40865755383412,0.436183415898003,-5.52212089236643,3.34931902539629e-08,2.88297761619698e-06,"AT5G43650","Atrichoblast_lineage","harmony",TRUE
22.1908921366381,0.685894714104947,0.745636218465218,0.919878483795704,0.35763626381739,0.644692959382754,"AT5G57540","Atrichoblast_lineage","harmony",FALSE
15.2272596508501,0.301189932802919,0.85442775379733,0.352504856571363,0.724459676905394,0.890517975159993,"AT5G57030","Atrichoblast_lineage","harmony",FALSE
144.896617111473,-1.37742264751035,0.344844617440696,-3.99432839559175,6.48778902637308e-05,0.00163855521952006,"AT5G22690","Atrichoblast_lineage","harmony",TRUE
23.6878850797842,0.73494443739294,0.602086064530507,1.22066342453223,0.222213481501983,0.50187487034857,"AT5G05790","Atrichoblast_lineage","harmony",FALSE
333.079940259023,1.17861652558633,0.263776787526983,4.46823443653383,7.88678445261457e-06,0.000287382160907258,"AT5G48290","Atrichoblast_lineage","harmony",TRUE
2.5130453029291,-0.965174182303715,1.88161474699498,-0.512949945702296,0.607986334600623,NA,"AT5G28510","Atrichoblast_lineage","harmony",FALSE
101.891024885123,-1.27652584531957,0.405520528540564,-3.14786984992766,0.00164464902464908,0.0194442002066256,"AT5G51500","Atrichoblast_lineage","harmony",TRUE
334.91137242468,1.07247538459541,0.376044202739059,2.85199286887986,0.00434460752691666,0.0395563268141452,"AT5G24030","Atrichoblast_lineage","harmony",TRUE
365.509040996199,-0.818627724901585,0.262964819596697,-3.11306936858359,0.00185152493402215,0.0211920469212264,"AT5G36180","Atrichoblast_lineage","harmony",FALSE
41.5518358758166,0.883284765966501,0.479497528246776,1.84210494097044,0.0654598012178595,0.242080733526196,"AT5G27100","Atrichoblast_lineage","harmony",FALSE
204.671624335381,1.76516999250826,0.330673055161533,5.33811257057513,9.39191430617008e-08,6.88917331562589e-06,"AT5G66985","Atrichoblast_lineage","harmony",TRUE
10.5864831817536,0.736589117162625,1.08542433751114,0.678618574972819,0.497379570322138,0.75590855925032,"AT5G11570","Atrichoblast_lineage","harmony",FALSE
665.372944742262,0.55311253125503,0.370364307043514,1.49342828327689,0.135325114034087,0.376094070701118,"AT5G42590","Atrichoblast_lineage","harmony",FALSE
194.602195305106,1.19924602468604,0.370784282590866,3.23434967713916,0.00121920082726344,0.0153615662111736,"AT5G38100","Atrichoblast_lineage","harmony",TRUE
8.56777536210921,0.241774315899109,0.920388711847018,0.262687180739017,0.792791698178172,NA,"AT5G14340","Atrichoblast_lineage","harmony",FALSE
65.5292621784762,0.972214782901887,0.423603398442051,2.29510619243742,0.0217270392938589,0.116998684943088,"AT5G02350","Atrichoblast_lineage","harmony",FALSE
61.0425191312546,0.154532630232518,0.437039121817664,0.353589924832839,0.723646226018558,0.890415252204013,"AT5G52870","Atrichoblast_lineage","harmony",FALSE
63.9766770931247,0.253853358317478,0.434128649443303,0.5847422386037,0.558721048250616,0.794880633415665,"AT5G57480","Atrichoblast_lineage","harmony",FALSE
603.445973034482,-0.205711150913248,0.348025742366957,-0.591080273298714,0.55446663666358,0.792209233329206,"AT5G09978","Atrichoblast_lineage","harmony",FALSE
3381.13474663112,-0.761752491151982,0.38231740912302,-1.99246090545374,0.0463205105345207,0.192241267156644,"AT5G46900","Atrichoblast_lineage","harmony",FALSE
6.40181143584613,-0.133840805245589,1.30040378192033,-0.102922497693711,0.918024481942825,NA,"AT5G09640","Atrichoblast_lineage","harmony",FALSE
190.988353948975,-1.11978180233108,0.470737475389717,-2.37878193446151,0.0173699481871218,0.10067160272555,"AT5G20230","Atrichoblast_lineage","harmony",FALSE
2.35163611848034,0.768146176737983,1.81988960123476,0.422083941914284,0.67296374844942,NA,"AT5G04370","Atrichoblast_lineage","harmony",FALSE
44.1148481550435,0.165840251515188,0.474032435038692,0.349850008684851,0.726451266189329,0.8917316146595,"AT5G13910","Atrichoblast_lineage","harmony",FALSE
107.903663939231,0.0660827028322139,0.374223463251482,0.176586209368186,0.859833427177287,0.948465699302462,"AT5G14700","Atrichoblast_lineage","harmony",FALSE
14.7477265566559,-2.24323434101473,0.776586672106,-2.88858207536756,0.00386983022683673,0.0363518406219168,"AT5G52400","Atrichoblast_lineage","harmony",TRUE
172.847950789321,1.70901086539262,0.335115256381998,5.09977040091699,3.40065735321364e-07,2.04773421382409e-05,"AT5G42500","Atrichoblast_lineage","harmony",TRUE
1872.37004724863,-1.63072360119647,0.295468144523289,-5.51911815680671,3.40705059885684e-08,2.91778429712253e-06,"AT5G53250","Atrichoblast_lineage","harmony",TRUE
13.8499608087338,-0.802561425848447,0.725401620686708,-1.10636839367507,0.268567099881919,0.555882166863925,"AT5G10100","Atrichoblast_lineage","harmony",FALSE
60.083124582221,0.478634484771979,0.568492115475629,0.84193689189784,0.399823278856585,0.681975385460464,"AT5G15960","Atrichoblast_lineage","harmony",FALSE
74.9579973997568,0.647694136143486,0.387371043895202,1.67202517160449,0.0945193585680705,0.303913874290436,"AT5G04960","Atrichoblast_lineage","harmony",FALSE
1828.32127724014,0.888380629777482,0.247557782332377,3.58857888210002,0.000332485397674209,0.00581883936116347,"AT5G43350","Atrichoblast_lineage","harmony",FALSE
15.1754668222121,-1.29101471276187,0.717529700520117,-1.79924916254484,0.0719792758383424,0.256790518644253,"AT5G22540","Atrichoblast_lineage","harmony",FALSE
27.1480916866701,0.585353457693675,0.56664464143139,1.03301684141056,0.301596017331672,0.592033798822666,"AT5G20045","Atrichoblast_lineage","harmony",FALSE
202.281914408093,-0.598083830673726,0.331166613301068,-1.80599072083997,0.0709197889966973,0.254031371584561,"AT3G20940","Atrichoblast_lineage","harmony",FALSE
240.364596288328,1.00440489286508,0.28279397077826,3.5517196144632,0.000382722456045178,0.00645046009584236,"AT3G27170","Atrichoblast_lineage","harmony",TRUE
1614.37134324683,-2.15788928394572,0.906341069592255,-2.38087995385282,0.0172713393510463,0.100373670751465,"AT3G48520","Atrichoblast_lineage","harmony",FALSE
484.724141544116,-0.584186781242788,0.263806738194559,-2.21444980989055,0.026797851681945,0.133957497992917,"AT3G22240","Atrichoblast_lineage","harmony",FALSE
655.963759696668,-0.0637482506130653,0.236295776718287,-0.269781591099135,0.787328286055123,0.918017316030195,"AT3G09220","Atrichoblast_lineage","harmony",FALSE
248.055814230954,0.145835751312451,0.281999466755801,0.517149032195648,0.605052127922784,0.824503315775513,"AT3G02240","Atrichoblast_lineage","harmony",FALSE
99.3765219582723,-0.497653019611581,0.383014247805338,-1.29930680767914,0.193838659017297,0.464854586536008,"AT3G14560","Atrichoblast_lineage","harmony",FALSE
1216.83766702022,0.179643743979012,0.470585006173449,0.381745575448273,0.702650091264671,0.87935493057835,"AT3G12580","Atrichoblast_lineage","harmony",FALSE
2.71553363582477,2.57375963135811,1.96118270175836,1.3123507713231,0.189401808846835,NA,"AT3G62990","Atrichoblast_lineage","harmony",FALSE
168.353178695956,-1.09388321750965,0.410857492995679,-2.66243949826455,0.0077576514209365,0.0590344326218401,"AT3G27540","Atrichoblast_lineage","harmony",FALSE
65.7349990838993,-0.0093890705833067,0.396839914121096,-0.0236595923172224,0.981124137635052,0.992458073296627,"AT3G07600","Atrichoblast_lineage","harmony",FALSE
3.29748133993642,-4.18871278552564,1.98071331488632,-2.11474964804083,0.034451290418255,NA,"AT3G21320","Atrichoblast_lineage","harmony",FALSE
6.78176634221548,-1.0111810387454,1.16094997564455,-0.870994495851558,0.383757158436135,NA,"AT3G22910","Atrichoblast_lineage","harmony",FALSE
1193.84407299718,-0.84960246775488,0.465719026841118,-1.82428120559636,0.068109570276713,0.248004853121807,"AT3G50970","Atrichoblast_lineage","harmony",FALSE
281.733138229251,0.93474479559216,0.270275692071818,3.45848636415212,0.000543219769789426,0.00846229061506686,"AT3G55230","Atrichoblast_lineage","harmony",FALSE
641.019447617831,0.135558453156099,0.456859318786058,0.296718152792194,0.766681696927822,0.91044463355172,"AT3G11340","Atrichoblast_lineage","harmony",FALSE
4.97409429483528,3.76235659519492,1.71517439606787,2.19357087175528,0.0282662743784765,NA,"AT3G09290","Atrichoblast_lineage","harmony",FALSE
26.0990442673748,0.026141448645177,0.573766538281216,0.0455611244313527,0.96366005518498,0.986326632655811,"AT2G32560","Atrichoblast_lineage","harmony",FALSE
107.18495027652,0.781523717076306,0.355235240685299,2.20001741822865,0.027805659241536,0.137367284645375,"AT2G47360","Atrichoblast_lineage","harmony",FALSE
7.47222776828081,-0.790504591504554,0.996271813054856,-0.793462769041552,0.427508252610848,NA,"AT2G31690","Atrichoblast_lineage","harmony",FALSE
222.613011509029,-0.40427232885073,0.285695410690441,-1.41504663261382,0.157054823851266,0.411905597285078,"AT2G35910","Atrichoblast_lineage","harmony",FALSE
4.64228065769375,0.540036142990748,1.2691604141386,0.425506608128239,0.670467405423258,NA,"AT2G28650","Atrichoblast_lineage","harmony",FALSE
124.451987765213,0.704583832199831,0.436229921254717,1.61516621824852,0.106274704062876,0.327182578876784,"AT2G44340","Atrichoblast_lineage","harmony",FALSE
79.2899649467859,-0.725232657336577,0.562845641830725,-1.28851074510885,0.197568230904646,0.470182904659737,"AT2G21510","Atrichoblast_lineage","harmony",FALSE
40.036876451857,1.37986126198197,0.501259978116968,2.75278562466837,0.00590905758588544,0.0487728525105055,"AT2G23600","Atrichoblast_lineage","harmony",TRUE
9.46574253083762,1.05854488861256,0.901748398809282,1.17388053032344,0.240442881954222,0.52375879424786,"AT2G43060","Atrichoblast_lineage","harmony",FALSE
446.429322106291,0.547931377533642,0.318511326937627,1.72028851470309,0.085380010134359,0.285645890777336,"AT2G41380","Atrichoblast_lineage","harmony",FALSE
78.5084894354251,-1.62763496938905,0.379533661072505,-4.28851281541037,1.79873422609939e-05,0.00057149614178009,"AT2G33110","Atrichoblast_lineage","harmony",TRUE
138.297434198942,1.14680273283691,0.325799928329447,3.51996005253037,0.000431611799388695,0.00705593281733205,"AT2G39430","Atrichoblast_lineage","harmony",TRUE
14.9642443759939,1.71380230810411,0.773195237736113,2.2165194823523,0.0266559451125523,0.133445830858715,"AT2G44940","Atrichoblast_lineage","harmony",FALSE
10.8790433775183,-0.400811967791863,0.846275398782725,-0.473618834209746,0.635771742258242,0.841635670500588,"AT2G40250","Atrichoblast_lineage","harmony",FALSE
39.6056061566997,0.580161953224703,0.537579724225861,1.0792110027218,0.280493675886546,0.569254036555023,"AT2G44130","Atrichoblast_lineage","harmony",FALSE
161.339455379942,0.0927562494449529,0.334610732832617,0.277206438238646,0.781621596280479,0.915872895599942,"AT4G11210","Atrichoblast_lineage","harmony",FALSE
47.4851809714156,3.39780716849101,0.586716705886382,5.7912228071941,6.98758069020277e-09,7.60564347254264e-07,"AT4G36220","Atrichoblast_lineage","harmony",TRUE
6611.65882007615,0.936600499534333,0.282447127154829,3.31602062647611,0.000913090892682313,0.0124937197489402,"AT4G17340","Atrichoblast_lineage","harmony",FALSE
14.4730662654171,-0.677837695903525,0.711222312397358,-0.953060223348025,0.340559558229063,0.627906001145338,"AT4G17250","Atrichoblast_lineage","harmony",FALSE
220.385584011854,-0.525878310227294,0.399614774812838,-1.31596313092676,0.188186417665176,0.457148027707586,"AT4G01720","Atrichoblast_lineage","harmony",FALSE
61.9665797954152,0.115921064725294,0.39694677162799,0.292031760958451,0.770262340161512,0.912222199471294,"AT4G23550","Atrichoblast_lineage","harmony",FALSE
83.1856446334453,-1.18184814985688,0.413649092547402,-2.8571273844181,0.00427494235451418,0.0391323915182267,"AT4G01140","Atrichoblast_lineage","harmony",TRUE
103.1619173147,0.191891143699525,0.35643711828836,0.538359036850601,0.590329200735085,0.815913432059389,"AT4G18430","Atrichoblast_lineage","harmony",FALSE
255.897448165072,-0.547127759621274,0.286239933593337,-1.91143057068544,0.0559492711988016,0.217894772482683,"AT4G01090","Atrichoblast_lineage","harmony",FALSE
4123.95631248525,0.109675589889441,0.221336700543862,0.495514705062237,0.620236844551699,0.83283508748544,"AT4G12545","Atrichoblast_lineage","harmony",FALSE
935.24173215637,-1.13789874677572,0.463807685622501,-2.45338484473038,0.0141518842964068,0.0880841231441036,"AT4G27410","Atrichoblast_lineage","harmony",FALSE
153.28487317732,-1.98839891426677,0.481901858081823,-4.1261490922269,3.68888169138617e-05,0.00102867971926242,"AT4G08040","Atrichoblast_lineage","harmony",TRUE
25.8264098171399,1.34362986750698,0.592881564150645,2.266270278503,0.0234348400104207,0.123108519736542,"AT4G17670","Atrichoblast_lineage","harmony",FALSE
147.14573521353,0.851591717192216,0.310099969124773,2.74618446301607,0.00602928528946581,0.0494506913556527,"AT4G28890","Atrichoblast_lineage","harmony",FALSE
459.74403483885,2.5199107159834,0.27607094873026,9.1277649009187,6.99280385860271e-20,1.07250539907715e-16,"AT4G04745","Atrichoblast_lineage","harmony",TRUE
374.551945950342,1.71629531780134,0.271834245400786,6.31375680893655,2.72341795177844e-10,4.68844737392388e-08,"AT4G15390","Atrichoblast_lineage","harmony",TRUE
3.53123300568764,-0.939417206533751,1.36927218550078,-0.686070466106912,0.492668673810054,NA,"AT4G08620","Atrichoblast_lineage","harmony",FALSE
16.9426317988449,2.55854646663837,0.80799088709688,3.16655361774098,0.00154256905620433,0.018522905727561,"AT4G10310","Atrichoblast_lineage","harmony",TRUE
226.285324994753,0.127229862527865,0.285806975272661,0.445160102920815,0.656204056815195,0.853571213764777,"AT4G01870","Atrichoblast_lineage","harmony",FALSE
294.522460212956,-0.810922337885136,0.280194056151071,-2.89414539703124,0.00380192067894211,0.0358937905844613,"AT4G39400","Atrichoblast_lineage","harmony",FALSE
65.8800218612418,-0.591047426062117,0.479268008721065,-1.23322945681131,0.217490168261325,0.495969464565433,"AT4G01680","Atrichoblast_lineage","harmony",FALSE
451.163403015235,0.34260418095173,0.267374506494096,1.28136442566672,0.200065693349713,0.473561993091081,"AT4G35060","Atrichoblast_lineage","harmony",FALSE
118.929846306342,0.328298283536801,0.393114458967146,0.835121364905681,0.403649378496845,0.80880716808756,"AT1G69810","Cortex_lineage","harmony",FALSE
86.7831441698986,0.0674543179018337,0.426170702782266,0.158280044736666,0.8742361319147,0.97824698314899,"AT1G72430","Cortex_lineage","harmony",FALSE
132.901702978069,-0.315781449288353,0.365213291242946,-0.864649389439361,0.387231255623933,0.799146575351384,"AT1G65310","Cortex_lineage","harmony",FALSE
3.35182673686978,0.495585760814436,1.43554649680968,0.345224457665296,0.729925633183778,NA,"AT1G30190","Cortex_lineage","harmony",FALSE
44.6583252781469,-0.258724522627151,0.461997786306848,-0.560012472560448,0.575470930299336,0.898274040971908,"AT1G06180","Cortex_lineage","harmony",FALSE
2.90825925004293,-1.5396991153194,1.48371639451242,-1.03773141620193,0.29939511450785,NA,"AT1G32960","Cortex_lineage","harmony",FALSE
2.93689697323789,2.42518398981855,1.90859520505403,1.27066440458227,0.203848063974022,NA,"AT1G65500","Cortex_lineage","harmony",FALSE
164.956553422012,1.4030574195629,0.340454017113308,4.12113633276925,3.77008230565061e-05,0.00207006861157721,"AT1G49310","Cortex_lineage","harmony",TRUE
64.0277218004097,-1.45609482158513,0.416679939481379,-3.49451625484408,0.000474921688820612,0.0144711432240634,"AT1G56060","Cortex_lineage","harmony",TRUE
120.134245477838,0.889372406969292,0.37609073058039,2.36478151321836,0.018040710500513,0.174368989653938,"AT1G70890","Cortex_lineage","harmony",FALSE
26.4618132759737,-1.34956649603102,0.565418826012825,-2.38684393575607,0.0169937035065689,0.16767120793148,"AT1G26970","Cortex_lineage","harmony",FALSE
309.735230839205,-0.11987368306495,0.408792649034161,-0.293238352862193,0.769339970562693,0.956102561530947,"AT1G70690","Cortex_lineage","harmony",FALSE
3.13436667200675,-1.7310687834769,1.49191999706299,-1.16029598563241,0.245928318377752,NA,"AT1G09930","Cortex_lineage","harmony",FALSE
16.4274744682168,-0.153459087908297,0.676951562738886,-0.226691385846597,0.820663725858223,0.967794672725235,"AT1G28660","Cortex_lineage","harmony",FALSE
7.88844339359534,1.29827115521014,1.00085098388599,1.29716728675168,0.194573633866596,0.616801024091162,"AT1G66440","Cortex_lineage","harmony",FALSE
2.19044212685795,2.39380254095658,1.97153432327059,1.21418253423328,0.22467802852832,NA,"AT1G04180","Cortex_lineage","harmony",FALSE
6.43051101972968,0.633510763877243,1.22627561762242,0.516613683557968,0.60542586167948,0.907800341418057,"AT1G56600","Cortex_lineage","harmony",FALSE
137.675674857493,0.0889276122510191,0.454966052069536,0.195459885076058,0.845032939029516,0.971040970353779,"AT1G09090","Cortex_lineage","harmony",FALSE
45.4480855214908,0.970675658394684,0.482376809655204,2.01227679060382,0.0441907676113261,0.299104191067922,"AT1G72300","Cortex_lineage","harmony",FALSE
3.39874341617256,0.521410279366331,1.38541395720104,0.37635702791658,0.706651488226665,NA,"AT1G77380","Cortex_lineage","harmony",FALSE
28.2922560750215,0.0687526535849043,0.654902437717716,0.10498152033836,0.916390472315334,0.985741646129875,"AT1G66090","Cortex_lineage","harmony",FALSE
170.863491636128,0.660170394485336,0.332033811704358,1.98826255403516,0.0467826598916156,0.307682101166169,"AT1G14960","Cortex_lineage","harmony",FALSE
40.8428627025103,0.259701098099545,0.550035043707345,0.472153731058857,0.636817062729977,0.917939081066264,"AT1G18860","Cortex_lineage","harmony",FALSE
805.650154836978,-1.95856943160011,0.419321191543152,-4.67080956340971,3.00014982783241e-06,0.000280714284963431,"AT1G78280","Cortex_lineage","harmony",TRUE
472.600500577648,-0.418090321199373,0.29423394925719,-1.42094521130164,0.155332687961559,0.563014000722422,"AT1G17420","Cortex_lineage","harmony",FALSE
148.590311216767,-0.165338525312716,0.335366226741128,-0.493008872477616,0.622006318220567,0.912703358022961,"AT1G29050","Cortex_lineage","harmony",FALSE
59.3645851477705,0.243377356627437,0.433935763706195,0.560860332296143,0.574892753697035,0.897908136119025,"AT1G63720","Cortex_lineage","harmony",FALSE
6.48870980199543,-6.81633110506582,4.79939933438351,-1.4202467080063,0.155535869960559,0.563238850384717,"AT1G11925","Cortex_lineage","harmony",FALSE
47.9395199222364,0.0794397684481414,0.456652766796284,0.173960992299385,0.861896118375196,0.97727546741824,"AT1G72470","Cortex_lineage","harmony",FALSE
9.09025407299947,2.10361022987318,1.01334173873506,2.07591392860131,0.0379019122528507,0.275554817919415,"AT1G44050","Cortex_lineage","harmony",FALSE
76.1134749302632,0.267957851168637,0.479651846099636,0.558650724160822,0.57640011488955,0.898646379270991,"AT5G48430","Cortex_lineage","harmony",FALSE
889.411052821414,-2.55201904366811,0.432997558107852,-5.89384165310339,3.77318763373427e-09,1.27435579548788e-06,"AT5G01040","Cortex_lineage","harmony",TRUE
12.6424344239086,3.4058348407142,1.07035579303862,3.1819651585623,0.00146279414617034,0.0330795030926597,"AT5G20710","Cortex_lineage","harmony",TRUE
634.360550283249,-2.64582686567692,0.55279749634269,-4.78624972649427,1.69926602508052e-06,0.000176919847660655,"AT5G63770","Cortex_lineage","harmony",TRUE
120.18193378863,-2.12656022714398,0.465373700540107,-4.56957542868435,4.88713254359972e-06,0.000410095857865113,"AT5G43650","Cortex_lineage","harmony",TRUE
11.4023217608345,0.938358474058941,0.815232164693953,1.15103220247843,0.249718987721085,0.685697104890351,"AT5G57540","Cortex_lineage","harmony",FALSE
18.4791722901455,-0.110809518639568,0.67863675047948,-0.163282519788794,0.870295996382983,0.978117724814267,"AT5G57030","Cortex_lineage","harmony",FALSE
132.205375909711,-1.09789606408112,0.340365191758327,-3.22564143063333,0.00125690717831844,0.0293443568842345,"AT5G22690","Cortex_lineage","harmony",TRUE
15.7224998437699,0.112738283300029,0.714457712915609,0.157795599742298,0.874617866114877,0.978256671664957,"AT5G05790","Cortex_lineage","harmony",FALSE
149.586593834876,1.3728630090194,0.365331031421721,3.75786038124593,0.000171372451444663,0.00665262237739283,"AT5G48290","Cortex_lineage","harmony",TRUE
2.69394017427644,-1.07873552709754,1.62828876558777,-0.662496450196992,0.507653109074992,NA,"AT5G28510","Cortex_lineage","harmony",FALSE
7.90122056939764,-0.643404094631927,0.932286254212924,-0.690135772917853,0.490108808741139,0.856347784958996,"AT5G51500","Cortex_lineage","harmony",FALSE
276.547089407045,0.322197698814605,0.347559945673642,0.927027705077238,0.353912149843851,0.779076732511511,"AT5G24030","Cortex_lineage","harmony",FALSE
298.228242064734,-0.735733344011664,0.305850245242642,-2.40553458908617,0.0161488231476944,0.162626301638021,"AT5G36180","Cortex_lineage","harmony",FALSE
11.4503410347868,1.57562336700829,0.88920302477592,1.77195007563694,0.0764028449029465,0.403329158315682,"AT5G27100","Cortex_lineage","harmony",FALSE
141.921157241046,1.72492908418782,0.450530805549016,3.82865957875137,0.000128843077354467,0.0053811292330909,"AT5G66985","Cortex_lineage","harmony",TRUE
5.20743140933239,0.715997567583012,1.1544465941257,0.620208480172495,0.535120539151471,NA,"AT5G11570","Cortex_lineage","harmony",FALSE
780.769536929223,0.886495043505189,0.304477358056754,2.91153026669375,0.00359663060488618,0.0618441378699101,"AT5G42590","Cortex_lineage","harmony",FALSE
19.9038387551033,2.11511887311337,0.720087495476365,2.93730815546816,0.00331074943015883,0.0585063779896725,"AT5G38100","Cortex_lineage","harmony",FALSE
15.6360556457057,0.196422601882659,0.698032835145759,0.281394501795383,0.778407834754429,0.958475751706191,"AT5G14340","Cortex_lineage","harmony",FALSE
13.1588279998726,0.563878795656833,0.75840487765823,0.743506288353464,0.457175215785654,0.843366919724653,"AT5G02350","Cortex_lineage","harmony",FALSE
22.9292634744369,-1.11086174577946,0.77208055701015,-1.43878994969285,0.150210044772464,0.555415363102403,"AT5G52870","Cortex_lineage","harmony",FALSE
29.9949502535282,-0.472748466133151,0.552563091699051,-0.855555633800149,0.39224361917208,0.802100941450332,"AT5G57480","Cortex_lineage","harmony",FALSE
438.716087541495,-0.349020254425143,0.363731117561015,-0.959555665089873,0.337278891360174,0.765015722931888,"AT5G09978","Cortex_lineage","harmony",FALSE
1037.2373665957,-0.740529424923874,0.282135307287442,-2.62473148803533,0.00867173232467367,0.109643504968567,"AT5G46900","Cortex_lineage","harmony",FALSE
8.94011372926942,-0.291452496482829,0.908430727123114,-0.320830733462553,0.748338667639816,0.951363128146776,"AT5G09640","Cortex_lineage","harmony",FALSE
953.947078566178,-1.44527984245209,0.441159425997776,-3.27609421284217,0.0010525344359893,0.0257717602477923,"AT5G20230","Cortex_lineage","harmony",TRUE
8.23531048737331,-0.854240731504648,1.00531133038303,-0.849727547762914,0.395476578992717,0.804444689334063,"AT5G04370","Cortex_lineage","harmony",FALSE
30.6032696103158,0.0249182123745071,0.60520938749387,0.0411728781631952,0.967158075422513,0.993592330846209,"AT5G13910","Cortex_lineage","harmony",FALSE
262.457930993693,-1.21702476014883,0.368465346318868,-3.30295582015363,0.000956714594985874,0.0241377490509678,"AT5G14700","Cortex_lineage","harmony",TRUE
56.8892990403619,-2.21551024286671,0.60152688999037,-3.68314414489796,0.000230374803008019,0.00823388930685189,"AT5G52400","Cortex_lineage","harmony",TRUE
151.008304456384,1.0244587390081,0.347650007643864,2.94681063277171,0.00321069758293525,0.0577943123423257,"AT5G42500","Cortex_lineage","harmony",FALSE
978.8917289253,-1.7855014238612,0.279074505714799,-6.3979381394512,1.57489062244702e-10,7.91072332050963e-08,"AT5G53250","Cortex_lineage","harmony",TRUE
34.0345640604445,-0.888391145815436,0.500564525755733,-1.77477847531081,0.0759344717657513,0.4021373175684,"AT5G10100","Cortex_lineage","harmony",FALSE
69.2674704851492,-0.887993511202757,0.650960179942581,-1.36412877248664,0.172527040631764,0.589063339310277,"AT5G15960","Cortex_lineage","harmony",FALSE
37.334609226812,0.348221055558852,0.548199081548037,0.635209118876166,0.525292036701002,0.872501176046543,"AT5G04960","Cortex_lineage","harmony",FALSE
326.497021200934,1.3339886561977,0.327240911074895,4.07647274852012,4.57240114508543e-05,0.0023759285699353,"AT5G43350","Cortex_lineage","harmony",TRUE
5.52317704826442,0.018761755627775,1.15186089069434,0.0162882130814125,0.987004460893983,NA,"AT5G22540","Cortex_lineage","harmony",FALSE
7.07263501933411,-0.0757355400167989,0.967806517418451,-0.078254835707056,0.937625343123039,0.989434447930847,"AT5G20045","Cortex_lineage","harmony",FALSE
79.1685346191945,-0.753060701384784,0.512236114364655,-1.47014370964225,0.141522836332024,0.540553894930847,"AT3G20940","Cortex_lineage","harmony",FALSE
178.125554694736,0.349424987883871,0.3386981882159,1.03167067330497,0.302226420289652,0.735066860742654,"AT3G27170","Cortex_lineage","harmony",FALSE
1076.55834554333,-2.2794848309273,1.05357104885323,-2.16357960235187,0.0304966283941592,0.240376658231851,"AT3G48520","Cortex_lineage","harmony",FALSE
258.715033528842,-0.891737748925426,0.312545511672117,-2.85314527204257,0.00432888273391163,0.0696655924245816,"AT3G22240","Cortex_lineage","harmony",FALSE
65.1992112214135,0.0964270886648782,0.436078661953305,0.221123152948959,0.824996542987276,0.967965003026106,"AT3G09220","Cortex_lineage","harmony",FALSE
56.1332114665938,0.108515570131406,0.427931174856889,0.253581829292283,0.799818635998376,0.962634136778068,"AT3G02240","Cortex_lineage","harmony",FALSE
31.6981675560964,-0.206928132632222,0.565495415413864,-0.365923625535991,0.714422066552409,0.94117477889638,"AT3G14560","Cortex_lineage","harmony",FALSE
702.69747530403,-0.265025127902925,0.502185760271478,-0.527743215497895,0.597677574286078,0.905631409812325,"AT3G12580","Cortex_lineage","harmony",FALSE
2.22781289842907,0.697874780987324,1.82951217960198,0.381454022973026,0.702866381123808,NA,"AT3G62990","Cortex_lineage","harmony",FALSE
155.932319816513,-0.900218742494934,0.342501388534895,-2.62836523479734,0.00857963431744088,0.108894347967764,"AT3G27540","Cortex_lineage","harmony",FALSE
100.999496027262,0.400415095556057,0.420384809353773,0.952496585620177,0.340845196727753,0.768268966679254,"AT3G07600","Cortex_lineage","harmony",FALSE
9.82261722868599,-4.82286992969473,4.33178533766244,-1.11336771186757,0.26555053624036,0.70072522277853,"AT3G21320","Cortex_lineage","harmony",FALSE
4.73522619931058,-2.85065256357613,1.37374197580873,-2.07510042917479,0.0379772279771819,NA,"AT3G22910","Cortex_lineage","harmony",FALSE
931.828843447309,-1.28091937670866,1.0706892308381,-1.19635029457241,0.231559889571693,0.664653640864237,"AT3G50970","Cortex_lineage","harmony",FALSE
153.227544496046,0.841835585363313,0.346615678744271,2.42872909965625,0.0151518489079328,0.156289388611011,"AT3G55230","Cortex_lineage","harmony",FALSE
905.969022298473,-0.154369122179132,0.357100191736602,-0.43228518424598,0.665534153904763,0.927049927321458,"AT3G11340","Cortex_lineage","harmony",FALSE
6.99694189575355,0.584628659817726,1.06502553855505,0.548933935059349,0.583050788685514,0.90188968582037,"AT3G09290","Cortex_lineage","harmony",FALSE
7.40696623049508,-5.46463307970242,4.05196789412286,-1.34863681610818,0.177453649270846,0.594356777190047,"AT3G59620","Cortex_lineage","harmony",FALSE
27.143105148411,-0.709059743662914,0.589692560154582,-1.20242273953234,0.229199783342222,0.66159402063899,"AT2G32560","Cortex_lineage","harmony",FALSE
49.7746312738947,0.941964131345362,0.465557110828246,2.02330521741912,0.043041689314416,0.294135680459853,"AT2G47360","Cortex_lineage","harmony",FALSE
24.1113329571551,0.049109479839104,0.62034339923075,0.079164991358015,0.936901390018391,0.989189339884709,"AT2G31690","Cortex_lineage","harmony",FALSE
51.2355785786839,0.334893023600663,0.487594924141403,0.686826312210632,0.492192186672934,0.857177439720415,"AT2G35910","Cortex_lineage","harmony",FALSE
3.58221499174632,-0.228192853159085,1.32759981275273,-0.171883764193922,0.863528910912231,NA,"AT2G25150","Cortex_lineage","harmony",FALSE
4.39901219561251,-1.43388144455844,1.28367463566854,-1.11701314703602,0.263988703943309,NA,"AT2G28650","Cortex_lineage","harmony",FALSE
14.4768762249929,1.40377337761637,0.778943911195647,1.80214949682531,0.0715218880085621,0.389632883643117,"AT2G44340","Cortex_lineage","harmony",FALSE
32.0561127088187,-1.38933074030066,0.662840180823408,-2.09602673539612,0.036079819353795,0.266830558883917,"AT2G21510","Cortex_lineage","harmony",FALSE
26.3099398547433,1.60858944510229,0.611154762323199,2.63204926848237,0.00848715542379819,0.108217760234522,"AT2G23600","Cortex_lineage","harmony",FALSE
9.59264952576845,0.201630354371285,0.849497008390778,0.237352636183191,0.812383230737353,0.966163358635059,"AT2G43060","Cortex_lineage","harmony",FALSE
234.065188105808,0.675871895349206,0.319389349429738,2.11613786294364,0.034333084078039,0.258566652284223,"AT2G41380","Cortex_lineage","harmony",FALSE
79.6398455246975,-1.3654803409833,0.407064948539915,-3.35445325342083,0.000795219881552752,0.0211243024945808,"AT2G33110","Cortex_lineage","harmony",TRUE
74.8263182305389,0.815255372918332,0.402826173832401,2.02383912932511,0.0429867066815672,0.294076619873569,"AT2G39430","Cortex_lineage","harmony",FALSE
10.167421142772,0.510198287615372,0.841786394861368,0.606089966207397,0.54445501347169,0.882392038687916,"AT2G44940","Cortex_lineage","harmony",FALSE
23.8190084087078,0.885220173928637,0.652307409464667,1.35705981732618,0.174762204816358,0.590954367000399,"AT2G44130","Cortex_lineage","harmony",FALSE
153.045885823567,-1.25799186757952,0.386238866997269,-3.25703075239297,0.0011258423494406,0.0271442880422727,"AT4G11210","Cortex_lineage","harmony",TRUE
107.029145864766,1.98568218616698,0.41348235776241,4.80233835589175,1.56823404675808e-06,0.000168799010123779,"AT4G36220","Cortex_lineage","harmony",TRUE
2460.75387098638,0.895904559756606,0.293688999195488,3.05052134131951,0.0022844444459704,0.045079703733816,"AT4G17340","Cortex_lineage","harmony",FALSE
33.1481516671722,0.015222816812023,0.521706036862177,0.0291789163560025,0.97672189638389,0.994615538872228,"AT4G17250","Cortex_lineage","harmony",FALSE
165.254166969554,-0.878608320695255,0.492706331326246,-1.78322920740688,0.0745489998271035,0.398437415698309,"AT4G01720","Cortex_lineage","harmony",FALSE
6.54179010674802,-0.812284161939958,1.19728326236628,-0.678439419870097,0.497493122196207,0.859280854852386,"AT4G23550","Cortex_lineage","harmony",FALSE
62.9630218028059,-1.12208168886042,0.448642235516471,-2.5010612020705,0.0123821778260885,0.137563993558958,"AT4G01140","Cortex_lineage","harmony",FALSE
40.1355680235336,-0.330680186765957,0.472049675848297,-0.700519889504654,0.483602688446422,0.853331718510528,"AT4G18430","Cortex_lineage","harmony",FALSE
158.99668686794,-0.295790830034555,0.337604221238685,-0.876146716854681,0.380950278656564,0.796324066491014,"AT4G01090","Cortex_lineage","harmony",FALSE
607.092293397332,0.803379012847809,0.281955032466986,2.84931609774291,0.0043813326778088,0.070236915345608,"AT4G12545","Cortex_lineage","harmony",FALSE
501.472350744455,-0.825938244290442,1.0712384667603,-0.771012496207585,0.440699524719126,0.831209260398499,"AT4G27410","Cortex_lineage","harmony",FALSE
45.0332304551804,-2.14521975936813,0.470860202111005,-4.55595896563454,5.21471167146621e-06,0.000427916141911999,"AT4G08040","Cortex_lineage","harmony",TRUE
35.9875590448694,0.98484405152611,0.595720406071469,1.65319844928723,0.098290481989414,0.453351886797448,"AT4G17670","Cortex_lineage","harmony",FALSE
58.8328699291161,0.757346092522338,0.447358107181848,1.69293029535839,0.0904687359368689,0.435617379502363,"AT4G28890","Cortex_lineage","harmony",FALSE
206.678534743308,2.4915922937514,0.349532891446863,7.12834858956381,1.01580255018934e-12,1.12252953812924e-09,"AT4G04745","Cortex_lineage","harmony",TRUE
627.82425713223,1.14855241207842,0.283004027144703,4.05843133635392,4.94034547354247e-05,0.00251938383139821,"AT4G15390","Cortex_lineage","harmony",TRUE
5.57314902538837,2.92843878318138,1.44331808754013,2.02896285196036,0.0424620741441535,NA,"AT4G10310","Cortex_lineage","harmony",FALSE
148.295702222196,0.151763618302226,0.375156108324039,0.404534578898929,0.685819655372656,0.933787822341808,"AT4G01870","Cortex_lineage","harmony",FALSE
140.746028115345,-0.722506748559235,0.33893645529898,-2.13168792339526,0.0330325102699268,0.252093411710086,"AT4G39400","Cortex_lineage","harmony",FALSE
28.035590888159,-0.240129439202388,0.54722526379894,-0.438812779832869,0.660797199416962,0.924527477024896,"AT4G01680","Cortex_lineage","harmony",FALSE
322.670455687897,-0.170732324778283,0.358640213604498,-0.476054603755517,0.63403547727819,0.91727954120924,"AT4G35060","Cortex_lineage","harmony",FALSE
22.6164855999627,1.20368743705116,0.66696003396501,1.80473697935895,0.0711158502297855,0.486633361020506,"AT1G69810","Dividing_meristematic","harmony",FALSE
26.8653832401781,0.752293795119661,0.584443244605197,1.28719734903917,0.198025511022598,0.781946152187355,"AT1G72430","Dividing_meristematic","harmony",FALSE
58.3066970763522,0.11104643821283,0.406901368147121,0.27290750758223,0.784924315297026,0.998856587150777,"AT1G65310","Dividing_meristematic","harmony",FALSE
37.9342825383394,-0.243670409338964,0.496252528909231,-0.491020992627594,0.623411600009828,0.994738800333708,"AT1G06180","Dividing_meristematic","harmony",FALSE
59.4424416227817,1.60596428684674,0.419095736954331,3.83197476194261,0.000127118782378081,0.00616846018544978,"AT1G49310","Dividing_meristematic","harmony",TRUE
3.36733734934236,-0.0738380624890684,1.54051948904125,-0.0479306253600349,0.961771531924741,NA,"AT1G56060","Dividing_meristematic","harmony",FALSE
13.8800116113356,2.64096043328182,0.925261692040073,2.85428485368164,0.00431338365348798,0.0824329633112334,"AT1G70890","Dividing_meristematic","harmony",FALSE
2.86494556232324,0.945564967849158,1.70363356692103,0.555028373594489,0.578875253184947,NA,"AT1G26970","Dividing_meristematic","harmony",FALSE
21.8802266141367,1.47532209936137,0.681979668863314,2.16329337474291,0.0305186223409528,0.303989799268912,"AT1G70690","Dividing_meristematic","harmony",FALSE
4.55616275573086,-0.533230253166189,1.34047883033683,-0.397790879720347,0.690784340632107,NA,"AT1G28660","Dividing_meristematic","harmony",FALSE
8.96871128286926,0.961205403792053,1.01638814605038,0.94570701904311,0.34429804144913,0.924965905005786,"AT1G09090","Dividing_meristematic","harmony",FALSE
11.9399208232978,2.14435399295817,0.922545515582832,2.32438828950726,0.0201046926329256,0.238046318653716,"AT1G72300","Dividing_meristematic","harmony",FALSE
2.50430675108495,-0.850858748933796,1.92250610866642,-0.442577916969018,0.658071060584784,NA,"AT1G66090","Dividing_meristematic","harmony",FALSE
67.4488781138596,1.6006832035906,0.428092010837719,3.73911019843206,0.000184672765078971,0.00810268675732864,"AT1G14960","Dividing_meristematic","harmony",TRUE
6.27388914606384,2.4167539012882,1.28374779252651,1.88257687012794,0.0597577333808411,NA,"AT1G18860","Dividing_meristematic","harmony",FALSE
41.1592186164808,-0.505152788549258,0.516171198075386,-0.978653575466413,0.327751177835937,0.915447018432003,"AT1G78280","Dividing_meristematic","harmony",FALSE
10.7725836456046,-1.85723663463712,0.968731338286286,-1.91718442589317,0.0552145059167761,0.428098863033573,"AT1G17420","Dividing_meristematic","harmony",FALSE
37.647773316153,1.18866279026303,0.513595418891442,2.31439523512238,0.0206460520232267,0.242235549059796,"AT1G29050","Dividing_meristematic","harmony",FALSE
13.1736580225345,0.519492203733882,0.862884151714318,0.602041656115472,0.547146409407729,0.986965127178226,"AT1G63720","Dividing_meristematic","harmony",FALSE
25.3389705318602,0.309559579086825,0.586958714042416,0.527395831565174,0.59791873762175,0.992335306990141,"AT1G72470","Dividing_meristematic","harmony",FALSE
3.77199800070922,1.50607411464474,1.52453395084688,0.987891488941988,0.323205794170462,NA,"AT1G44050","Dividing_meristematic","harmony",FALSE
22.6664140454138,1.08014407382881,0.681286686061885,1.58544720736065,0.112864762654652,0.61638159139692,"AT5G48430","Dividing_meristematic","harmony",FALSE
108.697007008642,-0.980646965675771,0.371032969891756,-2.64301839796572,0.00821705702167891,0.130890202239467,"AT5G01040","Dividing_meristematic","harmony",FALSE
31.0395199066777,-0.290106227323412,0.583023591690887,-0.497589173848085,0.618773635927629,0.994205524316232,"AT5G63770","Dividing_meristematic","harmony",FALSE
7.63589959304425,-2.18396638696074,1.19655797420244,-1.82520733140109,0.0679697478843052,0.474996591670661,"AT5G43650","Dividing_meristematic","harmony",FALSE
7.9864122700921,0.965255607514683,1.04197784766458,0.926368645627292,0.354254432759385,0.927442581724048,"AT5G57540","Dividing_meristematic","harmony",FALSE
8.25415115713878,0.243529871327414,1.00739367704721,0.241742505314535,0.808979691687893,0.998856587150777,"AT5G57030","Dividing_meristematic","harmony",FALSE
6.75327533087877,-0.442542162251815,1.12023569976397,-0.39504379510942,0.692810567215707,NA,"AT5G22690","Dividing_meristematic","harmony",FALSE
6.54551196217756,0.41611835208295,1.11918184141981,0.371805846630836,0.710037410292054,NA,"AT5G05790","Dividing_meristematic","harmony",FALSE
18.5464379483622,2.54136489249348,0.784025285181264,3.24143231159429,0.00118930674210381,0.0320575046884641,"AT5G48290","Dividing_meristematic","harmony",TRUE
35.2468270506914,1.42891485301763,0.547385091353006,2.61043801811571,0.00904263568832196,0.140011798734568,"AT5G24030","Dividing_meristematic","harmony",FALSE
11.4145234340745,1.13573062740911,0.897124943132265,1.26596706077947,0.205524875365402,0.793969789481769,"AT5G36180","Dividing_meristematic","harmony",FALSE
4.38442202077729,1.25469243454821,1.40504554847306,0.892990576648388,0.371862219086828,NA,"AT5G27100","Dividing_meristematic","harmony",FALSE
44.7533067449836,1.99654220277087,0.495595351781624,4.02857330197604,5.61163643539137e-05,0.00336700174906046,"AT5G66985","Dividing_meristematic","harmony",TRUE
60.1013489958133,0.975604943261746,0.414680445448559,2.35266686425601,0.0186393246975874,0.226758943083129,"AT5G42590","Dividing_meristematic","harmony",FALSE
6.27857137142546,2.72619007325029,1.33831032910949,2.03703880479222,0.0416461534869525,NA,"AT5G38100","Dividing_meristematic","harmony",FALSE
7.63531192814991,1.71267615309178,1.21183237736507,1.41329459839629,0.157569121567492,0.720614876121143,"AT5G02350","Dividing_meristematic","harmony",FALSE
10.9789610531169,-0.174381734338546,0.894301891666878,-0.194992022228107,0.845399193089344,0.998856587150777,"AT5G52870","Dividing_meristematic","harmony",FALSE
13.6223405140299,0.988960932798646,0.823677453074232,1.20066529575081,0.229881061260924,0.827048878477962,"AT5G57480","Dividing_meristematic","harmony",FALSE
44.6036795312225,1.01976034667214,0.498201869365283,2.04688181513918,0.040669689996344,0.35432238631441,"AT5G09978","Dividing_meristematic","harmony",FALSE
319.978839705358,0.594762774307273,0.264341983820027,2.24997469456916,0.0244505517269498,0.267249013551478,"AT5G46900","Dividing_meristematic","harmony",FALSE
19.2981720199307,-1.65188015028763,0.833919862710533,-1.98086197985312,0.0476067538294797,0.392685913270665,"AT5G20230","Dividing_meristematic","harmony",FALSE
8.63552895094996,1.11330294206415,1.07034763314291,1.0401321099717,0.298278527376965,0.891614058980826,"AT5G13910","Dividing_meristematic","harmony",FALSE
14.430342479526,-0.00194584877959266,0.767908095565867,-0.00253396049713316,0.997978194205308,0.999284638572068,"AT5G14700","Dividing_meristematic","harmony",FALSE
2.78878501751406,-1.68349250601118,1.8668105197925,-0.901801488775788,0.36716232879801,NA,"AT5G52400","Dividing_meristematic","harmony",FALSE
37.050910044827,1.52906652175508,0.517903977136175,2.95241316780433,0.00315300734367717,0.0657718180614434,"AT5G42500","Dividing_meristematic","harmony",FALSE
179.24011254987,-0.500707336784859,0.26744177177892,-1.8722106627336,0.0611774644994986,0.450660419333521,"AT5G53250","Dividing_meristematic","harmony",FALSE
12.5200081024141,-1.24410751280772,0.845903059654757,-1.4707447840601,0.141360149956059,0.68605114124371,"AT5G10100","Dividing_meristematic","harmony",FALSE
19.2377245108143,0.0286887255200554,0.810474310581629,0.0353974520172851,0.971762816435955,0.999016938482339,"AT5G15960","Dividing_meristematic","harmony",FALSE
26.5593676948815,0.555587865056398,0.582791911160224,0.953321167327686,0.340427369833623,0.923397521566688,"AT5G04960","Dividing_meristematic","harmony",FALSE
100.610684111535,1.98937101702205,0.346873616822735,5.73514652179123,9.74280828635761e-09,2.37582344450712e-06,"AT5G43350","Dividing_meristematic","harmony",TRUE
8.42088666205884,0.622872874265474,1.11658561268589,0.557837094790415,0.576955629794625,0.988479970961475,"AT5G20045","Dividing_meristematic","harmony",FALSE
64.1236481438191,-0.329907053499764,0.41288055131033,-0.799037524176813,0.424268654054055,0.955543694177821,"AT3G20940","Dividing_meristematic","harmony",FALSE
22.0391942609227,2.30176633008409,0.696417515353181,3.30515284199418,0.000949246192313763,0.0269951683204973,"AT3G27170","Dividing_meristematic","harmony",TRUE
51.974931863418,-1.28389731363927,0.985233293955867,-1.30314040493315,0.192526831484493,0.775891001167879,"AT3G48520","Dividing_meristematic","harmony",FALSE
53.9207150758132,0.280241673759261,0.4306133833243,0.650796479189333,0.515177873293209,0.981803862320721,"AT3G22240","Dividing_meristematic","harmony",FALSE
18.5362054343256,0.296457493129904,0.711939987013057,0.416407981764996,0.677111488795544,0.997088619351078,"AT3G09220","Dividing_meristematic","harmony",FALSE
20.3555135774023,1.6528471150253,0.700435332626356,2.3597426315257,0.0182876175366201,0.223886085466094,"AT3G02240","Dividing_meristematic","harmony",FALSE
17.8644759229543,0.309998858518763,0.713228300368497,0.434641836784378,0.663822422547103,0.997088619351078,"AT3G14560","Dividing_meristematic","harmony",FALSE
349.322916858152,-0.907456316290663,1.03366402102704,-0.877902585202705,0.379996586152049,0.936338169915837,"AT3G12580","Dividing_meristematic","harmony",FALSE
12.6726762144027,0.857210356561107,0.829371479806321,1.03356623350647,0.301338991823308,0.894136720273233,"AT3G27540","Dividing_meristematic","harmony",FALSE
8.01775267847813,1.12864524638122,1.09570215963329,1.03006573132881,0.302979150526034,0.895516389232242,"AT3G07600","Dividing_meristematic","harmony",FALSE
2.40030939261093,-1.32217515756816,1.85939679871111,-0.711077462586073,0.477036235100771,NA,"AT3G22910","Dividing_meristematic","harmony",FALSE
145.263956894905,0.362137988472822,1.03581452363786,0.34961663522632,0.726626424805905,0.997088619351078,"AT3G50970","Dividing_meristematic","harmony",FALSE
71.097813240072,1.65029603397691,0.400349611868541,4.12213721470724,3.75373486284699e-05,0.00249695865404573,"AT3G55230","Dividing_meristematic","harmony",TRUE
109.471656491259,0.690128055263777,0.396359247896258,1.74116804118169,0.081654127431524,0.523920854162027,"AT3G11340","Dividing_meristematic","harmony",FALSE
9.98194533721276,-0.475779370140663,0.927397752215207,-0.513026227424214,0.607932974482632,0.994023965767097,"AT2G32560","Dividing_meristematic","harmony",FALSE
23.3623277896298,1.34759960813698,0.629879439400927,2.13945641632417,0.0323987220765361,0.312669858944105,"AT2G47360","Dividing_meristematic","harmony",FALSE
11.7609415506551,0.626025432253489,0.85808956502403,0.729557213804317,0.4656608835365,0.973298644362521,"AT2G35910","Dividing_meristematic","harmony",FALSE
3.60278854560939,2.53702567240674,1.69736835919949,1.49468184596256,0.134997494366732,NA,"AT2G44340","Dividing_meristematic","harmony",FALSE
2.72480989597815,-1.53747803560873,1.82199435139347,-0.843843469894873,0.398756880780707,NA,"AT2G21510","Dividing_meristematic","harmony",FALSE
15.7127171203016,2.55491295681238,0.839576856992119,3.04309597809265,0.00234157637019236,0.052597235016828,"AT2G23600","Dividing_meristematic","harmony",FALSE
32.9168049095428,1.19176781632409,0.532758554905952,2.23697546543287,0.0252879436129751,0.272179054206598,"AT2G41380","Dividing_meristematic","harmony",FALSE
8.97445646474791,-0.165397270923394,0.960242076136143,-0.172245390025946,0.863244615012333,0.998856587150777,"AT2G33110","Dividing_meristematic","harmony",FALSE
40.8726875048882,2.10785070253664,0.543818519214072,3.87601861294263,0.000106179565457506,0.00532581580914527,"AT2G39430","Dividing_meristematic","harmony",TRUE
15.8050834084211,1.49658849973392,0.784962042733407,1.90657435424836,0.0565757287068143,0.43233465719181,"AT2G44130","Dividing_meristematic","harmony",FALSE
66.8889795860564,0.222069864702428,0.414268534833008,0.536052936755008,0.591921965227689,0.992300893377909,"AT4G11210","Dividing_meristematic","harmony",FALSE
10.8222840436606,2.03129196075869,0.953054616645137,2.13134895449022,0.0330604048278751,0.316103155106253,"AT4G36220","Dividing_meristematic","harmony",FALSE
711.401259543987,2.00989889030232,0.194441379701721,10.3367857880126,4.8038000928122e-25,2.48180325461654e-21,"AT4G17340","Dividing_meristematic","harmony",TRUE
4.39580914775597,1.94849845210959,1.53032999500939,1.27325378086028,0.202928001881549,NA,"AT4G01720","Dividing_meristematic","harmony",FALSE
7.40386033507334,0.528175310041439,1.0942577658969,0.48267906018334,0.629323633559538,0.996363152460445,"AT4G01140","Dividing_meristematic","harmony",FALSE
15.6225098994076,1.61350216423138,0.872376327030183,1.84954831331129,0.0643786782855777,0.463018624013071,"AT4G18430","Dividing_meristematic","harmony",FALSE
27.5504401926358,-0.114013163973278,0.573551584234728,-0.198784498390677,0.842431322493464,0.998856587150777,"AT4G01090","Dividing_meristematic","harmony",FALSE
289.245785895836,1.62173955645867,0.242070247901482,6.69945840316025,2.09193403887312e-11,9.53614284367485e-09,"AT4G12545","Dividing_meristematic","harmony",TRUE
42.6265364648957,0.526663914459156,0.505112452144465,1.04266666209315,0.297102703265902,0.890349904986313,"AT4G27410","Dividing_meristematic","harmony",FALSE
3.3946198100885,-0.84741844774586,1.65212320851134,-0.512926907254957,0.608002450723251,NA,"AT4G08040","Dividing_meristematic","harmony",FALSE
9.54844224533801,0.626683051097809,0.952913997808782,0.657649118953926,0.510763624203833,0.980798861491974,"AT4G17670","Dividing_meristematic","harmony",FALSE
14.3712476196229,2.9540291906635,0.926848532478538,3.18717577592098,0.00143669433495713,0.0366449714168941,"AT4G28890","Dividing_meristematic","harmony",TRUE
31.1877987868527,3.33231302384255,0.662067449689543,5.0331926534149,4.82377915908692e-07,7.25861681424156e-05,"AT4G04745","Dividing_meristematic","harmony",TRUE
95.1130876108045,2.27808252524989,0.362692487854864,6.28103035362974,3.36336460687723e-10,1.30321970104976e-07,"AT4G15390","Dividing_meristematic","harmony",TRUE
4.82307003450733,2.8441867383285,1.59206877347366,1.78647228418588,0.0740228209138675,NA,"AT4G10310","Dividing_meristematic","harmony",FALSE
56.0516900035637,0.224174482579029,0.426725645496023,0.52533632544735,0.599349409388202,0.992335306990141,"AT4G01870","Dividing_meristematic","harmony",FALSE
108.383862606354,-0.340475499137816,0.321704713173189,-1.05834787367421,0.289896874642225,0.883948782230935,"AT4G39400","Dividing_meristematic","harmony",FALSE
3.13815237589709,0.518009619796568,1.59813678975906,0.324133467870836,0.745836989853184,NA,"AT4G01680","Dividing_meristematic","harmony",FALSE
48.775713287611,1.15473307126461,0.449253099696084,2.57033968612744,0.0101598838544531,0.152442037170046,"AT4G35060","Dividing_meristematic","harmony",FALSE
44.9363449669612,-0.336034502590469,0.467415518113402,-0.718920295900278,0.472190030426606,0.999594717235846,"AT1G69810","Endodermis_lineage","harmony",FALSE
89.0002477946328,0.0160117057156609,0.401486188739172,0.0398810872322758,0.968187929308454,0.999594717235846,"AT1G72430","Endodermis_lineage","harmony",FALSE
74.272836017131,-0.346068905769141,0.419457853256379,-0.825038566050206,0.409349695819317,0.999594717235846,"AT1G65310","Endodermis_lineage","harmony",FALSE
7.71248025874303,0.8397511863369,0.970601562733717,0.865186311849453,0.386936537084731,NA,"AT1G06180","Endodermis_lineage","harmony",FALSE
111.649715967586,0.593484055437879,0.371596442961161,1.59711985052534,0.110238994131804,0.687966945637449,"AT1G49310","Endodermis_lineage","harmony",FALSE
20.9792418665223,-0.227209084279076,0.619946454646485,-0.366497916999361,0.713993566648275,0.999594717235846,"AT1G56060","Endodermis_lineage","harmony",FALSE
23.962209457578,0.698954512678131,0.602502802177216,1.16008508201518,0.246014167284201,0.934216447409204,"AT1G70890","Endodermis_lineage","harmony",FALSE
4.8560369923909,-1.12405446006836,1.21769515945207,-0.923100047941513,0.355955069658549,NA,"AT1G26970","Endodermis_lineage","harmony",FALSE
87.1191299155335,-0.857068237035871,0.383831946747681,-2.23292574862008,0.0255538412746658,0.293119224969074,"AT1G70690","Endodermis_lineage","harmony",FALSE
6.53993081395842,-2.84178133001706,1.12488969321429,-2.52627555142485,0.0115279023586305,NA,"AT1G09930","Endodermis_lineage","harmony",FALSE
7.21702146464054,-0.337751640484304,0.977495311622878,-0.34552763217202,0.729697740483061,NA,"AT1G28660","Endodermis_lineage","harmony",FALSE
2.02811740102845,1.60445677864289,2.01281365400524,0.797121370599916,0.42538054600082,NA,"AT1G66440","Endodermis_lineage","harmony",FALSE
5.52417769080234,-0.101345994956841,1.1428175219118,-0.088680820002918,0.929335575890455,NA,"AT1G56600","Endodermis_lineage","harmony",FALSE
244.249787364051,-1.06958317978001,0.412509974695513,-2.59286622237318,0.00951797855275291,0.150868121414507,"AT1G09090","Endodermis_lineage","harmony",FALSE
19.1660142698285,0.790763726949179,0.672093897357282,1.17656733688331,0.239368241170708,0.924165427125527,"AT1G72300","Endodermis_lineage","harmony",FALSE
4.92864995756795,-0.494907935090519,1.15226151523486,-0.429510079567003,0.667552060167146,NA,"AT1G77380","Endodermis_lineage","harmony",FALSE
9.42373239303065,-3.08677044179726,1.04824615727139,-2.94469998328657,0.00323267958206403,NA,"AT1G66090","Endodermis_lineage","harmony",FALSE
83.3647821850701,1.11508188985756,0.403960255337793,2.76037524762213,0.00577350036753308,0.105150957284253,"AT1G14960","Endodermis_lineage","harmony",FALSE
7.05808432547196,1.68959929344149,1.0839271327054,1.5587757169842,0.119049473511829,NA,"AT1G18860","Endodermis_lineage","harmony",FALSE
199.955607626958,-1.62228558096006,0.343711028812293,-4.71991133530377,2.35947465902319e-06,0.000207052435148224,"AT1G78280","Endodermis_lineage","harmony",TRUE
50.0631978430983,-1.76330690671038,0.466932130863852,-3.77636660695883,0.000159132720251298,0.00640964731607613,"AT1G17420","Endodermis_lineage","harmony",TRUE
53.821615537302,0.0686864843844426,0.441496036921805,0.155576672586549,0.876366713599054,0.999594717235846,"AT1G29050","Endodermis_lineage","harmony",FALSE
37.6416748574608,-0.245565909161772,0.541358743412694,-0.45361031321622,0.650109329222149,0.999594717235846,"AT1G63720","Endodermis_lineage","harmony",FALSE
12.6112674248903,0.941614568620377,0.81531328377348,1.1549113541513,0.248126729327511,NA,"AT1G72470","Endodermis_lineage","harmony",FALSE
2.97831598376455,1.35321320596327,1.58065923328453,0.856106855587943,0.391938676947481,NA,"AT1G44050","Endodermis_lineage","harmony",FALSE
26.3326256157247,0.363952310696758,0.585311912643098,0.621809163345498,0.534067360240516,0.999594717235846,"AT5G48430","Endodermis_lineage","harmony",FALSE
443.509359394671,-2.50912345238724,0.337252091941191,-7.43990478441502,1.00757897512259e-13,1.77216348741145e-10,"AT5G01040","Endodermis_lineage","harmony",TRUE
136.155833190585,-1.65884142341097,0.404176792315047,-4.1042470892736,4.05633748032786e-05,0.00216194593080302,"AT5G63770","Endodermis_lineage","harmony",TRUE
80.8688816604231,-2.38938960710335,0.401816015841363,-5.94647677768692,2.73975382434022e-09,8.03128391896176e-07,"AT5G43650","Endodermis_lineage","harmony",TRUE
8.55425790550283,0.264727253395675,0.902520719610653,0.293319862517814,0.769277672905695,NA,"AT5G57540","Endodermis_lineage","harmony",FALSE
3.81366671751943,0.871195285479923,1.38212441148414,0.630330582573553,0.528478317833783,NA,"AT5G57030","Endodermis_lineage","harmony",FALSE
28.2691627074967,-1.34179345361895,0.564182258484815,-2.37829785222689,0.0173927704723124,0.229719532909027,"AT5G22690","Endodermis_lineage","harmony",FALSE
44.2548417251351,0.698607648819902,0.498626979171493,1.40106267410699,0.16119533212549,0.81120378632346,"AT5G05790","Endodermis_lineage","harmony",FALSE
26.5303296927442,0.83796511326563,0.591367074733086,1.41699656451764,0.156483931906808,0.799310229144502,"AT5G48290","Endodermis_lineage","harmony",FALSE
2.53265079241484,-0.0232457964430265,1.60606529676943,-0.0144737555127957,0.988452017137962,NA,"AT5G51500","Endodermis_lineage","harmony",FALSE
77.7283270795619,-0.0637787013767988,0.393862980912138,-0.161931190458913,0.87136004052336,0.999594717235846,"AT5G24030","Endodermis_lineage","harmony",FALSE
51.9362651322707,-0.476611545055761,0.441858665036156,-1.07865157519715,0.280743080434781,0.964465584981326,"AT5G36180","Endodermis_lineage","harmony",FALSE
6.33036124979759,1.48984041092257,1.11745937004353,1.3332389980895,0.182453385258606,NA,"AT5G27100","Endodermis_lineage","harmony",FALSE
104.042614750797,0.631676385111505,0.372134145086429,1.69744269224421,0.0896129969872928,0.623156672904111,"AT5G66985","Endodermis_lineage","harmony",FALSE
8.61952603476596,2.27382318955315,1.07110821655583,2.12286971046181,0.0337647712643483,NA,"AT5G11570","Endodermis_lineage","harmony",FALSE
80.4212296285471,0.76001325011898,0.439677324207275,1.72857049539514,0.0838859940048621,0.600168742192074,"AT5G42590","Endodermis_lineage","harmony",FALSE
9.13727034077531,1.203621080951,0.924735026512816,1.30158482856421,0.193058348885139,NA,"AT5G38100","Endodermis_lineage","harmony",FALSE
4.06463234324497,-1.36388353755285,1.28818986184936,-1.0587597200888,0.289709222286844,NA,"AT5G14340","Endodermis_lineage","harmony",FALSE
5.7418583849944,-0.407512079738053,1.07680200350676,-0.378446621023113,0.705098840345384,NA,"AT5G02350","Endodermis_lineage","harmony",FALSE
14.10267317583,-1.78116812162802,0.742806946300673,-2.39788834837719,0.0164898907376984,NA,"AT5G52870","Endodermis_lineage","harmony",FALSE
33.8652307630366,-0.279828303603982,0.509534012864396,-0.549184738484679,0.582878676753246,0.999594717235846,"AT5G57480","Endodermis_lineage","harmony",FALSE
68.2674931436446,0.22940177397833,0.427469620655959,0.536650472672911,0.591509073062832,0.999594717235846,"AT5G09978","Endodermis_lineage","harmony",FALSE
411.816165603938,-0.23275980153409,0.298588142312951,-0.779534645050084,0.435664837484356,0.999594717235846,"AT5G46900","Endodermis_lineage","harmony",FALSE
2.47539613194819,-0.598838338971784,1.62637900129353,-0.368203437510876,0.712721547355649,NA,"AT5G09640","Endodermis_lineage","harmony",FALSE
212.418573773605,-1.79660776868891,0.429451881974373,-4.18349026770854,2.87067384890299e-05,0.00166451764436666,"AT5G20230","Endodermis_lineage","harmony",TRUE
6.37456676178492,0.579652761427532,1.0900597203491,0.531762389350461,0.594890574924209,NA,"AT5G13910","Endodermis_lineage","harmony",FALSE
106.076383190422,-1.05581231124459,0.432581578429102,-2.44072416370275,0.0146578457947396,0.200888632041412,"AT5G14700","Endodermis_lineage","harmony",FALSE
13.5709061167367,-1.57061802209923,0.856215381360691,-1.83437258462142,0.0665987063010911,NA,"AT5G52400","Endodermis_lineage","harmony",FALSE
176.007860912611,-0.159108805745506,0.332135651690395,-0.47904765699113,0.631904725566871,0.999594717235846,"AT5G42500","Endodermis_lineage","harmony",FALSE
283.588270079306,-1.38343224830147,0.352394020893808,-3.92581078643886,8.64380848094542e-05,0.00407146598983651,"AT5G53250","Endodermis_lineage","harmony",TRUE
13.3525399432355,0.647499928243424,0.75423385157358,0.858486962488525,0.390623626546605,NA,"AT5G10100","Endodermis_lineage","harmony",FALSE
29.3403125199317,-0.269311572661962,0.616183839256061,-0.437063674028048,0.66206517080066,0.999594717235846,"AT5G15960","Endodermis_lineage","harmony",FALSE
19.130725153786,-0.0158917544994978,0.750702574807808,-0.0211691754268544,0.98311070321606,0.999594717235846,"AT5G04960","Endodermis_lineage","harmony",FALSE
127.321485120731,1.20146857252555,0.368373839009867,3.26154695391758,0.00110806079842537,0.0304666679084091,"AT5G43350","Endodermis_lineage","harmony",TRUE
4.97810503227282,0.62601647439322,1.18899297518033,0.526509817518707,0.598534032597609,NA,"AT5G20045","Endodermis_lineage","harmony",FALSE
36.4491389196484,-1.50178536225042,0.507666654446084,-2.95821155299045,0.00309429683998219,0.0669141691646149,"AT3G20940","Endodermis_lineage","harmony",FALSE
63.1713131832505,0.410328443710307,0.426439952189503,0.962218576386959,0.335939819687653,0.993323877042252,"AT3G27170","Endodermis_lineage","harmony",FALSE
267.673665559906,-2.04392097000983,0.996722299312287,-2.05064236188965,0.0403017878037292,0.387009553467422,"AT3G48520","Endodermis_lineage","harmony",FALSE
224.486427313755,-0.388027922257843,0.330377891203006,-1.17449724267237,0.240195915728634,0.924165427125527,"AT3G22240","Endodermis_lineage","harmony",FALSE
28.4817433556003,-0.27643148732828,0.551643900640705,-0.50110494651934,0.616297265775352,0.999594717235846,"AT3G09220","Endodermis_lineage","harmony",FALSE
25.2772433135043,0.686007463636027,0.616030447816173,1.11359343692819,0.265453643280184,0.956852971611113,"AT3G02240","Endodermis_lineage","harmony",FALSE
18.4262205086881,-0.155239191327324,0.710435024301208,-0.218512863269965,0.827029537025467,0.999594717235846,"AT3G14560","Endodermis_lineage","harmony",FALSE
326.713950717244,0.535136812569427,0.411790640445504,1.29953612347886,0.193760004845717,0.868627583320668,"AT3G12580","Endodermis_lineage","harmony",FALSE
69.1287774004717,-0.47742076205507,0.413067698827725,-1.15579301748836,0.247765829800638,0.936487393225692,"AT3G27540","Endodermis_lineage","harmony",FALSE
14.9075026226336,-0.746431188110335,0.71181440408238,-1.04863175545398,0.294347634621031,0.973441111925961,"AT3G07600","Endodermis_lineage","harmony",FALSE
4.62572477843698,-1.58271619228169,1.24905211061953,-1.26713383599076,0.205107438774281,NA,"AT3G22910","Endodermis_lineage","harmony",FALSE
703.08295604719,-1.2214564285871,0.942113989694467,-1.29650598754321,0.194801218554993,0.87086420420561,"AT3G50970","Endodermis_lineage","harmony",FALSE
916.509909076447,-0.481893531680117,0.307123683190419,-1.56905363557176,0.116635441891647,0.704149781626174,"AT3G55230","Endodermis_lineage","harmony",FALSE
320.977888995965,-0.546570837147868,0.430309453086561,-1.27018087385108,0.204020208894839,0.880051984030045,"AT3G11340","Endodermis_lineage","harmony",FALSE
4.05038728391307,-0.168174096841695,1.25812765247149,-0.133670137931815,0.893663419685705,NA,"AT3G09290","Endodermis_lineage","harmony",FALSE
5.21023453147954,-5.08567828200799,3.77194311433676,-1.3482913521887,0.177564692454344,NA,"AT3G59620","Endodermis_lineage","harmony",FALSE
39.8902602777341,-0.195051116770118,0.52604990212314,-0.370784436957199,0.710798093930974,0.999594717235846,"AT2G32560","Endodermis_lineage","harmony",FALSE
27.9081170618811,-0.0769426517635507,0.548205798362777,-0.14035358982583,0.888380624756254,0.999594717235846,"AT2G47360","Endodermis_lineage","harmony",FALSE
7.43973783851544,-1.41562232430885,0.974160976102712,-1.45317084038028,0.146176326150406,NA,"AT2G31690","Endodermis_lineage","harmony",FALSE
13.1218101005642,0.267640071799699,0.765623083375882,0.349571581122641,0.726660241841886,NA,"AT2G35910","Endodermis_lineage","harmony",FALSE
2.95641454424928,-1.10794528157066,1.51219572699794,-0.732673199500564,0.463757773757619,NA,"AT2G25150","Endodermis_lineage","harmony",FALSE
11.302878191305,0.144512141447276,0.812223161983723,0.177921719314589,0.858784453440496,NA,"AT2G28650","Endodermis_lineage","harmony",FALSE
6.55388946213348,2.33848397910515,1.21391036018477,1.92640581694122,0.0540537216780024,NA,"AT2G44340","Endodermis_lineage","harmony",FALSE
19.2623915041172,-0.990812875112166,0.706437417426564,-1.40254869103839,0.160751461218799,0.809742324697845,"AT2G21510","Endodermis_lineage","harmony",FALSE
9.35218712888842,0.670824675977499,0.884620080649138,0.758319521172575,0.448259723629122,NA,"AT2G23600","Endodermis_lineage","harmony",FALSE
4.18051433693514,-0.418343265016423,1.24247197167739,-0.336702376031583,0.736341272043114,NA,"AT2G43060","Endodermis_lineage","harmony",FALSE
32.7390590919426,0.91096935865456,0.538516703990367,1.6916269298693,0.0907171284884105,0.627351151335646,"AT2G41380","Endodermis_lineage","harmony",FALSE
16.6701163549003,-1.11370709406315,0.685829996642506,-1.62388215667925,0.104400961426735,0.670976459157332,"AT2G33110","Endodermis_lineage","harmony",FALSE
423.837601991946,0.32010375826284,0.3211827669039,0.996640515145129,0.31893903274157,0.984742714942649,"AT2G39430","Endodermis_lineage","harmony",FALSE
7.91281345947633,0.902405447270526,0.971365692651113,0.929006916857053,0.352885501732885,NA,"AT2G44940","Endodermis_lineage","harmony",FALSE
15.1871872458183,0.848258105469321,0.736347440832976,1.15198078845735,0.249328967928701,0.93869732377866,"AT2G44130","Endodermis_lineage","harmony",FALSE
87.4967683504843,-0.662218009491344,0.447887186559612,-1.47853751874012,0.139263962484562,0.768079677902151,"AT4G11210","Endodermis_lineage","harmony",FALSE
17.200160225171,2.51767766442402,0.848296793326099,2.96792076102565,0.00299821611958453,0.0653722617974701,"AT4G36220","Endodermis_lineage","harmony",FALSE
1662.11758823259,0.373058824457803,0.277992067828987,1.3419765080754,0.179603612783913,0.841729321475719,"AT4G17340","Endodermis_lineage","harmony",FALSE
13.1227465840384,-0.263528473357064,0.759732299438953,-0.346870171969356,0.728688856318545,NA,"AT4G17250","Endodermis_lineage","harmony",FALSE
35.7374242210018,-0.751023846890737,0.51335770628311,-1.46296400677106,0.143477228060873,0.773001960878482,"AT4G01720","Endodermis_lineage","harmony",FALSE
22.920625888055,-0.859288942800444,0.596858667044372,-1.43968579204122,0.149956314874918,0.788092126929784,"AT4G01140","Endodermis_lineage","harmony",FALSE
25.6706895240702,0.52132506637199,0.579945227567669,0.898921211160689,0.368694628967601,0.999594717235846,"AT4G18430","Endodermis_lineage","harmony",FALSE
45.6524704060859,-0.302671040940486,0.496564545525265,-0.609530107753306,0.542173122589628,0.999594717235846,"AT4G01090","Endodermis_lineage","harmony",FALSE
365.750398965325,0.757860554536239,0.33108752076784,2.28900368331205,0.022079138378336,0.26783026349791,"AT4G12545","Endodermis_lineage","harmony",FALSE
205.101366613481,-0.346921202168431,0.435557139615625,-0.796499863312046,0.425741554932302,0.999594717235846,"AT4G27410","Endodermis_lineage","harmony",FALSE
8.9213278311665,-1.64409566931586,0.921218022356863,-1.78469768221596,0.0743103671023288,NA,"AT4G08040","Endodermis_lineage","harmony",FALSE
10.9197172231394,1.01295088872107,0.86645352525618,1.16907700089462,0.242372609261942,NA,"AT4G17670","Endodermis_lineage","harmony",FALSE
68.1517459323196,0.367071474364443,0.411306034523589,0.892453413161366,0.372149952631019,0.999594717235846,"AT4G28890","Endodermis_lineage","harmony",FALSE
55.5649278578262,1.87124149341505,0.504605061786348,3.70832882014835,0.000208631625312216,0.00791974655366839,"AT4G04745","Endodermis_lineage","harmony",TRUE
165.479128978487,0.92579876238119,0.360603941294471,2.56735619432728,0.0102477285553122,0.158105671702062,"AT4G15390","Endodermis_lineage","harmony",FALSE
5.5182055276453,3.58584529116424,1.57907893003345,2.27084613882365,0.0231562937642656,NA,"AT4G10310","Endodermis_lineage","harmony",FALSE
85.1402704160745,-0.052405622862841,0.388170954822242,-0.135006553715075,0.892606692659254,0.999594717235846,"AT4G01870","Endodermis_lineage","harmony",FALSE
36.2741023147647,-0.462753139932895,0.497411393024363,-0.930322759837208,0.352203997085466,0.999594717235846,"AT4G39400","Endodermis_lineage","harmony",FALSE
6.30937773319132,-1.25191622326756,1.06276460944758,-1.17798072323682,0.238804291291051,NA,"AT4G01680","Endodermis_lineage","harmony",FALSE
73.0680052369389,0.155585393576086,0.412617661001852,0.377069156948635,0.706122211518981,0.999594717235846,"AT4G35060","Endodermis_lineage","harmony",FALSE
80.3350165827538,-0.234444858115307,0.371930697182745,-0.63034554526193,0.528468530341521,0.968539848784129,"AT1G69810","Epidermal_initial_like","harmony",FALSE
26.8864822172531,0.777559557128635,0.60766413220712,1.27958771287756,0.200690173433609,0.765448102813004,"AT1G72430","Epidermal_initial_like","harmony",FALSE
56.1472327852589,0.497145912692666,0.415335422819468,1.19697450633475,0.231316491592633,0.804163051481341,"AT1G65310","Epidermal_initial_like","harmony",FALSE
57.3023965362051,0.208683953598661,0.412718759217429,0.505632343909819,0.613114771476282,0.982631751762287,"AT1G06180","Epidermal_initial_like","harmony",FALSE
65.7928231829327,1.55885566798747,0.40609016274722,3.83869349959561,0.000123690717065947,0.00492652659179988,"AT1G49310","Epidermal_initial_like","harmony",TRUE
7.85236716499144,-1.28119733978396,1.22546326570582,-1.04548000387922,0.295801177634235,NA,"AT1G56060","Epidermal_initial_like","harmony",FALSE
14.4035322778404,2.17163518271109,0.852798811135586,2.5464800775453,0.0108815422621267,0.146779914513576,"AT1G70890","Epidermal_initial_like","harmony",FALSE
3.54221769654891,-0.635234584273153,1.60801477022465,-0.395042754603807,0.69281133510156,NA,"AT1G26970","Epidermal_initial_like","harmony",FALSE
25.1339386181055,1.48226839899787,0.633458591171106,2.33996100085647,0.0192857536312642,0.210330143672075,"AT1G70690","Epidermal_initial_like","harmony",FALSE
5.31986013432025,-1.66280578962176,1.3357145089845,-1.24488113173671,0.213175447521018,NA,"AT1G28660","Epidermal_initial_like","harmony",FALSE
3.47658037286127,-0.36366584217103,1.59954337772003,-0.227356036251667,0.820146903123431,NA,"AT1G66440","Epidermal_initial_like","harmony",FALSE
12.5926251147713,1.33179907043982,0.914320713834084,1.45659947356447,0.145226973096709,0.676225626493573,"AT1G09090","Epidermal_initial_like","harmony",FALSE
21.0945384593004,1.35768396872364,0.679893725244519,1.99690616093767,0.04583537780428,0.357426443052389,"AT1G72300","Epidermal_initial_like","harmony",FALSE
2.71369716784469,1.11350478154217,1.93075193678993,0.576720789618103,0.564128086053627,NA,"AT1G77380","Epidermal_initial_like","harmony",FALSE
64.3182899695108,1.61605287441883,0.416968721493245,3.87571726874724,0.000106311069941476,0.00439583238790707,"AT1G14960","Epidermal_initial_like","harmony",TRUE
10.1515584129574,0.399804819808912,0.965583541407949,0.414055131082645,0.67883373174736,0.989506411505993,"AT1G18860","Epidermal_initial_like","harmony",FALSE
41.3341368876768,-0.221530629321752,0.533369945605732,-0.415341417616184,0.677891985416212,0.989506411505993,"AT1G78280","Epidermal_initial_like","harmony",FALSE
23.9208778909603,-1.26879652911267,0.748351309207766,-1.6954557485252,0.0899889980219538,0.528820975945874,"AT1G17420","Epidermal_initial_like","harmony",FALSE
33.8840846280042,0.888975307819883,0.53100063598184,1.67415111693065,0.094100903776679,0.542339998029284,"AT1G29050","Epidermal_initial_like","harmony",FALSE
15.3935964853291,0.277281810990956,0.787266844366624,0.352208165471565,0.724682153659062,0.991497129965878,"AT1G63720","Epidermal_initial_like","harmony",FALSE
61.7375323209337,0.290035828858878,0.434081550757232,0.668159769409518,0.504031612679556,0.965086575224557,"AT1G72470","Epidermal_initial_like","harmony",FALSE
4.97413390326955,0.513473171394836,1.31394810828068,0.390786491611699,0.695955060728348,NA,"AT1G44050","Epidermal_initial_like","harmony",FALSE
30.2138572004469,0.370812843920975,0.655308572104771,0.565859901282795,0.571489022190041,0.974322420577757,"AT5G48430","Epidermal_initial_like","harmony",FALSE
223.531974608638,-1.01286349466118,0.268580671466336,-3.77117046111837,0.00016248362879026,0.00625809407840661,"AT5G01040","Epidermal_initial_like","harmony",TRUE
47.7351101066508,-0.479633260970039,0.445862088816278,-1.07574353819456,0.282041969975242,0.849455362506044,"AT5G63770","Epidermal_initial_like","harmony",FALSE
20.903570501538,-2.6531365616824,0.884328593621443,-3.00017050315816,0.00269828516141927,0.0541528964415999,"AT5G43650","Epidermal_initial_like","harmony",FALSE
7.21862999502603,0.341840339711775,1.11616626336331,0.306262920616968,0.759404468660506,NA,"AT5G57540","Epidermal_initial_like","harmony",FALSE
9.45143906695388,-0.142415521990214,0.962367726326906,-0.147984515787718,0.882354988300668,0.992566116048773,"AT5G57030","Epidermal_initial_like","harmony",FALSE
13.4515869947854,0.205486028865143,0.864282977611838,0.237753182913467,0.812072532113199,0.992455757977971,"AT5G22690","Epidermal_initial_like","harmony",FALSE
5.95495569690322,0.797405742411186,1.28650429408011,0.619823615109933,0.535373919440759,NA,"AT5G05790","Epidermal_initial_like","harmony",FALSE
23.2285677114568,1.42845478326359,0.644033187346013,2.21798318988822,0.0265559786098192,0.257499664794892,"AT5G48290","Epidermal_initial_like","harmony",FALSE
39.2095752665336,-0.638235417518398,0.510583561248484,-1.25001168458651,0.211295279006803,0.77683573704242,"AT5G51500","Epidermal_initial_like","harmony",FALSE
34.1813536212351,1.65893579573465,0.564580388945401,2.93835178872123,0.00329962381704652,0.0629923339291461,"AT5G24030","Epidermal_initial_like","harmony",FALSE
16.1263355636407,1.46059035277843,0.824908239408218,1.77060948479099,0.0766256636178266,0.482912333833557,"AT5G36180","Epidermal_initial_like","harmony",FALSE
10.4611246874882,0.626272298846177,0.992718892118307,0.630865700067226,0.528128340647827,0.968528742932505,"AT5G27100","Epidermal_initial_like","harmony",FALSE
49.5814135641248,1.52743802993174,0.452633006664805,3.37456174746637,0.000739333275770161,0.0205474444775376,"AT5G66985","Epidermal_initial_like","harmony",TRUE
111.068349704032,0.595264607645501,0.3303733811675,1.8017934905709,0.071577902269977,0.465578511336006,"AT5G42590","Epidermal_initial_like","harmony",FALSE
12.0087286205866,1.13302665763227,0.893724258941269,1.26775864736455,0.20488415388831,0.770537059542776,"AT5G38100","Epidermal_initial_like","harmony",FALSE
2.94156057031519,0.0420416699681231,1.68050174498112,0.0250173319329672,0.980041139051647,NA,"AT5G14340","Epidermal_initial_like","harmony",FALSE
34.2675607016494,0.355616632077225,0.519752200856029,0.6842041870944,0.493846238646086,0.962636940812099,"AT5G02350","Epidermal_initial_like","harmony",FALSE
10.4615161391805,-3.04246670876843,1.18769458739151,-2.56165746738854,0.0104174004660435,0.142161917331125,"AT5G52870","Epidermal_initial_like","harmony",FALSE
13.4721974373165,0.405795196037081,0.816223263737955,0.497162007094373,0.619074811039784,0.983672995272105,"AT5G57480","Epidermal_initial_like","harmony",FALSE
49.9565797553344,1.25415526733814,0.471391547991916,2.66053829917129,0.00780158540092859,0.115840566006939,"AT5G09978","Epidermal_initial_like","harmony",FALSE
345.288778121066,0.356836409383536,0.219226967080003,1.62770307930828,0.103587859862558,0.569098902632309,"AT5G46900","Epidermal_initial_like","harmony",FALSE
29.1600899138537,-1.27921003226598,1.29332655537429,-0.989085105343548,0.322621504389633,0.878324601563094,"AT5G20230","Epidermal_initial_like","harmony",FALSE
6.38617215814419,0.680969579871861,1.17132243618207,0.581368168863465,0.560992345861155,NA,"AT5G13910","Epidermal_initial_like","harmony",FALSE
19.7150418439206,-0.740341235807903,0.696031310611727,-1.06366082174843,0.28748237867433,0.854745712773117,"AT5G14700","Epidermal_initial_like","harmony",FALSE
3.75998396526534,-0.823106681002091,1.57273333558554,-0.523360611985529,0.600723328677577,NA,"AT5G52400","Epidermal_initial_like","harmony",FALSE
43.7531502134295,1.33381900528486,0.531362395087301,2.51018705429035,0.0120667223990332,0.156949632329298,"AT5G42500","Epidermal_initial_like","harmony",FALSE
207.118995862863,-0.653215230940099,0.253621730916532,-2.57554913997127,0.0100081051107592,0.138570250963295,"AT5G53250","Epidermal_initial_like","harmony",FALSE
6.79833065591979,-0.627013445258356,1.15005232718247,-0.54520427500415,0.585613031642252,NA,"AT5G10100","Epidermal_initial_like","harmony",FALSE
21.761859345716,0.331002196882078,0.665637016139054,0.497271318836828,0.61899773439877,0.983672995272105,"AT5G15960","Epidermal_initial_like","harmony",FALSE
23.9208401619389,0.216571340227467,0.623986130945612,0.34707716964681,0.728533344636445,0.991939727491598,"AT5G04960","Epidermal_initial_like","harmony",FALSE
120.242085577332,2.13271559027341,0.320192236047168,6.6607348654114,2.72461777990487e-11,7.25369733509762e-09,"AT5G43350","Epidermal_initial_like","harmony",TRUE
3.66355156759696,0.661392179452612,1.58699810964476,0.416756753163784,0.676856337955844,NA,"AT5G20045","Epidermal_initial_like","harmony",FALSE
210.030346081512,-0.00276367395509836,0.25184188902389,-0.0109738453988335,0.991244313918315,0.999665079740715,"AT3G20940","Epidermal_initial_like","harmony",FALSE
29.5154623313972,2.11769125687536,0.605425818268853,3.49785422585819,0.000469017413843414,0.014584711588266,"AT3G27170","Epidermal_initial_like","harmony",TRUE
52.5893973590151,-1.02565950061959,1.41005188455952,-0.727391319320138,0.466986270692402,0.954569493872305,"AT3G48520","Epidermal_initial_like","harmony",FALSE
60.3401670936012,0.260344887842049,0.411622459110347,0.632484652088082,0.527070234288663,0.968528742932505,"AT3G22240","Epidermal_initial_like","harmony",FALSE
19.0052762707043,0.904397787400801,0.702352197857623,1.28766990430083,0.197860894168395,0.763034070903531,"AT3G09220","Epidermal_initial_like","harmony",FALSE
22.8192479468374,0.91269305725643,0.66888919707655,1.36449065292944,0.1724131940185,0.727687032033347,"AT3G02240","Epidermal_initial_like","harmony",FALSE
19.3731904686954,-0.201319062789799,0.710276527590485,-0.283437583771416,0.776841421401985,0.992455757977971,"AT3G14560","Epidermal_initial_like","harmony",FALSE
492.622935079165,-1.3274366451994,1.14447685749192,-1.15986324800698,0.246104488105019,0.81935840434262,"AT3G12580","Epidermal_initial_like","harmony",FALSE
13.0099511298421,-0.00832713548281151,0.85540954629297,-0.00973467682105987,0.992232974332581,0.999671057163275,"AT3G27540","Epidermal_initial_like","harmony",FALSE
9.48610899676012,-0.581285678296601,0.97732663329714,-0.594771142515126,0.551996459628815,0.973015914901994,"AT3G07600","Epidermal_initial_like","harmony",FALSE
3.47073686294696,-0.904789364786829,1.569852392448,-0.5763531457731,0.56437650729597,NA,"AT3G22910","Epidermal_initial_like","harmony",FALSE
252.61603327195,-0.466261506942963,0.550348275378756,-0.84721171629379,0.39687712416303,0.923673596035836,"AT3G50970","Epidermal_initial_like","harmony",FALSE
82.4633211036137,0.939699503640545,0.375208620731705,2.50447205026369,0.0122634294125916,0.158786298068325,"AT3G55230","Epidermal_initial_like","harmony",FALSE
169.004271198734,-0.0981458742598251,0.668066984637353,-0.146910229837359,0.8832028772948,0.992566116048773,"AT3G11340","Epidermal_initial_like","harmony",FALSE
8.00076852875201,0.683674251663425,1.07213187902749,0.637677383759518,0.523683710650915,NA,"AT2G32560","Epidermal_initial_like","harmony",FALSE
19.719871279006,1.20885117753472,0.687992382738479,1.75707058372219,0.0789057789824073,0.492165677785793,"AT2G47360","Epidermal_initial_like","harmony",FALSE
42.7667946679522,-0.364668420392601,0.470536381446033,-0.775005790778425,0.438336237807626,0.942708674706735,"AT2G35910","Epidermal_initial_like","harmony",FALSE
2.63907396910239,0.675311858486731,1.78841184839407,0.37760421856584,0.705724630369948,NA,"AT2G28650","Epidermal_initial_like","harmony",FALSE
8.28494201884997,2.07447015964871,1.12452271106504,1.84475612563126,0.0650730223437223,NA,"AT2G44340","Epidermal_initial_like","harmony",FALSE
4.64401963855974,0.168000400299513,1.4147819546411,0.118746496411266,0.905476198318262,NA,"AT2G21510","Epidermal_initial_like","harmony",FALSE
11.4740625407114,1.73097260909846,0.979088553599742,1.76794285127154,0.0770704580836346,0.484082864825809,"AT2G23600","Epidermal_initial_like","harmony",FALSE
2.9139078614748,1.79276557596594,1.87157583971678,0.957890959009837,0.33811774588628,NA,"AT2G43060","Epidermal_initial_like","harmony",FALSE
53.9861109950466,0.391576209189758,0.426285565119928,0.918577219661647,0.35831675182328,0.90193764349175,"AT2G41380","Epidermal_initial_like","harmony",FALSE
15.3740472108106,0.858078397829603,0.773217702975506,1.10975006719005,0.267106741552727,0.837410144762254,"AT2G33110","Epidermal_initial_like","harmony",FALSE
35.2193619889429,1.5629134373911,0.53517850059517,2.9203591617619,0.00349628187895557,0.0652596279374548,"AT2G39430","Epidermal_initial_like","harmony",FALSE
3.21287332953299,2.62816324033982,1.88166712809012,1.39672060010284,0.162497606960078,NA,"AT2G44940","Epidermal_initial_like","harmony",FALSE
10.8214114030422,0.748482710176249,0.910880829302725,0.82171310021884,0.411240201561285,0.929401268638875,"AT2G44130","Epidermal_initial_like","harmony",FALSE
55.2419607675009,-0.0710526222572533,0.418126804067383,-0.169930799858033,0.865064558593263,0.992455757977971,"AT4G11210","Epidermal_initial_like","harmony",FALSE
15.8664783307945,3.34853117039175,0.945888332404095,3.54009142060251,0.000399988448522089,0.0127249993843243,"AT4G36220","Epidermal_initial_like","harmony",TRUE
797.536515809225,1.91798876606697,0.199310014249821,9.62314298800314,6.38497645938372e-22,8.07433481426233e-19,"AT4G17340","Epidermal_initial_like","harmony",TRUE
9.32773272845938,0.476847021365742,0.967769859794517,0.492727704360404,0.622204999482604,0.983947568481504,"AT4G01720","Epidermal_initial_like","harmony",FALSE
12.3207238606299,-0.392507101392211,0.84425525580605,-0.464915200341236,0.64199218474632,0.985625305162927,"AT4G01140","Epidermal_initial_like","harmony",FALSE
15.3501220832384,0.179982142696376,0.768759748185057,0.234120143674654,0.814891708067088,0.992455757977971,"AT4G18430","Epidermal_initial_like","harmony",FALSE
36.2074419018816,-0.6066379706177,0.519125509767405,-1.1685766913853,0.242574223766053,0.815603494171064,"AT4G01090","Epidermal_initial_like","harmony",FALSE
302.933844795057,1.60903816275471,0.220550765124055,7.29554559400262,2.97451221625446e-13,1.12845557204154e-10,"AT4G12545","Epidermal_initial_like","harmony",TRUE
46.8719229269361,0.341084610118931,0.474491081188477,0.718843037606949,0.472237636840073,0.95475412710547,"AT4G27410","Epidermal_initial_like","harmony",FALSE
3.54923491751476,-0.48435293029378,1.55698937651719,-0.311083002619596,0.755737522474269,NA,"AT4G08040","Epidermal_initial_like","harmony",FALSE
9.78519669403221,2.45682700067761,1.06239647143795,2.31253309543876,0.0207483236751456,0.218953972023876,"AT4G17670","Epidermal_initial_like","harmony",FALSE
14.5948195487679,2.50221698093379,0.872814466860455,2.8668371984419,0.00414596227301807,0.0744875311871514,"AT4G28890","Epidermal_initial_like","harmony",FALSE
56.9425763676537,1.87225495498165,0.443706188177391,4.21958269879512,2.44754931706135e-05,0.00130321266268091,"AT4G04745","Epidermal_initial_like","harmony",TRUE
117.144899370872,1.58575990959088,0.320082552622754,4.95422164250184,7.26203923384227e-07,6.52079558423411e-05,"AT4G15390","Epidermal_initial_like","harmony",TRUE
3.62653421568764,3.66739335016395,1.98260122603528,1.84978870284361,0.0643440097500926,NA,"AT4G10310","Epidermal_initial_like","harmony",FALSE
87.1285678942749,-0.882596656919732,0.388135046451799,-2.27394218839071,0.0229694626759602,0.234405915338061,"AT4G01870","Epidermal_initial_like","harmony",FALSE
167.112702618123,-0.393808790837065,0.269327690299449,-1.46219198775741,0.143688606622187,0.674350058657285,"AT4G39400","Epidermal_initial_like","harmony",FALSE
6.15560761089972,0.953720294504851,1.22454689709273,0.778835254712693,0.436076767329161,NA,"AT4G01680","Epidermal_initial_like","harmony",FALSE
52.1219892975995,0.868729659536057,0.433114398044991,2.00577414063666,0.0448803508381103,0.351968642877687,"AT4G35060","Epidermal_initial_like","harmony",FALSE
26.3353007499882,0.521863616114777,0.597255314982425,0.873769731342004,0.382243667441204,0.98779638376689,"AT1G69810","Meristematic_unresolved","harmony",FALSE
30.9342859393579,0.881084290963014,0.544124681489338,1.61926911411439,0.105389373048502,0.651044928322017,"AT1G72430","Meristematic_unresolved","harmony",FALSE
60.0628281223793,0.487005035959284,0.40900303909925,1.19071251165228,0.233766464469713,0.892428495657261,"AT1G65310","Meristematic_unresolved","harmony",FALSE
91.0419648843433,-0.198441994161011,0.335324035498261,-0.591791739193835,0.553990055595261,0.998981926603894,"AT1G06180","Meristematic_unresolved","harmony",FALSE
73.038028553788,1.44714374280992,0.392518379944913,3.68681778166164,0.000227075831468929,0.00980309401129919,"AT1G49310","Meristematic_unresolved","harmony",TRUE
6.41743670667388,-0.918251840992819,1.16918471393683,-0.785377904831582,0.432232031467375,NA,"AT1G56060","Meristematic_unresolved","harmony",FALSE
17.24248914387,1.44809169556082,0.740419409149513,1.9557721983871,0.0504919953186138,0.443267441881781,"AT1G70890","Meristematic_unresolved","harmony",FALSE
3.28816955807398,0.347966046895406,1.62113772916899,0.214643111830959,0.830045578850156,NA,"AT1G26970","Meristematic_unresolved","harmony",FALSE
27.9712056405217,1.13275927649983,0.591612373271979,1.9146984202426,0.0555309751767021,0.463608937377691,"AT1G70690","Meristematic_unresolved","harmony",FALSE
6.29818817536864,-0.956649271518213,1.25596426461409,-0.761685104004257,0.446247967890497,NA,"AT1G28660","Meristematic_unresolved","harmony",FALSE
2.92329136032232,0.645151698005107,1.72706548602604,0.37355369742788,0.708736387980777,NA,"AT1G66440","Meristematic_unresolved","harmony",FALSE
11.8886832341498,1.18657474682256,0.903142465060479,1.31382898349608,0.188903761649881,0.838608830406358,"AT1G09090","Meristematic_unresolved","harmony",FALSE
17.370388177013,1.20225698774194,0.734149718501607,1.63761826429047,0.10150135061323,0.643302602567425,"AT1G72300","Meristematic_unresolved","harmony",FALSE
3.82607719387762,1.04887845334326,1.67508246962827,0.626165261926493,0.531206549730815,NA,"AT1G77380","Meristematic_unresolved","harmony",FALSE
70.3615604122642,1.23330230041541,0.395932544391461,3.11493035337868,0.00183988346753103,0.0474296421164183,"AT1G14960","Meristematic_unresolved","harmony",TRUE
5.95991083541296,0.953645507571819,1.29089941419563,0.738745015362829,0.460061845616595,NA,"AT1G18860","Meristematic_unresolved","harmony",FALSE
43.187448306865,-0.872817729749642,0.553752533735289,-1.57618733382966,0.114982636690528,0.678589876141026,"AT1G78280","Meristematic_unresolved","harmony",FALSE
13.8254619509484,-0.724777221461672,0.876497053014422,-0.826902063126214,0.408292573955998,0.992675200393872,"AT1G17420","Meristematic_unresolved","harmony",FALSE
40.2807807275991,0.477941040259623,0.48141859727817,0.992776438138851,0.320818914742387,0.954279046339868,"AT1G29050","Meristematic_unresolved","harmony",FALSE
13.4484361284666,-0.113161722125554,0.813273320480927,-0.139143531794005,0.88933672938852,0.998981926603894,"AT1G63720","Meristematic_unresolved","harmony",FALSE
31.42172110493,0.099136706368249,0.535871306161015,0.185000960544921,0.853228282172865,0.998981926603894,"AT1G72470","Meristematic_unresolved","harmony",FALSE
3.58636836393837,1.273547430731,1.57831359897756,0.806903920460426,0.419721839939884,NA,"AT1G44050","Meristematic_unresolved","harmony",FALSE
27.6711989211078,1.43629674276394,0.591093957514463,2.42989583044215,0.0151031629662995,0.207706841385101,"AT5G48430","Meristematic_unresolved","harmony",FALSE
84.8425584779986,-1.4062540218637,0.432551182913391,-3.25106964773986,0.00114971688849997,0.0339086798758782,"AT5G01040","Meristematic_unresolved","harmony",TRUE
34.9301285402045,-0.648107164168579,0.587445013063801,-1.10326439029314,0.269912365928692,0.928423736291441,"AT5G63770","Meristematic_unresolved","harmony",FALSE
11.2720470331633,-2.44646595396288,1.08924001372168,-2.24603018907089,0.0247020742807008,0.288107043333404,"AT5G43650","Meristematic_unresolved","harmony",FALSE
6.90598374927223,0.881014077404708,1.12142315186001,0.785621445342416,0.432089296851327,NA,"AT5G57540","Meristematic_unresolved","harmony",FALSE
8.75772585730931,0.771107485191879,0.998058331056238,0.772607633439442,0.439754625508192,NA,"AT5G57030","Meristematic_unresolved","harmony",FALSE
8.78534793721871,-1.60700434835666,1.13543330706057,-1.41532253665952,0.156973950198781,NA,"AT5G22690","Meristematic_unresolved","harmony",FALSE
12.4091011799007,0.392432686415479,0.829678741607263,0.472993541639085,0.636217786843609,0.998981926603894,"AT5G05790","Meristematic_unresolved","harmony",FALSE
27.0357804273543,1.69758822652242,0.613893147441265,2.76528290566207,0.005687344748894,0.106684272909354,"AT5G48290","Meristematic_unresolved","harmony",FALSE
3.0390421698077,-0.145133416497603,1.81899604818828,-0.0797876480502286,0.936406148430591,NA,"AT5G51500","Meristematic_unresolved","harmony",FALSE
39.287362455408,1.39095983887035,0.510531282413857,2.72453400366324,0.00643922992975336,0.115688649666763,"AT5G24030","Meristematic_unresolved","harmony",FALSE
13.0454414254353,0.539881756112933,0.81732980621521,0.660543335147596,0.508905218705298,0.998981926603894,"AT5G36180","Meristematic_unresolved","harmony",FALSE
4.83656050019897,1.31105051300267,1.35727135775425,0.965945759860386,0.334071322919041,NA,"AT5G27100","Meristematic_unresolved","harmony",FALSE
52.5383194231857,0.95762642369968,0.452760515285498,2.11508378352257,0.0344228070926137,0.353094551540901,"AT5G66985","Meristematic_unresolved","harmony",FALSE
57.9041558712546,1.52146851992584,0.422264376715167,3.60311833965603,0.000314422290984747,0.0126226566089672,"AT5G42590","Meristematic_unresolved","harmony",TRUE
5.83975834733296,2.12399986385845,1.30218306362383,1.63110696429087,0.102867751442558,NA,"AT5G38100","Meristematic_unresolved","harmony",FALSE
4.38326481723439,0.34000906709096,1.39384188039735,0.243936612805774,0.807279912612784,NA,"AT5G14340","Meristematic_unresolved","harmony",FALSE
5.4734973119245,0.049986355596722,1.24573654360228,0.0401259446497226,0.967992717615279,NA,"AT5G02350","Meristematic_unresolved","harmony",FALSE
14.9204035148169,-0.740005378396849,0.861469187762884,-0.85900388418829,0.390338373061815,0.989930899906983,"AT5G52870","Meristematic_unresolved","harmony",FALSE
15.2925853867326,-0.0669201111768788,0.772645367314403,-0.0866116772426693,0.930980183686457,0.998981926603894,"AT5G57480","Meristematic_unresolved","harmony",FALSE
49.7446177442172,1.26251910726857,0.470954862174391,2.68076456720192,0.00734541744220624,0.126477048999098,"AT5G09978","Meristematic_unresolved","harmony",FALSE
321.442706022942,0.200164979551004,0.226610713446247,0.883298836612524,0.377074832218774,0.986590943571647,"AT5G46900","Meristematic_unresolved","harmony",FALSE
21.420029899583,-0.576905560235708,0.766989624988268,-0.752168662313434,0.451949636608823,0.998981926603894,"AT5G20230","Meristematic_unresolved","harmony",FALSE
14.5498950950333,-0.745481437678392,0.778967011795689,-0.95701284700092,0.338560770677097,0.969349776471003,"AT5G13910","Meristematic_unresolved","harmony",FALSE
11.159062738932,0.42147365412215,0.883151594171438,0.477238173948575,0.633192530814441,0.998981926603894,"AT5G14700","Meristematic_unresolved","harmony",FALSE
37.9566530742894,1.33350562472893,0.503052024162143,2.65083045227766,0.00802941374267362,0.135589669255534,"AT5G42500","Meristematic_unresolved","harmony",FALSE
223.424571606681,-1.07666728642915,0.235924267385243,-4.56361398664875,5.02804902667786e-06,0.000495945445055232,"AT5G53250","Meristematic_unresolved","harmony",TRUE
14.9680926936858,-0.943265312348982,0.784162359727714,-1.20289542165288,0.229016792276146,0.889054195145086,"AT5G10100","Meristematic_unresolved","harmony",FALSE
23.3591328596642,0.220265162215107,0.614576410833292,0.358401589017148,0.720042802669139,0.998981926603894,"AT5G15960","Meristematic_unresolved","harmony",FALSE
16.4914553209465,1.13738627614667,0.768686910094708,1.4796482953073,0.13896713074216,0.741558793324964,"AT5G04960","Meristematic_unresolved","harmony",FALSE
112.197872646513,2.23845267997215,0.334576314396585,6.69040988155195,2.22546374419995e-11,1.00442596988224e-08,"AT5G43350","Meristematic_unresolved","harmony",TRUE
4.4984190605288,1.71235243312941,1.44889804118464,1.18183087039677,0.237272816149324,NA,"AT5G20045","Meristematic_unresolved","harmony",FALSE
61.0805426629285,-0.166760451365541,0.412191563615872,-0.404570268014868,0.685793416996384,0.998981926603894,"AT3G20940","Meristematic_unresolved","harmony",FALSE
25.2698802544617,2.60844138915641,0.675985206952003,3.85872554950987,0.000113979847391214,0.00583226716556929,"AT3G27170","Meristematic_unresolved","harmony",TRUE
53.8810292703536,-1.40632179940816,1.3405131004554,-1.04909217144569,0.294135698831402,0.942312811657594,"AT3G48520","Meristematic_unresolved","harmony",FALSE
65.6465988771086,0.378812321485621,0.381838328573809,0.992075161497039,0.321160862035328,0.954511226826896,"AT3G22240","Meristematic_unresolved","harmony",FALSE
20.2193708657237,-0.0763421592924434,0.695281835554428,-0.109800307427228,0.912567747228238,0.998981926603894,"AT3G09220","Meristematic_unresolved","harmony",FALSE
24.5985596099239,0.780443060142671,0.61588007407852,1.26719972441123,0.205083884306068,0.858252141852929,"AT3G02240","Meristematic_unresolved","harmony",FALSE
16.2664705057463,0.479538533257791,0.752363641765022,0.637376006279103,0.523879953333244,0.998981926603894,"AT3G14560","Meristematic_unresolved","harmony",FALSE
475.851466119252,-0.967558468756351,0.705303023396873,-1.37183371779183,0.170115208138126,0.803166810387199,"AT3G12580","Meristematic_unresolved","harmony",FALSE
13.048017395474,0.189525203889959,0.817663930357024,0.231788632044959,0.816702186947443,0.998981926603894,"AT3G27540","Meristematic_unresolved","harmony",FALSE
10.9893777473782,0.348510726237281,0.920025285017824,0.378805595794608,0.704832231685633,0.998981926603894,"AT3G07600","Meristematic_unresolved","harmony",FALSE
2.64423646276826,-0.45289488618088,1.77689315675778,-0.254880201692744,0.798815628126327,NA,"AT3G22910","Meristematic_unresolved","harmony",FALSE
175.700482135499,0.0527509565159927,0.747099628394871,0.0706076599573836,0.943710013866982,0.998981926603894,"AT3G50970","Meristematic_unresolved","harmony",FALSE
93.7662851206276,1.22000800044353,0.356760859988772,3.41968006378818,0.000626948242785755,0.0208898593468703,"AT3G55230","Meristematic_unresolved","harmony",TRUE
221.384125452103,0.22666093517549,0.244522767333418,0.926952273799631,0.353951314528481,0.976769458911106,"AT3G11340","Meristematic_unresolved","harmony",FALSE
19.1388465249381,-0.37953681002951,0.677690918004461,-0.56004411442771,0.575449347990158,0.998981926603894,"AT2G32560","Meristematic_unresolved","harmony",FALSE
22.3587006878438,1.04588497051851,0.64322503852639,1.62600164464151,0.103949305495716,0.648835605061664,"AT2G47360","Meristematic_unresolved","harmony",FALSE
11.520768400454,1.54249079934904,0.924873870812979,1.66778503321017,0.0953584080227735,0.623121424937058,"AT2G35910","Meristematic_unresolved","harmony",FALSE
6.84113048591107,2.39720635900598,1.24200800255766,1.93010540517406,0.0535937788702734,NA,"AT2G44340","Meristematic_unresolved","harmony",FALSE
2.88698234862192,-0.667109820957561,1.722084705828,-0.38738502159614,0.698471190889727,NA,"AT2G21510","Meristematic_unresolved","harmony",FALSE
14.8429597558266,0.926735372252817,0.771449179252984,1.20129153958035,0.229638131130212,0.889386666330748,"AT2G23600","Meristematic_unresolved","harmony",FALSE
29.8065513005854,1.42281050607462,0.566222186186464,2.51281306311453,0.011977278257353,0.178623731468965,"AT2G41380","Meristematic_unresolved","harmony",FALSE
10.618118047214,0.20964581012915,0.892656102337384,0.234856188828151,0.814320354775485,0.998981926603894,"AT2G33110","Meristematic_unresolved","harmony",FALSE
42.4599166843119,1.03855634517705,0.480853462728297,2.1598187923706,0.0307867002687511,0.332514223207236,"AT2G39430","Meristematic_unresolved","harmony",FALSE
4.20325731057882,0.861890032012213,1.57853138240926,0.546007536889598,0.585060756415749,NA,"AT2G44940","Meristematic_unresolved","harmony",FALSE
13.8911019057456,0.213219830011025,0.831597667314072,0.256397821196025,0.797643670076878,0.998981926603894,"AT2G44130","Meristematic_unresolved","harmony",FALSE
98.6754169747766,-0.251149391672679,0.359682820887458,-0.698252396522608,0.485019363844189,0.998981926603894,"AT4G11210","Meristematic_unresolved","harmony",FALSE
9.54766245697836,3.3950843091137,1.20174036389373,2.82513961511068,0.00472600184567126,0.0930265704171493,"AT4G36220","Meristematic_unresolved","harmony",FALSE
790.27207002772,1.79556734183812,0.173936859740652,10.3230985342347,5.54056839388365e-25,2.06303064146258e-21,"AT4G17340","Meristematic_unresolved","harmony",TRUE
5.35107582441933,2.50640229980607,1.41102836157588,1.77629477057912,0.0756843447081628,NA,"AT4G01720","Meristematic_unresolved","harmony",FALSE
12.7411685077421,0.34131099343508,0.829556825222074,0.411437749721015,0.680751578236228,0.998981926603894,"AT4G01140","Meristematic_unresolved","harmony",FALSE
14.4654722485416,0.765272645661031,0.852931574453345,0.897226305816507,0.369598170936546,0.985328845637368,"AT4G18430","Meristematic_unresolved","harmony",FALSE
24.9422958605706,-0.0179099689881709,0.596998926473728,-0.030000001999935,0.976067051576775,0.998981926603894,"AT4G01090","Meristematic_unresolved","harmony",FALSE
336.136174357323,1.23092356438845,0.219219532266752,5.61502687128547,1.9653170098082e-08,4.24223645566424e-06,"AT4G12545","Meristematic_unresolved","harmony",TRUE
48.4582148066778,0.236212558789458,0.497264264099234,0.475024199089279,0.634769725123757,0.998981926603894,"AT4G27410","Meristematic_unresolved","harmony",FALSE
4.43612355222978,-0.800041917176136,1.43079807023629,-0.559157811167589,0.576054023023155,NA,"AT4G08040","Meristematic_unresolved","harmony",FALSE
9.55462231060533,0.396767957109205,0.945924769439501,0.41944980185296,0.67488743381118,0.998981926603894,"AT4G17670","Meristematic_unresolved","harmony",FALSE
14.4390610960205,2.17835887443518,0.8677359709337,2.51039365360322,0.0120596640508413,0.179258120132965,"AT4G28890","Meristematic_unresolved","harmony",FALSE
44.4038005545801,3.39298402182518,0.579317097077593,5.85686843861735,4.71676479312417e-09,1.13308862627083e-06,"AT4G04745","Meristematic_unresolved","harmony",TRUE
111.71372728251,2.03482694686049,0.332262090466857,6.12416223590655,9.11619744202937e-10,2.77095193268542e-07,"AT4G15390","Meristematic_unresolved","harmony",TRUE
3.71063377497603,3.61746512125621,1.97009789206271,1.83618546866658,0.0663302310674198,NA,"AT4G10310","Meristematic_unresolved","harmony",FALSE
43.1811220483097,0.168986513944169,0.476295735474157,0.354793254186795,0.722744482430465,0.998981926603894,"AT4G01870","Meristematic_unresolved","harmony",FALSE
122.429526852821,-0.0860424964215192,0.301375587348115,-0.285499224335422,0.775261698577228,0.998981926603894,"AT4G39400","Meristematic_unresolved","harmony",FALSE
4.95823172622128,0.336194157773715,1.29614928532967,0.259379194649022,0.795342680813495,NA,"AT4G01680","Meristematic_unresolved","harmony",FALSE
58.4565797805032,0.658822930711627,0.405176394179052,1.62601508917246,0.103946445473349,0.648835605061664,"AT4G35060","Meristematic_unresolved","harmony",FALSE
23.7610786325917,0.222193544124599,0.626631377294033,0.354584133791851,0.722901164191655,0.999768515981196,"AT1G69810","Pericycle","harmony",FALSE
51.6938754763731,-0.465783969075746,0.541027487641636,-0.860924776865072,0.389279474477794,0.99447185560845,"AT1G72430","Pericycle","harmony",FALSE
50.8510686086813,-0.227685310654027,0.45385519678587,-0.501669502225508,0.615900020812985,0.999768515981196,"AT1G65310","Pericycle","harmony",FALSE
3.0490291697635,-0.560610951930025,1.55336971102234,-0.360899886197126,0.718174288662343,NA,"AT1G30190","Pericycle","harmony",FALSE
12.3384729335866,-0.147899880561717,0.815399112226359,-0.181383421129675,0.85606663106235,0.999768515981196,"AT1G06180","Pericycle","harmony",FALSE
7.71647015642246,-5.51247526000426,1.69901251767521,-3.24451715491012,0.00117649930524685,NA,"AT1G32960","Pericycle","harmony",FALSE
258.859507037964,-0.820250587581823,0.330835392283643,-2.4793314340401,0.0131628930997339,0.163244477975204,"AT1G49310","Pericycle","harmony",FALSE
51.7363973536645,-3.08946314172693,0.519271191287971,-5.9496139850624,2.68775611395318e-09,6.41997425378855e-07,"AT1G56060","Pericycle","harmony",TRUE
20.7077565546452,0.987431466001613,0.708474799534229,1.3937425391147,0.163395365479999,0.763172017961527,"AT1G70890","Pericycle","harmony",FALSE
2.86238309473373,-0.304576332408937,1.62750286682114,-0.187143346176612,0.851548243136802,NA,"AT1G26970","Pericycle","harmony",FALSE
25.5099893574788,0.95441347695318,0.642425516119889,1.4856406742958,0.137374190369658,0.710550002418721,"AT1G70690","Pericycle","harmony",FALSE
31.1147630681047,-2.06707750421379,0.579306654780966,-3.56819222971872,0.000359452754822115,0.00992871741768205,"AT1G09930","Pericycle","harmony",TRUE
2.41331046613228,-0.181504016316533,1.71938443762985,-0.105563370438977,0.915928788467398,NA,"AT1G28660","Pericycle","harmony",FALSE
3.43331962416866,-0.0132043709494817,1.46400690900218,-0.00901933649922551,0.992803708226555,NA,"AT1G04180","Pericycle","harmony",FALSE
9.84175103136229,-1.44624011992913,0.881365579869511,-1.64090832789641,0.100816446047785,NA,"AT1G56600","Pericycle","harmony",FALSE
9.25079776889991,0.799320516882282,0.982487013780207,0.813568531360862,0.415892171565536,NA,"AT1G09090","Pericycle","harmony",FALSE
34.9315862848616,0.754264784866877,0.559770753005865,1.34745300789049,0.177834378324437,0.786329500306832,"AT1G72300","Pericycle","harmony",FALSE
5.56902010984951,0.57599044219176,1.19349706638105,0.482607338062665,0.629374567812094,NA,"AT1G77380","Pericycle","harmony",FALSE
4.06077115566453,-1.68578886630801,1.36419894451499,-1.23573535449946,0.216556951326179,NA,"AT1G66090","Pericycle","harmony",FALSE
64.6720751072403,1.55101412324922,0.451357758081998,3.43632981925493,0.000589652667501026,0.0149834506552442,"AT1G14960","Pericycle","harmony",TRUE
6.92440840269832,0.849655009646368,1.04819692703795,0.810587197624562,0.41760277134142,NA,"AT1G18860","Pericycle","harmony",FALSE
137.324979744,-2.10362026366618,0.437986064329319,-4.80293880328685,1.56353682776216e-06,0.000115267409468911,"AT1G78280","Pericycle","harmony",TRUE
104.135738435904,-2.38388206135106,0.407634435641612,-5.84808802425844,4.97255412193849e-09,1.02391748066054e-06,"AT1G17420","Pericycle","harmony",TRUE
120.287730421619,-1.17273199232197,0.405576619068344,-2.8915177482762,0.00383385937218659,0.0643991314796405,"AT1G29050","Pericycle","harmony",FALSE
36.5591333142993,0.592676218237444,0.519389846135806,1.14110089491907,0.253827938929955,0.89461191943844,"AT1G63720","Pericycle","harmony",FALSE
17.0274066847129,-5.69881099816589,4.43049654756931,-1.28626914319399,0.198349147522367,0.821639947469049,"AT1G11925","Pericycle","harmony",FALSE
10.2794209668546,0.401819197541896,0.863263191320038,0.465465458949389,0.641598166987892,NA,"AT1G72470","Pericycle","harmony",FALSE
3.25139181332533,2.33179913902463,1.65503871937015,1.40890911598251,0.158862043667243,NA,"AT1G44050","Pericycle","harmony",FALSE
20.0502568136205,0.291486440452096,0.734023578167576,0.397107734849288,0.691288016328804,0.999768515981196,"AT5G48430","Pericycle","harmony",FALSE
144.814744679382,-2.22252070325805,0.446804484509541,-4.97425782486878,6.54980884567046e-07,5.66843239448133e-05,"AT5G01040","Pericycle","harmony",TRUE
2.61197717198607,-0.0459970057160259,1.67180813817366,-0.0275133280343249,0.978050309637918,NA,"AT5G20710","Pericycle","harmony",FALSE
126.697797484328,-3.15998609719626,0.503277058899694,-6.27882006802552,3.41152123644776e-10,1.08956291103585e-07,"AT5G63770","Pericycle","harmony",TRUE
46.1241489939064,-3.35188848103855,0.572880674059484,-5.85093656116337,4.88812653741713e-09,1.02391748066054e-06,"AT5G43650","Pericycle","harmony",TRUE
5.55447289755498,0.37400023034319,1.15519522962169,0.323754998941323,0.746123528290802,NA,"AT5G57540","Pericycle","harmony",FALSE
10.3068688194083,1.31306122319997,0.926681649264637,1.41694963339562,0.156497653672432,NA,"AT5G57030","Pericycle","harmony",FALSE
26.6469718696677,-2.38220176777813,0.615488606135635,-3.87042382918322,0.000108646300833742,0.00376105150973154,"AT5G22690","Pericycle","harmony",TRUE
49.0464151055196,-0.339968096784179,0.475555644971198,-0.714886050411135,0.474679457344692,0.999768515981196,"AT5G05790","Pericycle","harmony",FALSE
27.8631055655864,1.34824522114798,0.598747249983486,2.25177689114258,0.0243363747357631,0.249056832450059,"AT5G48290","Pericycle","harmony",FALSE
39.7150804236573,-2.23498897617117,1.51790759069911,-1.47241438798115,0.140909010165671,0.717240029107931,"AT5G28510","Pericycle","harmony",FALSE
1.65601720846989,1.20772341071182,2.05056307835587,0.588971596855323,0.555880327214884,NA,"AT5G51500","Pericycle","harmony",FALSE
284.284549833171,-0.034167645649688,0.345304965537135,-0.0989491871237325,0.921178614822053,0.999768515981196,"AT5G24030","Pericycle","harmony",FALSE
23.1884562870112,-0.244782883921624,0.628137987698187,-0.389696036086962,0.696761327994993,0.999768515981196,"AT5G36180","Pericycle","harmony",FALSE
3.91966905343198,0.620503224235815,1.3600062994198,0.456250257444051,0.64821002916766,NA,"AT5G27100","Pericycle","harmony",FALSE
141.012844602418,-0.0524131685463998,0.373053618231185,-0.140497681794146,0.888266783984677,0.999768515981196,"AT5G66985","Pericycle","harmony",FALSE
49.6895509373023,1.47623739973598,0.504883671842265,2.92391590789488,0.00345658112681258,0.0604621475294283,"AT5G42590","Pericycle","harmony",FALSE
6.17407064389058,2.31107043544226,1.25809710529852,1.83695712016911,0.0662162257976926,NA,"AT5G38100","Pericycle","harmony",FALSE
6.96613239761472,-2.56711297394491,1.10631678787367,-2.32041400987766,0.0203184917297521,NA,"AT5G14340","Pericycle","harmony",FALSE
4.44038258999349,0.587773951846326,1.26646675687299,0.464105313982017,0.642572294709338,NA,"AT5G02350","Pericycle","harmony",FALSE
127.475614009611,-2.05382246505466,0.433713320329571,-4.73543783136289,2.18582702379955e-06,0.00015446942097774,"AT5G52870","Pericycle","harmony",TRUE
103.444734297799,-1.44217868410756,0.402958712392144,-3.57897382475277,0.000344946011097717,0.0096254444171496,"AT5G57480","Pericycle","harmony",TRUE
47.5430011993814,0.43481192196485,0.480411432534468,0.905082378391678,0.365421746848203,0.983598127292172,"AT5G09978","Pericycle","harmony",FALSE
273.042485120534,-0.0328258771674396,0.314978837820963,-0.104216135263342,0.916997829608374,0.999768515981196,"AT5G46900","Pericycle","harmony",FALSE
3.41405414768769,-3.2813202508396,1.63248571134641,-2.01001468376302,0.0444296347749988,NA,"AT5G09640","Pericycle","harmony",FALSE
156.333245428923,-2.53709585165692,0.489071080936233,-5.18758100928833,2.13043260007085e-07,2.21250056892575e-05,"AT5G20230","Pericycle","harmony",TRUE
4.84175880719203,0.570389819644538,1.25004119505935,0.456296817976031,0.64817655181716,NA,"AT5G13910","Pericycle","harmony",FALSE
31.0057303175215,-1.1369554768604,0.609992422943024,-1.8638845895412,0.0623379132814323,0.449849968773502,"AT5G14700","Pericycle","harmony",FALSE
14.0754106019485,-2.99293402763555,2.37844372168208,-1.2583581441729,0.208262261932839,0.841433083309843,"AT5G52400","Pericycle","harmony",FALSE
49.5409606217832,0.967353191830622,0.482993313061202,2.00282936775989,0.0451956065042207,0.372143315201786,"AT5G42500","Pericycle","harmony",FALSE
164.262046846424,-0.963306738407131,0.343376402056778,-2.80539586482081,0.00502548171104273,0.0783542141971062,"AT5G53250","Pericycle","harmony",FALSE
26.6618203977928,-2.58512106842121,0.623773008702661,-4.14432980003065,3.40808968057413e-05,0.00147473967590931,"AT5G10100","Pericycle","harmony",TRUE
97.6538460373026,-1.49099347598444,0.984737558721659,-1.51410237456565,0.129999876516197,0.687594563876411,"AT5G15960","Pericycle","harmony",FALSE
16.3203008146535,-0.238306556656651,0.748590084367035,-0.318340519909703,0.750226651275163,0.999768515981196,"AT5G04960","Pericycle","harmony",FALSE
118.526500828022,1.36339832484178,0.424090049382319,3.2148793088344,0.00130499377338474,0.0284171553373847,"AT5G43350","Pericycle","harmony",TRUE
1.76304455020654,-0.559113777683794,1.9880141874931,-0.281242347867165,0.778524525975788,NA,"AT5G22540","Pericycle","harmony",FALSE
3.88204538498718,2.60679206559319,1.57374785156988,1.65642295428255,0.0976361957708847,NA,"AT5G20045","Pericycle","harmony",FALSE
11.6970528834008,0.702240319088378,0.831203954528157,0.844847182526957,0.398196167237684,0.995018548122906,"AT3G20940","Pericycle","harmony",FALSE
27.8333629573838,1.54547772832651,0.627397005239781,2.46331703119281,0.0137658135510041,0.167589308093416,"AT3G27170","Pericycle","harmony",FALSE
233.832668791094,-2.33521020109595,0.992760439266656,-2.35223938095373,0.0186607614331085,0.208480330959415,"AT3G48520","Pericycle","harmony",FALSE
63.4577542384566,-0.274965943936753,0.432761548964795,-0.635375172758524,0.525183756435189,0.999768515981196,"AT3G22240","Pericycle","harmony",FALSE
24.9820309752603,0.705632462297267,0.624372314082797,1.1301469433888,0.25841431192268,0.899454886233694,"AT3G09220","Pericycle","harmony",FALSE
21.7557530147297,0.841026690613082,0.658812317113665,1.2765800953718,0.201750532817579,0.828543399206869,"AT3G02240","Pericycle","harmony",FALSE
120.429919472581,-0.769594781732115,0.403017553466023,-1.9095812951904,0.056187145355897,0.424965870463436,"AT3G14560","Pericycle","harmony",FALSE
358.619008493466,0.943465950063818,0.359038290704406,2.62775858311048,0.00859494895138785,0.115207043015067,"AT3G12580","Pericycle","harmony",FALSE
10.0151040463976,-0.281434852991705,0.855740987821669,-0.328878547360588,0.742247489889393,NA,"AT3G62990","Pericycle","harmony",FALSE
28.1046509631963,-1.30765303950122,0.588225914010195,-2.22304561624355,0.026212724196577,0.261317667011452,"AT3G27540","Pericycle","harmony",FALSE
8.96949185074043,0.486842419743333,0.923605281719584,0.527110909150412,0.598116571464615,NA,"AT3G07600","Pericycle","harmony",FALSE
1.85936293439987,-2.47588747372447,2.14568412310663,-1.15389187395382,0.248544501099994,NA,"AT3G21320","Pericycle","harmony",FALSE
10.1874530118249,-1.49659909686166,0.897923988757311,-1.6667325025283,0.0955676069379387,NA,"AT3G22910","Pericycle","harmony",FALSE
396.777447967234,-1.17907555923679,0.951237596312812,-1.23951740743545,0.215153946274433,0.850193909111717,"AT3G50970","Pericycle","harmony",FALSE
84.8272097948086,0.65530449603298,0.41726694692071,1.57046825987274,0.11630621297105,0.646669041672836,"AT3G55230","Pericycle","harmony",FALSE
110.217347614798,0.122859603514111,0.485991623507973,0.252801895282246,0.800421303041935,0.999768515981196,"AT3G11340","Pericycle","harmony",FALSE
12.3491818911299,-0.143738445609076,0.809427212755236,-0.17758044620195,0.859052482121242,0.999768515981196,"AT2G32560","Pericycle","harmony",FALSE
3.64868598092266,-1.6286891363589,1.39509754684369,-1.1674374598706,0.243033750723437,NA,"AT2G36640","Pericycle","harmony",FALSE
28.1771425831632,-0.0774208380829679,0.608684122579299,-0.127193786088747,0.898787023419644,0.999768515981196,"AT2G47360","Pericycle","harmony",FALSE
5.57404599770863,-2.43426337928518,1.21895732342252,-1.99700459770847,0.0458246835386398,NA,"AT2G31690","Pericycle","harmony",FALSE
11.1191033341306,1.44357022503308,0.885000831643687,1.63115126383777,0.102858405970042,0.602252543522135,"AT2G35910","Pericycle","harmony",FALSE
5.86878098506368,-1.16068794385827,1.23734182071991,-0.938049554635567,0.348218944234403,NA,"AT2G28650","Pericycle","harmony",FALSE
6.26474520250994,1.2087666035496,1.14934237132458,1.05170281171879,0.29293592059328,NA,"AT2G44340","Pericycle","harmony",FALSE
13.4391524488229,-2.57622330005691,0.859341066710904,-2.99790548811697,0.00271841961759792,0.0504131762313229,"AT2G21510","Pericycle","harmony",FALSE
59.6965833640928,0.193173524619166,0.465152839835508,0.415290433758241,0.677929303351873,0.999768515981196,"AT2G23600","Pericycle","harmony",FALSE
1.72736876962766,-0.0186150207569192,1.97869754487867,-0.00940771408197238,0.992493840903917,NA,"AT2G43060","Pericycle","harmony",FALSE
30.6771167902218,0.8678414517382,0.559705024061549,1.55053361043757,0.121013492850475,0.660239445003758,"AT2G41380","Pericycle","harmony",FALSE
14.1045562396761,-2.1460836100352,0.791360117768654,-2.71189255289535,0.00669002744721451,0.0971686884963838,"AT2G33110","Pericycle","harmony",FALSE
33.0101723084757,0.89671208895536,0.548432320914757,1.63504602985413,0.102039398676283,0.599986155980016,"AT2G39430","Pericycle","harmony",FALSE
19.1110932660954,0.157026965984053,0.673670204014618,0.233091748823503,0.815690161945221,0.999768515981196,"AT2G44940","Pericycle","harmony",FALSE
140.747741747247,-0.586373570717636,0.364118165821662,-1.61039361877053,0.107311952791484,0.617949205491174,"AT2G44130","Pericycle","harmony",FALSE
91.3169250646483,-1.22004791961386,0.426974010868375,-2.857428996984,0.00427088174680542,0.0696220051950989,"AT4G11210","Pericycle","harmony",FALSE
9.25842872645003,2.32091192608305,1.05376727807532,2.2024900320706,0.0276307124723767,NA,"AT4G36220","Pericycle","harmony",FALSE
820.044458471446,1.3230601637436,0.291209156897605,4.54333297015388,5.53716830425548e-06,0.000313414223022385,"AT4G17340","Pericycle","harmony",TRUE
15.9612272859759,-1.12473242482538,0.706183244860943,-1.59269202860634,0.11122929668565,0.630389942241062,"AT4G17250","Pericycle","harmony",FALSE
7.2762826376712,0.599839648369939,1.05302188601844,0.56963644947398,0.568924301282262,NA,"AT4G01720","Pericycle","harmony",FALSE
1.9033058871141,-0.328384184884766,1.93182171908759,-0.16998679621423,0.865020520620837,NA,"AT4G23550","Pericycle","harmony",FALSE
12.5732700734511,-1.30941332116219,0.807543126493905,-1.62147788545641,0.104915189004662,0.609436820176399,"AT4G01140","Pericycle","harmony",FALSE
19.5332464710794,-0.38107173906172,0.678350458062611,-0.56176233764192,0.574277955632597,0.999768515981196,"AT4G18430","Pericycle","harmony",FALSE
42.7634560504355,-1.57204496244217,0.504296784920528,-3.11730117948286,0.00182515008716103,0.0373249443338429,"AT4G01090","Pericycle","harmony",TRUE
280.979885116858,0.85179613026566,0.356096523442087,2.39203719831932,0.0167551441315003,0.192410275348565,"AT4G12545","Pericycle","harmony",FALSE
188.96373214308,-0.220603587954922,0.334739198581809,-0.659031236525492,0.509875710301334,0.999768515981196,"AT4G27410","Pericycle","harmony",FALSE
7.63781622862711,-2.03539374636382,1.01917366291059,-1.99710198608456,0.0458141052402082,NA,"AT4G08040","Pericycle","harmony",FALSE
8.39892946417033,1.36113498287327,1.05631416809563,1.28857022274649,0.197547541105952,NA,"AT4G17670","Pericycle","harmony",FALSE
15.1927128963578,0.84779898149101,0.818067870878852,1.03634308554401,0.300042112287303,0.937878681185537,"AT4G28890","Pericycle","harmony",FALSE
41.4417205204716,2.91182349795704,0.596657653532975,4.88022483364677,1.05964966877828e-06,8.21778960663571e-05,"AT4G04745","Pericycle","harmony",TRUE
96.6117741603257,2.0986464938097,0.41697746066754,5.03299744415436,4.82869566592991e-07,4.30366509986574e-05,"AT4G15390","Pericycle","harmony",TRUE
52.7779957821789,2.32744964056657,0.508711161460293,4.57518886333347,4.75790576093502e-06,0.000284118342514235,"AT4G10310","Pericycle","harmony",TRUE
82.1690168088024,-0.520487558287598,0.414738455489069,-1.25497780926494,0.209486815706273,0.842763538333765,"AT4G01870","Pericycle","harmony",FALSE
17.1687898035592,0.298520823287396,0.703440232028331,0.424372689669211,0.671294034705964,0.999768515981196,"AT4G39400","Pericycle","harmony",FALSE
7.20679416831682,-0.630081100325101,1.07653959743579,-0.585283720009828,0.558356959639741,NA,"AT4G01680","Pericycle","harmony",FALSE
66.0993014557035,0.196999219967511,0.428432820649313,0.459813558795398,0.64565005011501,0.999768515981196,"AT4G35060","Pericycle","harmony",FALSE
50.6052860928837,0.648412705121931,0.469846565468236,1.3800520271458,0.167570626425161,0.915716661132784,"AT1G69810","Procambium_like","harmony",FALSE
106.99503683779,-0.611723469490366,0.479607408803745,-1.27546709717465,0.202143962872982,0.965496513604785,"AT1G72430","Procambium_like","harmony",FALSE
132.353660306781,-0.899006146539122,0.385032762728826,-2.33488220630274,0.0195495751444191,0.34740011825003,"AT1G65310","Procambium_like","harmony",FALSE
15.321022039953,0.702918895267972,0.746015327273698,0.942231170821622,0.346074298390278,0.999161283965446,"AT1G06180","Procambium_like","harmony",FALSE
153.441027773268,0.401368302236609,0.340360804035474,1.17924360701292,0.238301186514675,0.999161283965446,"AT1G49310","Procambium_like","harmony",FALSE
15.7644707510426,-2.44296258585782,0.911637997667961,-2.67975072573445,0.00736770035661228,0.195215497623008,"AT1G56060","Procambium_like","harmony",FALSE
39.9943110288765,0.695245607281005,0.532465492035555,1.30571016841516,0.191651138706444,0.953928000327192,"AT1G70890","Procambium_like","harmony",FALSE
9.2351368136135,-0.451515050888592,0.953490852370214,-0.473538943521276,0.635828723918794,NA,"AT1G26970","Procambium_like","harmony",FALSE
70.5671637874182,0.951143963004515,0.445261271119969,2.13614797579878,0.0326673543356623,0.469979124134605,"AT1G70690","Procambium_like","harmony",FALSE
3.88153599426298,-5.87195453693652,4.80444465213331,-1.22219214958158,0.221634971901672,NA,"AT1G09930","Procambium_like","harmony",FALSE
4.86272506019171,-0.259346309755899,1.23876237229665,-0.20935920847763,0.834167834026161,NA,"AT1G28660","Procambium_like","harmony",FALSE
2.67703231958592,2.88245176412805,2.0166220773662,1.42934652778009,0.152904659192477,NA,"AT1G66440","Procambium_like","harmony",FALSE
2.91896297745753,1.36009654949192,1.77540718288607,0.766075840293138,0.443631177414894,NA,"AT1G04180","Procambium_like","harmony",FALSE
35.8840807580567,0.474099810898855,0.548335880229537,0.864615699961844,0.387249752455993,0.999161283965446,"AT1G09090","Procambium_like","harmony",FALSE
35.5724570681037,0.386231269620211,0.521512457560778,0.74059835775869,0.458937004056773,0.999161283965446,"AT1G72300","Procambium_like","harmony",FALSE
7.23042189603318,1.15980391144064,1.09495605127639,1.05922416711489,0.28949770130746,NA,"AT1G77380","Procambium_like","harmony",FALSE
146.496644001853,0.739548182144432,0.357128274554468,2.07081946414646,0.0383756705709006,0.501411456201827,"AT1G14960","Procambium_like","harmony",FALSE
17.1088294509183,0.745335583452174,0.719747813395102,1.03555102159515,0.300411651786025,0.999161283965446,"AT1G18860","Procambium_like","harmony",FALSE
88.4418026713449,-1.48420615357736,1.11937568187352,-1.32592317093508,0.184865147097656,0.942771103918033,"AT1G78280","Procambium_like","harmony",FALSE
32.5390369534072,-1.53764797009665,0.681877663144251,-2.25502029646536,0.0241320548351507,0.394921077377241,"AT1G17420","Procambium_like","harmony",FALSE
107.777125543864,-0.483049416378082,0.365666642868007,-1.32101034042759,0.18649791639767,0.944336891629413,"AT1G29050","Procambium_like","harmony",FALSE
19.6900169305111,0.275681073184487,0.69965723618922,0.39402304289172,0.693564026818712,0.999161283965446,"AT1G63720","Procambium_like","harmony",FALSE
20.9679584911598,0.562847152699454,0.649663367501507,0.866367384795093,0.386288723849522,0.999161283965446,"AT1G72470","Procambium_like","harmony",FALSE
4.58229596184051,2.51481227642709,1.52682958832029,1.64708117766679,0.0995413613785298,NA,"AT1G44050","Procambium_like","harmony",FALSE
43.6674042659815,0.375306575896286,0.506953204420871,0.740317987189815,0.459107069220853,0.999161283965446,"AT5G48430","Procambium_like","harmony",FALSE
128.70044941702,-1.06121398154717,0.972368581334042,-1.09137008529341,0.275110070005588,0.999161283965446,"AT5G01040","Procambium_like","harmony",FALSE
2.23143753441164,0.753208324751618,1.89005608287889,0.398511097937555,0.690253479338525,NA,"AT5G20710","Procambium_like","harmony",FALSE
68.4844104493261,-1.82753239823454,0.550653381970358,-3.31884350132425,0.000903910726432836,0.0494510074673482,"AT5G63770","Procambium_like","harmony",TRUE
19.8792350968377,-2.52181318075118,0.88226934261726,-2.85832575035442,0.0042588294141696,0.139112132019697,"AT5G43650","Procambium_like","harmony",FALSE
10.4109192671315,-0.521651436770831,0.927610103370056,-0.562360667348969,0.573870311723111,NA,"AT5G57540","Procambium_like","harmony",FALSE
7.32051302618325,1.46365199625261,1.08831430458393,1.3448798661267,0.178664033149444,NA,"AT5G57030","Procambium_like","harmony",FALSE
15.3105016505554,-1.10683286480485,0.775548691629787,-1.42716102386671,0.153533486164826,0.88762428153082,"AT5G22690","Procambium_like","harmony",FALSE
39.9720973992014,-0.296742060547219,0.495466655656061,-0.598914290517278,0.549230041307695,0.999161283965446,"AT5G05790","Procambium_like","harmony",FALSE
50.873357808792,1.0763961334404,0.488591722875662,2.20305846997397,0.0275906278180051,0.426152379447309,"AT5G48290","Procambium_like","harmony",FALSE
2.46738002107787,-1.50426748551739,1.99698031861799,-0.753271062059549,0.451287044420808,NA,"AT5G28510","Procambium_like","harmony",FALSE
5.07480839170069,1.37721995010102,1.38194676224925,0.996579598956086,0.318968612545055,NA,"AT5G51500","Procambium_like","harmony",FALSE
78.9338377773078,0.81037246315744,0.451900062393592,1.79325592226104,0.0729320118668836,0.680560156351561,"AT5G24030","Procambium_like","harmony",FALSE
33.1337552743858,0.0917086352595151,0.545779577480003,0.168032368823612,0.866557814468615,0.999161283965446,"AT5G36180","Procambium_like","harmony",FALSE
8.44764508319805,1.7353040165105,1.04146089876891,1.66622099645005,0.095669405477406,NA,"AT5G27100","Procambium_like","harmony",FALSE
90.0014904682757,1.2560818981776,0.411716901264416,3.0508388028766,0.00228203055257175,0.0933635749820919,"AT5G66985","Procambium_like","harmony",FALSE
110.183889646824,1.23136169277814,0.403820602621468,3.04927902336966,0.00229391320492197,0.0935573572549483,"AT5G42590","Procambium_like","harmony",FALSE
16.0476462667631,2.19481127474954,0.878722341985081,2.49773013599648,0.0124991305041657,0.268700519803837,"AT5G38100","Procambium_like","harmony",FALSE
11.7213710970544,-0.856946246076279,0.883224849415503,-0.970246983702265,0.331923396537529,0.999161283965446,"AT5G14340","Procambium_like","harmony",FALSE
6.9525666574753,1.21635159949725,1.12124621177974,1.08482114518501,0.278000878339036,NA,"AT5G02350","Procambium_like","harmony",FALSE
25.0906307809948,-0.493069663805162,0.655194328021397,-0.752554841697378,0.451717462739324,0.999161283965446,"AT5G52870","Procambium_like","harmony",FALSE
39.9391675043307,-0.432934308109736,0.502558803441708,-0.861460002580478,0.388984741132268,0.999161283965446,"AT5G57480","Procambium_like","harmony",FALSE
88.6391836516307,0.481229596418596,0.39673898078247,1.21296272796157,0.225144070986818,0.999161283965446,"AT5G09978","Procambium_like","harmony",FALSE
593.422343738437,-0.45259383763484,0.299793929141985,-1.50968313111,0.131124297658648,0.840693497545565,"AT5G46900","Procambium_like","harmony",FALSE
46.2696544915655,-1.80719851090063,0.668076558990038,-2.7050769654793,0.00682885653608219,0.189195276887704,"AT5G20230","Procambium_like","harmony",FALSE
17.0637424959486,-0.512847697937673,0.697010174181653,-0.735782226622156,0.461863239282056,0.999161283965446,"AT5G13910","Procambium_like","harmony",FALSE
15.9975525239049,-0.112983020884347,2.3849285742825,-0.0473737545445517,0.962215346367237,0.999161283965446,"AT5G14700","Procambium_like","harmony",FALSE
4.54169633616965,-2.45778038409844,1.44428525285362,-1.70172781259267,0.0888064041568302,NA,"AT5G52400","Procambium_like","harmony",FALSE
98.8273937562018,0.729346208957905,0.404354596877053,1.80372923812628,0.0712737636468411,0.67532133843283,"AT5G42500","Procambium_like","harmony",FALSE
608.873191135361,-1.82718895343036,0.323507264803402,-5.64806158075231,1.62267056440037e-08,1.32775018932061e-05,"AT5G53250","Procambium_like","harmony",TRUE
17.0148153006414,-1.83500579175435,0.81537386930331,-2.25050846101097,0.0244166870164231,0.397097225365231,"AT5G10100","Procambium_like","harmony",FALSE
34.0188145030939,-0.506132336858605,0.617779449870107,-0.819276745066582,0.412628537328327,0.999161283965446,"AT5G15960","Procambium_like","harmony",FALSE
39.111414889146,-0.513321338669992,0.577759915584793,-0.88846824575987,0.374288929433873,0.999161283965446,"AT5G04960","Procambium_like","harmony",FALSE
234.082713020644,1.1776948567942,0.319682203105215,3.68395501956235,0.000229642782151592,0.0210243587687318,"AT5G43350","Procambium_like","harmony",TRUE
5.51418309575893,1.20502015882059,1.22436142746929,0.984202974534501,0.32501572356763,NA,"AT5G20045","Procambium_like","harmony",FALSE
36.4070067185458,-0.218108877628596,0.513765799102641,-0.424529772144333,0.67117949744315,0.999161283965446,"AT3G20940","Procambium_like","harmony",FALSE
61.5872433484304,1.36151638885899,0.457218217625119,2.97782620283806,0.0029030054621039,0.110011186485346,"AT3G27170","Procambium_like","harmony",FALSE
164.343462592377,-1.75983645512078,1.16663011242796,-1.50847851120375,0.131432102400792,0.841011282810934,"AT3G48520","Procambium_like","harmony",FALSE
130.370774188655,-0.582953336730033,0.35338773511497,-1.64961394752531,0.099021920473072,0.751533323381716,"AT3G22240","Procambium_like","harmony",FALSE
75.6807770782649,-0.240752835317967,0.408357028532272,-0.589564568493622,0.555482611776143,0.999161283965446,"AT3G09220","Procambium_like","harmony",FALSE
42.5243317477244,-0.0954946890504661,0.495013657411879,-0.19291324112096,0.847026914905157,0.999161283965446,"AT3G02240","Procambium_like","harmony",FALSE
35.0675486702363,-0.14112692831716,0.5714664267851,-0.246955764507634,0.804942458682131,0.999161283965446,"AT3G14560","Procambium_like","harmony",FALSE
451.28139485738,-0.0328085888840254,0.4020800072578,-0.0815971654690843,0.934967055407797,0.999161283965446,"AT3G12580","Procambium_like","harmony",FALSE
3.00956911965142,0.501112144917173,1.57028793780767,0.319121183352394,0.749634620823395,NA,"AT3G62990","Procambium_like","harmony",FALSE
23.0543895289087,-0.449430180978044,0.713389907883586,-0.629992345015601,0.528699592639103,0.999161283965446,"AT3G27540","Procambium_like","harmony",FALSE
14.7558230926216,0.0807508284910297,0.770566767386048,0.104794070947228,0.916539214844056,0.999161283965446,"AT3G07600","Procambium_like","harmony",FALSE
7.03036165261146,-3.12239193196748,1.25258876838734,-2.49275102154032,0.0126757695934202,NA,"AT3G22910","Procambium_like","harmony",FALSE
361.526213373253,-0.524741392597471,0.888887377821622,-0.590335070212657,0.554966031798287,0.999161283965446,"AT3G50970","Procambium_like","harmony",FALSE
164.119594178408,0.541730732159445,0.340083826225526,1.59293294883185,0.111175233757555,0.792696357805795,"AT3G55230","Procambium_like","harmony",FALSE
209.954669025227,0.599571196656826,0.379886720741128,1.57828943187883,0.11449913265609,0.801978217384201,"AT3G11340","Procambium_like","harmony",FALSE
2.49020660069584,0.354734422673344,1.78704689218502,0.198503141817174,0.842651426847476,NA,"AT3G09290","Procambium_like","harmony",FALSE
16.5314222512655,-0.280927411341547,0.708330791376229,-0.39660482752095,0.691658892078393,0.999161283965446,"AT2G32560","Procambium_like","harmony",FALSE
44.6264327895519,0.108729406251961,0.528575183358676,0.205702820857142,0.837023054958169,0.999161283965446,"AT2G47360","Procambium_like","harmony",FALSE
2.05485540611503,-0.120251303358189,1.9838974053144,-0.0606136703622189,0.951666886168851,NA,"AT2G31690","Procambium_like","harmony",FALSE
18.7178581619483,0.314745823981996,0.67910407303532,0.463472148790405,0.643025973752605,0.999161283965446,"AT2G35910","Procambium_like","harmony",FALSE
5.40308977237808,0.345863412817839,1.21784944853215,0.283995212408808,0.776414049604446,NA,"AT2G28650","Procambium_like","harmony",FALSE
9.37499369559521,1.92619835011304,1.01075220753061,1.90570778452118,0.0566881287607587,NA,"AT2G44340","Procambium_like","harmony",FALSE
9.29758349236862,-1.71114690944253,1.01860653081906,-1.67988998467014,0.0929787227875232,NA,"AT2G21510","Procambium_like","harmony",FALSE
36.7717643824233,0.354561936173244,0.531960139529933,0.666519744292407,0.505078947809615,0.999161283965446,"AT2G23600","Procambium_like","harmony",FALSE
3.38177090774748,1.02349070463529,1.58298042933336,0.646559291365535,0.517917211921498,NA,"AT2G43060","Procambium_like","harmony",FALSE
60.9797108231852,0.954828248522017,0.448473671077109,2.12906199427223,0.0332491316409237,0.474180426408467,"AT2G41380","Procambium_like","harmony",FALSE
6.61521453708446,-0.818687317777567,1.24078704346353,-0.65981291639884,0.509373893466072,NA,"AT2G33110","Procambium_like","harmony",FALSE
61.4817666673609,0.593159704962395,0.446296057273759,1.32907224990014,0.183824134496134,0.941106322835438,"AT2G39430","Procambium_like","harmony",FALSE
7.71166071121223,1.44620159207657,1.06800378500368,1.35411654189183,0.175699199517281,NA,"AT2G44940","Procambium_like","harmony",FALSE
32.2387766559221,-0.384592544914441,0.538881201523062,-0.713687068369525,0.475420704528208,0.999161283965446,"AT2G44130","Procambium_like","harmony",FALSE
539.128822808822,-1.39051781929942,0.412816543439354,-3.36836747799497,0.000756147383302093,0.0434187786938202,"AT4G11210","Procambium_like","harmony",TRUE
19.8293550485715,3.52315659055153,0.902403676554954,3.90419130826422,9.4540976552559e-05,0.0104892412290348,"AT4G36220","Procambium_like","harmony",TRUE
1572.63199087838,1.1164086525724,0.272587003396977,4.09560484784571,4.21067606805158e-05,0.00581882747921577,"AT4G17340","Procambium_like","harmony",TRUE
6.02784054564229,-0.312947261418316,1.11436582720483,-0.280829915794604,0.778840857093791,NA,"AT4G17250","Procambium_like","harmony",FALSE
19.6314546863184,0.168265235070558,0.69140414655368,0.24336740806268,0.807720789505949,0.999161283965446,"AT4G01720","Procambium_like","harmony",FALSE
5.20550545085069,-0.52227379459206,1.20162464593407,-0.434639715787516,0.663823962325551,NA,"AT4G23550","Procambium_like","harmony",FALSE
30.5382691071554,-1.4778844323484,0.621764089124944,-2.3769215015752,0.0174578028944001,0.329333653448827,"AT4G01140","Procambium_like","harmony",FALSE
27.8333908134048,-0.130671446722196,0.609805136512518,-0.214283939078486,0.830325641917342,0.999161283965446,"AT4G18430","Procambium_like","harmony",FALSE
38.6137016523823,-0.332826275912401,0.505775060441688,-0.65805197200065,0.510504735871212,0.999161283965446,"AT4G01090","Procambium_like","harmony",FALSE
611.908529692523,0.635753462710223,0.292313418408982,2.17490345181735,0.0296373522026007,0.445991051766032,"AT4G12545","Procambium_like","harmony",FALSE
115.764035384215,0.181622055487648,0.479256207410001,0.378966516613673,0.704712728412457,0.999161283965446,"AT4G27410","Procambium_like","harmony",FALSE
12.1874081745222,-1.95045678500442,0.840088664290088,-2.32172729845443,0.0202476240759743,0.355337660057179,"AT4G08040","Procambium_like","harmony",FALSE
12.8662250078996,1.36772139867805,0.862330247891999,1.58607610253902,0.112722047138121,0.799198072950963,"AT4G17670","Procambium_like","harmony",FALSE
35.0575351327704,1.15572468349546,0.560226787944547,2.06295862383834,0.0391165594852209,0.507546082042133,"AT4G28890","Procambium_like","harmony",FALSE
71.8787683578082,2.51648523412633,0.495217435510786,5.08157640195105,3.74315400526252e-07,0.000140015349248277,"AT4G04745","Procambium_like","harmony",TRUE
198.107462467579,1.33619002297812,0.340706565149046,3.92182059184446,8.78824193586852e-05,0.0100048402977731,"AT4G15390","Procambium_like","harmony",TRUE
8.96438510158947,3.15180888827491,1.22354130350547,2.57597261264897,0.00999585633933535,NA,"AT4G10310","Procambium_like","harmony",FALSE
63.7513809545546,-0.229244704307053,0.492325561916325,-0.465636404119954,0.641475780658412,0.999161283965446,"AT4G01870","Procambium_like","harmony",FALSE
50.9346063524295,-0.411855474807934,0.455436109709436,-0.904310101960721,0.36583099166722,0.999161283965446,"AT4G39400","Procambium_like","harmony",FALSE
13.3179059021782,-0.555129676080037,0.7754821195402,-0.715851032657188,0.474083337185218,0.999161283965446,"AT4G01680","Procambium_like","harmony",FALSE
129.319962263776,0.0710752733894177,0.361397387765468,0.196667922335794,0.844087414071966,0.999161283965446,"AT4G35060","Procambium_like","harmony",FALSE
33.3418455609783,-0.3438315533972,0.509680329562744,-0.674602360448507,0.499928432917976,0.999990874326642,"AT1G69810","Root_cap","harmony",FALSE
15.6418963522063,-0.104667275518214,0.781904479193939,-0.133861972022612,0.893511721510827,0.999990874326642,"AT1G72430","Root_cap","harmony",FALSE
34.5587394136727,-0.312268666617532,0.533739494397907,-0.585058197669617,0.558508585394362,0.999990874326642,"AT1G65310","Root_cap","harmony",FALSE
3.73823924766289,1.44957477071804,1.48034978790299,0.979210982812012,0.32747574309197,NA,"AT1G06180","Root_cap","harmony",FALSE
34.5904396595874,1.27522506942628,0.5322785070282,2.39578538789039,0.016584797733642,0.363410526915996,"AT1G49310","Root_cap","harmony",FALSE
3.18515025051679,-1.84276281787242,1.55599628576973,-1.18429769706091,0.236295240136586,NA,"AT1G56060","Root_cap","harmony",FALSE
6.95919090539727,1.44396558756097,1.15660039446034,1.24845676560115,0.211863831902434,NA,"AT1G70890","Root_cap","harmony",FALSE
2.84111848638899,-0.381667753360912,1.55660647254214,-0.245192192177897,0.806307621645962,NA,"AT1G26970","Root_cap","harmony",FALSE
15.894100979116,1.05197461590374,0.754036856249506,1.39512360328929,0.162978569623417,0.999990874326642,"AT1G70690","Root_cap","harmony",FALSE
7.84739685046975,-0.569714233565088,0.953597164560314,-0.59743700457391,0.55021565392811,NA,"AT1G04180","Root_cap","harmony",FALSE
6.13952145530391,2.26190881870446,1.26860691910198,1.78298634876249,0.0745885255448545,NA,"AT1G09090","Root_cap","harmony",FALSE
8.22534279446918,-0.10893601292708,0.950043017449808,-0.11466429511739,0.908711215578794,NA,"AT1G72300","Root_cap","harmony",FALSE
4.75786446972656,-2.93724279515734,1.45224796900977,-2.02254908103615,0.0431196584738117,NA,"AT1G66090","Root_cap","harmony",FALSE
44.5083465484436,1.38000694670542,0.496260814635029,2.78080982017557,0.00542234920833974,0.179984309436667,"AT1G14960","Root_cap","harmony",FALSE
4.94672671618526,0.300333096880091,1.24156981187659,0.241897873166026,0.808859298170988,NA,"AT1G18860","Root_cap","harmony",FALSE
25.5830986328688,-0.996984081308822,0.647919796626301,-1.53874613262334,0.123866285154025,0.958302260238273,"AT1G78280","Root_cap","harmony",FALSE
19.8724877987255,-1.70613465999164,0.692591574508353,-2.46340660612681,0.0137623744556765,0.323639317980435,"AT1G17420","Root_cap","harmony",FALSE
19.6917052298278,0.444615573436539,0.643547066155738,0.690882760281193,0.489639220898226,0.999990874326642,"AT1G29050","Root_cap","harmony",FALSE
6.91204154744772,0.376922174161814,1.02971900522383,0.366043718965722,0.714332452992787,NA,"AT1G63720","Root_cap","harmony",FALSE
6.01010013119968,0.840653496722992,1.14798172741525,0.7322882208376,0.463992667337731,NA,"AT1G72470","Root_cap","harmony",FALSE
17.0048804278087,0.411478877093771,0.699623958295056,0.588142919085449,0.556436367189186,0.999990874326642,"AT5G48430","Root_cap","harmony",FALSE
110.785558108839,-1.47389519172046,0.383402888698274,-3.84424644458109,0.000120923438851952,0.0116806607169689,"AT5G01040","Root_cap","harmony",TRUE
21.7219979125865,-0.821012117574173,0.643835433698242,-1.27518939561654,0.202242213790214,0.999990874326642,"AT5G63770","Root_cap","harmony",FALSE
22.3314635932785,-2.89983732695189,0.702396957886815,-4.12848787909923,3.65156684812603e-05,0.00498293971322849,"AT5G43650","Root_cap","harmony",TRUE
2.67563094040665,-0.58926575969634,1.6126877336483,-0.365393589472696,0.71481762579862,NA,"AT5G57540","Root_cap","harmony",FALSE
7.87209884375239,-2.20638189531057,1.01100993444282,-2.18235431734558,0.0290833930856716,NA,"AT5G22690","Root_cap","harmony",FALSE
3.83357602491244,0.822132550695626,1.38446583859659,0.593826534231432,0.552628139918634,NA,"AT5G05790","Root_cap","harmony",FALSE
12.9920113548561,1.57824207923015,0.840362051682859,1.87805015239522,0.0603743045492988,0.724913262863578,"AT5G48290","Root_cap","harmony",FALSE
38.1975592511551,0.0994603695265587,0.569153969314577,0.174751253419769,0.861275092954426,0.999990874326642,"AT5G24030","Root_cap","harmony",FALSE
7.80045041523028,0.434165807870698,0.995350875516899,0.436193726805364,0.662696179000246,NA,"AT5G36180","Root_cap","harmony",FALSE
2.67346262053664,2.6828954394027,1.98659313213768,1.35050071199822,0.176855425440298,NA,"AT5G27100","Root_cap","harmony",FALSE
18.3485921030937,2.37442465042975,0.785434028411011,3.02307331302335,0.00250221616215391,0.108969922717004,"AT5G66985","Root_cap","harmony",FALSE
98.3511425365056,-0.391185430656274,0.394544356137849,-0.991486570700302,0.321448046632226,0.999990874326642,"AT5G42590","Root_cap","harmony",FALSE
5.63094575886674,5.4712870201009,1.7647474604119,3.10032293165838,0.00193309756363736,NA,"AT5G38100","Root_cap","harmony",FALSE
2.65121003964806,-0.148035118696303,1.595434307424,-0.0927867214635249,0.926073000235758,NA,"AT5G02350","Root_cap","harmony",FALSE
9.46988834593791,-1.64350384016625,0.895672060543587,-1.83493927360959,0.0665146877079416,NA,"AT5G52870","Root_cap","harmony",FALSE
8.74762140635487,-0.889481187979668,0.976761026454928,-0.910643610759087,0.362483184263898,NA,"AT5G57480","Root_cap","harmony",FALSE
27.7521041349908,0.873195197956628,0.643002543552628,1.35799649116809,0.17446479754978,0.999990874326642,"AT5G09978","Root_cap","harmony",FALSE
170.602935497879,0.197762607173414,0.335197647830493,0.589988051686513,0.555198659999949,0.999990874326642,"AT5G46900","Root_cap","harmony",FALSE
46.5089147718877,-2.02002375981167,0.49310126451949,-4.09656982279312,4.19317055511971e-05,0.00538040108393495,"AT5G20230","Root_cap","harmony",TRUE
3.43074958171557,1.83614602448441,1.63733028546767,1.12142677673611,0.262106243621537,NA,"AT5G13910","Root_cap","harmony",FALSE
13.07017288192,-1.34470835075803,0.793912714465886,-1.69377354242613,0.0903083234824088,0.843239575178907,"AT5G14700","Root_cap","harmony",FALSE
18.965093511573,1.44941834957358,0.703652507777883,2.0598496183163,0.0394129194068307,0.588763583888441,"AT5G42500","Root_cap","harmony",FALSE
103.81539385112,-0.938680353249176,0.355783825474564,-2.63834465211315,0.00833118617882273,0.240346334158856,"AT5G53250","Root_cap","harmony",FALSE
2.48665796840693,-1.38067365351734,1.79162256874125,-0.770627518097949,0.440927745472644,NA,"AT5G10100","Root_cap","harmony",FALSE
8.87734010084666,-0.364651723691993,0.90364953636617,-0.403532242331867,0.686556720483739,NA,"AT5G15960","Root_cap","harmony",FALSE
6.82759312249127,0.964631273837858,1.06650770850609,0.904476607289662,0.365742732965699,NA,"AT5G04960","Root_cap","harmony",FALSE
71.4004402636733,1.05679204776285,0.408306946312488,2.5882294124726,0.00964707072381206,0.261627340733793,"AT5G43350","Root_cap","harmony",FALSE
77.9009583648898,-0.694398464539027,0.944337231491032,-0.735328907283077,0.46213920715796,0.999990874326642,"AT5G20045","Root_cap","harmony",FALSE
57.6610421838237,-0.4254553956046,0.423109485387716,-1.00554445196315,0.314634756117033,0.999990874326642,"AT3G20940","Root_cap","harmony",FALSE
15.1103192449859,0.523501313517129,0.764497563764145,0.68476518216693,0.493492109693108,0.999990874326642,"AT3G27170","Root_cap","harmony",FALSE
39.1814847623047,-1.43078952203294,1.54655999676973,-0.925143237262958,0.35489140497236,0.999990874326642,"AT3G48520","Root_cap","harmony",FALSE
38.3221050284103,-0.568020517958918,0.496717771471837,-1.1435478063847,0.252811217805653,0.999990874326642,"AT3G22240","Root_cap","harmony",FALSE
16.2589576952252,0.688838648173861,0.727541937181396,0.946802669331369,0.343739341333412,0.999990874326642,"AT3G09220","Root_cap","harmony",FALSE
10.5092141498869,0.570154763613044,0.868048365371921,0.656823728213297,0.511294265183918,0.999990874326642,"AT3G02240","Root_cap","harmony",FALSE
13.4319420812816,-0.40322354862867,0.757416633333804,-0.532366904663636,0.594471902318511,0.999990874326642,"AT3G14560","Root_cap","harmony",FALSE
154.627113851115,-0.508366822615816,0.880787290828515,-0.577173203915805,0.563822456710434,0.999990874326642,"AT3G12580","Root_cap","harmony",FALSE
6.94810776932584,-0.518541231908529,1.01170979039294,-0.512539501774644,0.608273481632463,NA,"AT3G27540","Root_cap","harmony",FALSE
5.9774269353886,-0.690785545475589,1.08197058317564,-0.63845131856367,0.523179933901651,NA,"AT3G07600","Root_cap","harmony",FALSE
10.3551852801775,-0.726106922412448,0.862108033402469,-0.842245860471492,0.399650348444446,NA,"AT3G22910","Root_cap","harmony",FALSE
87.6877402063282,-0.131521216634493,0.481553356577781,-0.273118679037283,0.784761988599197,0.999990874326642,"AT3G50970","Root_cap","harmony",FALSE
42.1250421739015,0.989332228884479,0.483628694490796,2.04564418975621,0.040791390424979,0.597145450642615,"AT3G55230","Root_cap","harmony",FALSE
58.1453276208217,0.997137996951886,0.484953869166519,2.05615020386506,0.0397680403814277,0.588763583888441,"AT3G11340","Root_cap","harmony",FALSE
16.6676509936785,-0.727958560576852,0.703111242306525,-1.03533909966909,0.300510575931017,0.999990874326642,"AT2G32560","Root_cap","harmony",FALSE
10.89851618355,0.959204130962543,0.852400724741061,1.12529717903974,0.260463124727819,0.999990874326642,"AT2G47360","Root_cap","harmony",FALSE
21.0772252293512,-1.45187460943465,0.695751941204542,-2.08677047586967,0.0369088871524174,0.579025005199512,"AT2G35910","Root_cap","harmony",FALSE
3.1834496680174,0.140822648129211,1.60310364058393,0.087843757923172,0.930000858375268,NA,"AT2G21510","Root_cap","harmony",FALSE
5.57385166229707,1.68355670074141,1.23634103489503,1.36172516581103,0.173284636101405,NA,"AT2G23600","Root_cap","harmony",FALSE
3.14720494022448,0.780058905797027,1.61550170438635,0.482858608987562,0.629196132734777,NA,"AT2G43060","Root_cap","harmony",FALSE
16.7218360794153,1.03631039349218,0.710531590157386,1.45850009745891,0.144702748294208,0.999990874326642,"AT2G41380","Root_cap","harmony",FALSE
6.11925054943877,-1.70719042666325,1.12123983894418,-1.5225916591323,0.127860897832769,NA,"AT2G33110","Root_cap","harmony",FALSE
17.299627069844,1.02337073717939,0.714466476147888,1.43235655043886,0.152041806602975,0.999990874326642,"AT2G39430","Root_cap","harmony",FALSE
2.49661084595882,0.389653004230054,1.67732322793045,0.23230644978954,0.816300003250396,NA,"AT2G44940","Root_cap","harmony",FALSE
4.62664811544544,1.33001445778537,1.30818518670376,1.01668668266808,0.309302502986628,NA,"AT2G44130","Root_cap","harmony",FALSE
27.5296006622527,-0.295441929804952,0.568823937012081,-0.519390817757863,0.603488233225189,0.999990874326642,"AT4G11210","Root_cap","harmony",FALSE
4.41326238161889,2.43275165210718,1.4974960663077,1.62454627216851,0.104259273231616,NA,"AT4G36220","Root_cap","harmony",FALSE
390.43670710176,1.39040421346746,0.285802219054201,4.86491748758528,1.14504566486177e-06,0.000358058113799247,"AT4G17340","Root_cap","harmony",TRUE
3.06586844881102,0.0268916890802664,1.58794797516748,0.0169348678299301,0.986488576245318,NA,"AT4G01720","Root_cap","harmony",FALSE
7.65964858466706,-2.1708002520553,1.02775188021024,-2.11218319699035,0.0346707391745121,NA,"AT4G01140","Root_cap","harmony",FALSE
9.80011460800794,-0.289049007820703,0.860470793937309,-0.335919603381405,0.73693149383238,NA,"AT4G18430","Root_cap","harmony",FALSE
22.2991589375933,-0.630859208974207,0.605950829953324,-1.04110627098704,0.297826229444956,0.999990874326642,"AT4G01090","Root_cap","harmony",FALSE
159.428744427613,0.817045958362377,0.348661492723607,2.34337882276569,0.0191099688171099,0.397792740728072,"AT4G12545","Root_cap","harmony",FALSE
36.7634914311375,0.210934241944083,0.549485797982464,0.383875693818777,0.701070582253705,0.999990874326642,"AT4G27410","Root_cap","harmony",FALSE
2.66256612931177,0.0668485137996249,1.62084120692322,0.0412430986540136,0.967102095127255,NA,"AT4G08040","Root_cap","harmony",FALSE
5.85815327261458,0.855830657817832,1.13753507125515,0.752355403753408,0.451837357866554,NA,"AT4G17670","Root_cap","harmony",FALSE
5.40618765751296,2.77875139671724,1.43310212447221,1.93897653856359,0.0525041950359195,NA,"AT4G28890","Root_cap","harmony",FALSE
20.4585858062206,2.94689378475743,0.791130203871318,3.72491629106953,0.000195380044499382,0.0164223488572588,"AT4G04745","Root_cap","harmony",TRUE
67.6913026798396,1.38574649069128,0.42332943982993,3.2734470138623,0.00106244308063706,0.0553565040256778,"AT4G15390","Root_cap","harmony",FALSE
3.33759740219954,3.0480770843517,1.92041669895894,1.58719567789849,0.112468333365642,NA,"AT4G10310","Root_cap","harmony",FALSE
28.8272091798705,0.0593454144357657,0.551073851215396,0.107690492490034,0.914241211545502,0.999990874326642,"AT4G01870","Root_cap","harmony",FALSE
65.771236893617,-0.758524097950741,0.405039765790589,-1.8727151307482,0.0611077328384792,0.730100341213298,"AT4G39400","Root_cap","harmony",FALSE
2.15351455657224,1.29829087178571,1.92425305710826,0.674698614607771,0.499867264917034,NA,"AT4G01680","Root_cap","harmony",FALSE
35.7407890817663,0.0297314866878581,0.517850485840542,0.0574132640613437,0.954215997238302,0.999990874326642,"AT4G35060","Root_cap","harmony",FALSE
271.903911121424,-0.0828114751080319,0.281905402255493,-0.293756254564357,0.76894416473235,0.90238532954795,"AT1G69810","Trichoblast_lineage","harmony",FALSE
133.63928855044,-0.120641908201499,0.433279689615069,-0.278438872379821,0.780675482966225,0.909065227195854,"AT1G72430","Trichoblast_lineage","harmony",FALSE
220.48974707878,-0.659179473308796,0.363533763789084,-1.81325516078127,0.0697924756199007,0.228500534655839,"AT1G65310","Trichoblast_lineage","harmony",FALSE
6.80424005764425,-1.79987872348939,1.16801356298732,-1.54097416376399,0.123323074129873,NA,"AT1G30190","Trichoblast_lineage","harmony",FALSE
19.881868413885,0.679752591299516,0.70232925614637,0.967854585795372,0.333116997900541,0.595300512361768,"AT1G06180","Trichoblast_lineage","harmony",FALSE
8.20506218482602,-2.68862188444228,1.2420073167757,-2.16473916709449,0.0304076658059378,NA,"AT1G66930","Trichoblast_lineage","harmony",FALSE
227.595170610575,1.19149941346528,0.289576359619804,4.11462943670419,3.87801902074541e-05,0.000828525536600177,"AT1G49310","Trichoblast_lineage","harmony",TRUE
7.59672067307309,0.0377565346037238,1.18690543395155,0.0318109038207209,0.974622851046718,NA,"AT1G56060","Trichoblast_lineage","harmony",FALSE
40.0138742370701,2.12743868332511,0.551603359418055,3.85682691557494,0.000114868438519249,0.00194109510328464,"AT1G70890","Trichoblast_lineage","harmony",TRUE
38.5786062616185,-0.226582997504822,0.497902411964097,-0.45507511524399,0.649055200021223,0.833775585990369,"AT1G26970","Trichoblast_lineage","harmony",FALSE
106.707872737122,1.04226787522485,0.514901296253137,2.02420907231986,0.0429486445140528,0.165685932920484,"AT1G70690","Trichoblast_lineage","harmony",FALSE
7.88851379415285,0.111775214787072,1.07613350480643,0.103867423779522,0.917274559298765,NA,"AT1G09930","Trichoblast_lineage","harmony",FALSE
29.3130956807457,-1.62276932836143,0.601326025039981,-2.69865141501823,0.00696210586345079,0.0444885399008046,"AT1G28660","Trichoblast_lineage","harmony",TRUE
10.6594671386306,0.393126543861417,0.94447026226981,0.416240256116302,0.67723420511692,0.848903334825288,"AT1G66440","Trichoblast_lineage","harmony",FALSE
2.67291848792167,1.56549496485973,1.95499125057823,0.800768271672167,0.423265810345586,NA,"AT1G04180","Trichoblast_lineage","harmony",FALSE
43.0995432571176,0.480070047735971,0.607609497988916,0.790096351891999,0.429471500235639,0.677440592144001,"AT1G09090","Trichoblast_lineage","harmony",FALSE
99.5125630033092,0.428858160790984,0.379210754053632,1.13092299257507,0.25808750488432,0.5139574730821,"AT1G72300","Trichoblast_lineage","harmony",FALSE
9.66461745698241,1.1367773389598,0.987454190179774,1.15122033028473,0.249641603386867,NA,"AT1G77380","Trichoblast_lineage","harmony",FALSE
4.7484602659843,-1.35771893801453,1.37873062381557,-0.984760122508276,0.324741912713673,NA,"AT1G66090","Trichoblast_lineage","harmony",FALSE
310.465556653166,0.872797114690494,0.36702139231803,2.37805515688906,0.0174042223512776,0.0878839855120836,"AT1G14960","Trichoblast_lineage","harmony",FALSE
56.5730465592379,0.164384530823751,0.473332855298975,0.347291613044524,0.728372250971076,0.879137124423494,"AT1G18860","Trichoblast_lineage","harmony",FALSE
180.769362251106,-0.753909683931406,0.413597375280922,-1.82281061000288,0.0683320802181705,0.22559380485699,"AT1G78280","Trichoblast_lineage","harmony",FALSE
50.4129408157689,0.146008430120479,0.644766274328119,0.226451717364758,0.820850107787916,0.926581875153723,"AT1G17420","Trichoblast_lineage","harmony",FALSE
96.019839042142,0.435656395701012,0.373073301275207,1.16775012902797,0.24290756981724,0.496019112834658,"AT1G29050","Trichoblast_lineage","harmony",FALSE
30.561002988209,0.882720784586716,0.57742151313728,1.52872860553925,0.126331737776778,0.33323445701091,"AT1G63720","Trichoblast_lineage","harmony",FALSE
93.5472537452811,-0.407848684821946,0.364467207079379,-1.11902710833767,0.263128574369544,0.520074061446971,"AT1G72470","Trichoblast_lineage","harmony",FALSE
40.7927051798371,1.89483326574208,0.525212165836483,3.60774823775123,0.000308865977188772,0.00417616860820759,"AT1G44050","Trichoblast_lineage","harmony",TRUE
91.7466962163415,-0.0276558694917519,0.410082355765435,-0.0674397937461393,0.946231590453662,0.978353728192743,"AT5G48430","Trichoblast_lineage","harmony",FALSE
498.085497300532,-1.23348359384182,0.274518297632311,-4.49326549261187,7.01392517456738e-06,0.000213440015678095,"AT5G01040","Trichoblast_lineage","harmony",TRUE
18.4465873539102,-1.4414861665003,0.713531218651915,-2.02021457340538,0.043361135269777,0.166847318750733,"AT5G20710","Trichoblast_lineage","harmony",FALSE
123.952902400401,-1.02733689862545,0.428842742510152,-2.3956028557511,0.0165930580241265,0.0846518504211299,"AT5G63770","Trichoblast_lineage","harmony",FALSE
33.5348114621432,-1.96141566948837,0.69170569663392,-2.83562167990418,0.00457365886968456,0.0322243861632552,"AT5G43650","Trichoblast_lineage","harmony",TRUE
189.55856545828,-0.305640362449415,0.86673545932,-0.352633965949894,0.72436287022613,0.877042117606124,"AT5G57540","Trichoblast_lineage","harmony",FALSE
7.39134926759949,-0.0362327019701773,1.23616867640698,-0.0293104838050828,0.97661696562838,NA,"AT5G57030","Trichoblast_lineage","harmony",FALSE
23.6113036860208,-0.506232410302953,0.615510849323264,-0.822458955613115,0.410815737364056,0.662585876848482,"AT5G22690","Trichoblast_lineage","harmony",FALSE
21.2540133690051,0.702926853406364,0.662461829048132,1.06108280142929,0.28865227313031,0.548830457878165,"AT5G05790","Trichoblast_lineage","harmony",FALSE
89.3441562118749,1.91934599217367,0.404225777154943,4.74820286247597,2.0523212860427e-06,8.04381002477258e-05,"AT5G48290","Trichoblast_lineage","harmony",TRUE
2.39972207836593,-1.50379622750309,2.25617581249668,-0.66652439901791,0.505075973637403,NA,"AT5G28510","Trichoblast_lineage","harmony",FALSE
18.9880103402718,-0.651386578271475,0.696777038248811,-0.934856550251118,0.349862231592605,0.609699977874939,"AT5G51500","Trichoblast_lineage","harmony",FALSE
194.241104964486,1.39795169972304,0.298380138607775,4.6851365719106,2.7977331657112e-06,0.000102414818965839,"AT5G24030","Trichoblast_lineage","harmony",TRUE
52.9360450109685,0.741624385452876,0.48826167704952,1.51890762743122,0.128785748841887,0.338009863237105,"AT5G36180","Trichoblast_lineage","harmony",FALSE
67.6447107035218,-0.370893818393355,0.400080912817819,-0.927047021016584,0.353902121252595,0.612911805597901,"AT5G27100","Trichoblast_lineage","harmony",FALSE
90.7937791482833,1.73544596733334,0.393260066855234,4.41297277196515,1.01960823741683e-05,0.000283746738487076,"AT5G66985","Trichoblast_lineage","harmony",TRUE
4.27786462295908,1.61926999526535,1.441180598776,1.12357188033242,0.261194690881851,NA,"AT5G11570","Trichoblast_lineage","harmony",FALSE
172.833889113355,1.24489803159348,0.33543941771212,3.71124550622097,0.000206241953314141,0.00310025554720816,"AT5G42590","Trichoblast_lineage","harmony",TRUE
33.9276756877846,2.16980901840929,0.589349695686818,3.68170041367482,0.00023168356151762,0.00338746707328302,"AT5G38100","Trichoblast_lineage","harmony",TRUE
6.30931153013891,0.905452527104281,1.15204287416797,0.785953845474908,0.431894527314862,NA,"AT5G14340","Trichoblast_lineage","harmony",FALSE
174.997792864967,0.471055401149942,0.304001206367603,1.54951819691246,0.121257200604731,0.326287348571897,"AT5G02350","Trichoblast_lineage","harmony",FALSE
32.8298813022352,-0.246353374818594,0.598767221620625,-0.411434303554248,0.680754104727211,0.850910185507575,"AT5G52870","Trichoblast_lineage","harmony",FALSE
42.4817555652466,0.525220448773696,0.497690477753136,1.05531544654993,0.291281078916355,0.551841246907193,"AT5G57480","Trichoblast_lineage","harmony",FALSE
120.256191287097,0.888573293819344,0.356993974801788,2.48904283136067,0.0128087533639336,0.0697608786339808,"AT5G09978","Trichoblast_lineage","harmony",FALSE
6894.84594996013,-1.8184020762573,0.369189481685773,-4.92538971574761,8.41923851971951e-07,3.84148083272589e-05,"AT5G46900","Trichoblast_lineage","harmony",TRUE
91.3570082847974,-0.590322072100439,1.11163934379248,-0.531037404709417,0.595392859165027,0.802606968083133,"AT5G20230","Trichoblast_lineage","harmony",FALSE
116.19476807144,-1.57725982897362,0.483481920073484,-3.26229330092403,0.0011051473480919,0.010871396909088,"AT5G13910","Trichoblast_lineage","harmony",TRUE
27.9262437308778,0.398795369944574,0.634695355690655,0.62832564689341,0.529790633930288,0.757942863436196,"AT5G14700","Trichoblast_lineage","harmony",FALSE
6.14507890062235,-2.63709651949298,1.34091867919871,-1.96663418923273,0.0492253989567909,NA,"AT5G52400","Trichoblast_lineage","harmony",FALSE
134.925613545688,1.47282811346951,0.345774973058367,4.25949888866275,2.04885717652949e-05,0.00050380836030689,"AT5G42500","Trichoblast_lineage","harmony",TRUE
2218.85980076517,-1.73117910429862,0.293608030228254,-5.89622532787262,3.71911026013734e-09,3.48015742592351e-07,"AT5G53250","Trichoblast_lineage","harmony",TRUE
12.517304274392,0.220231611092921,0.819528871672822,0.268729533156513,0.788137823311529,0.912183015663282,"AT5G10100","Trichoblast_lineage","harmony",FALSE
43.7495904176975,-0.313367361558516,0.710643296991796,-0.440962945664896,0.659239822727516,0.839868841548363,"AT5G15960","Trichoblast_lineage","harmony",FALSE
609.381631384203,-0.0220943027535429,0.397955071497642,-0.0555195908683723,0.955724522764403,0.981177531211883,"AT5G04960","Trichoblast_lineage","harmony",FALSE
826.157454081982,1.01609398375299,0.278223251146466,3.65208148336275,0.000260123313697236,0.00367696921727451,"AT5G43350","Trichoblast_lineage","harmony",TRUE
7.12861982528378,-0.601643270366111,1.07960377137214,-0.557281556733952,0.57733507475442,NA,"AT5G22540","Trichoblast_lineage","harmony",FALSE
8.11499950027402,0.402562414436218,1.10980713139563,0.3627318684914,0.716805191163518,NA,"AT5G20045","Trichoblast_lineage","harmony",FALSE
51.7098115472709,0.0555335461338264,0.452737523382621,0.122661682024738,0.902375007977885,0.963236747429409,"AT3G20940","Trichoblast_lineage","harmony",FALSE
74.8432987042858,2.45142758358166,0.448168098858453,5.46988415691744,4.50329822473187e-08,3.07869319729158e-06,"AT3G27170","Trichoblast_lineage","harmony",TRUE
256.026358496178,-0.910360753811184,1.04175284637633,-0.873874025857302,0.382186861263382,0.637616097891215,"AT3G48520","Trichoblast_lineage","harmony",FALSE
137.394297749035,0.533385860353617,0.321242205658565,1.66038537576389,0.0968369502309011,0.283227743476666,"AT3G22240","Trichoblast_lineage","harmony",FALSE
85.820895876936,0.892736457899525,0.382469015354181,2.33414060240361,0.0195883608696597,0.0951888798898232,"AT3G09220","Trichoblast_lineage","harmony",FALSE
99.748485180184,-0.0906001187605531,0.36425590136353,-0.248726563993629,0.803572299348517,0.919084836972579,"AT3G02240","Trichoblast_lineage","harmony",FALSE
74.7179604554202,-0.730875757036556,0.446764332500821,-1.63593130397269,0.101853965524792,0.29354332470398,"AT3G14560","Trichoblast_lineage","harmony",FALSE
619.319219333506,-0.0526439661025163,1.04575160875856,-0.050340793799984,0.959850816211141,0.983003735449171,"AT3G12580","Trichoblast_lineage","harmony",FALSE
2.32897620121569,0.905749130565397,1.83813676351133,0.492753938958914,0.622186460216366,NA,"AT3G62990","Trichoblast_lineage","harmony",FALSE
37.5324558772896,-0.343075043806622,0.544054098559969,-0.630589944482895,0.528308675382667,0.756868421802974,"AT3G27540","Trichoblast_lineage","harmony",FALSE
70.6709083923685,0.036777018971374,0.446869045381474,0.0822993209117425,0.934408694424063,0.974706818986767,"AT3G07600","Trichoblast_lineage","harmony",FALSE
7.23834994552915,-2.54178300856564,1.26010989500786,-2.01711217302184,0.0436838085779183,NA,"AT3G22910","Trichoblast_lineage","harmony",FALSE
582.101747417097,-0.193835762163903,0.391833213704815,-0.494689463231488,0.620819340401514,0.818501863727675,"AT3G50970","Trichoblast_lineage","harmony",FALSE
192.665331774112,1.32176893546398,0.329092323455965,4.01640768032331,5.90919972036794e-05,0.001156609971368,"AT3G55230","Trichoblast_lineage","harmony",TRUE
372.09673439912,0.230353900801514,0.353728140588048,0.651217345667119,0.514906194823186,0.747737686604534,"AT3G11340","Trichoblast_lineage","harmony",FALSE
2.19233693506818,1.83794601350635,2.11704225177531,0.86816690217925,0.385302970419017,NA,"AT3G09290","Trichoblast_lineage","harmony",FALSE
22.5680272738783,0.166898778220806,0.62905812809623,0.265315351263174,0.790766539552148,0.913460121146112,"AT2G32560","Trichoblast_lineage","harmony",FALSE
482.699177770634,-0.506109065328372,0.33460901615508,-1.51253863731457,0.130396891177768,0.340424585998617,"AT2G47360","Trichoblast_lineage","harmony",FALSE
127.149237523178,-0.810987794905,0.354621116964436,-2.28691342987996,0.0222008765782833,0.105054211166263,"AT2G35910","Trichoblast_lineage","harmony",FALSE
3.41145911767719,2.32121642095548,1.70628333254445,1.36039330437227,0.173705496174452,NA,"AT2G28650","Trichoblast_lineage","harmony",FALSE
30.3651488631219,1.56609840757131,0.592660909875549,2.64248642263275,0.00822997649442659,0.0500077954848031,"AT2G44340","Trichoblast_lineage","harmony",FALSE
34.7307881724852,0.441193273663439,0.55583274690242,0.793751854532049,0.427339906032184,0.675592468830285,"AT2G21510","Trichoblast_lineage","harmony",FALSE
18.604684219245,1.88485570780449,0.749371709726498,2.51524801822639,0.011894867268921,0.0659348214551222,"AT2G23600","Trichoblast_lineage","harmony",FALSE
3.43883021982236,0.373956301471258,1.58883833956553,0.235364600764554,0.813925758874517,NA,"AT2G43060","Trichoblast_lineage","harmony",FALSE
125.232784248046,0.422112490325514,0.332821836925203,1.26828363855337,0.204696677797032,0.448254886642849,"AT2G41380","Trichoblast_lineage","harmony",FALSE
16.1828592388015,0.4243936133837,0.775832694049972,0.54701692341463,0.58436710549837,0.797148500038354,"AT2G33110","Trichoblast_lineage","harmony",FALSE
87.3894216023303,1.20222566725207,0.375256250354698,3.2037458832883,0.00135652150702687,0.0127095369231579,"AT2G39430","Trichoblast_lineage","harmony",TRUE
8.38308528204209,1.85864117042692,1.11477440894052,1.66728008422203,0.0954587248710482,NA,"AT2G44940","Trichoblast_lineage","harmony",FALSE
9.32496078555943,-0.00841421647717344,1.0081078340627,-0.00834654408275349,0.993340498662536,NA,"AT2G40250","Trichoblast_lineage","harmony",FALSE
29.3084691465355,0.389480507050538,0.572488057311867,0.68032948823309,0.496295857005308,0.734015335541529,"AT2G44130","Trichoblast_lineage","harmony",FALSE
121.3085096213,0.263043996662291,0.395937368136649,0.664357592465249,0.506461468154357,0.74068580432699,"AT4G11210","Trichoblast_lineage","harmony",FALSE
29.2734457204851,3.19788860665299,0.717063872381593,4.45969840320054,8.20750654324411e-06,0.00024047512322006,"AT4G36220","Trichoblast_lineage","harmony",TRUE
3628.87746345632,1.40688884793953,0.243752672982101,5.77178838995888,7.84345780152894e-09,6.672286943437e-07,"AT4G17340","Trichoblast_lineage","harmony",TRUE
5.15125369881503,0.0320861670183794,1.25820660144028,0.0255015090380626,0.979654944841575,NA,"AT4G17250","Trichoblast_lineage","harmony",FALSE
41.5682990941561,0.519350689363583,0.556429084014697,0.933363665350507,0.350632233883975,0.610213391341494,"AT4G01720","Trichoblast_lineage","harmony",FALSE
6.32396288875393,0.681761929287937,1.13874836450878,0.598694101819437,0.549376891109731,NA,"AT4G23550","Trichoblast_lineage","harmony",FALSE
156.69367542991,-2.37930736006426,0.354041720637933,-6.72041519789558,1.81207469992395e-11,3.30858322039774e-09,"AT4G01140","Trichoblast_lineage","harmony",TRUE
239.309332411855,-0.410168912296554,0.382664941333742,-1.07187481264144,0.283776264659267,0.543034027924149,"AT4G18430","Trichoblast_lineage","harmony",FALSE
56.2336355994796,0.139877987026156,0.443728529640736,0.315233251148868,0.752584560838828,0.893075134525898,"AT4G01090","Trichoblast_lineage","harmony",FALSE
881.284189430119,1.4540984842355,0.300230631342647,4.84327158002731,1.27718529529979e-06,5.51066808104567e-05,"AT4G12545","Trichoblast_lineage","harmony",TRUE
280.941913449288,-0.466998586715181,0.422680250646401,-1.10485073764626,0.269224271204957,0.527240839159376,"AT4G27410","Trichoblast_lineage","harmony",FALSE
15.218583122442,-0.891802210918988,0.832517487737798,-1.07121138481101,0.284074393701589,0.543353934643936,"AT4G08040","Trichoblast_lineage","harmony",FALSE
28.3166342321115,1.26522453049531,0.669152645036359,1.89078611566507,0.0586529013331548,0.204649554593334,"AT4G17670","Trichoblast_lineage","harmony",FALSE
77.5912748536871,0.672006985966692,0.441732407673933,1.52129880962399,0.128184868854681,0.337117344995778,"AT4G28890","Trichoblast_lineage","harmony",FALSE
188.208108871201,1.9926481772095,0.370049995229118,5.38480800675525,7.2522017216071e-08,4.66008429939491e-06,"AT4G04745","Trichoblast_lineage","harmony",TRUE
247.764503845842,2.16886058461544,0.304892723849672,7.11352031373763,1.1311982710027e-12,2.56499216506945e-10,"AT4G15390","Trichoblast_lineage","harmony",TRUE
10.7396913815908,-3.13509737568269,1.07256542227987,-2.92298941449993,0.00346688302432533,0.026096617717546,"AT4G08620","Trichoblast_lineage","harmony",TRUE
14.1969409829354,3.94989335340932,1.10155613165893,3.58573951874865,0.000336124336847563,0.00444170659424687,"AT4G10310","Trichoblast_lineage","harmony",TRUE
105.365355954023,0.00675539347922453,0.400219697985567,0.0168792128753946,0.986532976128006,0.994570851699448,"AT4G01870","Trichoblast_lineage","harmony",FALSE
157.016132034409,-0.500943028277378,0.311913678947228,-1.6060309697483,0.108267105507181,0.305383403099757,"AT4G39400","Trichoblast_lineage","harmony",FALSE
17.8989002362992,0.0824964990621278,0.758954449216359,0.108697563005669,0.913442374843031,0.967052696658878,"AT4G01680","Trichoblast_lineage","harmony",FALSE
235.171727927274,0.372942584155966,0.313167093993635,1.19087410940929,0.233703009877953,0.485529483803275,"AT4G35060","Trichoblast_lineage","harmony",FALSE
