"baseMean","log2FoldChange","lfcSE","stat","pvalue","padj","gene","cell_population"
177.491290097148,0.201795161589206,0.293330456084036,0.687944798788278,0.491487543914015,0.83033536217741,"AT1G69810","Atrichoblast"
40.8453116698496,0.906634324954923,0.497636547802991,1.82188050487371,0.068473118969893,0.330811316910574,"AT1G72430","Atrichoblast"
951.602488485094,-0.253032656939912,0.2907092230088,-0.870397761450634,0.384083069617475,0.763019832805314,"AT1G65310","Atrichoblast"
23.6648060217144,-0.384599846571782,0.62746203913938,-0.612945202389129,0.539912573345986,0.855195068641805,"AT1G06180","Atrichoblast"
5.57830846207025,-1.36632453686216,1.27937177513554,-1.0679652024662,0.285536208672443,NA,"AT1G66930","Atrichoblast"
120.447663100857,1.2060417894995,0.346038560526442,3.48528148904765,0.000491619569986398,0.0128800740265041,"AT1G49310","Atrichoblast"
8.79243223210654,-0.0303536728810172,0.99043052195728,-0.0306469481786896,0.975551100484513,0.995743451659599,"AT1G56060","Atrichoblast"
26.3310952939851,1.96454573472728,0.668486722870126,2.93879544277643,0.00329490458367012,0.0485992503295116,"AT1G70890","Atrichoblast"
20.4319154808582,-0.0683914291446554,0.686215372901731,-0.0996646706637528,0.9206105495731,0.984865599176911,"AT1G26970","Atrichoblast"
71.4959150983125,1.19234910703632,0.505589677341208,2.35833356667138,0.018357189397506,0.150292480658648,"AT1G70690","Atrichoblast"
13.5339441937266,-0.841574395478827,0.870068696134733,-0.967250516214994,0.333418814355479,0.727580348922827,"AT1G28660","Atrichoblast"
4.40330004730421,1.34484834653513,1.43465507598966,0.937401866861571,0.34855188102067,NA,"AT1G66440","Atrichoblast"
9.11928967241956,0.645792044657448,1.02003684068771,0.633106588799334,0.526664039903493,0.849614958379737,"AT1G04180","Atrichoblast"
24.0930540499478,2.28955626291354,2.24696621027256,1.01895446956268,0.30822458249738,0.705377840983437,"AT1G09090","Atrichoblast"
36.0036661290436,0.995717681602178,0.565838415778307,1.75972089175419,0.0784551417626257,0.35687064591452,"AT1G72300","Atrichoblast"
4.46010062132766,1.59663065495861,1.53145454079477,1.04255830808403,0.297152907129067,NA,"AT1G77380","Atrichoblast"
2.71074508537665,0.252417565984648,1.7699234337848,0.142614963543863,0.886594279088446,NA,"AT1G66090","Atrichoblast"
520.590818065967,0.464173759396682,0.333615336252632,1.39134418882105,0.164121080036405,0.532400609362196,"AT1G14960","Atrichoblast"
25.2220228356054,1.49881219402665,0.636071390846729,2.3563584459151,0.0184550999281714,0.151010237758539,"AT1G18860","Atrichoblast"
87.9065137208157,-0.387506744519734,0.472691901523973,-0.819787145221656,0.412337460462771,0.781742993394082,"AT1G78280","Atrichoblast"
51.5345737503105,-0.355897108825088,0.529679826764475,-0.671909879972338,0.5016410702115,0.835794329519919,"AT1G17420","Atrichoblast"
127.807536586051,1.29612728097443,0.328967252584482,3.93998877028519,8.14854233875802e-05,0.00335615242416165,"AT1G29050","Atrichoblast"
20.3152015732823,0.166807505779398,0.683863705087252,0.243919226212064,0.807293378473749,0.959320780750585,"AT1G63720","Atrichoblast"
81.7136783378398,-0.27480425131882,0.433331312879326,-0.634166613746067,0.525972093383364,0.849354782273322,"AT1G72470","Atrichoblast"
8.14294952194008,1.93882429927078,1.09047545608194,1.77796234519292,0.0754100394781606,NA,"AT1G44050","Atrichoblast"
143.959266643352,-0.568354149394218,0.434050284052294,-1.30942006093871,0.190392099750436,0.573510012424959,"AT5G48430","Atrichoblast"
244.417714348325,-1.17548269430862,0.346112142590628,-3.39624806431293,0.000683164151494089,0.0162703320796539,"AT5G01040","Atrichoblast"
6.54036072337134,-1.13937021490043,1.15954464436879,-0.982601420681526,0.325803644935392,NA,"AT5G20710","Atrichoblast"
79.9985909081128,-0.372186621990303,0.406545077254015,-0.915486726599216,0.359936167530284,0.746870080246838,"AT5G63770","Atrichoblast"
27.675955997108,-1.85741957777699,0.734371446311314,-2.52926443029158,0.0114301874908593,0.111497413680841,"AT5G43650","Atrichoblast"
11.8938801230071,0.899924376637556,0.948847042109586,0.948439881982179,0.342905564261624,0.735331958266092,"AT5G57540","Atrichoblast"
6.81891276383107,1.19678531541143,1.16116575723485,1.0306756877342,0.302692929526856,NA,"AT5G57030","Atrichoblast"
18.5209050407442,-0.939211531783602,0.745529294105118,-1.25979158593757,0.207744555888362,0.598981907816563,"AT5G22690","Atrichoblast"
12.036010370306,0.444848802995317,0.852739325302223,0.521670327374261,0.601899887912773,0.883349641412744,"AT5G05790","Atrichoblast"
58.7408959151461,1.81402140848773,0.454058307954869,3.99512876806129,6.46591000569905e-05,0.00277720487506228,"AT5G48290","Atrichoblast"
93.932070034329,-0.494160008280312,0.364674312249747,-1.3550721607775,0.175394567383717,0.551626207713868,"AT5G51500","Atrichoblast"
83.1638966130652,1.49416838147324,0.407895200045561,3.66311832379087,0.000249163371261871,0.00770929543013381,"AT5G24030","Atrichoblast"
73.1613973247141,1.49947432537649,0.415476410929353,3.60904803722168,0.000307322703067601,0.00904485679986381,"AT5G36180","Atrichoblast"
10.0972911512574,-0.149001114683831,0.945433381060909,-0.157600860799553,0.874771325230893,0.973634205355512,"AT5G27100","Atrichoblast"
56.3317793238644,1.30292302436396,0.45369195827749,2.87182305216673,0.00408111412310271,0.05650331243676,"AT5G66985","Atrichoblast"
2.51692918910443,2.20096491379486,2.01600415030883,1.09174622158277,0.27494466275857,NA,"AT5G11570","Atrichoblast"
378.138300496503,0.113692239222151,0.305943990522889,0.371611284234869,0.710182286252437,0.924138167278353,"AT5G42590","Atrichoblast"
54.9393716397982,1.46913882002878,0.454359716671916,3.23342665760489,0.00122314738224472,0.0245389512340477,"AT5G38100","Atrichoblast"
3.80591223829022,0.0988660610908596,1.50010085661041,0.0659062760048378,0.947452443919925,NA,"AT5G14340","Atrichoblast"
31.9203113961137,0.644110640204548,0.588749197951395,1.09403230177772,0.273940811495241,0.67528550919252,"AT5G02350","Atrichoblast"
14.8151263816399,-0.373290462035803,0.808324857688608,-0.461807475651833,0.644219389474038,0.901176214323564,"AT5G52870","Atrichoblast"
24.217157750658,0.391011958414883,0.639728331069071,0.611215635489288,0.541056833620812,0.856169183123024,"AT5G57480","Atrichoblast"
188.428961381554,0.987506015042508,0.321532478462345,3.07124810459282,0.00213165942269931,0.035555789805092,"AT5G09978","Atrichoblast"
2572.6068459269,0.0947539722673553,0.594108341173631,0.159489382155742,0.873283323058477,0.973432310137379,"AT5G46900","Atrichoblast"
62.551246869582,-0.40030018725877,0.53946195986241,-0.742035985930993,0.458065532727775,0.81089440597472,"AT5G20230","Atrichoblast"
36.2674935919078,0.63061021719437,0.55088332811233,1.14472554352885,0.252322866760704,0.653085634769702,"AT5G13910","Atrichoblast"
26.4146618069044,0.320890330462092,0.650541190498752,0.493266737216246,0.621824127987735,0.891516695070161,"AT5G14700","Atrichoblast"
7.23372822123859,-1.57369394253591,1.20877896222364,-1.30188726948142,0.192954924970023,NA,"AT5G52400","Atrichoblast"
66.6936990154366,2.13041233479151,0.434539393324125,4.90269091254157,9.45326666300509e-07,7.61685338502787e-05,"AT5G42500","Atrichoblast"
1269.99349409774,-0.945910926007512,0.260930370535022,-3.62514690822682,0.000288797234019567,0.00858531293471475,"AT5G53250","Atrichoblast"
5.55434250533004,0.0676181135381439,1.22974260039241,0.0549855827687574,0.956149949699555,NA,"AT5G10100","Atrichoblast"
21.6561503996046,1.14863982637525,0.664780624147649,1.72784793156085,0.0840154914193822,0.369711999324076,"AT5G15960","Atrichoblast"
30.3991627534826,0.512216672562944,0.578511999287474,0.885403713654716,0.375938930193323,0.758390189836322,"AT5G04960","Atrichoblast"
323.100143556109,1.09730031220887,0.265241498247757,4.13698580145971,3.51897875159237e-05,0.00173536259840232,"AT5G43350","Atrichoblast"
5.28328702255758,-0.0202510968891509,1.38072660305259,-0.0146669853715998,0.988297858381664,NA,"AT5G20045","Atrichoblast"
207.597591465497,-0.0516003856353016,0.301891472308604,-0.170923627755056,0.864283817785334,0.970961134723409,"AT3G20940","Atrichoblast"
58.7341779312266,2.13013700472793,0.453647317609003,4.69557941167832,2.65852058394502e-06,0.000188460990433987,"AT3G27170","Atrichoblast"
113.296101247436,-0.926709713108564,1.38876921925999,-0.667288488437527,0.504587878004749,0.836145763511943,"AT3G48520","Atrichoblast"
96.3206641200347,0.268316917284992,0.353490989268411,0.759048817171559,0.447823354946861,0.804909380524161,"AT3G22240","Atrichoblast"
46.1300757438567,0.930004104310431,0.533403677617673,1.7435277320623,0.0812414744722897,0.363111712971783,"AT3G09220","Atrichoblast"
104.243376808753,0.456905926735537,0.352836541405709,1.29495070129418,0.195337236497405,0.581515758561324,"AT3G02240","Atrichoblast"
46.4024740772877,-1.19410755606582,0.540453417310665,-2.20945509422031,0.0271430025552006,0.191645814650193,"AT3G14560","Atrichoblast"
501.866651411464,-0.935310339490915,1.0688516295461,-0.875060966027724,0.38154073436467,0.761188767361257,"AT3G12580","Atrichoblast"
21.471732442731,0.209877293142414,0.665376871715806,0.315426192379071,0.752438082455271,0.939874681374595,"AT3G27540","Atrichoblast"
21.1729948494909,0.545206595472688,0.66589106450003,0.818762444097436,0.412921961935948,0.782286307175326,"AT3G07600","Atrichoblast"
2.88270318721152,0.163795818599095,1.70447505879437,0.0960975156274529,0.923443124418985,NA,"AT3G22910","Atrichoblast"
404.611714803006,-0.402207417718367,0.327900294175163,-1.22661499505551,0.219967330553738,0.614051171718075,"AT3G50970","Atrichoblast"
122.968019218186,1.23309523617335,0.330407088756488,3.73204836740699,0.000189929020755485,0.00630628030345875,"AT3G55230","Atrichoblast"
281.612470820094,0.114309422877665,0.321918934186275,0.355087603550282,0.722523963253116,0.930198880061479,"AT3G11340","Atrichoblast"
12.4749076463461,0.0723543774380564,0.848923834584061,0.0852307056186108,0.932077979836048,0.987390603684354,"AT2G32560","Atrichoblast"
44.3409942430928,1.50670293815609,0.489217953930318,3.07981938530959,0.00207126159887057,0.0349436524889549,"AT2G47360","Atrichoblast"
85.7001062864081,-0.45943914399616,0.370120158655721,-1.24132429226456,0.21448597422476,0.608659678588163,"AT2G35910","Atrichoblast"
17.2997152342816,2.37430441837998,0.810841971464427,2.92819624777421,0.00340934778530465,0.0496256990072232,"AT2G44340","Atrichoblast"
14.3405818675886,0.973620751053175,0.828728428244226,1.17483691625726,0.240059967738455,0.637989607210216,"AT2G21510","Atrichoblast"
12.0358260933972,0.873866914398503,0.949972893319681,0.919886157324736,0.357632253407218,0.745749866464438,"AT2G23600","Atrichoblast"
3.08931484312989,2.41861776513672,1.80361346717646,1.34098453418794,0.179925474007394,NA,"AT2G43060","Atrichoblast"
155.194353332497,0.314328692527396,0.347643379844144,0.904169936065852,0.36590529905107,0.751983258053865,"AT2G41380","Atrichoblast"
14.1820864020595,-0.859323217383481,0.807345312046149,-1.06438125615122,0.287156021427073,0.688362142081318,"AT2G33110","Atrichoblast"
50.1603320265961,1.35809146823164,0.476048271207236,2.85284402942497,0.00433298826624768,0.0589390331972529,"AT2G39430","Atrichoblast"
11.018009456321,2.21992187845599,0.96968191615413,2.28932997663858,0.022060187258389,0.168482979721778,"AT2G44940","Atrichoblast"
7.23892740715893,-0.482629796001809,1.10327228659885,-0.43745302212716,0.661782838425964,NA,"AT2G40250","Atrichoblast"
13.8578264723146,0.423254874947504,0.802099369247582,0.527683839652614,0.597718791474425,0.882512435092767,"AT2G44130","Atrichoblast"
76.1670521524951,0.434830979290984,0.411887406114184,1.05570350740571,0.291103694239091,0.691701500737367,"AT4G11210","Atrichoblast"
18.2981933073616,3.83399904857104,0.918089253920109,4.17606352781107,2.96597019735958e-05,0.00152742837760082,"AT4G36220","Atrichoblast"
1326.88036773958,2.19081435261252,0.263767492590526,8.30585426238842,9.91038157513652e-17,8.59579860737577e-14,"AT4G17340","Atrichoblast"
6.32955941131408,-1.15683285112122,1.2358305791506,-0.936077218542626,0.349233431579865,NA,"AT4G17250","Atrichoblast"
18.8786314663968,1.16114204997233,0.80069129189132,1.45017444517172,0.147009879393201,0.502950896083988,"AT4G01720","Atrichoblast"
4.26562201317999,1.36099672446707,1.42742977003374,0.953459674891676,0.340357218351269,NA,"AT4G23550","Atrichoblast"
62.6604761809573,-0.706275297057401,0.450508271999067,-1.56772991963811,0.116944176035834,0.443333375965718,"AT4G01140","Atrichoblast"
39.1654366056758,0.498128698914277,0.512643373392129,0.971686604701805,0.331206482782238,0.725113524665791,"AT4G18430","Atrichoblast"
44.6727857285601,-0.553168876823745,0.488464306680053,-1.13246529840321,0.257438865624396,0.658972534674418,"AT4G01090","Atrichoblast"
1387.04243420775,0.918688160056333,0.256143926895111,3.58660918176885,0.00033500583339424,0.0096811541530181,"AT4G12545","Atrichoblast"
93.9944854238639,0.23353314459133,0.946505335993208,0.246731989467628,0.80511564776412,0.959116286396774,"AT4G27410","Atrichoblast"
7.31167719871911,-1.38263973342693,1.22840142688813,-1.12556018184505,0.260351730168242,NA,"AT4G08040","Atrichoblast"
20.4573009873301,2.42814878019523,0.7649738537707,3.17415917972416,0.00150271254784964,0.0282084268297881,"AT4G17670","Atrichoblast"
41.4844761042615,1.44208397404263,0.507224300928234,2.8430892829929,0.004467855260094,0.0601000570724371,"AT4G28890","Atrichoblast"
138.323220169586,2.38720753852892,0.342212675603058,6.97580104045563,3.04132884047812e-12,1.11515746909022e-09,"AT4G04745","Atrichoblast"
169.897353756069,1.68562688184047,0.303983103941171,5.54513346296604,2.93730036408633e-08,3.86700838111188e-06,"AT4G15390","Atrichoblast"
5.05983248121341,2.53656118267163,1.44457539426462,1.75592163118831,0.079101790895895,NA,"AT4G10310","Atrichoblast"
116.3345596068,-0.6178757540368,0.356920796002347,-1.73112847712224,0.0834288523056869,0.368863096625893,"AT4G01870","Atrichoblast"
188.227984968399,-0.222110001065714,0.288194338028715,-0.770695228035965,0.440887601105495,0.800698120388292,"AT4G39400","Atrichoblast"
10.4765702999909,0.0225514716253863,0.912302647795734,0.0247192877055374,0.980278870416462,0.995743451659599,"AT4G01680","Atrichoblast"
105.220753925252,1.06197383345877,0.353054688369488,3.00795845075244,0.00263009093716994,0.0408217798616534,"AT4G35060","Atrichoblast"
33.1004411766668,-0.161683148714008,0.519538242721684,-0.311205480980582,0.755644416565744,0.999955291470327,"AT1G69810","Columella"
15.8150096299006,0.0433814132788353,0.764654457735737,0.0567333556222173,0.954757602852541,0.999955291470327,"AT1G72430","Columella"
34.1979900516388,-0.216230684022027,0.536648324201272,-0.402928089533974,0.687001126454773,0.999955291470327,"AT1G65310","Columella"
5.10615626214906,1.21820217618457,1.24635938496951,0.977408435219802,0.328366988634568,NA,"AT1G06180","Columella"
34.6532495098871,0.997001454835573,0.530116942059072,1.88071984827166,0.0600100382285497,0.795390192406406,"AT1G49310","Columella"
2.58320557909536,-1.94789656008662,1.72357485529613,-1.13014909338066,0.258413406129766,NA,"AT1G56060","Columella"
7.71428272972721,2.06962953293406,1.13947069291912,1.81630782239079,0.0693231659841986,NA,"AT1G70890","Columella"
2.9092726449475,0.422630785774976,1.55132765995546,0.272431670422939,0.785290123799653,NA,"AT1G26970","Columella"
17.0151352265056,1.04693921395719,0.714369995700171,1.4655419744093,0.142773109195826,0.999955291470327,"AT1G70690","Columella"
8.43066410266677,-0.496811895361571,0.940802499512084,-0.528072465389097,0.597449040899803,NA,"AT1G04180","Columella"
5.69322411569778,2.80805702374025,1.43288247950365,1.9597259816541,0.0500278266800541,NA,"AT1G09090","Columella"
8.92354795554289,-0.0285593946702215,0.928699306735654,-0.0307520361683124,0.975467291902481,NA,"AT1G72300","Columella"
2.26417383520532,0.449269011839585,1.74263384388814,0.257810333143297,0.79655328931429,NA,"AT1G77380","Columella"
5.06020411240268,-2.13471077979249,1.33044837439471,-1.60450478265545,0.108602831097559,NA,"AT1G66090","Columella"
44.8981138494186,1.34085722391537,0.485630163653773,2.76106659814345,0.00576129268176831,0.200952156020475,"AT1G14960","Columella"
2.94379735436702,1.98176845701145,1.73762449256288,1.14050444471376,0.254076202023778,NA,"AT1G18860","Columella"
25.7519424342052,-0.973089746863832,0.606953875127151,-1.60323508381914,0.108882762445217,0.995389154926315,"AT1G78280","Columella"
21.0358597195492,-1.46129750853292,0.657553492604152,-2.22232491343883,0.0262613556588315,0.504457262531344,"AT1G17420","Columella"
21.372554132099,0.145808956917918,0.629587955651658,0.231594260355565,0.816853165899005,0.999955291470327,"AT1G29050","Columella"
7.43318164017188,0.67391308841572,1.00180120145726,0.672701417641965,0.50113726552749,NA,"AT1G63720","Columella"
6.43008770193387,1.37801209320022,1.16194670498514,1.18595120351741,0.235641570455374,NA,"AT1G72470","Columella"
18.0338355773714,-0.0139399759503742,0.659809204425285,-0.0211272832462474,0.983144120866365,0.999955291470327,"AT5G48430","Columella"
113.623033227309,-1.45894100737264,0.370067550685353,-3.94236404859257,8.06823858261444e-05,0.0101158266985806,"AT5G01040","Columella"
20.5843584754576,-1.1890444934288,0.647991516153845,-1.83496922997755,0.0665102487395018,0.82638856016922,"AT5G63770","Columella"
24.5133826105622,-3.10382777131464,0.670185789157566,-4.63129451792196,3.63386527276055e-06,0.000864487230786471,"AT5G43650","Columella"
2.64324678178623,-0.437738040482586,1.623104489344,-0.269691842611749,0.787397336745113,NA,"AT5G57540","Columella"
8.37766742644814,-1.79517575436684,0.969149667927503,-1.85232045552445,0.0639798200562134,NA,"AT5G22690","Columella"
3.06506176481576,0.957787789662543,1.56291925057164,0.612819753363606,0.5399955281298,NA,"AT5G05790","Columella"
15.5254953816988,1.12477774159498,0.761470611035381,1.47711247853099,0.139645489130505,0.999955291470327,"AT5G48290","Columella"
2.97552092817005,-0.81514234190458,1.51443319906724,-0.538249123438815,0.590405070321331,NA,"AT5G51500","Columella"
41.619623671776,0.0505039346181847,0.562346666289737,0.0898092540521324,0.928438794240506,0.999955291470327,"AT5G24030","Columella"
11.0998092891621,-0.0541721461814636,0.825730306155222,-0.0656051325446691,0.947692202739667,0.999955291470327,"AT5G36180","Columella"
1.98587388126647,2.20754129046415,2.17006599334511,1.01726919698938,0.309025385833059,NA,"AT5G27100","Columella"
18.2326928837944,1.91445997484737,0.757477844567792,2.52741382282902,0.0114906019985538,0.312638725344816,"AT5G66985","Columella"
100.351498037852,-0.419879576130785,0.389978534016602,-1.07667355894238,0.281626128911714,0.999955291470327,"AT5G42590","Columella"
6.36064716714692,2.11710086423676,1.2479862346567,1.69641363457757,0.0898075733915946,NA,"AT5G38100","Columella"
3.61722299750719,-0.167498667653714,1.39385337313661,-0.120169503393882,0.904348875444762,NA,"AT5G02350","Columella"
8.23851744947872,-1.61546378646758,0.95924943665343,-1.68409146228275,0.0921639941068412,NA,"AT5G52870","Columella"
9.16669024296229,-1.04096988957218,0.966771002264925,-1.07674918582935,0.281592332087988,NA,"AT5G57480","Columella"
31.2670347793075,0.654348010341393,0.581468217829983,1.12533753398147,0.260446030293539,0.999955291470327,"AT5G09978","Columella"
181.544761526628,0.232588837547028,0.335842972304474,0.692552343588014,0.488590526375029,0.999955291470327,"AT5G46900","Columella"
49.2035958883242,-2.00669901785856,0.471079241413598,-4.25979079833136,2.04618328156352e-05,0.00339008722970471,"AT5G20230","Columella"
3.93382631270838,1.3207031490697,1.49932583943108,0.880864662194339,0.378391076101983,NA,"AT5G13910","Columella"
12.589998181936,-1.03560765812317,0.805506259743673,-1.28566059617304,0.198561538756379,0.999955291470327,"AT5G14700","Columella"
18.6361095230898,1.14134074912342,0.688060721853143,1.65877910607869,0.0971603120996159,0.963780408288661,"AT5G42500","Columella"
115.23270282639,-0.86048069692184,0.347428167231528,-2.47671541365963,0.0132597582271425,0.34268533936331,"AT5G53250","Columella"
4.16352170879336,-1.9333251101002,1.53325167228105,-1.26093135592277,0.207333579849097,NA,"AT5G10100","Columella"
8.60753104062012,-0.186208739342375,0.91642730494557,-0.203189863874074,0.838986635045854,NA,"AT5G15960","Columella"
8.29268692625419,0.57850778117049,0.985571338571177,0.586977074647053,0.557219103740376,NA,"AT5G04960","Columella"
70.6765891268119,1.09755930917216,0.41014341528697,2.6760378644729,0.00744982280052613,0.242682067618298,"AT5G43350","Columella"
85.8807927145005,-0.453256671251137,1.01363875617803,-0.447157992419471,0.65476098948445,0.999955291470327,"AT5G20045","Columella"
60.0688615812469,-0.44557557954406,0.41665126326859,-1.06942092542469,0.284880042438444,0.999955291470327,"AT3G20940","Columella"
14.7519389075266,0.570364967361463,0.763453521080396,0.747085384522577,0.455012021922376,0.999955291470327,"AT3G27170","Columella"
42.1731686879727,-1.16167887223993,1.46492824456168,-0.792993702287114,0.427781491979401,0.999955291470327,"AT3G48520","Columella"
37.8100392461723,-0.742572446122656,0.496558975269218,-1.49543656062214,0.134800544855154,0.999955291470327,"AT3G22240","Columella"
15.4421616255848,0.305998183916502,0.765683434048665,0.399640595981672,0.68942125133904,0.999955291470327,"AT3G09220","Columella"
10.8646603493532,0.465166430568019,0.861170169783784,0.540156227990119,0.589089296529723,0.999955291470327,"AT3G02240","Columella"
13.7030507515614,-0.288771574898858,0.750254006055164,-0.384898411162399,0.700312683100535,0.999955291470327,"AT3G14560","Columella"
159.720528080391,-0.63847039271399,0.941822616930421,-0.67790938679609,0.497829147944466,0.999955291470327,"AT3G12580","Columella"
7.5956333750746,-0.616236394006941,0.97603377852771,-0.631367896853424,0.527800001690379,NA,"AT3G27540","Columella"
6.18254301008186,-1.06975542784332,1.07805693736509,-0.992299563006328,0.321051416430537,NA,"AT3G07600","Columella"
12.5461871444627,-0.87357530774427,0.819132192622276,-1.06646438219905,0.286213771332942,0.999955291470327,"AT3G22910","Columella"
91.9169318457662,-0.232407424775632,0.87410671066383,-0.265879922829024,0.790331687990363,0.999955291470327,"AT3G50970","Columella"
42.3879592388661,0.897727706270516,0.481794673378011,1.86329935940609,0.062420160232692,0.807718614559159,"AT3G55230","Columella"
66.8856612664486,0.716396627229781,0.462699922875448,1.54829640510363,0.12155094957995,0.999955291470327,"AT3G11340","Columella"
17.038446188949,-0.503357001468692,0.708325482914517,-0.710629524999651,0.477313842034322,0.999955291470327,"AT2G32560","Columella"
13.5265565205357,1.25523096100575,0.791315885277602,1.58625775668007,0.112680850755977,0.999955291470327,"AT2G47360","Columella"
21.9959800662545,-1.40775861116787,0.722007193134131,-1.94978474529733,0.0512017805098307,0.734235115255346,"AT2G35910","Columella"
4.6616351259748,-0.558502101779458,1.40470899413594,-0.397592742775171,0.6909304108852,NA,"AT2G21510","Columella"
5.95384299195659,1.17787394753148,1.16088492633909,1.01463454370621,0.310280066569844,NA,"AT2G23600","Columella"
3.25922786901137,0.891607367514331,1.60605705648933,0.555152984080958,0.578790024455258,NA,"AT2G43060","Columella"
19.0750928065859,0.732044586429026,0.660609253139618,1.10813553238908,0.267803287493789,0.999955291470327,"AT2G41380","Columella"
6.42167509057428,-1.73679613724754,1.11708501191028,-1.55475735394347,0.120003869318426,NA,"AT2G33110","Columella"
19.3276717784128,0.700911087471796,0.661876838037173,1.05897509504998,0.289611122119856,0.999955291470327,"AT2G39430","Columella"
2.68540241795642,0.409224573191054,1.72756326561632,0.236879645067621,0.812750161514321,NA,"AT2G44940","Columella"
4.90017160167866,1.54231971809774,1.288224302259,1.19724469985015,0.231211191808011,NA,"AT2G44130","Columella"
26.0851756877951,0.0142691802960811,0.597318575587323,0.0238887268524183,0.9809413663869,0.999955291470327,"AT4G11210","Columella"
5.70667100703221,4.06981143361036,1.70708854412213,2.38406581054251,0.0171225400216096,NA,"AT4G36220","Columella"
408.981156215014,1.3005071162962,0.279835743116273,4.64739458159865,3.36153783483046e-06,0.000820746000830447,"AT4G17340","Columella"
3.0941794873328,-0.254103490395607,1.59124014259105,-0.159688964345661,0.873126094517065,NA,"AT4G01720","Columella"
6.7296791673086,-2.06121008765072,1.08666214855697,-1.89682698563477,0.057850776482594,NA,"AT4G01140","Columella"
9.81803348554751,-0.0400069894401388,0.866591156716447,-0.0461659331855255,0.963177994889897,0.999955291470327,"AT4G18430","Columella"
22.8085643435873,-0.389000758354486,0.601295354401044,-0.64693790748138,0.517672130724179,0.999955291470327,"AT4G01090","Columella"
169.575454577436,0.840082553689915,0.331851222864028,2.53150356487952,0.0113574662935815,0.309925212564262,"AT4G12545","Columella"
34.4867864864996,0.219442089349608,0.545672112240527,0.402150090552695,0.687573570493375,0.999955291470327,"AT4G27410","Columella"
2.78135482397444,-0.811138973348085,1.72593888366345,-0.46996969650882,0.638376668068273,NA,"AT4G08040","Columella"
6.10564897114137,1.03543728698277,1.12139503862288,0.923347483554353,0.355826150183609,NA,"AT4G17670","Columella"
5.17461928070967,2.25689457613921,1.37887420484924,1.63676611557613,0.101679348312322,NA,"AT4G28890","Columella"
19.7490864409842,3.20436444242503,0.82798257876816,3.87008679239648,0.00010879661356383,0.0117373834958746,"AT4G04745","Columella"
72.6167434949738,1.41053979083427,0.422911075998024,3.3353105910162,0.000852041758988031,0.0506746374351984,"AT4G15390","Columella"
2.93700387355692,4.5820636907421,2.06724669120342,2.21650551443123,0.0266569006399595,NA,"AT4G10310","Columella"
31.6188141700484,-0.0601372034649632,0.53263094428142,-0.112905951316995,0.910105118035991,0.999955291470327,"AT4G01870","Columella"
63.1508227391337,-0.663590217455477,0.422445934210966,-1.57082874686654,0.116222432815466,0.999955291470327,"AT4G39400","Columella"
36.1449844574323,0.230600602688949,0.536648420197373,0.429705173834551,0.667410119355022,0.999955291470327,"AT4G35060","Columella"
52.610249564594,0.225549150460247,0.498150529463723,0.452773081869569,0.650712148652005,0.999630917505803,"AT1G69810","Cortex"
68.6866257390799,-0.420705579491712,0.480409420865326,-0.875723000464741,0.381180638367334,0.999630917505803,"AT1G72430","Cortex"
85.6522352882195,-0.503875627539942,0.396894422747843,-1.26954574985314,0.204246484216311,0.999630917505803,"AT1G65310","Cortex"
43.2334097622787,-0.0846456469379792,0.503970022231297,-0.16795770225224,0.866616554999762,0.999630917505803,"AT1G06180","Cortex"
64.7873428078751,1.49277389530054,0.4592087021302,3.2507526281096,0.00115099958021353,0.0588256355851372,"AT1G49310","Cortex"
8.35067297866978,-0.984299808827741,1.04640679224621,-0.940647381230056,0.346885592314308,0.999630917505803,"AT1G56060","Cortex"
18.7991759583183,1.75305805227859,0.772387198004074,2.26966223263237,0.0232280845717232,0.437287225108889,"AT1G70890","Cortex"
29.9116925747008,-0.727344135713419,0.568222131317485,-1.2800348589503,0.200532876468726,0.999630917505803,"AT1G26970","Cortex"
46.7580834486039,0.306087263732343,0.509984528315798,0.600189313082072,0.548380075112988,0.999630917505803,"AT1G70690","Cortex"
2.67246985971359,-2.77002005450699,1.91723010021942,-1.44480313249305,0.148513190969749,NA,"AT1G09930","Cortex"
4.21597429453345,-0.361466714984588,1.34559208534542,-0.268630232684371,0.788214244846896,NA,"AT1G28660","Cortex"
1.9444651243145,2.12914227754764,2.30293179526771,0.924535534192898,0.355207559495547,NA,"AT1G56600","Cortex"
68.6004995972701,-0.716639319032172,0.522543286262398,-1.37144488862939,0.170236312363298,0.999630917505803,"AT1G09090","Cortex"
17.4650644000432,0.797662959544719,0.724076314138157,1.10162830073257,0.270623299473559,0.999630917505803,"AT1G72300","Cortex"
3.95095109443372,-0.254521344829831,1.45068653487224,-0.175448891756789,0.860726926255032,NA,"AT1G66090","Cortex"
92.5410456783271,0.202285451041463,0.418770569865829,0.483046005611792,0.629063070821056,0.999630917505803,"AT1G14960","Cortex"
9.24969884330356,0.851860721369172,1.02027265728611,0.83493438277087,0.4037546545469,0.999630917505803,"AT1G18860","Cortex"
96.6767689241438,-1.03134400218112,1.08224857470086,-0.952964066010613,0.340608277680051,0.999630917505803,"AT1G78280","Cortex"
32.2015378990522,-0.39181826827048,0.720713494563929,-0.543653298052303,0.586680075685303,0.999630917505803,"AT1G17420","Cortex"
137.512338069054,-0.119760207725093,0.35768367665596,-0.334821563132961,0.737759693414255,0.999630917505803,"AT1G29050","Cortex"
14.598584596434,0.638102945328737,0.782885949112679,0.815065011770821,0.41503509783317,0.999630917505803,"AT1G63720","Cortex"
3.23535170253771,-5.53743538300766,4.80729247356866,-1.15188235653509,0.249369419303812,NA,"AT1G11925","Cortex"
41.4952531496334,0.183244285239497,0.500700114557021,0.36597612006064,0.714382894722475,0.999630917505803,"AT1G72470","Cortex"
3.05246813926358,1.20137975069649,1.64981360285515,0.728191202095436,0.46649655071097,NA,"AT1G44050","Cortex"
29.6781257401018,0.364743583046786,0.578916565388745,0.630045165147172,0.528665034633667,0.999630917505803,"AT5G48430","Cortex"
164.942174218723,-1.78894149978548,0.501044747905215,-3.57042261647238,0.000356405736168232,0.0271273729091054,"AT5G01040","Cortex"
2.39322610525267,2.5152992097179,2.11579522475031,1.18881977815917,0.234510593409089,NA,"AT5G20710","Cortex"
78.2251071360845,-1.27999456109633,1.46782979432424,-0.872032006739318,0.383190916911443,0.999630917505803,"AT5G63770","Cortex"
25.2234550016971,-2.16976576397438,0.816276538975695,-2.65812584384345,0.00785765461553287,0.228268633001271,"AT5G43650","Cortex"
5.25232417694952,0.718534324902465,1.25700872832032,0.571622383133811,0.567577828078636,NA,"AT5G57540","Cortex"
4.77435502772581,-0.0451360309466254,1.2903364619391,-0.0349800476681839,0.972095650789741,NA,"AT5G57030","Cortex"
18.3926381491289,-0.678020308037216,0.700200473920621,-0.96832312072111,0.3328830212609,0.999630917505803,"AT5G22690","Cortex"
19.6934561557161,0.571091131422311,0.717086386415028,0.796404927274384,0.425796715250156,0.999630917505803,"AT5G05790","Cortex"
41.2944345996579,1.10748781930538,0.551104280719685,2.0095794172731,0.0444757215044073,0.630358439019203,"AT5G48290","Cortex"
4.90397619663085,-0.80510477075947,1.28100502903877,-0.628494621417373,0.529679969003752,NA,"AT5G51500","Cortex"
65.8292062298712,0.825362697240595,0.43535176212701,1.89585243254351,0.0579795603563323,0.704563636021113,"AT5G24030","Cortex"
88.1756949236664,-0.181678497058489,0.478802595460927,-0.37944342570573,0.704358608240546,0.999630917505803,"AT5G36180","Cortex"
3.97063139411972,2.57942511968424,1.67152422087718,1.5431574891153,0.12279256890945,NA,"AT5G27100","Cortex"
48.8254231710385,1.79044816611037,0.528103138823373,3.39033805044131,0.000698064856390669,0.0400101383478652,"AT5G66985","Cortex"
236.806822733978,0.105601777779374,0.315815030930128,0.334378567949597,0.738093909897145,0.999630917505803,"AT5G42590","Cortex"
8.80691030078495,1.99049459303061,1.09127182021295,1.82401355570804,0.0681500229027,0.756736923285495,"AT5G38100","Cortex"
15.4423012544776,0.0715778300813252,0.769362514865532,0.0930352450220887,0.925875561159223,0.999630917505803,"AT5G14340","Cortex"
6.76395416243854,0.627065286578526,1.10519532445364,0.567379604947678,0.57045630335698,0.999630917505803,"AT5G02350","Cortex"
9.24819494054612,-0.611840694651395,0.976966814895602,-0.626265585813963,0.531140755010589,0.999630917505803,"AT5G52870","Cortex"
27.7180558906394,-0.136029369005265,0.591993909689572,-0.229781703458056,0.818261402866335,0.999630917505803,"AT5G57480","Cortex"
80.6697078373738,0.666825455301168,0.424084089972788,1.57238970069345,0.115860201369377,0.930429761168433,"AT5G09978","Cortex"
748.470011978639,-0.782450548181586,0.276359979835975,-2.83127299635058,0.00463631307001133,0.159698988156084,"AT5G46900","Cortex"
57.187131056714,-1.75231774471671,0.637135653712078,-2.75030558171932,0.00595397115179972,0.18830816307203,"AT5G20230","Cortex"
30.8495165115146,0.255960674628505,0.619993857697115,0.412843887807594,0.67972099431786,0.999630917505803,"AT5G13910","Cortex"
27.6354035607191,-0.201055256204816,0.668012271412575,-0.300975393430522,0.763433258244898,0.999630917505803,"AT5G14700","Cortex"
5.20697582531594,-1.32108871419865,1.32111153778103,-0.999982723954999,0.317318868529384,NA,"AT5G52400","Cortex"
94.0724611714073,1.01283869298735,0.407484134989442,2.48559049547682,0.0129336698596477,0.310342312208529,"AT5G42500","Cortex"
893.661012592767,-1.67222184643747,0.275932084273401,-6.06026606453126,1.35896566187058e-09,1.28259179167346e-06,"AT5G53250","Cortex"
22.1521486138469,-0.33820472706443,0.657905375012637,-0.514062872731408,0.607208033879901,0.999630917505803,"AT5G10100","Cortex"
22.745943912708,-0.00736070669112711,0.74742799470282,-0.00984804789664556,0.992142521637767,0.999630917505803,"AT5G15960","Cortex"
18.4967957984575,0.00109624722593532,0.699231230589145,0.0015677892776781,0.998749085653199,0.999630917505803,"AT5G04960","Cortex"
135.551689154462,1.14589514336662,0.36617306763128,3.12938128076772,0.00175174842962134,0.0797411656532131,"AT5G43350","Cortex"
54.1621666224936,-0.205344624912554,0.513242909876713,-0.400092472708254,0.689088408164608,0.999630917505803,"AT3G20940","Cortex"
78.8553895313004,0.642998019758818,0.409295601560003,1.57098687918481,0.116185696524897,0.931275793255351,"AT3G27170","Cortex"
152.220767643157,-2.12529461824242,1.57198805587671,-1.35197885906145,0.176382078389716,0.999630917505803,"AT3G48520","Cortex"
96.2345963710722,-0.418930088187216,0.408583766768672,-1.02532239961555,0.305211090020149,0.999630917505803,"AT3G22240","Cortex"
29.3812378995353,0.0023409041737657,0.609832450259722,0.00383860218125279,0.996937246106061,0.999630917505803,"AT3G09220","Cortex"
20.1436264301471,0.445071051967162,0.676939263796335,0.657475604932657,0.510875151896755,0.999630917505803,"AT3G02240","Cortex"
16.0375058468316,0.28849541103241,0.770233158179747,0.37455594837568,0.707990739858266,0.999630917505803,"AT3G14560","Cortex"
459.537952688348,-0.514781558581362,0.869829378769478,-0.591819006285587,0.553971794508442,0.999630917505803,"AT3G12580","Cortex"
23.4486048605015,-0.0688200228284594,0.632504407815109,-0.108805601950171,0.913356680488136,0.999630917505803,"AT3G27540","Cortex"
11.1130799333508,0.761022197729281,0.876563700153263,0.868188127795185,0.385291352469206,0.999630917505803,"AT3G07600","Cortex"
3.77598157389509,-2.47878923933389,1.61805967315004,-1.53195168291178,0.125534358347327,NA,"AT3G22910","Cortex"
350.525848067017,-0.704739966389447,0.902408223077703,-0.780954725773554,0.434829123252755,0.999630917505803,"AT3G50970","Cortex"
99.0183830067473,0.388200607425551,0.425968669911884,0.91133605555041,0.362118334407338,0.999630917505803,"AT3G55230","Cortex"
576.329394024454,-0.40727043313504,0.32770959674011,-1.24277847577966,0.213949476275842,0.999630917505803,"AT3G11340","Cortex"
6.85657951378038,-4.13588852582644,1.63346872155702,-2.53196677184251,0.011342473927062,0.283201769639182,"AT3G59620","Cortex"
18.7261900916531,-0.871947648013005,0.729973832928514,-1.19449164981013,0.232285705134938,0.999630917505803,"AT2G32560","Cortex"
27.2498136374086,0.443127334067037,0.605175326106312,0.732229677832557,0.464028392979077,0.999630917505803,"AT2G47360","Cortex"
2.71824374644078,0.347554236859422,1.66893240108025,0.208249439362829,0.835034207642718,NA,"AT2G31690","Cortex"
15.3061623800886,0.471852829303667,0.770661297725398,0.612270047420751,0.540359103455135,0.999630917505803,"AT2G35910","Cortex"
8.08981996237278,0.930031079124646,1.0247035343809,0.907609906592685,0.364084358438452,0.999630917505803,"AT2G44340","Cortex"
7.82394254470874,-0.940673399533787,1.08492596006441,-0.867039258124064,0.385920499962008,0.999630917505803,"AT2G21510","Cortex"
16.7233616122419,0.894614341354782,0.766580886565964,1.16701884567246,0.243202758984759,0.999630917505803,"AT2G23600","Cortex"
3.17759800740104,-0.653960476919903,1.56960508536732,-0.41664013643716,0.676941647178304,NA,"AT2G43060","Cortex"
46.8210401649962,0.525458965944334,0.509402541865246,1.03152010985319,0.302296982781281,0.999630917505803,"AT2G41380","Cortex"
9.78638268095773,-0.295166614850782,1.04946477812624,-0.281254427021158,0.778515261942853,0.999630917505803,"AT2G33110","Cortex"
38.2388444278865,0.292752617617604,0.528356236243767,0.55408188176005,0.579522809180978,0.999630917505803,"AT2G39430","Cortex"
6.38096848487841,0.999723506382163,1.14524828269887,0.872931679082052,0.382700317962414,NA,"AT2G44940","Cortex"
16.0614532971856,0.910014523040001,0.768670831036012,1.18388064994412,0.236460310903144,0.999630917505803,"AT2G44130","Cortex"
319.877725438545,-0.823925523815619,0.433730918127134,-1.89962368228984,0.0574825220765301,0.702521622304062,"AT4G11210","Cortex"
11.6497614134043,3.61071835110114,1.17289631649641,3.07846337337541,0.0020807110508632,0.090635773375601,"AT4G36220","Cortex"
968.144304840506,1.3414987272884,0.294810432142911,4.55037739857895,5.35497816550012e-06,0.00106775247730965,"AT4G17340","Cortex"
3.4064697986377,0.19250759644637,1.49688244079785,0.128605688195368,0.89766966516123,NA,"AT4G17250","Cortex"
18.9004651518312,-0.36130802785377,0.830615979527161,-0.43498805315478,0.663571099147932,0.999630917505803,"AT4G01720","Cortex"
2.04125085059489,1.45632821184152,2.06751814100187,0.70438473209034,0.48119321156891,NA,"AT4G23550","Cortex"
55.8920743294208,-1.06785764225194,0.469532847464966,-2.27429805607289,0.0229480719708572,0.4331678065219,"AT4G01140","Cortex"
16.6819746081535,0.0249406275837706,0.743166461272737,0.033559947714887,0.973228061356872,0.999630917505803,"AT4G18430","Cortex"
26.3635248318833,0.420662408172497,0.604028274196196,0.696428339769836,0.486160620274367,0.999630917505803,"AT4G01090","Cortex"
354.003838001432,0.636879246886836,0.297009897858301,2.1443031073351,0.032008608005166,0.52999516202238,"AT4G12545","Cortex"
87.21850708893,-0.0329991154592985,0.544589551249685,-0.0605944704292885,0.951682177391895,0.999630917505803,"AT4G27410","Cortex"
8.12381778328529,-1.04809193365815,0.997301063504479,-1.05092832246181,0.293291511249795,0.999630917505803,"AT4G08040","Cortex"
37.2039960906271,1.5336679144289,0.557691941912908,2.75002702956106,0.0059590348983732,0.18830816307203,"AT4G17670","Cortex"
29.8238870923548,0.516308254297423,0.575174508577296,0.897654966619643,0.369369524986931,0.999630917505803,"AT4G28890","Cortex"
56.3488513906181,2.70920597390172,0.516049645315846,5.24989407219446,1.52186698628803e-07,6.52880937117566e-05,"AT4G04745","Cortex"
126.256792697641,1.86868231660986,0.379934389457349,4.91843425723807,8.7239206573181e-07,0.000268488140751418,"AT4G15390","Cortex"
2.97449868624071,2.11378993278892,1.82056530521111,1.16106240558276,0.24561652185142,NA,"AT4G10310","Cortex"
54.0908942498869,-0.157876823592564,0.477764927601156,-0.330448750989863,0.741060910380282,0.999630917505803,"AT4G01870","Cortex"
76.8131294211388,-0.651782766096601,0.411144910749696,-1.585287204232,0.112901094964705,0.925566687519061,"AT4G39400","Cortex"
14.6122622413315,-1.62794412919904,0.779131780381197,-2.0894336108361,0.0366687083069617,0.571087902642087,"AT4G01680","Cortex"
150.87091599365,0.0540721689200673,0.360636717243123,0.149935284830176,0.880815673101079,0.999630917505803,"AT4G35060","Cortex"
32.8065799060835,1.24323127307715,0.550498513983973,2.25837353143762,0.0239223814719837,0.234567103779753,"AT1G69810","Dividing_meristematic"
32.0785282811301,0.883843443667149,0.549254539307683,1.60916911998798,0.107579366679441,0.549039469194934,"AT1G72430","Dividing_meristematic"
67.5703339575647,-0.110975210349782,0.413108836951339,-0.268634317214701,0.788211101356589,0.99024297185997,"AT1G65310","Dividing_meristematic"
41.7152351800961,-0.301322718141679,0.48453600148869,-0.621878905212191,0.534021496976284,0.946585597642984,"AT1G06180","Dividing_meristematic"
75.42211692498,1.45955781772453,0.388235106681408,3.75946892129534,0.000170274427305801,0.0064560844679289,"AT1G49310","Dividing_meristematic"
6.38738530891964,-0.0474885793433623,1.16366919403182,-0.0408093464937629,0.967447888143017,NA,"AT1G56060","Dividing_meristematic"
18.9429035006623,2.15531644784957,0.780792893194023,2.76042016600936,0.00577270650254778,0.0879329408624992,"AT1G70890","Dividing_meristematic"
2.99695497204609,1.40945287633409,1.7115063706546,0.823515997661768,0.410214623601628,NA,"AT1G26970","Dividing_meristematic"
34.3877513872641,1.03306407160445,0.606914700095599,1.70215694469375,0.0887259514490128,0.498848333749733,"AT1G70690","Dividing_meristematic"
4.95913062094717,-0.169882797219855,1.31444892505037,-0.129242600440596,0.897165688582244,NA,"AT1G28660","Dividing_meristematic"
17.9068671399325,0.552792585834452,0.904190438278649,0.611367431496875,0.540956358761366,0.949501861057471,"AT1G09090","Dividing_meristematic"
17.4823552483085,2.14815958941689,0.784183105835012,2.73935968963459,0.00615589844142837,0.0924577512952099,"AT1G72300","Dividing_meristematic"
3.55810298410193,-1.7292171391782,1.71440498598382,-1.00863982157978,0.313147402135625,NA,"AT1G66090","Dividing_meristematic"
87.3005960306146,1.12745672335921,0.356733058878355,3.16050530024938,0.00157495739584812,0.0341763305509625,"AT1G14960","Dividing_meristematic"
9.89997080240193,2.39586740816335,1.05943036541842,2.26146756442752,0.0237303190300102,NA,"AT1G18860","Dividing_meristematic"
55.7737222604853,-0.739939998937732,0.532618254560857,-1.389250166703,0.164756691614509,0.665745060240228,"AT1G78280","Dividing_meristematic"
16.9739189752612,-0.297224827390162,0.756774825071237,-0.392752001709602,0.694502658720168,0.982126340438643,"AT1G17420","Dividing_meristematic"
42.8700745351142,1.10861801929026,0.481935003772133,2.30034757926492,0.0214285361308628,0.219153893664213,"AT1G29050","Dividing_meristematic"
15.2743805214908,0.654146430211187,0.844696582146283,0.774415860129411,0.438684907556523,0.912816047319848,"AT1G63720","Dividing_meristematic"
29.1717057484394,0.223737655719723,0.562978497553291,0.397417764074629,0.691059418017032,0.982126340438643,"AT1G72470","Dividing_meristematic"
3.90627512579553,1.41009198876149,1.51765382344866,0.929126238786952,0.352823667853279,NA,"AT1G44050","Dividing_meristematic"
29.6215880142313,1.28863199427438,0.664659084342516,1.93878640137613,0.052527352654554,0.372845339003583,"AT5G48430","Dividing_meristematic"
146.74636564703,-1.05890492052575,0.361330418326281,-2.93057231503151,0.00338338234892226,0.0591357969304432,"AT5G01040","Dividing_meristematic"
41.9876505176703,-0.521558615744337,0.58041989987928,-0.898588445800729,0.36887191530351,0.875233377273481,"AT5G63770","Dividing_meristematic"
10.0401134959937,-1.73401913407258,1.03848354941526,-1.66976081137632,0.094966696752694,NA,"AT5G43650","Dividing_meristematic"
7.89378656480164,1.85884741692293,1.11858731483675,1.66178124163174,0.0965566447234296,NA,"AT5G57540","Dividing_meristematic"
9.43163657725221,-0.0256376789616316,0.962520312426264,-0.0266359874494552,0.978750069600706,NA,"AT5G57030","Dividing_meristematic"
9.92326330041533,-0.260465950809095,0.960921986329545,-0.271058373639678,0.786346136441107,NA,"AT5G22690","Dividing_meristematic"
6.984992011156,0.386835131880116,1.10276370998038,0.350786962228743,0.72574817907927,NA,"AT5G05790","Dividing_meristematic"
23.6049756269627,2.66665733116996,0.725577982587315,3.675218095319,0.000237646317814381,0.00828969768116013,"AT5G48290","Dividing_meristematic"
2.96923876323592,0.0131747035119723,1.67027740636223,0.00788773377511352,0.993706564260275,NA,"AT5G51500","Dividing_meristematic"
43.785812627242,1.41747376733132,0.492959811453206,2.87543474011141,0.00403471541610524,0.0672597182806647,"AT5G24030","Dividing_meristematic"
18.2944580415763,1.19345791126239,0.744367976578715,1.60331710768617,0.10886466136179,0.551411630911768,"AT5G36180","Dividing_meristematic"
6.25963688452397,1.39671825181699,1.24143248300443,1.12508595589246,0.260552611942361,NA,"AT5G27100","Dividing_meristematic"
50.3538589504923,1.80355768301297,0.466597197164639,3.86534187083122,0.000110933703045064,0.00460672011484456,"AT5G66985","Dividing_meristematic"
76.5275859395788,1.01864726007354,0.38500022185473,2.64583551449977,0.00814894301972041,0.111363567046189,"AT5G42590","Dividing_meristematic"
8.74102195784524,2.40292444151651,1.10591656495374,2.17278998946636,0.0297961270849316,NA,"AT5G38100","Dividing_meristematic"
9.64261438801107,0.95946738507274,0.964175000088247,0.99511746828628,0.319679135680641,NA,"AT5G02350","Dividing_meristematic"
12.9864882961877,-0.550666856512386,0.838677597111562,-0.656589443200705,0.511444938685245,0.942071449435673,"AT5G52870","Dividing_meristematic"
15.5157558886107,0.691690713904228,0.808337447786345,0.8556954967241,0.392166231776347,0.889003934914116,"AT5G57480","Dividing_meristematic"
60.9534903111985,0.837628780043169,0.449998021776833,1.8614054718191,0.0626869384525775,0.411416205187589,"AT5G09978","Dividing_meristematic"
376.313919327917,0.219360457775891,0.244078297046423,0.898729876561575,0.368796559211004,0.875233377273481,"AT5G46900","Dividing_meristematic"
32.8022943009267,-0.777646174199737,1.38551051364921,-0.561270496714994,0.57461315103148,0.957512945272077,"AT5G20230","Dividing_meristematic"
10.2936604347152,0.470359159700896,0.919802796102326,0.511369569318606,0.609092299093145,NA,"AT5G13910","Dividing_meristematic"
19.6078768987734,0.221010784196962,0.670185973642152,0.32977530549598,0.741569747883188,0.984929751656093,"AT5G14700","Dividing_meristematic"
2.92643906258793,-1.32566053635087,1.71744053110874,-0.771881478478357,0.440184628105299,NA,"AT5G52400","Dividing_meristematic"
46.7964958339799,1.66357367538733,0.494188328369762,3.36627471732317,0.000761907882951395,0.0197968355508767,"AT5G42500","Dividing_meristematic"
221.598419628334,-0.547890292752947,0.26604915042022,-2.05935742282042,0.0394600113221037,0.32066717412773,"AT5G53250","Dividing_meristematic"
13.571381521519,-1.07192179471376,0.815262625143026,-1.31481777976232,0.188571150525846,0.702587716439559,"AT5G10100","Dividing_meristematic"
18.6961059701585,0.397963896825535,0.778583933959155,0.511138079618289,0.609254373217877,0.965646904329218,"AT5G15960","Dividing_meristematic"
31.8756702865056,1.03062338870956,0.567601763331002,1.8157508578925,0.0694085986811217,0.437490857876165,"AT5G04960","Dividing_meristematic"
139.253446937937,1.80098036532295,0.332818144419346,5.41130462843318,6.25672313528834e-08,1.09125072383348e-05,"AT5G43350","Dividing_meristematic"
9.25865053888482,0.450440736722877,1.14011760028001,0.395082697269343,0.692781857920729,NA,"AT5G20045","Dividing_meristematic"
67.3236816417267,-0.331680550015716,0.409041404992719,-0.810872801548343,0.417438721047809,0.902904200418205,"AT3G20940","Dividing_meristematic"
27.784135499158,2.10404343980883,0.619736817873224,3.39505961099642,0.000686136596300045,0.0183403523528248,"AT3G27170","Dividing_meristematic"
79.8388731320561,-1.49321448594804,1.41122453122491,-1.05809844777285,0.290010562022282,0.82279735093471,"AT3G48520","Dividing_meristematic"
65.4377481226062,0.395655262961494,0.40666000672117,0.972938711508896,0.330583763673428,0.857141575809917,"AT3G22240","Dividing_meristematic"
25.813504521214,0.222191151068143,0.615273338796934,0.361125920883556,0.718005316842502,0.984594707537082,"AT3G09220","Dividing_meristematic"
26.3672440173953,0.963800802602498,0.609818792874031,1.5804708117639,0.113999086158443,0.566261747657084,"AT3G02240","Dividing_meristematic"
18.4374234653629,-0.00704197107295805,0.709862076930352,-0.00992019619277249,0.992084958438124,0.99948219119094,"AT3G14560","Dividing_meristematic"
401.256787969781,-0.696848239116502,0.953530860150695,-0.730808270858033,0.464896270925875,0.924460742195653,"AT3G12580","Dividing_meristematic"
18.9636773254193,0.338508555044553,0.70000122104722,0.483582806524445,0.628681979316235,0.974012731827554,"AT3G27540","Dividing_meristematic"
10.6531593401977,0.683469120975442,0.909215390449527,0.75171310137802,0.452223609888836,NA,"AT3G07600","Dividing_meristematic"
2.69230226136876,-1.15113569697961,1.76905777360283,-0.650705541761494,0.51523658516034,NA,"AT3G22910","Dividing_meristematic"
169.685089757694,0.182606006999446,0.983116046970733,0.185742067339973,0.852647037341868,0.993804000520303,"AT3G50970","Dividing_meristematic"
80.1543128681878,1.65787697481019,0.37858725960906,4.37911454421938,1.19162489843658e-05,0.000824264648131835,"AT3G55230","Dividing_meristematic"
136.346775927445,0.603041948559659,0.720964352091764,0.836437955371896,0.402908567521152,0.895616256591149,"AT3G11340","Dividing_meristematic"
9.41195942464366,0.328584961368531,0.949875587744163,0.34592420903129,0.729399674374682,NA,"AT2G32560","Dividing_meristematic"
29.1958229170443,1.00136105103875,0.566215386877545,1.76851614111171,0.0769746562026793,0.462146031839924,"AT2G47360","Dividing_meristematic"
15.522274724143,0.810249826724683,0.761439266526516,1.06410302481619,0.287282030749164,0.819988073606386,"AT2G35910","Dividing_meristematic"
5.02647602517159,2.97311759004194,1.5619361811903,1.90348211780088,0.0569776648717501,NA,"AT2G44340","Dividing_meristematic"
4.33920186097232,-1.24114676781423,1.43450914947716,-0.865206588794921,0.386925409682363,NA,"AT2G21510","Dividing_meristematic"
16.7180743514309,2.1704431852135,0.804031212143738,2.69945140491074,0.00694538982489083,0.100946900236148,"AT2G23600","Dividing_meristematic"
2.61054034805438,1.34745256238382,1.91513160584622,0.703582228119741,0.481692982105603,NA,"AT2G43060","Dividing_meristematic"
42.1002015248787,1.16398888750645,0.483874966073901,2.40555715653345,0.0161478257526392,0.18170210703756,"AT2G41380","Dividing_meristematic"
11.1948444671307,-0.509827891948731,0.877989016501463,-0.580676844888391,0.561458270369111,NA,"AT2G33110","Dividing_meristematic"
44.7316885363043,1.91952831418125,0.545409844162167,3.51942366777399,0.000432485467353301,0.0125980578830493,"AT2G39430","Dividing_meristematic"
2.47007844675367,0.793301977776498,1.85000851161634,0.428809906978967,0.668061568567396,NA,"AT2G44940","Dividing_meristematic"
16.8458227758266,1.41967684369409,0.754970181850764,1.8804409469707,0.0600480074283255,0.40223228403621,"AT2G44130","Dividing_meristematic"
77.3112213376981,0.42173599681817,0.386293056002843,1.09175143136683,0.274942372214662,0.807465990214938,"AT4G11210","Dividing_meristematic"
13.1543993911924,2.07125221323516,0.880975043007171,2.35109068035007,0.0187184714845963,0.200264015267511,"AT4G36220","Dividing_meristematic"
905.984401880073,1.96779757245218,0.191972048173645,10.2504379735129,1.17808504083553e-24,5.47927352492605e-21,"AT4G17340","Dividing_meristematic"
3.32079567764903,-0.126240076236218,1.58988842791955,-0.0794018460788533,0.93671300032103,NA,"AT4G17250","Dividing_meristematic"
9.470970745248,0.938707955761636,1.04698205712256,0.89658456835593,0.369940635518706,NA,"AT4G01720","Dividing_meristematic"
2.10709770341942,4.3410308992359,2.3978021176224,1.8104208296973,0.0702305515229786,NA,"AT4G23550","Dividing_meristematic"
7.89002983675273,0.620410670059492,1.04026854421781,0.59639472279342,0.550911565049168,NA,"AT4G01140","Dividing_meristematic"
18.8663063201633,1.21094541194815,0.766885838619659,1.57904260447392,0.114326285122768,0.566383068988549,"AT4G18430","Dividing_meristematic"
33.9629858970933,-0.100354140627043,0.518158005589983,-0.193674785575836,0.84643053619502,0.99358673009709,"AT4G01090","Dividing_meristematic"
342.957684571725,1.42041612616444,0.234557895446575,6.05571653625263,1.39793984776261e-09,3.75104897996763e-07,"AT4G12545","Dividing_meristematic"
68.9171948555305,0.485704851433996,0.492757898084107,0.985686588327586,0.324286932801435,0.854053524608989,"AT4G27410","Dividing_meristematic"
5.80984785184253,-0.543936090720252,1.20243782401287,-0.452361094983677,0.651008869465693,NA,"AT4G08040","Dividing_meristematic"
10.1411520392573,1.2380815389454,0.990963340357044,1.24937168563604,0.211529159562545,NA,"AT4G17670","Dividing_meristematic"
18.8086654074756,2.3087395189616,0.765860494044628,3.01456928110861,0.00257344428724836,0.0485233353242925,"AT4G28890","Dividing_meristematic"
41.375885336324,2.78271123005812,0.550955701673105,5.05069867070577,4.40197009762308e-07,5.84958940686998e-05,"AT4G04745","Dividing_meristematic"
110.211596445741,2.28333892682291,0.343637353649152,6.64461794556295,3.04004588272555e-11,1.17827111671304e-08,"AT4G15390","Dividing_meristematic"
6.60669720329859,3.29283358935322,1.46958845209817,2.24065015253213,0.0250487453469602,NA,"AT4G10310","Dividing_meristematic"
63.2147023771285,0.262206890082774,0.422213029438027,0.621029839917011,0.534579989902096,0.946693057380878,"AT4G01870","Dividing_meristematic"
115.726935696352,-0.325147473954461,0.319409618123324,-1.01796394192777,0.308695092320903,0.840925931892534,"AT4G39400","Dividing_meristematic"
4.94373579649134,0.320832697463502,1.30446244447722,0.245950122076592,0.80572084342674,NA,"AT4G01680","Dividing_meristematic"
58.9317777415893,1.01734023560447,0.439157961077177,2.31657017695664,0.0205271575135916,0.213566287708267,"AT4G35060","Dividing_meristematic"
40.5031230734328,0.117990133092879,0.509390266915462,0.231630128717126,0.816825304500734,0.999232052558507,"AT1G69810","Dividing_S_phase"
25.8152556988097,0.496596383861172,0.616440772561865,0.805586531529003,0.420481294061492,0.999232052558507,"AT1G72430","Dividing_S_phase"
38.357341524296,0.610362509304469,0.529360442919746,1.15301873698372,0.248902693949239,0.999232052558507,"AT1G65310","Dividing_S_phase"
45.7084686910743,0.213892175910989,0.492031459714484,0.434712398339542,0.663771197838749,0.999232052558507,"AT1G06180","Dividing_S_phase"
63.283237859728,1.29102854421334,0.48844210606948,2.64315571522349,0.00821372510387123,0.221510649794907,"AT1G49310","Dividing_S_phase"
4.8734297466484,-1.56153706791903,1.51240713585464,-1.03248459419403,0.301845160997111,NA,"AT1G56060","Dividing_S_phase"
12.2318609898777,1.39201407280496,0.903442431208619,1.54078890333137,0.123368171019505,0.832637449916753,"AT1G70890","Dividing_S_phase"
2.41718080479446,-0.34111279289547,1.84085258725001,-0.185301525639838,0.852992541465161,NA,"AT1G26970","Dividing_S_phase"
31.9340713528872,1.18540752854494,0.694017051599903,1.70803804576883,0.0876292832602482,0.739871286602214,"AT1G70690","Dividing_S_phase"
4.6742490040312,-4.02409383168149,1.90587415405446,-2.11141634043404,0.0347365417754374,NA,"AT1G28660","Dividing_S_phase"
12.0312746768157,1.8374717917459,0.929834019805061,1.97612880644132,0.0481401905894021,NA,"AT1G09090","Dividing_S_phase"
13.562362922356,0.276599715815503,0.819326787809035,0.337593887971318,0.735669248740373,0.999232052558507,"AT1G72300","Dividing_S_phase"
2.72629283642833,0.947803715527823,1.76356582176231,0.53743597422448,0.590966499676781,NA,"AT1G66090","Dividing_S_phase"
52.1519853558887,1.38722819054816,0.488338587610388,2.84070975700765,0.00450132596101981,0.155510033980804,"AT1G14960","Dividing_S_phase"
11.7171055751194,0.891975783381622,0.912045473769577,0.977994857750892,0.328076867377179,NA,"AT1G18860","Dividing_S_phase"
51.4517792064416,-0.99552198762576,0.644067172275572,-1.54568037384742,0.122181779424775,0.831136335914286,"AT1G78280","Dividing_S_phase"
21.416138152315,-0.0912777465703276,0.725175005889247,-0.125869956671215,0.899834864599795,0.999232052558507,"AT1G17420","Dividing_S_phase"
27.3358398043153,0.799038663772141,0.604314839742005,1.32222247614053,0.186094078779285,0.961322427844629,"AT1G29050","Dividing_S_phase"
12.6517211627495,0.62552669728787,0.885118302409423,0.706715357241053,0.47974338399104,0.999232052558507,"AT1G63720","Dividing_S_phase"
34.1804329037306,-0.184870043573468,0.558687800419446,-0.330900448219332,0.740719683394446,0.999232052558507,"AT1G72470","Dividing_S_phase"
4.25551179574579,2.19321838374666,1.61907510130572,1.3546118904416,0.175541243109222,NA,"AT1G44050","Dividing_S_phase"
24.8487980722037,1.040554736057,0.70231738133272,1.48160185653164,0.138446264756173,0.868380079675252,"AT5G48430","Dividing_S_phase"
134.798216981967,-1.30089369886599,0.395376457413619,-3.29026595912128,0.00100092728205259,0.0551502303727509,"AT5G01040","Dividing_S_phase"
39.9640177924622,-0.782243043423167,0.595498896655893,-1.31359276703276,0.188983284079806,0.965151146780726,"AT5G63770","Dividing_S_phase"
12.7199756932405,-1.5801716478882,0.966219459519355,-1.63541691519467,0.10196167883112,0.791711917809912,"AT5G43650","Dividing_S_phase"
3.42113004870723,0.798693759001144,1.72653015557817,0.462600526507273,0.643650731184863,NA,"AT5G57540","Dividing_S_phase"
4.54441207830828,2.51162769780046,1.51770660240153,1.65488355511283,0.0979481206663383,NA,"AT5G57030","Dividing_S_phase"
9.36102691860045,0.550248429026733,0.981152422844775,0.560818498955881,0.574921274446044,NA,"AT5G22690","Dividing_S_phase"
9.80715813524614,1.2074280051065,0.967435262337059,1.2480711135024,0.212005015744267,NA,"AT5G05790","Dividing_S_phase"
23.0924434126911,1.81824351679776,0.677519785125382,2.68367589658105,0.00728176592025829,0.206139283861739,"AT5G48290","Dividing_S_phase"
19.4577130261667,-1.37792104006633,0.867008960038177,-1.58928119959182,0.111996921307463,0.814353002012689,"AT5G51500","Dividing_S_phase"
32.0569851076083,0.994927744866926,0.586975334604693,1.69500775622365,0.0900739494250007,0.749438731537178,"AT5G24030","Dividing_S_phase"
13.97195135169,1.32110702330968,0.831460246326254,1.58889980506813,0.11208301521761,0.814353002012689,"AT5G36180","Dividing_S_phase"
5.88061698376234,1.03788065151752,1.28411928141788,0.808243180003907,0.418950604834623,NA,"AT5G27100","Dividing_S_phase"
36.7340052037793,1.12416377285124,0.572379323227422,1.96401883721536,0.0495279074317583,0.570888404598888,"AT5G66985","Dividing_S_phase"
70.456992269175,0.918187579711661,0.458478935150462,2.00268215029407,0.0452114158961265,0.544197296986991,"AT5G42590","Dividing_S_phase"
7.65678323182491,1.6332266340147,1.10830024716625,1.47363193159128,0.140580719044688,NA,"AT5G38100","Dividing_S_phase"
3.10338316326151,0.894127327335634,1.68665516947012,0.530118629770976,0.596029683150809,NA,"AT5G14340","Dividing_S_phase"
12.2533094681536,1.33273084898313,0.92247648606223,1.44473151253117,0.148533314829669,0.891613270860124,"AT5G02350","Dividing_S_phase"
10.9936376252757,-1.41892196771898,1.08807698319633,-1.3040639491801,0.19221177937096,NA,"AT5G52870","Dividing_S_phase"
11.1252599496768,0.140312740208913,0.993087893119906,0.14128934727832,0.887641364834861,NA,"AT5G57480","Dividing_S_phase"
47.6230779077492,1.2367598203121,0.555024258132648,2.22829867738236,0.025860604487533,0.415480025709451,"AT5G09978","Dividing_S_phase"
306.93786519687,-0.259307840033307,0.35883117115313,-0.722645803596165,0.469897520159196,0.999232052558507,"AT5G46900","Dividing_S_phase"
35.0539683573505,-1.27980795712251,0.703181719020773,-1.82002450078584,0.0687552738348836,0.65785828250847,"AT5G20230","Dividing_S_phase"
9.9424052674748,-0.126782403716805,0.946738982148729,-0.133914844648161,0.893469911687331,NA,"AT5G13910","Dividing_S_phase"
9.4268298152118,0.16986334545713,1.0214789946573,0.166291569719568,0.867927500070229,NA,"AT5G14700","Dividing_S_phase"
3.57441353141933,-3.57376759288801,2.05621676483523,-1.73803056856916,0.0822054276169736,NA,"AT5G52400","Dividing_S_phase"
34.9889795890667,1.34551916960301,0.656596914372861,2.04923163686836,0.0404394698635743,0.509800535765356,"AT5G42500","Dividing_S_phase"
170.968316300273,-0.852777569318068,0.33999196646637,-2.50822858604931,0.012133814444424,0.277968727675755,"AT5G53250","Dividing_S_phase"
7.76023853443924,-1.24590713890166,1.12349771036473,-1.10895387450073,0.267450080788644,NA,"AT5G10100","Dividing_S_phase"
20.0586620884598,-0.412459321232792,0.693650689184758,-0.594621078972115,0.552096786717904,0.999232052558507,"AT5G15960","Dividing_S_phase"
15.9014042677481,0.809493132356553,0.765509284476804,1.05745697507746,0.29030308067232,0.999232052558507,"AT5G04960","Dividing_S_phase"
106.581516723701,2.00494821494894,0.379928069948025,5.27717842807251,1.31188137112869e-07,5.78268260935793e-05,"AT5G43350","Dividing_S_phase"
2.81448288069903,0.428628911975721,1.71898097518498,0.24935058512186,0.803089605425284,NA,"AT5G20045","Dividing_S_phase"
97.7568070124277,-0.233603365185725,0.373784229163248,-0.624968489731813,0.531991739181298,0.999232052558507,"AT3G20940","Dividing_S_phase"
24.2001540715834,1.98211635885693,0.670163425446818,2.95766119664825,0.0030998262488249,0.125395819426357,"AT3G27170","Dividing_S_phase"
81.1770079444731,-1.35924728569103,1.45607982921082,-0.933497778365444,0.350563016985491,0.999232052558507,"AT3G48520","Dividing_S_phase"
55.8942413554772,0.421056460144971,0.457798093754245,0.919742711665817,0.357707226975631,0.999232052558507,"AT3G22240","Dividing_S_phase"
20.1529686121227,0.222609010250557,0.738498065439049,0.301434791326383,0.763082967644941,0.999232052558507,"AT3G09220","Dividing_S_phase"
20.1131910168933,0.17262191425136,0.721405141848831,0.23928567213835,0.810884074724525,0.999232052558507,"AT3G02240","Dividing_S_phase"
10.1513940378518,-0.540972879118898,0.949325846716849,-0.56984952109942,0.568779764577095,NA,"AT3G14560","Dividing_S_phase"
510.867184644454,-1.70066030808939,1.09674503646598,-1.55064326852975,0.120987196933845,0.829899687853275,"AT3G12580","Dividing_S_phase"
12.9124073994471,-0.630169481305686,0.901461009033317,-0.69905350868303,0.484518591486307,0.999232052558507,"AT3G27540","Dividing_S_phase"
5.5957715466223,0.773076959979151,1.27467773877538,0.606488162821348,0.544190640383985,NA,"AT3G07600","Dividing_S_phase"
2.93810290830662,0.411961940442198,1.74837201996289,0.235626019942221,0.813722880879665,NA,"AT3G22910","Dividing_S_phase"
173.52673654404,-0.449895740030845,0.442854489246137,-1.01589969381748,0.309677154691486,0.999232052558507,"AT3G50970","Dividing_S_phase"
70.31116409576,1.10421941141673,0.419166161112756,2.63432384065873,0.00843050375357474,0.224514853087387,"AT3G55230","Dividing_S_phase"
127.259334108094,0.591641040858772,0.367205521017941,1.61119865305583,0.107136431305684,0.803885078718084,"AT3G11340","Dividing_S_phase"
10.4995138365719,-1.02487966652074,0.939830383696084,-1.09049428950167,0.275495467434213,NA,"AT2G32560","Dividing_S_phase"
14.9673159511525,0.433712747648307,0.815166247584746,0.532054349567776,0.594688353564213,0.999232052558507,"AT2G47360","Dividing_S_phase"
21.4884672446903,-0.19359131633173,0.67831983156982,-0.285398284587532,0.775339021614433,0.999232052558507,"AT2G35910","Dividing_S_phase"
7.04649791009412,3.21998697198915,1.32647026873302,2.42748521990224,0.015203906330068,NA,"AT2G44340","Dividing_S_phase"
4.08018095592256,-0.539537124448015,1.4730158803504,-0.366280589126895,0.714155712337862,NA,"AT2G21510","Dividing_S_phase"
9.78506375405688,0.953233297781027,0.972136763183547,0.980554726332316,0.326812369638538,NA,"AT2G23600","Dividing_S_phase"
2.55455312624955,2.16700888219053,1.93143697734377,1.12196717139109,0.261876398358097,NA,"AT2G43060","Dividing_S_phase"
38.1122736823854,0.595994832748264,0.522484068501901,1.14069474779803,0.253996972982857,0.999232052558507,"AT2G41380","Dividing_S_phase"
7.71717592193052,-0.113890146751378,1.06565609824918,-0.106873265154204,0.914889523007475,NA,"AT2G33110","Dividing_S_phase"
26.7356686227095,1.57472495876827,0.637690004038734,2.46942079818554,0.0135331972950942,0.294833951911573,"AT2G39430","Dividing_S_phase"
11.0594570530655,0.465523294296631,0.938701318185968,0.495922702224655,0.619948948251922,NA,"AT2G44130","Dividing_S_phase"
55.741955834906,0.60137880991993,0.486367259348114,1.23647058547068,0.216283692868308,0.996445357933485,"AT4G11210","Dividing_S_phase"
13.0821704293517,2.55487540829217,0.931849684889787,2.7417248186271,0.00611175201053983,0.189773198322704,"AT4G36220","Dividing_S_phase"
695.393706032434,1.80481364321449,0.290546387708108,6.21179171233633,5.23838339808181e-10,4.6602441292333e-07,"AT4G17340","Dividing_S_phase"
8.26454001852446,0.384666568721625,1.05107830354231,0.36597327470773,0.714385017928056,NA,"AT4G01720","Dividing_S_phase"
11.8107560352573,-0.0124131759952591,0.872890646795431,-0.0142207687077763,0.988653850629067,NA,"AT4G01140","Dividing_S_phase"
8.30208184519274,0.116999128296323,1.08663007570569,0.10767153506251,0.914256249944382,NA,"AT4G18430","Dividing_S_phase"
22.8981210218226,0.0427749853972993,0.645273793409482,0.0662896677878174,0.94714720904294,0.999232052558507,"AT4G01090","Dividing_S_phase"
258.758061499292,1.30591389822235,0.299134168906844,4.36564603433533,1.26747588481495e-05,0.00218947895075533,"AT4G12545","Dividing_S_phase"
52.1062810595568,0.00676477114473362,0.621980801030819,0.0108761735627888,0.991322240117677,0.99987778014534,"AT4G27410","Dividing_S_phase"
5.87332414513874,-0.585807295491371,1.41000267833719,-0.415465377826241,0.677801255305549,NA,"AT4G08040","Dividing_S_phase"
7.00137047833216,1.4655301230558,1.1590343271264,1.26444065439312,0.206071908726443,NA,"AT4G17670","Dividing_S_phase"
17.5137091771956,1.89951803543784,0.775249827069745,2.45020117272074,0.0142776419680888,0.302378022478448,"AT4G28890","Dividing_S_phase"
38.7900399053544,1.95894335795645,0.583498487797888,3.35723810587661,0.000787252849581818,0.0463753602590063,"AT4G04745","Dividing_S_phase"
90.7095916158543,1.91772416897884,0.420431028287595,4.56132882672739,5.08309049429807e-06,0.00120328047756689,"AT4G15390","Dividing_S_phase"
3.33329314087982,2.49482274181079,1.84516759877159,1.3520846255222,0.176348245033212,NA,"AT4G10310","Dividing_S_phase"
43.3266377831817,-0.342303581142971,0.536537134605143,-0.637986746984223,0.52348230725449,0.999232052558507,"AT4G01870","Dividing_S_phase"
97.5314759659831,-0.374148116187391,0.37518900923509,-0.997225683529961,0.318654977001111,0.999232052558507,"AT4G39400","Dividing_S_phase"
4.23488335497454,-0.137125557965982,1.51338297896697,-0.090608629720141,0.927803574617343,NA,"AT4G01680","Dividing_S_phase"
45.5487808297605,0.70915623542515,0.491632107246253,1.44245305579674,0.149174605720788,0.891613270860124,"AT4G35060","Dividing_S_phase"
11.6472858588359,0.100513281449255,0.819414126399333,0.122664814055537,0.902372527708634,0.999967006992855,"AT1G69810","Endodermis"
66.3726765501467,-0.795008726602,0.479846660551363,-1.65679745627177,0.097560431479932,0.889236934162165,"AT1G72430","Endodermis"
18.5490755938567,-0.453349721997178,0.692381805307921,-0.654768392990282,0.512616883402102,0.999967006992855,"AT1G65310","Endodermis"
3.26206465357109,0.24213881792942,1.39293719479058,0.173833263147105,0.861996502147666,NA,"AT1G06180","Endodermis"
23.1441888235503,0.69270351295599,0.638406679592897,1.08505054082096,0.277899271185977,0.999967006992855,"AT1G49310","Endodermis"
2.55949746806329,-0.633550047651274,1.56895876152393,-0.403802867983544,0.686357687331691,NA,"AT1G56060","Endodermis"
4.60554928777863,0.671729314719673,1.21245694743274,0.554023230385206,0.579562947543411,NA,"AT1G70890","Endodermis"
20.0371033732411,-0.752997350431378,0.644367378727023,-1.16858390925835,0.242571314272567,0.999967006992855,"AT1G70690","Endodermis"
29.4555831176293,-0.870947128552989,0.604527456526967,-1.44070731469603,0.149667387537209,0.999967006992855,"AT1G09090","Endodermis"
4.87438872440061,0.457845962014406,1.168274474716,0.391899311269044,0.695132611892031,NA,"AT1G72300","Endodermis"
21.1473882802536,1.67840435979265,0.704364502782353,2.38286335152138,0.0171785696790771,0.342587212407467,"AT1G14960","Endodermis"
2.37041697527397,0.824336974068632,1.66939407484637,0.493794117571965,0.621451587947342,NA,"AT1G18860","Endodermis"
23.1508710238586,-1.32314682484874,0.626695863189357,-2.11130614157085,0.0347460065037973,0.507563285669828,"AT1G78280","Endodermis"
7.34383090402417,-1.11883857826734,0.959663832362581,-1.16586510873593,0.243668987871776,NA,"AT1G17420","Endodermis"
25.1849937075308,-0.334756861160367,0.625942221440353,-0.534804730682744,0.592784891486869,0.999967006992855,"AT1G29050","Endodermis"
9.64205857332685,-1.23179212208853,0.881872993376611,-1.39679084328471,0.162476476647539,0.999967006992855,"AT1G63720","Endodermis"
2.99322521694912,0.563828908679354,1.49084280530058,0.378194741038224,0.705285931901114,NA,"AT1G72470","Endodermis"
9.34195787601803,0.194914583636622,0.879903771071933,0.221518068275999,0.824689069576393,NA,"AT5G48430","Endodermis"
86.2662125294549,-1.60454403884761,0.475637806002183,-3.37345774158298,0.000742304395373532,0.0421183513934942,"AT5G01040","Endodermis"
19.8083348775525,-1.45416910460412,0.656829174958799,-2.21392282810113,0.0268340880826399,0.441323524002605,"AT5G63770","Endodermis"
12.9206734918377,-4.12133282690723,1.0008487682238,-4.11783773708522,3.8244381133227e-05,0.00516663377499833,"AT5G43650","Endodermis"
2.34177891025468,-0.84803454595568,1.58965084860762,-0.533472206615984,0.59370674548711,NA,"AT5G22690","Endodermis"
23.381699019332,0.463843902394009,0.655706688347509,0.707395411144843,0.47932078781991,0.999967006992855,"AT5G05790","Endodermis"
6.7817478590524,1.89950254307985,1.20169143697532,1.58069075357725,0.113948763579006,NA,"AT5G48290","Endodermis"
21.3923710164162,0.0159359681196161,0.65957667493988,0.0241609030838889,0.980724263838602,0.999967006992855,"AT5G24030","Endodermis"
23.4271403848639,-0.222911622734496,0.630549094984485,-0.353519851995,0.723698748608373,0.999967006992855,"AT5G36180","Endodermis"
3.00105860155192,1.24045341158291,1.59545186901241,0.777493471082117,0.436867684941001,NA,"AT5G27100","Endodermis"
13.8323146325415,0.930085270666141,0.776228803043612,1.19821020170761,0.230835194807214,0.999967006992855,"AT5G66985","Endodermis"
3.24298986207125,0.435530265991228,1.42612692145629,0.305393762251179,0.760066272025038,NA,"AT5G11570","Endodermis"
22.2669785832421,0.903373824506502,0.649317482831113,1.39126675069285,0.164144552370715,0.999967006992855,"AT5G42590","Endodermis"
2.26717839981819,0.527150235279556,1.71339241595085,0.307664625086491,0.758337539937685,NA,"AT5G38100","Endodermis"
2.76353218115586,1.14126592046534,1.63109355561479,0.699693721759069,0.484118598119475,NA,"AT5G02350","Endodermis"
5.62999814665552,-1.3078827137743,1.09238201449241,-1.19727594964297,0.231199015339835,NA,"AT5G52870","Endodermis"
9.25509861867018,-0.262906732765119,0.884397409885134,-0.297272165009241,0.766258730710053,NA,"AT5G57480","Endodermis"
15.9409719625234,0.591911513363611,0.76888099009679,0.769835021267854,0.441397762554386,0.999967006992855,"AT5G09978","Endodermis"
134.416627681368,-0.278427475219976,0.412122087136396,-0.675594645156272,0.499298042271691,0.999967006992855,"AT5G46900","Endodermis"
13.147975845351,-1.81004927439312,0.785711459980926,-2.30370736152565,0.0212390763280292,0.38874360995238,"AT5G20230","Endodermis"
4.3401178734509,-0.0179519780358023,1.23494707380879,-0.0145366375746253,0.988401849789586,NA,"AT5G13910","Endodermis"
11.2776708067624,0.454305384824721,0.869157562208158,0.522696234351945,0.601185659167439,0.999967006992855,"AT5G14700","Endodermis"
60.1004081347111,-0.225640856672462,0.513376808814415,-0.439522886110795,0.66028270274658,0.999967006992855,"AT5G42500","Endodermis"
122.793775238662,-1.6212059778743,0.488163114992675,-3.32103333513558,0.000896848248060859,0.0489299707643973,"AT5G53250","Endodermis"
1.85695080474076,1.08350966366661,1.86848547065197,0.579886587658903,0.561991101046039,NA,"AT5G10100","Endodermis"
2.94797532043426,0.690875374135499,1.52373780215082,0.453408304998601,0.650254757303351,NA,"AT5G15960","Endodermis"
7.98696808817202,-0.0580222443531618,1.04612283390847,-0.0554640836357447,0.955768742991238,NA,"AT5G04960","Endodermis"
38.6564453435084,1.76722828482325,0.598713581126358,2.95170903171858,0.00316020566665724,0.113983583405962,"AT5G43350","Endodermis"
6.42429875398065,-0.65784864091758,1.06162472903723,-0.619662130058117,0.53548025296533,NA,"AT3G20940","Endodermis"
14.629765929017,0.376627717019349,0.763127937086741,0.493531554429961,0.6216370497122,0.999967006992855,"AT3G27170","Endodermis"
51.0225987604728,-2.16644251374011,0.531109786711024,-4.07908603446403,4.52131033759998e-05,0.00583043519444144,"AT3G48520","Endodermis"
55.491982615692,-0.0375918484065171,0.493362495235142,-0.0761951886687301,0.93926381044962,0.999967006992855,"AT3G22240","Endodermis"
8.00994716209516,-0.682204742523176,1.01775150645083,-0.67030580470689,0.502662867528697,NA,"AT3G09220","Endodermis"
5.55714804732096,0.86526017048528,1.16199290939781,0.744634638892672,0.456492621720646,NA,"AT3G02240","Endodermis"
6.07227182904649,-1.529358617889,1.04354082564599,-1.46554747097917,0.142771610759347,NA,"AT3G14560","Endodermis"
60.4687631666139,0.68131803999515,0.529696741609971,1.28624170487502,0.198358720293024,0.999967006992855,"AT3G12580","Endodermis"
5.37147557682589,1.01596627537595,1.16154574088022,0.874667470784279,0.38175486449706,NA,"AT3G27540","Endodermis"
4.27600517663856,-1.6671169830781,1.2311545504692,-1.35410861491171,0.175701728128825,NA,"AT3G07600","Endodermis"
101.217393823673,-1.25798091014031,0.511620608379333,-2.45881594591202,0.0139396061460549,0.306563276250835,"AT3G50970","Endodermis"
860.348389098822,-0.913409871399686,0.389578982871796,-2.34460767022505,0.0190471101551884,0.360244343401796,"AT3G55230","Endodermis"
78.2425679584558,-0.684792938965096,0.463186783554488,-1.47843799365346,0.139290582286296,0.999967006992855,"AT3G11340","Endodermis"
5.90399601667367,-0.377679970199172,1.05652293124412,-0.357474465560752,0.720736638609619,NA,"AT2G32560","Endodermis"
11.8275879047324,0.290135105862425,0.808000336158168,0.359077951925048,0.719536775026616,0.999967006992855,"AT2G47360","Endodermis"
5.84847029773702,-0.0693910767549409,1.061628098833,-0.0653628863358262,0.947885073276084,NA,"AT2G35910","Endodermis"
10.974089809435,0.301011682953485,0.842840339462003,0.357139625217304,0.720987281282908,0.999967006992855,"AT2G28650","Endodermis"
2.22389090560762,1.4153153128427,1.76762487325569,0.800687597383661,0.423312524441242,NA,"AT2G44340","Endodermis"
2.22389090560762,1.4153153128427,1.76762487325569,0.800687597383661,0.423312524441242,NA,"AT2G21510","Endodermis"
2.5602305391509,-0.538473563791318,1.60298657312709,-0.335918948304645,0.736931987834687,NA,"AT2G23600","Endodermis"
13.8063515187288,0.270953740426008,0.754904341450663,0.358924602162612,0.719651494413163,0.999967006992855,"AT2G41380","Endodermis"
450.57122727037,0.061185932328365,0.382766266582504,0.159851945352077,0.872997703681305,0.999967006992855,"AT2G39430","Endodermis"
2.12775264366702,1.35774878650451,1.84339575577771,0.736547636202889,0.461397488670165,NA,"AT2G44130","Endodermis"
32.5852641594278,-1.0957581343305,0.58525808426137,-1.87226484143899,0.0611699723219011,0.700008038395246,"AT4G11210","Endodermis"
4.11021284645528,3.29068753002213,1.63504530444303,2.01259715622564,0.0441570263896107,NA,"AT4G36220","Endodermis"
364.463010621943,0.771995861770275,0.375910424257596,2.05366973606791,0.0400076675929558,0.540746735690417,"AT4G17340","Endodermis"
10.7323500179327,-1.07204374190597,0.815961411343267,-1.31384122705157,0.188899640521434,0.999967006992855,"AT4G01720","Endodermis"
16.8094960114487,-1.59313271272289,0.715623967991565,-2.22621486140842,0.025999792983458,0.433804989493891,"AT4G01140","Endodermis"
16.5353584279525,-0.109214474168584,0.711534511265369,-0.153491464488996,0.87801072090165,0.999967006992855,"AT4G18430","Endodermis"
6.6669630855876,-0.79696319331198,1.04583944994932,-0.76203206271345,0.446040868220714,NA,"AT4G01090","Endodermis"
92.7921857806562,1.26356716181514,0.477290758356825,2.64737403708642,0.00811195741795085,0.225623756811045,"AT4G12545","Endodermis"
26.8819324805038,-0.559086369700223,0.676292129013027,-0.826693592480734,0.408410754036254,0.999967006992855,"AT4G27410","Endodermis"
3.33223980169903,-3.37965634955965,1.6222957562842,-2.08325537218972,0.0372279522737922,NA,"AT4G08040","Endodermis"
3.48297924247158,1.52531538080455,1.52995113102949,0.996970001112506,0.318779071419105,NA,"AT4G17670","Endodermis"
22.1401675762536,-0.221744642691458,0.645009539495066,-0.343785059155941,0.731007937215525,0.999967006992855,"AT4G28890","Endodermis"
9.62873557283279,4.37487460779536,1.45379238051563,3.00928431489211,0.00261863935809159,0.103181664707026,"AT4G04745","Endodermis"
42.6549928722955,0.979771617278989,0.564950647223898,1.73426054486967,0.0828718646825298,0.824706596751598,"AT4G15390","Endodermis"
1.60181573502009,3.31044533176898,2.22396214069568,1.48853493105482,0.136609877188495,NA,"AT4G10310","Endodermis"
12.4374043284086,-0.395540175735189,0.775603977148743,-0.509976982311597,0.610067587708311,0.999967006992855,"AT4G01870","Endodermis"
11.4948682846858,-0.391621077323173,0.795348206892393,-0.492389464047861,0.622444046029777,0.999967006992855,"AT4G39400","Endodermis"
2.19525284058833,-0.346914457258154,1.66549555686947,-0.208295036169431,0.834998607214436,NA,"AT4G01680","Endodermis"
20.6724794505105,0.450044031784316,0.662093011634888,0.679729318805276,0.496675868172451,0.999967006992855,"AT4G35060","Endodermis"
38.89547141049,-0.285569949222104,0.497209464678364,-0.574345360474653,0.565734119502947,0.999988685596722,"AT1G69810","Endodermis_like"
42.7738291494026,0.426914983135279,0.490068615992932,0.871133080559143,0.383681493539853,0.999988685596722,"AT1G72430","Endodermis_like"
59.4380652117522,-0.347862276953012,0.424609912631502,-0.819251427262144,0.412642979026186,0.999988685596722,"AT1G65310","Endodermis_like"
5.40848632720035,1.80866698575514,1.26158641975391,1.43364493897131,0.151673612346457,NA,"AT1G06180","Endodermis_like"
92.9515905837435,0.740536544949946,0.394368132894771,1.87777987920627,0.0604112838941732,0.481916246500751,"AT1G49310","Endodermis_like"
22.1047319424709,-0.360742088852384,0.606360203615402,-0.594930351136951,0.551890028258173,0.999988685596722,"AT1G56060","Endodermis_like"
22.721887593794,0.369485821799049,0.605611832209755,0.610103373394919,0.541793332153233,0.999988685596722,"AT1G70890","Endodermis_like"
4.900763795638,-1.76500821925664,1.43014271209332,-1.23414831564129,0.217147642445465,NA,"AT1G26970","Endodermis_like"
87.1853730006087,-0.986998377212965,0.387077198193733,-2.54987475836531,0.0107761623291112,0.151064379422028,"AT1G70690","Endodermis_like"
8.91212393828758,-3.29277461490035,1.05120960873663,-3.13236731050974,0.00173402788058722,NA,"AT1G09930","Endodermis_like"
7.42325960733429,-0.48372511505234,0.986988877142007,-0.490101890968668,0.624061800064429,NA,"AT1G28660","Endodermis_like"
5.81381065523024,-0.06731791568697,1.17076483378544,-0.0574990926822689,0.954147628849286,NA,"AT1G56600","Endodermis_like"
211.053359272419,-1.07778068534469,0.357875677686747,-3.01160641123001,0.00259869302208932,0.0521821526305799,"AT1G09090","Endodermis_like"
15.1825317582512,0.624862567552603,0.75101767019167,0.832021125938528,0.405397020074756,0.999988685596722,"AT1G72300","Endodermis_like"
4.68595446653271,-0.527174638873458,1.19531013287189,-0.441035865400763,0.659187032412988,NA,"AT1G77380","Endodermis_like"
8.96512540590447,-3.55668243032747,1.15167642551551,-3.08826537691385,0.00201328598437721,NA,"AT1G66090","Endodermis_like"
71.7445059225752,0.979305709591919,0.416794606312594,2.34961224248052,0.0187929770912078,0.223434694862924,"AT1G14960","Endodermis_like"
6.93217180227498,0.696509734801462,1.04257086335579,0.668069441879051,0.504089266837948,NA,"AT1G18860","Endodermis_like"
210.971521146873,-1.60092265655666,0.323974884157853,-4.94150236589521,7.75228756216933e-07,6.97175809650818e-05,"AT1G78280","Endodermis_like"
56.3395735916292,-1.50445263994574,0.434958270274844,-3.45884362422881,0.000542499773371934,0.0151410679454098,"AT1G17420","Endodermis_like"
35.5479530426094,0.268871411359874,0.514691334759326,0.52239350694645,0.601396375919091,0.999988685596722,"AT1G29050","Endodermis_like"
34.601344584797,0.0463613962671765,0.566858947836642,0.0817864769430031,0.934816509881647,0.999988685596722,"AT1G63720","Endodermis_like"
11.1011286908272,0.586143683506225,0.906797054578262,0.646389046531291,0.518027432302312,NA,"AT1G72470","Endodermis_like"
3.25309639931985,0.932377833725678,1.4993070060427,0.621872525085182,0.534025692557791,NA,"AT1G44050","Endodermis_like"
19.3102223510293,0.571854488877787,0.682089711246874,0.838386035514926,0.401813929733931,0.999988685596722,"AT5G48430","Endodermis_like"
394.863880438279,-2.51010905338191,0.324356505706347,-7.73873503142995,1.00410793767178e-14,1.76087062003041e-11,"AT5G01040","Endodermis_like"
134.601614823401,-1.83732056361737,0.395374462826748,-4.6470390385898,3.36733458948157e-06,0.000241027854085205,"AT5G63770","Endodermis_like"
86.7456840498436,-2.18862500019588,0.408364300201989,-5.35949151067643,8.34565154236358e-08,1.14042786400974e-05,"AT5G43650","Endodermis_like"
8.2511676773465,0.577320399317809,0.959064293091856,0.601962145266225,0.547199335633847,NA,"AT5G57540","Endodermis_like"
3.62345147218154,0.794408685156213,1.4265713808817,0.556865710193363,0.577619184168617,NA,"AT5G57030","Endodermis_like"
32.4440415948147,-1.33642869458161,0.543188798737395,-2.46033920008668,0.0138805757530768,0.183021827160243,"AT5G22690","Endodermis_like"
25.7818465310325,0.889357545248374,0.599868571150724,1.48258733332591,0.138184084549051,0.747928465856541,"AT5G05790","Endodermis_like"
23.3232613338606,0.959006136573636,0.644341188349551,1.48835144161757,0.136658235310568,0.742719549373597,"AT5G48290","Endodermis_like"
2.76420566901386,0.108608857735482,1.56158795895297,0.0695502658769884,0.944551623102762,NA,"AT5G51500","Endodermis_like"
88.3169756509433,-0.318526736957449,0.387462781224195,-0.822083442314275,0.411029408389953,0.999988685596722,"AT5G24030","Endodermis_like"
43.2025336333651,-0.711900671497201,0.496751791105766,-1.43311143360453,0.151825994460992,0.78497831483973,"AT5G36180","Endodermis_like"
3.55266218503833,1.47668570827352,1.48740506221742,0.992793251672874,0.32081071926936,NA,"AT5G27100","Endodermis_like"
89.2792396482376,1.00135215196333,0.397070901367219,2.52184722807795,0.0116740396308418,0.159940423171507,"AT5G66985","Endodermis_like"
6.18845686042805,4.13235301071241,1.52327467909099,2.71280883706303,0.00667155810339517,NA,"AT5G11570","Endodermis_like"
66.3066284499276,0.611542123199354,0.444732122549718,1.37507972145859,0.169106730449471,0.819595125651465,"AT5G42590","Endodermis_like"
6.80495086298794,1.26488122535363,1.07116415880871,1.18084722584479,0.237663419381821,NA,"AT5G38100","Endodermis_like"
2.33923368579481,-0.982113158421844,1.66341759078685,-0.590418884507089,0.554909852983185,NA,"AT5G14340","Endodermis_like"
3.86859151402607,-0.354882639395914,1.31773405200488,-0.269312794077054,0.787688987531278,NA,"AT5G02350","Endodermis_like"
12.2050440535597,-2.05063126777997,0.811889049109046,-2.525753081693,0.0115450592787462,NA,"AT5G52870","Endodermis_like"
29.739543557302,-0.60320626329845,0.537672828460551,-1.12188347889093,0.261911986048377,0.942489027770528,"AT5G57480","Endodermis_like"
63.1335760421644,0.178784181053422,0.4308335469314,0.414972748354456,0.678161852855633,0.999988685596722,"AT5G09978","Endodermis_like"
334.808982064202,-0.236789264970146,0.301560578179848,-0.78521292935354,0.432328736074595,0.999988685596722,"AT5G46900","Endodermis_like"
2.2356722182367,-0.730370372317178,1.74593585727694,-0.418326005089503,0.6757087788312,NA,"AT5G09640","Endodermis_like"
227.580952499165,-1.75492331737369,0.367073798765685,-4.78084604042774,1.74559010809738e-06,0.000141285377826159,"AT5G20230","Endodermis_like"
6.22075855856319,-2.28426146078952,1.18281853316033,-1.93120195258209,0.0534580826418698,NA,"AT5G04370","Endodermis_like"
3.91533899647349,2.09091678827793,1.51600483175014,1.37922831411037,0.167824370805577,NA,"AT5G13910","Endodermis_like"
107.082915457178,-1.4133335085801,0.459683254782799,-3.07458123365382,0.00210798306290138,0.0441836609319687,"AT5G14700","Endodermis_like"
13.9752857141733,-1.79650461525509,0.819405313436873,-2.19244931146458,0.0283470793366805,0.298267968780552,"AT5G52400","Endodermis_like"
122.550649339221,0.0877821485694234,0.355276884284012,0.247080945742728,0.804845579739899,0.999988685596722,"AT5G42500","Endodermis_like"
211.651326892659,-1.23438617348475,0.323428016686197,-3.81657157018156,0.000135318836348821,0.00481021890561585,"AT5G53250","Endodermis_like"
15.254502967169,-0.00480380277153126,0.714088172567222,-0.00672718433952082,0.994632523962048,0.999988685596722,"AT5G10100","Endodermis_like"
30.6519555584425,-0.495177143421662,0.600434817059714,-0.824697584737855,0.409543303267902,0.999988685596722,"AT5G15960","Endodermis_like"
15.8121933414734,0.470464541982269,0.759643402149391,0.619322883146358,0.535703672507078,0.999988685596722,"AT5G04960","Endodermis_like"
104.704395792238,1.55578214459998,0.45016741679387,3.45600789075405,0.000548239271584954,0.0152205108591475,"AT5G43350","Endodermis_like"
6.29034965880675,-0.65617000511185,1.0582744357672,-0.620037660303265,0.535232992891851,NA,"AT5G20045","Endodermis_like"
33.250477096849,-1.32579815323224,0.533304067376059,-2.48600795369023,0.0129185078301345,0.172717330862358,"AT3G20940","Endodermis_like"
54.4308253401853,0.683772298426738,0.44729587127313,1.52868010268132,0.126343767287635,0.717812699460313,"AT3G27170","Endodermis_like"
249.140723960027,-2.11230314030295,1.01713532667508,-2.07671790066311,0.0378276034540435,0.356650576651833,"AT3G48520","Endodermis_like"
200.480018114305,-0.442495029614863,0.34028195949449,-1.30037757591445,0.193471591623592,0.864714497157488,"AT3G22240","Endodermis_like"
19.4224691004301,0.235858852778673,0.647858572219044,0.364059167992189,0.715813826800495,0.999988685596722,"AT3G09220","Endodermis_like"
24.4061908760199,0.268103173532053,0.622019218595752,0.431020723342461,0.666453302318369,0.999988685596722,"AT3G02240","Endodermis_like"
14.6060445055644,0.448315485873241,0.775615292686511,0.578012695340758,0.563255548115755,0.999988685596722,"AT3G14560","Endodermis_like"
302.287599402042,0.48585044277977,0.408569657074441,1.18914959632269,0.2343808046967,0.920975377492103,"AT3G12580","Endodermis_like"
74.8434238380655,-0.642561282565104,0.417474432595559,-1.5391631975403,0.123764459730534,0.708900187961173,"AT3G27540","Endodermis_like"
10.5610695382557,0.0151224271613996,0.883261518879422,0.0171211207984982,0.986339989420638,NA,"AT3G07600","Endodermis_like"
2.41002297293802,-2.0636723020645,1.70942356766601,-1.207232859719,0.227342479033691,NA,"AT3G21320","Endodermis_like"
5.21730154695,-1.53124655584465,1.17916716768437,-1.298583099843,0.194087040906007,NA,"AT3G22910","Endodermis_like"
622.512989172039,-1.0601117023462,0.914450500711342,-1.15928822994962,0.246338717779602,0.927361713229688,"AT3G50970","Endodermis_like"
207.822818225693,0.125722062809889,0.329190406787119,0.381912899701209,0.702525971688208,0.999988685596722,"AT3G55230","Endodermis_like"
256.310576101136,-0.355726322895081,0.418561949034932,-0.849877356781405,0.395393275721729,0.999988685596722,"AT3G11340","Endodermis_like"
3.62364263866496,-0.237283869486273,1.35068351462352,-0.175676882791016,0.860547797690404,NA,"AT3G09290","Endodermis_like"
3.60136234931672,-4.54147165516598,3.43236272529971,-1.32313278596435,0.185791223331188,NA,"AT3G59620","Endodermis_like"
34.1880792988533,0.0130400276261103,0.564972986046581,0.0230807984596898,0.981585822215987,0.999988685596722,"AT2G32560","Endodermis_like"
20.0923899590103,0.320989798347595,0.642364964171347,0.499700040088073,0.617286304257121,0.999988685596722,"AT2G47360","Endodermis_like"
8.56503787162544,-1.54649361395343,0.936652642718757,-1.65108551817515,0.0987211139549372,NA,"AT2G31690","Endodermis_like"
12.524892352919,-0.22529657477285,0.804883563795656,-0.279912008279062,0.779545014075569,NA,"AT2G35910","Endodermis_like"
2.33923368579481,-0.982113158421844,1.66341759078685,-0.590418884507089,0.554909852983185,NA,"AT2G28650","Endodermis_like"
5.70905913333505,1.4419984395012,1.1938876655802,1.20781752008504,0.227117460849058,NA,"AT2G44340","Endodermis_like"
20.2223713014985,-1.03521826482059,0.665514489339259,-1.55551574218674,0.119823288344066,0.693880374219185,"AT2G21510","Endodermis_like"
9.31672056169759,0.885083025043945,0.937191610093331,0.944399219446494,0.344965680208131,NA,"AT2G23600","Endodermis_like"
3.3728302436638,-0.480349021582551,1.40713230055423,-0.341367347898527,0.732827052973985,NA,"AT2G43060","Endodermis_like"
27.7934075834344,0.904340341491441,0.575353678259066,1.5717990093117,0.115997171382911,0.680973557987786,"AT2G41380","Endodermis_like"
24.2066682240197,-1.57764986050069,0.655974444465971,-2.40504774814064,0.0161703528473429,0.200878928760026,"AT2G33110","Endodermis_like"
45.812751078069,0.704197501137499,0.495795151787793,1.42033962736067,0.155508829770871,0.793841122563837,"AT2G39430","Endodermis_like"
7.14778072018796,0.397486851897455,1.00573379842336,0.395220735865273,0.692679990768645,NA,"AT2G44940","Endodermis_like"
16.3852158409432,0.69610254535406,0.747452434131583,0.931300125021088,0.351698337324277,0.993218975808785,"AT2G44130","Endodermis_like"
59.1720874603814,-0.360809935729355,0.428582596908233,-0.841867911418276,0.399861893531372,0.999988685596722,"AT4G11210","Endodermis_like"
15.1619221765222,1.73559174720349,0.906331224429559,1.91496408864857,0.0554970835418051,0.460884224962015,"AT4G36220","Endodermis_like"
1419.32407983463,0.44657776006193,0.270816418557643,1.64900548659636,0.0991465106920697,0.634486949605627,"AT4G17340","Endodermis_like"
12.9929372411362,-0.293444720917128,0.769789631681008,-0.381201186454442,0.703053968807469,NA,"AT4G17250","Endodermis_like"
30.2263832854618,-0.860146676684826,0.549636224755255,-1.56493811350923,0.117597420883417,0.687040567759751,"AT4G01720","Endodermis_like"
9.46010574520792,-0.00791892962725599,0.90233558905789,-0.00877603601507504,0.992997826241817,NA,"AT4G01140","Endodermis_like"
11.7912788366094,0.659450921256998,0.832544584532408,0.792090818328213,0.428307723388106,NA,"AT4G18430","Endodermis_like"
57.9550047256933,-0.811853589476028,0.509272814332265,-1.59414279857151,0.110904054867891,0.671215280859913,"AT4G01090","Endodermis_like"
305.627720908731,1.01264622665201,0.310709543363645,3.25914104758231,0.00111750094431473,0.0267235112183626,"AT4G12545","Endodermis_like"
207.407184596213,-0.404204426582187,0.372307814589736,-1.0856726900229,0.277623827370679,0.961223399669062,"AT4G27410","Endodermis_like"
6.77456692380978,-1.56107565600973,1.02320796314761,-1.52566800907953,0.127092565484584,NA,"AT4G08040","Endodermis_like"
12.5406763026153,0.36239551151409,0.878811420443299,0.412370052418398,0.680068210074888,NA,"AT4G17670","Endodermis_like"
50.395569465447,0.759904744718673,0.458834766349587,1.65616208807443,0.0976889985517789,0.630216825727663,"AT4G28890","Endodermis_like"
54.971147189244,1.18002951698657,0.481033260329767,2.45311419043585,0.014162537220375,0.185293377179476,"AT4G04745","Endodermis_like"
146.575201175092,0.733505775638086,0.377267614678152,1.94425852392298,0.0518642835461826,0.439208433363842,"AT4G15390","Endodermis_like"
5.50436953333193,3.57778640659939,1.55856917733554,2.29555829707592,0.0217011495401447,NA,"AT4G10310","Endodermis_like"
87.7001074479791,-0.133502826305238,0.384465020230072,-0.347243102182215,0.728408692137322,0.999988685596722,"AT4G01870","Endodermis_like"
31.2921805627352,-0.302975301198598,0.528770095312513,-0.572981157377165,0.566657452137564,0.999988685596722,"AT4G39400","Endodermis_like"
4.087630616466,-1.25849151925672,1.3850516367137,-0.908624260567447,0.363548495974058,NA,"AT4G01680","Endodermis_like"
58.9190966483758,0.1872945888026,0.454659389726703,0.411944838344113,0.680379855008829,0.999988685596722,"AT4G35060","Endodermis_like"
173.700313621115,0.0237671408833845,0.273976830373183,0.0867487256167294,0.930871244927843,0.995262022431897,"AT1G69810","Epidermal_like"
42.1251771329204,0.661429682877243,0.50046482037512,1.32163072397671,0.186291147320924,0.684395624863842,"AT1G72430","Epidermal_like"
144.449159376959,-0.562289276387825,0.371089258173532,-1.51523996990741,0.129711644346145,0.584215661841392,"AT1G65310","Epidermal_like"
5.48067969816145,-0.643600631879769,1.34752433981651,-0.47761707366815,0.632922776485315,NA,"AT1G30190","Epidermal_like"
16.4228070307201,0.792484508794363,0.767310782501064,1.03280773171367,0.301693884754199,0.81539391727158,"AT1G06180","Epidermal_like"
6.70615118764444,-2.4769072196624,1.34945797180112,-1.83548303942839,0.0664341498502258,NA,"AT1G66930","Epidermal_like"
93.0986531940066,1.28293238707553,0.383062932056885,3.34914260742153,0.000810620609150864,0.0209700182309063,"AT1G49310","Epidermal_like"
7.40481297306395,-2.73137510297441,1.30446723553685,-2.09386255826527,0.0362722254575648,NA,"AT1G56060","Epidermal_like"
22.135838200825,1.65018954434552,0.677629657986465,2.43523807569013,0.0148819944769528,0.164522935056787,"AT1G70890","Epidermal_like"
18.4363965188308,-0.51088371035522,0.715559319166651,-0.713964162957448,0.475249339823481,0.911450073314342,"AT1G26970","Epidermal_like"
51.4784032641784,1.15826637506189,0.499733225685911,2.31776939280374,0.020461857374611,0.201621964910916,"AT1G70690","Epidermal_like"
22.8743783445937,-1.10364347492396,0.674993827965939,-1.63504232068275,0.102040176179439,0.521918221353304,"AT1G28660","Epidermal_like"
7.09768885925458,0.307579614655576,1.20017734104318,0.256278471636726,0.797735819431858,NA,"AT1G66440","Epidermal_like"
17.6430749782342,0.521433200794106,0.754021941899558,0.691535845071688,0.489228862690154,0.91966169594834,"AT1G09090","Epidermal_like"
47.8236709806248,-0.0229243152243361,0.462554495808895,-0.0495602473482548,0.96047282570018,0.995262022431897,"AT1G72300","Epidermal_like"
3.99820367705308,0.369374265770139,1.5321647007985,0.241079999805267,0.809493113527863,NA,"AT1G77380","Epidermal_like"
3.27510877267119,-3.07390388223282,2.08184693900914,-1.47652732034942,0.139802386573573,NA,"AT1G66090","Epidermal_like"
157.315215345482,0.796419452340006,0.360201545629782,2.21103840892058,0.0270331774067235,0.24084411280079,"AT1G14960","Epidermal_like"
25.5992159559202,-0.095496240654813,0.688905070037557,-0.138620319124095,0.889750185991133,0.989459979253631,"AT1G18860","Epidermal_like"
103.107768546294,-0.94395961843058,0.426650396173454,-2.21248972671015,0.0269328452663384,0.240468492907406,"AT1G78280","Epidermal_like"
30.9368841127705,-0.817108439848476,0.642005557256379,-1.27274356212803,0.203109054077625,0.707599319641638,"AT1G17420","Epidermal_like"
52.5919566949003,0.44432103866018,0.439720568790672,1.01046225761547,0.312273873103572,0.825075704088695,"AT1G29050","Epidermal_like"
15.1907247551766,0.516669269431478,0.787552478933673,0.656044242449767,0.51179565820619,0.927936000814988,"AT1G63720","Epidermal_like"
93.7427701876075,0.35194427139922,0.347444651186187,1.01295061011206,0.311083752627012,0.823856003448169,"AT1G72470","Epidermal_like"
10.575065370709,1.18737289744894,0.935928593756077,1.26865757213782,0.204563220972668,0.70983930460232,"AT1G44050","Epidermal_like"
56.5962986359909,-0.475510296028461,0.47391594794153,-1.00336420011577,0.315685170565401,0.827986993624085,"AT5G48430","Epidermal_like"
300.167588283633,-1.11068786626731,0.250191122917784,-4.43935761314879,9.02277849024659e-06,0.000528634760948408,"AT5G01040","Epidermal_like"
17.4572509424701,-0.316358828686126,0.739391008780312,-0.427864046126266,0.668750104703628,0.968789778242807,"AT5G20710","Epidermal_like"
86.9230595954855,-0.895143350134563,0.440999807062073,-2.02980440308575,0.0423764252295349,0.319928638740388,"AT5G63770","Epidermal_like"
24.0361722555465,-2.97104116161037,0.868173346354285,-3.4221750461318,0.000621223053072004,0.0172934856290615,"AT5G43650","Epidermal_like"
8.26093011519525,-0.18403833098114,1.07311010983283,-0.171499950745791,0.863830669167271,NA,"AT5G57540","Epidermal_like"
5.6757325175389,0.242529704679615,1.31971289374918,0.183774596602304,0.854190285670549,NA,"AT5G57030","Epidermal_like"
14.7802538299018,-1.16513624722065,0.818752477027699,-1.42306286687574,0.154717931624607,0.636099668342263,"AT5G22690","Epidermal_like"
9.99475374151502,0.140117246204797,0.944237756549425,0.148391912135386,0.882033482590035,0.989459979253631,"AT5G05790","Epidermal_like"
38.8195287558731,1.87305260061779,0.52534476306388,3.56537788574097,0.000363332304793081,0.0112136486607287,"AT5G48290","Epidermal_like"
33.8143595405922,0.119283931986475,0.54029236939152,0.220776636399314,0.825266356167505,0.986365884081153,"AT5G51500","Epidermal_like"
57.775495270598,0.898341884567863,0.42812581860955,2.09831279852605,0.035877522674062,0.290144837428809,"AT5G24030","Epidermal_like"
27.510727953119,0.824991734471722,0.61470691514642,1.34208956194223,0.179566957898556,0.677573011431993,"AT5G36180","Epidermal_like"
51.0774218417769,0.0204132226870622,0.445666857437331,0.0458037710150629,0.963466653131924,0.995262022431897,"AT5G27100","Epidermal_like"
43.7142824892247,1.27242773687659,0.501102417559642,2.53925683111507,0.0111088239849045,0.137082695279463,"AT5G66985","Epidermal_like"
107.444736220954,1.02036336719381,0.390306040760317,2.61426486048266,0.00894196874519255,0.118460271235195,"AT5G42590","Epidermal_like"
16.963153106781,1.80032148235562,0.773212969544931,2.32836431004925,0.0198927671020058,0.199039585321616,"AT5G38100","Epidermal_like"
3.40626339515479,1.30662157344259,1.67522742599035,0.779966679849546,0.435410488002071,NA,"AT5G14340","Epidermal_like"
84.8915817304548,0.121376933005076,0.357868306358986,0.339166477858814,0.734484320931281,0.97526340688933,"AT5G02350","Epidermal_like"
15.7799535325223,-1.48834541648295,0.89730579631168,-1.65868249441907,0.0971797887074681,0.508522998797299,"AT5G52870","Epidermal_like"
21.0064724759635,0.325835096846126,0.670460398642993,0.485987088134681,0.626976320578267,0.963934848587146,"AT5G57480","Epidermal_like"
69.927864968527,0.736039910170823,0.387754868937687,1.89820933051676,0.0576685121882717,0.382783633946264,"AT5G09978","Epidermal_like"
4605.69924684838,-1.29936117871611,0.589892720836145,-2.20270759889073,0.0276153643383274,0.244347887938882,"AT5G46900","Epidermal_like"
55.1503053313401,-1.73984943043197,0.538059858655896,-3.23356110373706,0.00122257179765058,0.0282382330145658,"AT5G20230","Epidermal_like"
100.424994379546,-0.955463195121407,0.448684450717894,-2.12947694887279,0.0332148200388641,0.27526766950092,"AT5G13910","Epidermal_like"
13.924637162972,-1.27815844739546,0.867113191232143,-1.47403875332497,0.140471157281698,0.608530378150511,"AT5G14700","Epidermal_like"
2.20039217228495,-2.60514124244731,2.5360201211257,-1.02725574641377,0.304300054490336,NA,"AT5G52400","Epidermal_like"
48.3304486611099,1.42130577239877,0.465161439966014,3.05551073301048,0.00224677561106289,0.0444805035396614,"AT5G42500","Epidermal_like"
1280.19816544869,-1.56000600332534,0.233289120433569,-6.68700709414165,2.2778084120782e-11,5.89248328855429e-09,"AT5G53250","Epidermal_like"
3.71022644541178,-0.844639376873127,1.55715393231599,-0.542425099628316,0.587525692649433,NA,"AT5G10100","Epidermal_like"
16.2479764133355,0.0951292155805256,0.84001549714136,0.113246976876329,0.90983475302793,0.991258037310452,"AT5G15960","Epidermal_like"
39.1218626081313,0.397649021181543,0.499916062876848,0.7954315748392,0.426362498997461,0.8973079467596,"AT5G04960","Epidermal_like"
233.163345025243,1.14069324876679,0.253855632851798,4.49347227773641,7.0071146973083e-06,0.000439194836622478,"AT5G43350","Epidermal_like"
3.64050277116934,-0.758056968626199,1.71006947934844,-0.443290157377131,0.657555874144053,NA,"AT5G20045","Epidermal_like"
54.7132215461788,0.342664471097835,0.42979181063666,0.797280131024923,0.42528835703624,0.896872104672093,"AT3G20940","Epidermal_like"
32.0292666459729,1.88915335669275,0.617475418470525,3.05947945486177,0.0022172199479242,0.0440595047752312,"AT3G27170","Epidermal_like"
111.470397815022,-1.43887822708489,1.20809407437074,-1.19103160723171,0.233641176956965,0.747693806959896,"AT3G48520","Epidermal_like"
71.6115428852247,0.134902528995132,0.396642949423641,0.340110744918467,0.733773130343646,0.97526340688933,"AT3G22240","Epidermal_like"
36.3718707874085,0.870655045979548,0.533771573532892,1.63113790458513,0.102861224178957,0.522681963435074,"AT3G09220","Epidermal_like"
55.6808872055477,-0.524566260168037,0.435522987127452,-1.20445137380206,0.22841516577652,0.743512006101196,"AT3G02240","Epidermal_like"
34.5028055685846,-1.28793829443864,0.62119478185765,-2.07332439365818,0.0381420999810918,0.300490475377062,"AT3G14560","Epidermal_like"
393.501065126026,-0.751454955318672,1.05041935194676,-0.715385673279901,0.474370762712422,0.9111519662188,"AT3G12580","Epidermal_like"
20.3675876520228,-0.216157787170043,0.736259527434794,-0.293589120568884,0.769071890136748,0.977070812074065,"AT3G27540","Epidermal_like"
12.8321879112384,-0.120390702312781,0.85255195774412,-0.141212158648182,0.887702341114348,0.989459979253631,"AT3G07600","Epidermal_like"
2.12900053469098,-2.35878890001764,2.32561982614007,-1.01426246607667,0.310457528884938,NA,"AT3G22910","Epidermal_like"
322.211049644415,-0.582481438424065,0.615229862515653,-0.946770425028329,0.343755775255886,0.851193381542073,"AT3G50970","Epidermal_like"
94.8460564576349,1.16606557026329,0.356975712806249,3.26651233804296,0.00108881063135051,0.02590568171046,"AT3G55230","Epidermal_like"
268.049495862331,0.063543620972869,0.306112290869391,0.207582716761874,0.835554800436676,0.986365884081153,"AT3G11340","Epidermal_like"
1.61854485209208,-3.76134877183332,2.93543615663458,-1.28135942024562,0.200067450662826,NA,"AT3G59620","Epidermal_like"
11.5011198155862,-0.522047482643449,0.904482908709835,-0.577177830135125,0.563819331871216,0.944226949240397,"AT2G32560","Epidermal_like"
234.044635136323,-0.360125961042533,0.310155743501485,-1.16111330706603,0.245595823828051,0.761531301903195,"AT2G47360","Epidermal_like"
84.6445225729185,-0.764104403796926,0.386010748558769,-1.97948996666499,0.0477608681787353,0.343780007858097,"AT2G35910","Epidermal_like"
7.39751669750733,2.22238836083818,1.16265896795911,1.91147053614465,0.0559441396752702,NA,"AT2G44340","Epidermal_like"
15.0863179391502,0.31751197816499,0.850553406269934,0.373300460411328,0.708924833817625,0.974078467943714,"AT2G21510","Epidermal_like"
10.2495695457821,2.03449548379047,1.00771122034226,2.01892709212812,0.0434947978780603,0.324682048378301,"AT2G23600","Epidermal_like"
79.67743865759,-0.162130425693032,0.376965154573913,-0.430093932359053,0.667127313617926,0.968789778242807,"AT2G41380","Epidermal_like"
13.8164022704447,1.42659317172304,0.853008564543538,1.67242537885472,0.0944404710897357,0.501942107831438,"AT2G33110","Epidermal_like"
45.0443356578848,1.32730423263461,0.480017762377999,2.76511482837461,0.00569027611976038,0.0848650404947073,"AT2G39430","Epidermal_like"
6.31859999232595,1.65895679985107,1.21793868288169,1.36210206898586,0.173165675468129,NA,"AT2G44940","Epidermal_like"
8.5212705735237,0.308374382434862,1.09281991608284,0.282182249697841,0.777803768190445,NA,"AT2G40250","Epidermal_like"
16.1729277369459,0.598211521083076,0.751698208810884,0.795813418299067,0.426140491356439,0.8973079467596,"AT2G44130","Epidermal_like"
67.3847389565365,-0.0502438129032452,0.432643925306674,-0.116132019807352,0.90754791235728,0.991258037310452,"AT4G11210","Epidermal_like"
19.0187481396704,3.46060557100206,0.836288638397695,4.13805163924322,3.50267548591967e-05,0.00161805411732679,"AT4G36220","Epidermal_like"
1173.31286115455,1.58923578874417,0.181731966872352,8.74494353467513,2.23127201094695e-18,1.58732690858766e-15,"AT4G17340","Epidermal_like"
2.88998223520731,-0.991978511384136,1.77421021138464,-0.559109909873627,0.57608671193157,NA,"AT4G17250","Epidermal_like"
24.7445105578388,0.578295144216399,0.659780959795512,0.87649565455122,0.380760637692392,0.872970624801656,"AT4G01720","Epidermal_like"
2.67690743101375,0.351195694205858,1.95582109482596,0.179564324740606,0.857494614110545,NA,"AT4G23550","Epidermal_like"
104.855548808627,-1.89900907502233,0.37367709663393,-5.08195201720558,3.73575792042145e-07,3.52002408554678e-05,"AT4G01140","Epidermal_like"
76.4273085566515,-0.281351164795344,0.391551272172472,-0.718555103229018,0.472415084744303,0.910651920572002,"AT4G18430","Epidermal_like"
38.378680938524,-0.373637778620086,0.509630870234311,-0.733153740173354,0.463464666257187,0.908628315265319,"AT4G01090","Epidermal_like"
471.895340509414,1.24347881917935,0.223552475093685,5.56235764626735,2.66154121641293e-08,3.41156832676786e-06,"AT4G12545","Epidermal_like"
84.219542469,0.194382892819604,0.479127849732676,0.405701511460998,0.684961931579854,0.970685608554361,"AT4G27410","Epidermal_like"
9.55555742415751,-1.08042066547221,1.10314687159063,-0.979398748522352,0.327382995234479,0.837202567552658,"AT4G08040","Epidermal_like"
20.7243493358797,1.94373454457995,0.716854584692299,2.71147675705285,0.00669842370609852,0.0961707088702016,"AT4G17670","Epidermal_like"
37.336965539981,0.493226611316355,0.53126112007811,0.928407129141761,0.353196421862977,0.858636733491557,"AT4G28890","Epidermal_like"
146.382840237892,1.96585496338687,0.342346468782411,5.74229659905251,9.34010376575695e-09,1.34233329675949e-06,"AT4G04745","Epidermal_like"
125.404228515819,1.81845789605698,0.334454221036114,5.43709058424657,5.41576084168686e-08,6.47524750046392e-06,"AT4G15390","Epidermal_like"
8.14381233991063,5.4475587199147,1.69058282968051,3.22229625444864,0.00127167573128709,NA,"AT4G10310","Epidermal_like"
85.788056081788,-0.442700458026892,0.391057082895928,-1.13206096344944,0.2576088051052,0.776373242752974,"AT4G01870","Epidermal_like"
150.009479038791,-0.340624588719634,0.288767463684854,-1.17958091390578,0.238166937662102,0.752863627873002,"AT4G39400","Epidermal_like"
5.84802018130552,-0.974222246026208,1.28020889695177,-0.760986936074161,0.44666487024498,NA,"AT4G01680","Epidermal_like"
104.595740117058,0.254501466014665,0.338695962195155,0.751415707365365,0.452402512577689,0.907763432981328,"AT4G35060","Epidermal_like"
83.9942449580206,0.730255588830422,0.456769036112314,1.59874144501087,0.109878064564633,0.605638079478272,"AT1G69810","Initial_like"
82.441015763459,0.146515996700179,0.534900998364255,0.27391236349947,0.784151970131051,0.993262948547303,"AT1G72430","Initial_like"
137.775970945325,0.157630952550531,0.316345837700312,0.498286791748028,0.618281916125528,0.978938864602102,"AT1G65310","Initial_like"
126.317632726401,-0.0729526622083495,0.302781063254258,-0.240941957942357,0.809600102150061,0.993262948547303,"AT1G06180","Initial_like"
180.862229707363,1.02160616987865,0.28349653096623,3.6035931952915,0.000313848142252615,0.013918186991387,"AT1G49310","Initial_like"
20.1024531169543,-1.36120268157682,0.74221999793481,-1.83396120471598,0.0666597531568779,0.482877468197942,"AT1G56060","Initial_like"
42.0342715400362,1.21953999978566,0.510081605727839,2.39087233511487,0.0168083963732114,0.223619998578237,"AT1G70890","Initial_like"
6.94530633764927,1.22447896107065,1.20781887258126,1.01379353218234,0.3106812821757,NA,"AT1G26970","Initial_like"
102.927290496308,0.454857363650252,0.577203683672027,0.788036141343662,0.430675566034185,0.928656603318409,"AT1G70690","Initial_like"
4.80551334066505,-4.47568768224921,1.98982878772518,-2.24928280757558,0.0244945089346202,NA,"AT1G09930","Initial_like"
14.5231275945836,-0.964188909523443,0.828359601644094,-1.16397384373859,0.244434611883128,0.823538807670476,"AT1G28660","Initial_like"
6.05589548562277,0.560591504288108,1.20466783738835,0.465349440642025,0.641681234576793,NA,"AT1G66440","Initial_like"
2.48508625798145,-0.651671729958322,2.04531066942329,-0.318617479339738,0.750016597148951,NA,"AT1G04180","Initial_like"
2.54285467993764,2.83826524765742,2.159612979001,1.31424717079185,0.188763039127271,NA,"AT1G56600","Initial_like"
41.9027202564557,-0.19795982779878,0.66896336811165,-0.29592028089308,0.767290962432613,0.991624491332118,"AT1G09090","Initial_like"
43.8738797562996,1.39354844404669,0.507691383504113,2.7448731440513,0.00605342923541339,0.116835354472729,"AT1G72300","Initial_like"
6.39266079358911,1.4738039965889,1.44461073766628,1.02020839120286,0.307629638823867,NA,"AT1G77380","Initial_like"
6.61348207694057,-1.01206037327962,1.20938542005792,-0.836838576432606,0.402683310324381,NA,"AT1G66090","Initial_like"
181.564257820982,1.38537573269853,0.314102609774449,4.41058332400785,1.03092526085972e-05,0.000835151533104379,"AT1G14960","Initial_like"
25.2928360389744,0.804867509126644,0.6509757433616,1.23640168982389,0.216309288315218,0.79020049982208,"AT1G18860","Initial_like"
181.635338449896,-1.35384018953754,1.11138653018016,-1.21815421797319,0.223165373621603,0.797465260106676,"AT1G78280","Initial_like"
75.457127670036,-0.608179905842307,0.540846542726032,-1.12449624393806,0.26080256305437,0.839195858870568,"AT1G17420","Initial_like"
87.9965238281889,0.131636228561691,0.344903684756038,0.381660835704906,0.70271295344368,0.987627367759692,"AT1G29050","Initial_like"
33.0800651353519,0.233779672092694,0.526405832822961,0.444105398374866,0.656966383683051,0.983698209627723,"AT1G63720","Initial_like"
61.588306718446,0.711336036237441,0.418128966851605,1.70123596457237,0.0888986869890851,0.551037164352041,"AT1G72470","Initial_like"
8.73916537389387,1.67131346484949,1.06296691783541,1.57230995321369,0.115878685855606,NA,"AT1G44050","Initial_like"
74.1222633507785,1.23191182276578,0.441632901413612,2.78944756792935,0.00527980447295432,0.106313033539518,"AT5G48430","Initial_like"
407.929498291059,-1.70981569931412,0.793304782576409,-2.15530743904148,0.0311377840571041,0.318860261771246,"AT5G01040","Initial_like"
2.62848157456961,-1.66178361732794,1.75878043692598,-0.944849955365907,0.344735483898655,NA,"AT5G20710","Initial_like"
162.122685410797,-1.5025720967124,1.09395319969475,-1.37352502568819,0.169589186770001,0.722852711136037,"AT5G63770","Initial_like"
39.7775808193574,-2.56698120442334,0.844220356546897,-3.04065305286292,0.00236065677496835,0.0605017607276413,"AT5G43650","Initial_like"
13.401695769704,0.772442154046648,0.801859618649379,0.963313447991956,0.335390246570488,0.881852704363115,"AT5G57540","Initial_like"
19.6953213835261,0.152824687558785,0.684247810179312,0.223346988160234,0.823265459481857,0.995041287237171,"AT5G57030","Initial_like"
34.2557070758421,-0.918872513149063,0.640608156847302,-1.4343752937384,0.151465194162253,0.692235505018831,"AT5G22690","Initial_like"
29.0800273007894,0.517275427175057,0.5968876924709,0.866621030555553,0.386149686695789,0.910118604794742,"AT5G05790","Initial_like"
69.8300465623355,1.33256542417339,0.410905964470425,3.24299362724218,0.00118280856785395,0.0371038650005161,"AT5G48290","Initial_like"
4.07690017683749,-1.92516022813777,1.84542259853823,-1.04320833052695,0.296851816073285,NA,"AT5G28510","Initial_like"
13.1888954502729,-0.00787937623970776,0.85404214933622,-0.00922598052781328,0.992638837007529,0.999880789254042,"AT5G51500","Initial_like"
101.582252141619,1.05530426372642,0.377631134960266,2.79453722436699,0.00519740567725656,0.105232833961212,"AT5G24030","Initial_like"
59.6825097709083,0.0052306562894015,0.533517111469155,0.00980410220582758,0.992177583533297,0.999880789254042,"AT5G36180","Initial_like"
14.7216669612286,1.2123418166361,0.806717759275683,1.5028078937107,0.132888589784647,0.648550218680576,"AT5G27100","Initial_like"
120.721687865107,1.20506173062237,0.316508084932222,3.80736476567551,0.000140455500598933,0.00727346142974981,"AT5G66985","Initial_like"
2.93020146021256,4.79119011704771,2.21636105552403,2.16173718858045,0.0306384394136938,NA,"AT5G11570","Initial_like"
191.098906304228,0.935754038304937,0.279577617934573,3.34702772424337,0.00081683040652393,0.0286884253829925,"AT5G42590","Initial_like"
24.6325759177692,2.10801099887877,0.665263420555402,3.16868616813303,0.00153129644072383,0.0446669072299549,"AT5G38100","Initial_like"
6.90353259072792,0.23657469551456,1.16666118118911,0.202779263876282,0.839307566246914,NA,"AT5G14340","Initial_like"
23.9854290604972,0.559745143082289,0.702312906730719,0.797002500905065,0.425449578864356,0.927844405039078,"AT5G02350","Initial_like"
32.8272913726753,-0.943941085485879,0.755061412049915,-1.25015140546406,0.211244244428246,0.783986486207191,"AT5G52870","Initial_like"
36.1882435183957,0.278077418327427,0.530580397136493,0.524100437611703,0.600208684205066,0.973690910375579,"AT5G57480","Initial_like"
140.144487403548,0.589899497381609,0.411213242732593,1.43453429043678,0.151419850890163,0.692235505018831,"AT5G09978","Initial_like"
729.737434364929,0.168518461854252,0.201839651845205,0.834912567048481,0.403766938465342,0.919204532699897,"AT5G46900","Initial_like"
129.464458236127,-1.51946910719618,1.45389641688976,-1.0451013494116,0.295976130472656,0.861780929152405,"AT5G20230","Initial_like"
22.8818637475552,-0.537616966057085,0.673684606281555,-0.798024715192019,0.424856147787749,0.927844405039078,"AT5G13910","Initial_like"
50.4723800251714,-0.149808826020197,0.56725121858146,-0.26409608496713,0.791705880576297,0.993262948547303,"AT5G14700","Initial_like"
7.48694969827938,-2.03567945832215,1.28981359623772,-1.57827415082308,0.114502641672649,NA,"AT5G52400","Initial_like"
103.758360791342,0.809943261952131,0.3524451763408,2.29806879572371,0.02155787391646,0.258821018906054,"AT5G42500","Initial_like"
550.166117179175,-1.2267403785404,0.239241020997316,-5.12763393763548,2.9340623369412e-07,4.32549514249602e-05,"AT5G53250","Initial_like"
23.7456094736937,-0.628396584600841,0.632659774811099,-0.993261480530304,0.320582543976862,0.873752956302026,"AT5G10100","Initial_like"
56.7539905885974,0.408883992965752,0.583584590926758,0.700642202215151,0.483526334271445,0.9459881869625,"AT5G15960","Initial_like"
39.0455819138398,0.194482529537125,0.515789089450113,0.377058246316269,0.706130319572992,0.987627367759692,"AT5G04960","Initial_like"
325.606233350485,1.78109326524819,0.277294080236951,6.42312040605492,1.3350880430064e-10,5.90469749615046e-08,"AT5G43350","Initial_like"
8.22303477514156,1.33347223533934,1.04407526657396,1.27718017850859,0.201538643209661,NA,"AT5G20045","Initial_like"
178.904372355211,-0.248171410999374,0.273182048250884,-0.908446995651263,0.363642105810541,0.897224257494584,"AT3G20940","Initial_like"
68.6789928318488,1.51704083521954,0.469232563139292,3.23302548542268,0.00122486635007708,0.038251360596682,"AT3G27170","Initial_like"
302.386598507516,-1.83049699249328,1.28756801657194,-1.4216701323219,0.155122034666199,0.700530488988163,"AT3G48520","Initial_like"
163.021438352277,-0.264575910545749,0.276709691259116,-0.956149780449849,0.33899656767941,0.883897360341916,"AT3G22240","Initial_like"
85.3291301531663,0.261093448423292,0.383236235231497,0.681285913023273,0.495690595127748,0.950046375651071,"AT3G09220","Initial_like"
54.4595463861576,1.16761056056012,0.442509396644168,2.63861190161126,0.0083246221305439,0.145538586051518,"AT3G02240","Initial_like"
41.2521872214814,0.28794419472915,0.522363936356446,0.551232913852356,0.581474019982664,0.967455977730683,"AT3G14560","Initial_like"
909.159937938408,-0.805163256702537,0.862655686710078,-0.933354140135793,0.350637150260053,0.89221370344511,"AT3G12580","Initial_like"
3.79245006342848,1.34623082595513,1.49842069059865,0.898433153253704,0.368954668161964,NA,"AT3G62990","Initial_like"
46.1471271174689,-0.031737997746195,0.544176062987383,-0.05832303165259,0.953491322132582,0.999877503774089,"AT3G27540","Initial_like"
22.6094901867043,0.523711071181716,0.63114485322656,0.829779516547402,0.40666345397306,0.921440149655933,"AT3G07600","Initial_like"
9.15839750428917,-1.58872539408839,1.04836292683122,-1.51543454411391,0.129662394868426,NA,"AT3G22910","Initial_like"
496.149214994585,-0.476395397969405,0.910820571060973,-0.523039787534085,0.600946565571684,0.973690910375579,"AT3G50970","Initial_like"
192.645939767459,0.686677464540763,0.27536701240989,2.49368091889898,0.0126426137122675,0.187734782928807,"AT3G55230","Initial_like"
381.339430881603,0.0467397864502173,0.339150435176888,0.137814319553621,0.890387166984066,0.997235636344143,"AT3G11340","Initial_like"
30.4614432463901,-0.0953096781073706,0.555039571108539,-0.171716906448698,0.86366009382015,0.996294357507047,"AT2G32560","Initial_like"
51.7254822706608,0.492154813551781,0.436700957927047,1.12698359052832,0.259749418974766,0.838867079554582,"AT2G47360","Initial_like"
2.24300630695098,1.06156989540019,2.0531858946666,0.517035451177486,0.605131411646051,NA,"AT2G31690","Initial_like"
43.5140788853753,0.458565705854657,0.475268866848793,0.96485534366077,0.334617271211153,0.881146964246689,"AT2G35910","Initial_like"
5.27825979881775,0.56714362084645,1.24578922550436,0.455248455545792,0.648930503962549,NA,"AT2G28650","Initial_like"
20.7740187141083,2.26886468592709,0.722506930779719,3.14026701927767,0.00168793907380291,0.0475647208045053,"AT2G44340","Initial_like"
16.0434571098074,-0.576077465034883,0.846147869262401,-0.680823631379061,0.495983095273819,0.950046375651071,"AT2G21510","Initial_like"
29.5342627917329,1.23804118851715,0.570687542952733,2.16938533844902,0.0300534411394248,0.311459474861018,"AT2G23600","Initial_like"
4.68626218263326,1.01696343363618,1.36556778147375,0.744718385592436,0.456441982121735,NA,"AT2G43060","Initial_like"
93.0864359496814,1.01347552438175,0.349847885101754,2.8969033901319,0.0037686579078115,0.0834510392468572,"AT2G41380","Initial_like"
30.0915316286948,0.179427029070916,0.580353945673732,0.309168276374204,0.75719352431319,0.990895663931797,"AT2G33110","Initial_like"
76.032004909476,0.85807636260546,0.383160240082775,2.23947130427752,0.0251252664096279,0.281064861549708,"AT2G39430","Initial_like"
8.91219605843676,1.8780442562999,1.03867192053598,1.80812075417499,0.0705877087106185,NA,"AT2G44940","Initial_like"
31.1830255801094,0.651366887763148,0.566744457990697,1.14931320206018,0.250426856200772,0.829985853822301,"AT2G44130","Initial_like"
315.802931987277,-1.426889264332,0.839495331392687,-1.6996988678482,0.0891875824191152,0.551782835049679,"AT4G11210","Initial_like"
26.0419170292384,3.16076936284221,0.774042231249705,4.08345854429556,4.43703476874061e-05,0.0027607466523069,"AT4G36220","Initial_like"
1993.4824940009,1.53315379095322,0.197833864202097,7.74970350570026,9.21073561493874e-15,7.17735607632655e-12,"AT4G17340","Initial_like"
4.79314774494424,1.62920369335444,1.4032583663534,1.1610147727736,0.245635891844817,NA,"AT4G17250","Initial_like"
35.5551445347461,-0.265573644121238,0.666171841893178,-0.398656363749195,0.69014642469414,0.987627367759692,"AT4G01720","Initial_like"
9.06100662042427,0.255655624447024,0.992080400193664,0.25769647741969,0.796641164925219,NA,"AT4G23550","Initial_like"
29.1040049577451,-0.33638778515994,0.550143262788224,-0.611454884415138,0.540898477284545,0.962527450681657,"AT4G01140","Initial_like"
34.2546748802548,0.533775278805369,0.538177462667816,0.991820200272556,0.321285241864128,0.874637604022355,"AT4G18430","Initial_like"
72.8102547012985,-0.0934797525543751,0.40826566843668,-0.22896794852314,0.8188938277634,0.995041287237171,"AT4G01090","Initial_like"
785.315031444562,1.10169473721822,0.197505354017974,5.57804998601686,2.43229769250059e-08,4.97526493000996e-06,"AT4G12545","Initial_like"
191.350041511263,-0.365852294767181,1.01665844045527,-0.359857627900428,0.718953605168059,0.989059774371687,"AT4G27410","Initial_like"
20.2583612022427,-0.891516422874509,0.679205255031998,-1.31258764014202,0.189321936681584,0.757650876702352,"AT4G08040","Initial_like"
21.2271168982603,1.21935986384985,0.660364721967405,1.84649455564048,0.0648204291681757,0.477157671123719,"AT4G17670","Initial_like"
38.0317605863295,1.76617487626375,0.529478395180277,3.33568827801256,0.000850885145568368,0.0295623875203413,"AT4G28890","Initial_like"
112.35846699665,3.35857099137273,0.392649954450439,8.55360086842096,1.19306943520524e-17,1.62694901980821e-14,"AT4G04745","Initial_like"
260.480205616498,1.38280300249981,0.246199108048453,5.6166044363884,1.94746560129803e-08,4.19320093416328e-06,"AT4G15390","Initial_like"
10.6754489215358,2.43791037477339,1.00229361514859,2.43233154230158,0.0150019681715086,NA,"AT4G10310","Initial_like"
99.417826538581,-0.324480620936893,0.445135840920567,-0.72894741584018,0.466033828876272,0.939878922323307,"AT4G01870","Initial_like"
219.158345396382,-0.1676531002315,0.256107643630539,-0.654619666382767,0.512712658841868,0.953377571121386,"AT4G39400","Initial_like"
17.5617117400298,-0.0991018930975421,0.707317654366744,-0.140109457873305,0.8885735080042,0.997004536219481,"AT4G01680","Initial_like"
148.607039908476,0.29203207705697,0.284558187606273,1.02626488984052,0.304766742083614,0.865220936279536,"AT4G35060","Initial_like"
212.334349095894,-0.0581757846741895,0.273257521433811,-0.212897285933558,0.83140707936942,0.96234953807853,"AT1G69810","LRC_like"
74.2038044940126,-0.312655951935091,0.492763789780718,-0.6344945761421,0.525758105381283,0.856326660595503,"AT1G72430","LRC_like"
112.448501213495,-0.484106274689698,0.349067258325377,-1.38685672501099,0.165485455893898,0.574885858641485,"AT1G65310","LRC_like"
2.65956518570456,-1.04687137861221,1.29999412941337,-0.805289312409908,0.420652747745236,NA,"AT1G30190","LRC_like"
10.8089669577009,1.20814170588935,0.915653799677347,1.31943066944632,0.187025174137258,0.601008343589504,"AT1G06180","LRC_like"
9.82294757729776,-1.77485647449258,0.727654789520729,-2.43914628207366,0.0147220074460493,0.160740785939868,"AT1G66930","LRC_like"
1.97567083555717,2.22026710033051,1.67939662917575,1.32206237749818,0.186147380493364,NA,"AT1G65500","LRC_like"
352.428704469089,0.246062765629774,0.20510701723509,1.19967989855628,0.230263682794166,0.650266031775577,"AT1G49310","LRC_like"
32.3406439730698,-1.39694217108697,0.50085431819998,-2.78911875234986,0.0052851681805367,0.0836027317700816,"AT1G56060","LRC_like"
119.497512158766,0.178406720842752,0.316026498839766,0.56453089059854,0.572392883361744,0.876907618423593,"AT1G70890","LRC_like"
4.38887446875611,-0.707138791904897,1.06403852747965,-0.664580063261307,0.506319124380581,NA,"AT1G26970","LRC_like"
379.353770846141,0.121802677572697,0.201922940603725,0.603213667592805,0.546366556498081,0.865587568608407,"AT1G70690","LRC_like"
3.90082855997085,-2.35083712241281,1.10764752278555,-2.12236932241841,0.0338067362569976,NA,"AT1G09930","LRC_like"
17.3055312475592,-1.35185036412165,0.546866023043409,-2.47199552935902,0.0134361196570065,0.15281491336971,"AT1G28660","LRC_like"
9.93891031568394,1.53954429769415,1.14878108941668,1.34015463161557,0.180195077835498,0.592320631171733,"AT1G66440","LRC_like"
1.49751312474734,1.82019555541813,1.76139564994419,1.03338256539682,0.301424902177311,NA,"AT1G04180","LRC_like"
2.89603854023475,0.157311817919213,1.53220901172735,0.102669946929673,0.918224926440184,NA,"AT1G56600","LRC_like"
42.6943274950496,1.46536622992808,0.522042788744688,2.80698490913307,0.00500075843426101,0.0802557385644112,"AT1G09090","LRC_like"
86.2884444702607,0.0147978868343453,0.314226299540617,0.0470930881851043,0.962439036056807,0.992299093790184,"AT1G72300","LRC_like"
3.52860331594812,1.28132275839788,1.46610775444703,0.873962199921081,0.382138839463522,NA,"AT1G77380","LRC_like"
32.9942090740403,-1.2550921288745,1.50479923972675,-0.834059518200186,0.404247445550073,0.792527928327171,"AT1G66090","LRC_like"
233.388406259905,1.02507197917086,0.273010687131462,3.75469542947695,0.000173552387106337,0.00665942847753079,"AT1G14960","LRC_like"
104.481247312823,-0.0256006585334602,0.284177625262222,-0.0900868198537356,0.928218222863562,0.985610570348691,"AT1G18860","LRC_like"
333.72347605027,-1.2127158026299,0.241894299212,-5.01341208362688,5.34732056796642e-07,6.05066886457047e-05,"AT1G78280","LRC_like"
183.267655901175,0.487494063087955,0.995420942428192,0.489736595152178,0.624320302649003,0.896264000937688,"AT1G17420","LRC_like"
70.8123835555656,-0.199448898508092,0.338168064488755,-0.58979223484518,0.555329949288115,0.869458008125111,"AT1G29050","LRC_like"
53.5962550870601,-0.20437134858749,0.389849596843982,-0.524231268268516,0.600117695305435,0.886413754876996,"AT1G63720","LRC_like"
25.9530091999399,0.534051028527484,0.585054361656907,0.912822916173158,0.361335683818911,0.761995071495138,"AT1G72470","LRC_like"
12.3955795937328,2.18414235783381,1.07853298550844,2.02510482959793,0.0428566011009122,0.30374706100712,"AT1G44050","LRC_like"
195.699227128705,0.13211597146726,0.246623305503608,0.535699459535981,0.59216627721205,0.884455306806166,"AT5G48430","LRC_like"
629.860173560154,-1.81645305746682,0.264789608432238,-6.85998619138284,6.88672045243443e-12,3.68130829150478e-09,"AT5G01040","LRC_like"
6.04034931701425,3.83234416384005,1.52577667681562,2.51173335001971,0.0120139828249508,NA,"AT5G20710","LRC_like"
216.118832193339,-1.53921945427076,0.324420063569955,-4.7445260855109,2.08995047364411e-06,0.000180996716438162,"AT5G63770","LRC_like"
43.2094911895217,-1.16227171198843,0.396927465960948,-2.92817154684575,0.00340961866486376,0.0633763891399497,"AT5G43650","LRC_like"
10.1977845047282,0.497970537122226,0.823151836842582,0.604955871850234,0.545208317798694,0.864901692848482,"AT5G57540","LRC_like"
11.9390726187949,0.43453343701287,0.911872895617916,0.47652851521419,0.633697897344276,0.900802536318293,"AT5G57030","LRC_like"
79.991394061673,-0.84731682517897,0.820878092013796,-1.03220786791899,0.301974750024877,0.716987681863323,"AT5G22690","LRC_like"
10.4725758462681,0.768328845553333,0.870102189426848,0.883032883826491,0.377218504729037,0.772401965614229,"AT5G05790","LRC_like"
217.581556685317,0.120898984615838,0.487835570136475,0.247827325469555,0.804268011650687,0.956149057240494,"AT5G48290","LRC_like"
2.14728197786108,-1.12355125962813,1.65354572758212,-0.679480005231565,0.496833772422027,NA,"AT5G28510","LRC_like"
5.76030760886772,0.0608525824285288,1.01387319271722,0.060019914586598,0.95213977373553,NA,"AT5G51500","LRC_like"
195.433099665745,0.891741780760744,0.269388129970125,3.31024897370065,0.000932130190602847,0.0242855163272695,"AT5G24030","LRC_like"
229.1838464481,-1.16135488451681,0.248733901520573,-4.66906552511402,3.02572870224672e-06,0.000249493863522493,"AT5G36180","LRC_like"
22.3116422440297,0.625499608528476,0.715205222368362,0.874573603443735,0.381805955612706,0.776863435516173,"AT5G27100","LRC_like"
116.943673632227,1.66533210745144,0.360552834809737,4.61882960462712,3.85910593431755e-06,0.000305223776498932,"AT5G66985","LRC_like"
8.66205610173761,-0.634264241671914,0.924655995329411,-0.68594617336143,0.492747051911769,0.840412218103412,"AT5G11570","LRC_like"
397.579028275799,1.12290050087381,0.557943680975977,2.01256961797575,0.0441599258905894,0.307256360482907,"AT5G42590","LRC_like"
65.3648122737799,1.47116093756828,0.420735355465285,3.49664205410393,0.000471153565516697,0.0144630149953264,"AT5G38100","LRC_like"
7.82259410128962,-0.591301310772603,0.873755275413051,-0.676735611688383,0.49857371741066,0.843927744734802,"AT5G14340","LRC_like"
25.786432131124,0.564020456574175,0.780466186558938,0.722671226873943,0.46988189697176,0.828775647611357,"AT5G02350","LRC_like"
32.0968056398412,-0.543439771381096,0.442844496731537,-1.22715710682195,0.219763547461693,0.637853307012012,"AT5G52870","LRC_like"
24.1565416540894,0.648033817465905,0.581994579611386,1.11347053764421,0.265506395037968,0.68326462976556,"AT5G57480","LRC_like"
251.797504191962,0.322069520442556,0.297649859288265,1.0820415679439,0.279234057841799,0.69719616867363,"AT5G09978","LRC_like"
555.116748962917,-0.245254709042471,0.23052134106147,-1.06391324947686,0.287368000279715,0.704907446716141,"AT5G46900","LRC_like"
2.88168943915195,2.76495217316112,1.6037290000345,1.7240769313903,0.0846939559521928,NA,"AT5G09640","LRC_like"
247.254579925653,-0.197440623521097,0.351401669685212,-0.561865923112902,0.574207372714141,0.877413769523373,"AT5G20230","LRC_like"
1.46565518901486,1.7923954427224,1.88968761680319,0.948514149526265,0.342867772982826,NA,"AT5G04370","LRC_like"
11.9357471808631,-0.273035745273625,0.716833423957813,-0.380891482104905,0.703283773232385,0.921465551015708,"AT5G13910","LRC_like"
88.5817691430753,-0.010412791218082,0.547083931693539,-0.0190332609218634,0.984814571832491,0.997602501961423,"AT5G14700","LRC_like"
10.0589755904352,-0.074739623402847,0.900619850563163,-0.0829868710489913,0.933861978987757,0.98687279499824,"AT5G52400","LRC_like"
98.1162660114437,1.02725962240526,0.327456310482516,3.13708910019651,0.00170634263658283,0.0382803524635412,"AT5G42500","LRC_like"
452.476155134867,-1.48352517401449,0.292862459946766,-5.06560374547203,4.0710798367739e-07,4.85460612535915e-05,"AT5G53250","LRC_like"
10.3774616250991,-0.954509123346252,0.713023280728548,-1.33867876287428,0.180675272824036,0.59326187280713,"AT5G10100","LRC_like"
27.4608809842769,1.25111703595348,0.628498125745906,1.99064561166137,0.0465198620082514,0.314638263896995,"AT5G15960","LRC_like"
41.4177165740132,0.0261781120323641,0.428567361917458,0.0610828410153315,0.951293234516976,0.991154389498812,"AT5G04960","LRC_like"
938.138030665039,-0.000158154409607489,0.222422506764296,-0.000711053984186442,0.999432661051928,0.999695047203182,"AT5G43350","LRC_like"
3.37771286187351,1.19751608254755,1.4654873030071,0.81714531411518,0.413845389701357,NA,"AT5G22540","LRC_like"
14.6652971164127,-0.0527847299587256,0.649738379813232,-0.0812399753480758,0.935251108834352,0.987014956031733,"AT5G20045","LRC_like"
34.4982861000008,0.315377922488933,0.459483638289992,0.686374652343747,0.492476884374592,0.840206490637128,"AT3G20940","LRC_like"
168.152943192973,-0.131848401222814,0.240712553034025,-0.547742108007873,0.583868994620427,0.88217338122637,"AT3G27170","LRC_like"
534.928148533777,-1.14858899256726,0.428810419731965,-2.67854730135804,0.00739422875298761,0.102676156547542,"AT3G48520","LRC_like"
294.855510827814,-1.28820629610114,0.412084380975736,-3.12607406534293,0.00177156927745095,0.0392134717843095,"AT3G22240","LRC_like"
340.838961499924,-0.863935853864777,0.315576110246623,-2.73764656389741,0.00618805397817218,0.0920606648460894,"AT3G09220","LRC_like"
82.1696950224043,0.365735128848999,0.3185784460631,1.14802220102662,0.25095939891916,0.668793639684514,"AT3G02240","LRC_like"
40.9676696503525,-0.406879163493949,0.398102561899047,-1.02204608167562,0.306759090629896,0.721714891932714,"AT3G14560","LRC_like"
555.073833584363,0.210385585160979,0.285654733897174,0.736503058397451,0.461424607002062,0.824401322247495,"AT3G12580","LRC_like"
2.22021016815437,0.328938764629196,1.54804824025637,0.21248612031284,0.831727804948538,NA,"AT3G62990","LRC_like"
74.8196641432113,-0.165024440203761,0.387226394543456,-0.426170432928072,0.669983660539281,0.909044736494535,"AT3G27540","LRC_like"
56.7447441091798,0.377869956673971,0.794130196456425,0.475828722242406,0.63419640558974,0.900835470429807,"AT3G07600","LRC_like"
2.54396081406065,-0.352541261303882,1.74716093663795,-0.201779500623609,0.840089108048072,NA,"AT3G22910","LRC_like"
548.892300729596,-0.711718426373435,0.434890259233768,-1.63654717773493,0.101725120379612,0.461869903390648,"AT3G50970","LRC_like"
158.574390995079,0.36061880529322,0.256222154979279,1.40744583668959,0.159295227467837,0.567979711536246,"AT3G55230","LRC_like"
313.408033323429,1.08411474382663,0.418306820460207,2.59167360129084,0.00955103399079469,0.122769592807047,"AT3G11340","LRC_like"
7.0935254707361,-0.147891938338534,0.972776198267835,-0.15203079454645,0.879162647420382,0.973630336472158,"AT3G09290","LRC_like"
10.6638749203921,0.602356361886097,0.825199044204441,0.729952810920688,0.465419029650792,0.826641360866932,"AT2G32560","LRC_like"
47.4519990611302,0.801984697125096,0.431530847540088,1.85846435242522,0.0631031010858328,0.368307331714074,"AT2G47360","LRC_like"
10.8823547340227,-0.313290674968242,0.747016826794484,-0.419389046847312,0.674931827698935,0.910754977661338,"AT2G31690","LRC_like"
97.8752751897757,-0.511222387926521,0.32170046351421,-1.58912543159559,0.112032077218014,0.481209822129597,"AT2G35910","LRC_like"
1.51537883665907,-0.676857367940686,1.63454834907412,-0.414094430626104,0.678804951405286,NA,"AT2G25150","LRC_like"
5.09188358034298,-2.33112253598415,1.16345902736543,-2.00361377681069,0.045111448921721,NA,"AT2G28650","LRC_like"
60.3113636756276,-0.247982089577128,0.357408629381228,-0.693833526085962,0.487786614908915,0.838136566650188,"AT2G44340","LRC_like"
23.1295940927491,-0.171750109001792,0.610249820397711,-0.281442293403477,0.778371183027334,0.948378513547892,"AT2G21510","LRC_like"
24.5076008684901,1.09279081308579,0.616809078291569,1.77168406164285,0.076447016841277,0.404181657107397,"AT2G23600","LRC_like"
6.47788211465601,0.337252025384394,0.990050886160357,0.340641102491544,0.733373782750859,NA,"AT2G43060","LRC_like"
225.662472721805,0.490990086077345,0.257052797902764,1.91007485654007,0.0561235758301167,0.348150329139043,"AT2G41380","LRC_like"
45.2188170604983,-1.22619721232191,0.470415580232172,-2.60662542621723,0.00914393279158727,0.11911701355898,"AT2G33110","LRC_like"
71.3637314800109,0.488847726115936,0.727302587487491,0.67213802690389,0.501495829796019,0.845296113243219,"AT2G39430","LRC_like"
5.09552802015983,1.9357585401965,1.42407256680577,1.35931172702699,0.17404782954023,NA,"AT2G44940","LRC_like"
1.13906381142675,1.4235903470321,1.97460681498581,0.720948766219229,0.470941037370202,NA,"AT2G40250","LRC_like"
18.4662330397024,0.935361858902861,0.808252758375464,1.15726404792342,0.24716449733756,0.664848764699134,"AT2G44130","LRC_like"
123.104462798497,-0.835921995413215,0.482078756416973,-1.73399467262603,0.0829190284178538,0.418700579326896,"AT4G11210","LRC_like"
54.9770122507824,2.07220446806244,0.544553119333356,3.80533026897218,0.000141615099313281,0.00565803419988267,"AT4G36220","LRC_like"
3339.86840077259,0.364529419156741,0.128992185552195,2.82598064058104,0.00471361127466715,0.077286459981165,"AT4G17340","LRC_like"
16.364100222026,-0.0683728839884485,0.690258964663356,-0.099053960163769,0.921095426707945,0.98448989649411,"AT4G17250","LRC_like"
122.839053155733,-0.401271730142845,0.281222188875272,-1.42688502549427,0.153613037796265,0.556777780660597,"AT4G01720","LRC_like"
29.5563756812452,-0.665442364829626,0.443986560743841,-1.4987894311818,0.13392826726643,0.526426002490962,"AT4G23550","LRC_like"
26.4230252237075,-1.34305505434325,0.606764268930154,-2.2134709031422,0.0268651971060868,0.233083761841562,"AT4G01140","LRC_like"
41.8040082613516,-0.00972801523485596,0.411041350931433,-0.0236667556994253,0.981118423682965,0.996998824052037,"AT4G18430","LRC_like"
147.349591464971,-0.554948768608589,0.498791778697044,-1.11258603752099,0.26588625980896,0.683737662510585,"AT4G01090","LRC_like"
1483.17141271751,-0.19171103632555,0.430437386290637,-0.445386582187133,0.656040407163573,0.905556429336036,"AT4G12545","LRC_like"
399.577511693518,-0.511637310377065,0.230239123724347,-2.22219969439087,0.0262698131143616,0.23034744644504,"AT4G27410","LRC_like"
72.4787555968445,-2.05237369634632,0.379120668973355,-5.41351043166301,6.18009922208014e-08,1.05279008945809e-05,"AT4G08040","LRC_like"
8.38824539659415,1.43523306026143,1.11446868847277,1.28781819992469,0.197809255332856,0.614516848931849,"AT4G17670","LRC_like"
77.4064289676105,-0.0288146994014557,0.321305096518983,-0.0896801815895046,0.928541365273351,0.985610570348691,"AT4G28890","LRC_like"
239.302114438658,1.53714454703509,0.356932204095088,4.30654485473547,1.6582431657098e-05,0.00101960536182325,"AT4G04745","LRC_like"
345.532900975034,1.10261534146661,0.396583592054954,2.78028482155111,0.00543112399682998,0.0847867917410457,"AT4G15390","LRC_like"
7.96390111463813,1.55926250621656,1.1257396367568,1.38510047554932,0.166021746533434,0.575398732734193,"AT4G10310","LRC_like"
99.7775533487021,0.712277591553005,0.311233019264463,2.28856691759869,0.0221045278993791,0.206863457845569,"AT4G01870","LRC_like"
96.6728778526783,-0.630000138321227,0.286732673384497,-2.19716898979428,0.0280083794205643,0.239056765837456,"AT4G39400","LRC_like"
27.893520292574,-0.381083331375734,0.501621746221008,-0.759702573197123,0.447432390296014,0.817744159355171,"AT4G01680","LRC_like"
276.527958886097,-0.321176855575461,0.206939968319882,-1.55202911348181,0.120655257648258,0.498830806936623,"AT4G35060","LRC_like"
22.0245857755076,0.413533520692221,0.683507142471999,0.60501711686087,0.545167623552749,0.99916816219839,"AT1G69810","Pericycle"
47.7218942763266,-0.253272139487921,0.512635078367,-0.494059322461351,0.621264284589387,0.99916816219839,"AT1G72430","Pericycle"
54.3666111621987,-0.245957870903793,0.458416233314961,-0.536538309573354,0.591586566707966,0.99916816219839,"AT1G65310","Pericycle"
2.40567925024441,-0.0131920337123849,1.79576113714095,-0.00734620737666039,0.994138627273639,NA,"AT1G30190","Pericycle"
14.2196032459026,-0.723223135547506,0.826925589136018,-0.874592762697232,0.381795527069502,0.99916816219839,"AT1G06180","Pericycle"
7.95494689117946,-4.54612323282525,1.38398665492165,-3.28480279535832,0.00102053774108896,NA,"AT1G32960","Pericycle"
259.944350439805,-0.919102748809993,0.317872723747693,-2.891417476699,0.00383508297355348,0.0623161200184043,"AT1G49310","Pericycle"
49.9909589993374,-2.76853282785508,0.517223131553157,-5.35268563790162,8.66583249172373e-08,7.95360938381018e-06,"AT1G56060","Pericycle"
18.4393322005133,0.743686635742655,0.735713458518821,1.0108373404503,0.312094288031676,0.979034364698567,"AT1G70890","Pericycle"
1.53413275952027,1.99796796364804,2.2168907424979,0.901247826673143,0.36745656706421,NA,"AT1G26970","Pericycle"
30.4607543262189,1.01164134845954,0.60192138900843,1.6806868254442,0.0928237609292898,0.586286851288869,"AT1G70690","Pericycle"
1.54999518087264,0.0352138039567599,2.1406961584342,0.0164496973650463,0.98687563233789,NA,"AT1G52890","Pericycle"
34.0676800683023,-2.34214911954597,0.560657053626495,-4.17750763037094,2.94720780017199e-05,0.00118574648069933,"AT1G09930","Pericycle"
2.63992473338648,0.348417236385458,1.69568714690624,0.205472593822004,0.837202908241134,NA,"AT1G28660","Pericycle"
3.89030817072071,0.569667583489768,1.46277508271305,0.389443045771048,0.69694843443306,NA,"AT1G04180","Pericycle"
9.7233251338418,-1.6768632955171,0.91520856179866,-1.83221985185711,0.0669186723709651,NA,"AT1G56600","Pericycle"
10.6054403927145,0.161793599774702,0.968872834626798,0.166991574118211,0.86737667871381,NA,"AT1G09090","Pericycle"
37.5593526725264,0.665172931291045,0.551035497555255,1.20713263345497,0.227381069058795,0.88495125791809,"AT1G72300","Pericycle"
4.83434265769124,0.178797051190482,1.31074599383115,0.136408619238179,0.891498260203266,NA,"AT1G77380","Pericycle"
3.35829674892877,-1.18085346227438,1.48558456645344,-0.794874616322552,0.426686441222028,NA,"AT1G66090","Pericycle"
65.254830258077,1.30573748951585,0.451197294402321,2.89393909430573,0.00380441948497761,0.0620754445965514,"AT1G14960","Pericycle"
6.03898463585692,0.81233476491892,1.20554999309498,0.673829181346047,0.500419920119948,NA,"AT1G18860","Pericycle"
125.832790769099,-2.26298121258867,0.468078495189258,-4.83461905609161,1.33400847265086e-06,8.51735409603384e-05,"AT1G78280","Pericycle"
109.992983278465,-2.46611293288054,0.399411192435375,-6.17437112326179,6.64273401264845e-10,1.16475879374021e-07,"AT1G17420","Pericycle"
133.35445341599,-1.25536996593903,0.425431423563326,-2.95081626886962,0.00316935384038548,0.053805735428972,"AT1G29050","Pericycle"
36.7589028996495,0.43750752492492,0.526278597846821,0.831323042044475,0.405791161069926,0.99916816219839,"AT1G63720","Pericycle"
18.1325525273179,-5.92490710282202,2.41076819039933,-2.45768428769611,0.0139836044629955,0.16712043258522,"AT1G11925","Pericycle"
11.2308774614939,1.00362654236132,0.878967595509582,1.1418242805407,0.253527067606177,NA,"AT1G72470","Pericycle"
3.06956912111584,1.79877767562702,1.66976673994505,1.07726284911282,0.281362854440422,NA,"AT1G44050","Pericycle"
18.810661293598,0.377100836667393,0.744709051953252,0.506373375855065,0.61259456129817,0.99916816219839,"AT5G48430","Pericycle"
146.9750075042,-2.34249674228259,0.435319702340676,-5.38109515762137,7.40340439348749e-08,6.84844053658984e-06,"AT5G01040","Pericycle"
117.395124768789,-3.17499211840642,1.01075588475107,-3.14120567221665,0.00168253829924545,0.0330336882101865,"AT5G63770","Pericycle"
47.2012468890577,-3.52773435623358,0.537843635085112,-6.55903338091067,5.41576795613616e-11,1.71957951212669e-08,"AT5G43650","Pericycle"
5.25349670615789,-0.219598557629689,1.22853946070559,-0.178747663101979,0.858135842082039,NA,"AT5G57540","Pericycle"
10.6492137743075,1.22740340997893,0.969929888274357,1.26545580749415,0.205707980605503,NA,"AT5G57030","Pericycle"
27.056531561419,-2.4451581497109,0.623716914948376,-3.92030116725836,8.84383775405283e-05,0.0029941615543116,"AT5G22690","Pericycle"
52.109968725674,-0.306427999859105,0.476692653225765,-0.642820898928305,0.52034032070512,0.99916816219839,"AT5G05790","Pericycle"
25.9094872677755,1.83052160704767,0.649783433611923,2.81712569505263,0.00484555581023006,0.0748630177666898,"AT5G48290","Pericycle"
39.447112423689,-2.2680863108927,1.23379475706802,-1.83830114198455,0.0660180429322655,0.473492044180864,"AT5G28510","Pericycle"
2.00615000300554,1.0724304445634,1.93805401328626,0.553354260103892,0.580020852964085,NA,"AT5G51500","Pericycle"
308.138767379925,-0.181472834097184,0.379807068495217,-0.477802677070158,0.632790655582511,0.99916816219839,"AT5G24030","Pericycle"
21.6167888641318,0.146350941215049,0.642996586316782,0.227607648826531,0.819951273116857,0.99916816219839,"AT5G36180","Pericycle"
5.02246215263999,1.16076841919554,1.32630047419831,0.875192644334361,0.381469094831432,NA,"AT5G27100","Pericycle"
152.373118009314,-0.245107973094301,0.347715321992407,-0.704909900690695,0.480866308377644,0.99916816219839,"AT5G66985","Pericycle"
48.4244822560192,1.58028992090919,0.514713049737453,3.07023480697695,0.00213890540914195,0.0398222832751182,"AT5G42590","Pericycle"
5.28982375688592,3.17001903439215,1.47808185054217,2.14468436455625,0.0319780918492407,NA,"AT5G38100","Pericycle"
6.8938288770808,-2.29980209481726,1.13923341374209,-2.01872774014151,0.0435155251148755,NA,"AT5G14340","Pericycle"
5.01311774166411,0.62355979624934,1.24624373502388,0.50035139894797,0.616827668421637,NA,"AT5G02350","Pericycle"
131.83642209589,-2.0405647577782,0.387540717192224,-5.26542029586548,1.39868992994681e-07,1.21717105903816e-05,"AT5G52870","Pericycle"
108.071247494524,-1.38541290798664,0.377707212277566,-3.66795460333584,0.00024449858041208,0.0068716969442132,"AT5G57480","Pericycle"
51.3086083111678,0.23929313522308,0.475808738628793,0.502918748219475,0.615021399184621,0.99916816219839,"AT5G09978","Pericycle"
299.159522324975,-0.145118540572977,0.30781201629066,-0.47145183713668,0.63731810575839,0.99916816219839,"AT5G46900","Pericycle"
1.60431965175502,-3.53353270237171,2.51509671215443,-1.40492915651935,0.160042345504333,NA,"AT5G09640","Pericycle"
164.80619863422,-2.74400700635622,0.43617551239508,-6.29106157585195,3.15302223040921e-10,6.85957503015692e-08,"AT5G20230","Pericycle"
5.62168563971681,0.459442577480977,1.18244279597298,0.388553745725114,0.697606288702316,NA,"AT5G13910","Pericycle"
30.6220995851589,-1.20875456591096,0.612221046321151,-1.97437604142228,0.0483390002287181,0.392186860971672,"AT5G14700","Pericycle"
12.4951798188964,-2.7556273887894,2.20008100817737,-1.25251178413302,0.210383437070677,0.858785482524778,"AT5G52400","Pericycle"
48.6304753097848,1.13413101150583,0.502788406473919,2.25568250361927,0.0240905220889365,0.251345873446559,"AT5G42500","Pericycle"
187.608273220289,-1.13342183401087,0.337363991532737,-3.35964081069064,0.000780438683381071,0.0180129541303749,"AT5G53250","Pericycle"
23.4075998571285,-2.81385718142464,0.678072119739836,-4.14979041241846,3.32779836885776e-05,0.00130752425542946,"AT5G10100","Pericycle"
89.249663506798,-1.78887946267157,0.504852143502261,-3.54337301662572,0.000395043505471705,0.0102555648516191,"AT5G15960","Pericycle"
17.5443462534636,-0.145268735264504,0.742929767147617,-0.195534950527349,0.8449741791416,0.99916816219839,"AT5G04960","Pericycle"
112.737982155038,1.63877706597321,0.41227654456759,3.97494615584308,7.03951805289162e-05,0.00246131720492175,"AT5G43350","Pericycle"
1.57780921735147,-1.63060480538165,2.31584536555993,-0.704107808591702,0.481365637633055,NA,"AT5G22540","Pericycle"
3.65629879025294,2.60692709459261,1.61669278687928,1.61250617046717,0.106851838281358,NA,"AT5G20045","Pericycle"
12.0903146633031,1.0097547086737,0.861458500847738,1.17214550402606,0.24113864334662,0.906289581804232,"AT3G20940","Pericycle"
26.8484557727953,1.42836210272258,0.63565565116514,2.24706899105582,0.0246356183062829,0.254770461146313,"AT3G27170","Pericycle"
218.351619135717,-2.24527300893055,1.04155205891021,-2.15569926603554,0.0311071555334613,0.295191327307838,"AT3G48520","Pericycle"
61.385012925057,-0.380409276546915,0.438200806740793,-0.86811633090383,0.38533065172884,0.99916816219839,"AT3G22240","Pericycle"
23.159950687051,0.83035714971218,0.720452519309092,1.15254944282586,0.249095364713104,0.914616493932504,"AT3G09220","Pericycle"
19.6213653030633,0.699226307230892,0.699440172770936,0.999694233262014,0.317458503683803,0.983798663910574,"AT3G02240","Pericycle"
124.007983105689,-0.753528245780116,0.379620182500219,-1.98495306760905,0.0471496933433806,0.387101173722414,"AT3G14560","Pericycle"
349.132498482814,0.938479517177002,0.339193296679895,2.76679853748015,0.00566097265715509,0.0846120951351883,"AT3G12580","Pericycle"
9.5143649119138,-0.405974823036259,0.912186838209552,-0.445056655096131,0.656278811754574,NA,"AT3G62990","Pericycle"
32.3728657527085,-1.44981640009325,0.56885608448382,-2.54865235626128,0.0108140039578876,0.138541895853068,"AT3G27540","Pericycle"
9.81513183117704,0.0743374495030445,0.91151255645714,0.0815539500541591,0.935001421782956,NA,"AT3G07600","Pericycle"
10.6964680119285,-1.86827491893405,0.947261803431873,-1.97228993311607,0.0485765181758611,NA,"AT3G22910","Pericycle"
384.885899614196,-1.14686665239319,0.946317696889679,-1.21192561035545,0.225540857683562,0.883433777062535,"AT3G50970","Pericycle"
85.0938357619271,0.34699419585957,0.429300307292184,0.808278470724235,0.418930293361282,0.99916816219839,"AT3G55230","Pericycle"
110.613091194894,-0.00701532282183739,0.471917154003957,-0.014865581304507,0.988139419027467,0.99916816219839,"AT3G11340","Pericycle"
2.74987727722654,-5.66596936043492,4.82874106922874,-1.17338438305202,0.240641696981317,NA,"AT3G59620","Pericycle"
1.75282192144892,-2.55334932803811,2.26691807174945,-1.1263527164295,0.260016252350853,NA,"AT3G51810","Pericycle"
12.311384174146,-0.274572127152541,0.844738728219016,-0.32503792945711,0.745152365352802,0.99916816219839,"AT2G32560","Pericycle"
3.86877604194405,-1.80900731303747,1.4117762779229,-1.28136967685772,0.20006384976333,NA,"AT2G36640","Pericycle"
30.0137347820679,-0.392147180087238,0.652217013425348,-0.601252607667713,0.547671749957281,0.99916816219839,"AT2G47360","Pericycle"
4.60285280505023,-1.77654021355695,1.37290509629989,-1.2940007421816,0.195665164447517,NA,"AT2G31690","Pericycle"
8.9942351077837,0.998901744218847,0.971577660547973,1.02812341697468,0.303891776694258,NA,"AT2G35910","Pericycle"
7.05076573213807,-1.33951487372291,1.24182605944681,-1.07866545683509,0.280736889887445,NA,"AT2G28650","Pericycle"
4.74622834276678,2.07751506983406,1.42313501683481,1.45981586093964,0.144340688239692,NA,"AT2G44340","Pericycle"
11.7960480755571,-2.91796383663034,0.942155586236646,-3.09711461594775,0.00195414302016229,0.0371476896454151,"AT2G21510","Pericycle"
62.1669323224043,0.14075005785967,0.473025730968579,0.297552645965933,0.766044621244188,0.99916816219839,"AT2G23600","Pericycle"
1.71044906569302,0.255452755957547,2.04891070805065,0.124677349263593,0.900778990128803,NA,"AT2G43060","Pericycle"
32.3925090054292,0.719406036735436,0.558631296677859,1.28780116870231,0.197815185367327,0.83968517769678,"AT2G41380","Pericycle"
16.7876429358826,-2.69024124267434,0.766667666156555,-3.5090057419025,0.0004497851943243,0.0115121491566925,"AT2G33110","Pericycle"
31.7579728757862,0.636381912597847,0.559355572182464,1.13770550298595,0.255243474797367,0.921116453645968,"AT2G39430","Pericycle"
19.3132666989392,-0.164344477232103,0.70998667391493,-0.231475439286617,0.816945463965452,0.99916816219839,"AT2G44940","Pericycle"
158.371095773551,-0.754817834256699,0.342431937930966,-2.20428572993933,0.0275042558809654,0.271701321710297,"AT2G44130","Pericycle"
97.3378663852531,-1.25958563776822,0.385924560627023,-3.26381310306278,0.00109923651425974,0.0237823767394539,"AT4G11210","Pericycle"
7.78461482399114,2.22639156129628,1.15488593261345,1.92780213043038,0.0538797426391377,NA,"AT4G36220","Pericycle"
803.732311815342,1.39979272582344,0.289150875042427,4.8410461341957,1.2915738043859e-06,8.29148035733634e-05,"AT4G17340","Pericycle"
17.7794231333324,-1.04433100536234,0.721796807729703,-1.44684902202203,0.147939213430066,0.744514096853992,"AT4G17250","Pericycle"
8.28888220676889,0.692110769387646,1.0163563084521,0.680972571953356,0.49588884582949,NA,"AT4G01720","Pericycle"
1.71044906569302,0.255452755957547,2.04891070805065,0.124677349263593,0.900778990128803,NA,"AT4G23550","Pericycle"
13.6517277312932,-1.3066838610135,0.828280392758481,-1.5775863734523,0.114660664882057,0.652632505346127,"AT4G01140","Pericycle"
20.7029487625544,-0.362648098782019,0.708375798950445,-0.511943094780104,0.608690836296397,0.99916816219839,"AT4G18430","Pericycle"
41.8063173304506,-1.40937645628453,0.500359656567067,-2.81672680398369,0.00485157745425056,0.0748630177666898,"AT4G01090","Pericycle"
287.568735093458,0.785574715074314,0.327372207852373,2.3996377708048,0.016411302808379,0.189390948323023,"AT4G12545","Pericycle"
180.824819091693,-0.164286094910367,0.336477353941396,-0.488253051761044,0.625370611241262,0.99916816219839,"AT4G27410","Pericycle"
9.33720877759318,-2.66798911633589,1.01825281150529,-2.6201637610917,0.00878875514467162,NA,"AT4G08040","Pericycle"
7.99678597554331,1.64618364865499,1.10886768838406,1.48456273539177,0.137659693000361,NA,"AT4G17670","Pericycle"
11.9425737928712,1.42497584966633,0.902195626945858,1.57945328829646,0.11423212278879,0.651455814816849,"AT4G28890","Pericycle"
38.8478304932082,2.96773977698696,0.617508375158421,4.80599113530338,1.53986722002424e-06,9.72600005421763e-05,"AT4G04745","Pericycle"
97.7057583246833,1.76318952121277,0.413363049451354,4.26547443839744,1.99477852607127e-05,0.000908320082336637,"AT4G15390","Pericycle"
56.586586580744,2.42202554645246,0.518750551002056,4.66895994958251,3.0272838189614e-06,0.000177822651525792,"AT4G10310","Pericycle"
80.19614565137,-0.416733229943594,0.434916961655063,-0.958190336743198,0.337966789071073,0.994547351125269,"AT4G01870","Pericycle"
15.9882083438013,0.104819117547952,0.747139173464844,0.140293965663527,0.888427731876643,0.99916816219839,"AT4G39400","Pericycle"
4.65090461566843,-0.14345328146298,1.31887937539907,-0.108769068755491,0.913385657783235,NA,"AT4G01680","Pericycle"
66.9451823605768,-0.0118843639648233,0.42761508442735,-0.0277922000360172,0.977827887030851,0.99916816219839,"AT4G35060","Pericycle"
197.164654423984,-0.198923865453206,0.309996933649255,-0.641696235867538,0.521070433730126,0.907615420085149,"AT1G69810","Trichoblast"
223.512814237716,-0.974351873892113,0.431092787174901,-2.26019061992982,0.0238094227756372,0.221335679674117,"AT1G72430","Trichoblast"
278.065590826885,-0.406432373951206,0.278802391834586,-1.45777936579663,0.144901367574295,0.578878515836464,"AT1G65310","Trichoblast"
3.89035398867875,-1.38444746215278,1.51977183800504,-0.910957439486511,0.362317799075001,NA,"AT1G30190","Trichoblast"
26.8636753101349,0.761268121021828,0.595984126624009,1.27732952441885,0.201485934335537,0.667766505577876,"AT1G06180","Trichoblast"
2.54154009082654,-0.781864956618936,1.76128407313576,-0.443917576127805,0.657102176669414,NA,"AT1G66930","Trichoblast"
1.29709652198999,2.83310559856421,2.64461719156897,1.07127247285397,0.284046933296199,NA,"AT1G65500","Trichoblast"
329.05510564143,0.397324228071419,0.292971448022451,1.35618754234703,0.175039504687218,0.630148744824465,"AT1G49310","Trichoblast"
23.5734485337752,-1.10475647300762,0.68650894849663,-1.60923827056719,0.107564251087114,0.513030196688378,"AT1G56060","Trichoblast"
62.144904037908,1.13233041595618,0.483961076897254,2.3397138117299,0.0192985216416363,0.193519157343677,"AT1G70890","Trichoblast"
37.63562991786,-1.15817746943092,0.48944077885416,-2.36632810233416,0.0179655149887066,0.185537462267788,"AT1G26970","Trichoblast"
136.118709460185,0.446189624282952,0.455567644145016,0.979414648993204,0.327375141896759,0.803145244307274,"AT1G70690","Trichoblast"
11.3725549179218,-1.40288075938028,0.92959718722437,-1.50912758629257,0.131266181071004,0.555039433443165,"AT1G09930","Trichoblast"
11.9083984677253,-0.543299405798866,0.786615936667272,-0.690679377919436,0.489767051653753,0.895864420787184,"AT1G28660","Trichoblast"
8.55380315205588,0.587314909441058,1.00969258448658,0.581676956397278,0.560784295983606,0.922952049368512,"AT1G66440","Trichoblast"
3.99926930551532,2.91147939120249,1.79345919163641,1.62338758795285,0.104506576350808,NA,"AT1G04180","Trichoblast"
2.42127725228222,2.08554468771018,1.99430653160894,1.04574931418774,0.295676788116016,NA,"AT1G56600","Trichoblast"
82.765456470226,0.165500698977741,0.578482511977074,0.286094558696531,0.774805698991352,0.968595325795024,"AT1G09090","Trichoblast"
106.653704164038,0.0895106962684749,0.362787500056327,0.246730375921379,0.805116896591363,0.971779449224425,"AT1G72300","Trichoblast"
13.5212598693302,0.98571898447459,0.82135462012284,1.20011376368367,0.230095160817339,0.705161020005328,"AT1G77380","Trichoblast"
5.97249503966566,-0.424610840007195,1.09430686231611,-0.388018073018845,0.698002659057845,NA,"AT1G66090","Trichoblast"
331.368097490637,0.679661291337393,0.337114495801456,2.01611410901085,0.0437880450312227,0.315353021134451,"AT1G14960","Trichoblast"
54.9139983634987,0.0169118366820963,0.452068771215379,0.0374098760164943,0.97015819826159,0.994792439232909,"AT1G18860","Trichoblast"
229.163442047867,-1.32222778199603,0.432792603083259,-3.05510716351515,0.0022498011856616,0.0464987426293837,"AT1G78280","Trichoblast"
76.5937843507705,-0.649562481899942,0.521204199892215,-1.2462725396961,0.212664355681625,0.681109324873577,"AT1G17420","Trichoblast"
152.907130504966,-0.0709372856008356,0.314290111060719,-0.225706387520195,0.82142978975538,0.97610954050018,"AT1G29050","Trichoblast"
42.9067300725404,0.0880329464066807,0.468803244233663,0.187782289242868,0.851047319920158,0.981825808432392,"AT1G63720","Trichoblast"
48.3704327923293,0.0854762449984765,0.462456614292747,0.184830841114033,0.85336171690041,0.982169346256009,"AT1G72470","Trichoblast"
34.0331029163683,1.1085957738394,0.549098417140453,2.01893820712987,0.0434936424627783,0.314384232110162,"AT1G44050","Trichoblast"
89.6963144307473,0.896859790446686,0.577547377976873,1.55287656847885,0.12045262565053,0.536263051028198,"AT5G48430","Trichoblast"
474.658257341019,-1.63149275239506,0.35969045189739,-4.53582446736862,5.73788890116888e-06,0.00047964953225547,"AT5G01040","Trichoblast"
6.68959432493575,-0.454308400724552,1.1060756233447,-0.4107390047624,0.681263922922077,NA,"AT5G20710","Trichoblast"
135.964367719826,-1.39230899802277,0.474415675335759,-2.9347870873731,0.00333776628124817,0.0615016437834056,"AT5G63770","Trichoblast"
47.8175401530056,-2.23152757009495,0.570343401168916,-3.91260346928087,9.13063957349959e-05,0.0044578844169179,"AT5G43650","Trichoblast"
266.292810418984,-1.69706563482631,0.524965893442104,-3.23271598407845,0.00122619404530361,0.0301591950177466,"AT5G57540","Trichoblast"
10.2201041927573,0.344112995994367,0.905104301000818,0.380191537719868,0.703803240391109,0.95293679518539,"AT5G57030","Trichoblast"
23.8423947107198,-0.35066042672779,0.641132885089839,-0.546938762435581,0.584420804091406,0.929299041117529,"AT5G22690","Trichoblast"
34.9851529272703,0.0182449628716961,0.508353586076741,0.03589030031735,0.971369830111592,0.994792439232909,"AT5G05790","Trichoblast"
98.5217137043582,1.24063574205282,0.374871804072619,3.30949334832472,0.00093464986844221,0.0252758464422672,"AT5G48290","Trichoblast"
9.09370257046915,-2.27952771381247,1.32726410280085,-1.71746354700779,0.0858945093860184,0.458141882894929,"AT5G28510","Trichoblast"
8.56522673307323,1.34996209211859,1.01337762392195,1.33214120802667,0.182813791424878,0.640264637527914,"AT5G51500","Trichoblast"
248.642733724606,0.4739893013897,0.304848048888467,1.5548379040573,0.11998467929872,0.535683088672507,"AT5G24030","Trichoblast"
74.8686240940266,-0.25546836905027,0.394806749340975,-0.64707193956716,0.517585385082393,0.907047325844192,"AT5G36180","Trichoblast"
38.4021929808839,-0.255379231612051,0.495617885802571,-0.515274446156249,0.606361253107462,0.935072597004875,"AT5G27100","Trichoblast"
133.709404974728,1.22031215104196,0.340262089096826,3.58638881657694,0.000335288922737438,0.0118089772420721,"AT5G66985","Trichoblast"
6.84412629289661,0.633762982180785,1.08680147438391,0.58314512550699,0.559795608116182,NA,"AT5G11570","Trichoblast"
199.527589574743,1.18305832307073,0.328864278853271,3.59740597913516,0.000321406618560803,0.0114186878624641,"AT5G42590","Trichoblast"
39.7583609041321,1.86686896151734,0.609405248338526,3.06342777094084,0.00218817021087394,0.0456297846914596,"AT5G38100","Trichoblast"
9.60153542442675,-0.124698509118082,0.885305928205762,-0.140853579700756,0.887985614471786,0.985332752518409,"AT5G14340","Trichoblast"
123.058560692313,0.169989433766406,0.361326974373879,0.470458741866618,0.638027304481774,0.939944114270672,"AT5G02350","Trichoblast"
49.0436655262948,-0.918114709618605,0.624052697212351,-1.47121343072441,0.141233406122063,0.572766265514169,"AT5G52870","Trichoblast"
65.3524717286523,-0.287572688344328,0.439180366073685,-0.654794044905186,0.512600365287243,0.905076525126238,"AT5G57480","Trichoblast"
173.177056792556,0.52156411196912,0.421113247713042,1.23853646210752,0.215517210884957,0.683406876598427,"AT5G09978","Trichoblast"
3514.35094038462,-1.57364235680678,0.43437631489553,-3.6227628046093,0.000291473080070661,0.0105389168884973,"AT5G46900","Trichoblast"
130.296127459708,-1.10816190132068,0.646500517191947,-1.71409283032587,0.0865116783519825,0.460275999636469,"AT5G20230","Trichoblast"
28.7839871784699,0.229447989356846,0.55088496051389,0.416507993143988,0.67703831963788,0.948029124052952,"AT5G13910","Trichoblast"
43.9087663785859,-0.00829516927451122,0.614776905814566,-0.0134929747621542,0.989234490421071,0.998164972936481,"AT5G14700","Trichoblast"
11.0144386218918,-1.9959489072597,0.978889556430049,-2.0389929529321,0.0414507308794981,0.305853877127591,"AT5G52400","Trichoblast"
229.555120014697,0.47907503439103,0.367469692361951,1.3037130526649,0.192331437337126,0.655976235941861,"AT5G42500","Trichoblast"
1777.95107926829,-1.81809292077139,0.323803829547505,-5.61479746336557,1.96792613916109e-08,4.5198551480704e-06,"AT5G53250","Trichoblast"
23.677124257491,-0.772026610230433,0.590613839214111,-1.30715970228147,0.19115847840082,0.654349821734345,"AT5G10100","Trichoblast"
48.4175979765215,0.257707043174634,0.579742520282016,0.444519824161375,0.656666799424567,0.944473393366702,"AT5G15960","Trichoblast"
816.969154272912,-1.43356839828502,0.432870520896483,-3.31177183263963,0.00092707123837023,0.0251125426646235,"AT5G04960","Trichoblast"
978.871828099672,0.194583471412733,0.343016521932826,0.567271425633658,0.57052978750371,0.925565772391136,"AT5G43350","Trichoblast"
10.3157192124011,-2.01802806792881,0.886045144050106,-2.27756800145015,0.0227523287909508,0.215585256010479,"AT5G22540","Trichoblast"
12.1802689594501,0.243416108610097,0.814814087373192,0.298738218180327,0.765139793974711,0.967421026566,"AT5G20045","Trichoblast"
59.3420069899668,-0.215791161824899,0.420485660236348,-0.513195055697279,0.607814884199426,0.935072597004875,"AT3G20940","Trichoblast"
108.182683032899,1.42991159975224,0.390903403002273,3.65796661980947,0.000254224145961966,0.00959637302824488,"AT3G27170","Trichoblast"
409.200836880381,-1.81295576177804,0.538008566361517,-3.3697525934184,0.000752357006379436,0.0212628868336733,"AT3G48520","Trichoblast"
228.381450509109,-0.312986171296706,0.29427111388902,-1.06359801055684,0.287510844041107,0.766920157796981,"AT3G22240","Trichoblast"
119.744694506382,-0.0245830293212903,0.356601489832398,-0.0689369787345651,0.945039783746649,0.99187999474538,"AT3G09220","Trichoblast"
103.150775247382,-0.142402348858084,0.363214516490107,-0.39206128167502,0.695012934705056,0.950683561235607,"AT3G02240","Trichoblast"
91.1217208505017,-0.86449592969812,0.365871363609017,-2.36284119415793,0.0181354390105996,0.186701138854701,"AT3G14560","Trichoblast"
810.413112151495,0.103877006230859,0.471745882470004,0.220196953679747,0.825717769021253,0.976796320127506,"AT3G12580","Trichoblast"
4.68141041766198,-0.604780066572039,1.20635928510412,-0.501326656195828,0.616141248183606,NA,"AT3G62990","Trichoblast"
50.1210180443662,-0.70140745691619,0.434357497198386,-1.61481604770329,0.106350536852785,0.509925964262973,"AT3G27540","Trichoblast"
94.6798054158297,-1.13509708835077,0.435910947353997,-2.60396554672663,0.00921520198499391,0.122272008762649,"AT3G07600","Trichoblast"
13.5629405690734,-2.56485703588097,0.874592284414361,-2.93263167488201,0.00336102365305538,0.0616515328575636,"AT3G22910","Trichoblast"
704.781512395568,-0.580111301695858,0.503366303703943,-1.1524635189666,0.249130652417991,0.725904817963035,"AT3G50970","Trichoblast"
360.889355597215,0.414798200498276,0.289819128503593,1.43123127393275,0.152363943263449,0.591712032102182,"AT3G55230","Trichoblast"
400.520351302198,0.482725689313921,0.410398540906039,1.17623636830727,0.239500435287506,0.716220914446563,"AT3G11340","Trichoblast"
3.34127182191454,1.23832819521723,1.65650846118437,0.747553196517843,0.454729704491855,NA,"AT3G09290","Trichoblast"
30.143794912659,0.00761752820543786,0.550031028928481,0.0138492699589651,0.988950234550845,0.998164972936481,"AT2G32560","Trichoblast"
381.16506205859,-1.08935058408717,0.407100016011837,-2.67587949211846,0.00745334392419891,0.107463907490638,"AT2G47360","Trichoblast"
7.55607480979752,-0.847417924380645,1.00262421297446,-0.845199939732789,0.397999215984066,NA,"AT2G31690","Trichoblast"
76.2827975350528,-0.280843169151132,0.429482102244171,-0.653911228625461,0.513168999323619,0.905076525126238,"AT2G35910","Trichoblast"
9.53436248756543,-0.427546954825717,0.99134478363412,-0.431279774589013,0.666264954701431,0.947564255794465,"AT2G28650","Trichoblast"
36.4023274344524,0.915950120848497,0.527811637744156,1.73537310538136,0.0826747405888218,0.45023135672694,"AT2G44340","Trichoblast"
42.8804655285568,-0.876876769196517,0.560242423340865,-1.56517381166439,0.117542160262786,0.532285478313038,"AT2G21510","Trichoblast"
39.1417824869262,1.06045348066545,0.571284112460724,1.85626286034404,0.0634161000831538,0.391026032996627,"AT2G23600","Trichoblast"
4.63845716865614,0.806692210626127,1.40854565380815,0.572712860563057,0.566839128282845,NA,"AT2G43060","Trichoblast"
102.104611664714,1.57484160862155,0.410457609855976,3.83679476468749,0.000124650559444724,0.00561512893056663,"AT2G41380","Trichoblast"
20.5704462199458,-0.875928290187787,0.676012259667872,-1.29572840974531,0.195069069987055,0.65968297890479,"AT2G33110","Trichoblast"
152.9774710343,0.157867245566261,0.313411137571272,0.503706558706329,0.614467598760544,0.936457674943762,"AT2G39430","Trichoblast"
14.5906356385542,0.70110365174134,0.769687599402401,0.910893786369547,0.36235133992857,0.829523029897717,"AT2G44940","Trichoblast"
3.50276564623046,1.3459010058294,1.55472021646539,0.865686952273166,0.38666185716571,NA,"AT2G40250","Trichoblast"
37.3805714916214,0.237282224735424,0.497233604987127,0.477204723002516,0.633216348265764,0.939506941384917,"AT2G44130","Trichoblast"
274.047796226098,-0.0942997699203464,0.304977100710165,-0.309202788342999,0.757167272974484,0.966053260339169,"AT4G11210","Trichoblast"
35.8035838711401,2.59862804850443,0.649578283583411,4.00048479787385,6.3212848188137e-05,0.00333197444407264,"AT4G36220","Trichoblast"
4743.40353224414,0.480457477779444,0.287173643350602,1.67305561949802,0.0943163472210178,0.479880397545441,"AT4G17340","Trichoblast"
9.82994127294214,1.10464948374424,0.98917219586173,1.11674134024957,0.264104936470493,0.741316123595381,"AT4G17250","Trichoblast"
49.2970489904537,-0.0259717185148141,0.538569468671866,-0.0482235255163301,0.961538101345286,0.993749973085248,"AT4G01720","Trichoblast"
7.6060643608325,0.418462932659944,0.99855961673632,0.419066549103641,0.675167496824348,NA,"AT4G23550","Trichoblast"
84.5145950088922,-1.32202320413697,0.423134711723049,-3.12435535896724,0.00178195106846485,0.038899967969821,"AT4G01140","Trichoblast"
262.14447832931,-1.34311716610193,0.465297320733922,-2.88657833658575,0.00389455783248908,0.0685579299441241,"AT4G18430","Trichoblast"
72.3158236926084,-0.0472979990139169,0.405572298625931,-0.11662038845888,0.907160880316923,0.986403095753891,"AT4G01090","Trichoblast"
1311.57954217547,0.618046113772987,0.260503889517962,2.37250244100625,0.0176680463896908,0.183745428875439,"AT4G12545","Trichoblast"
389.560721055921,-1.07486004711677,0.39981502055706,-2.68839336155799,0.00717967638254097,0.105097830134736,"AT4G27410","Trichoblast"
20.3527749087409,-1.04344774812065,0.648899128327447,-1.60802766188045,0.107829120598089,0.513522716888006,"AT4G08040","Trichoblast"
23.8899673932206,0.912971510306468,0.665915077919704,1.37100291099964,0.170374048586803,0.623634031493828,"AT4G17670","Trichoblast"
90.0778006643258,0.417691345219741,0.488592679299172,0.854886622163208,0.392613917328013,0.84820127333917,"AT4G28890","Trichoblast"
143.453299863139,2.73015764085088,0.481878509648681,5.66565552558327,1.4646350726765e-08,3.51232413678465e-06,"AT4G04745","Trichoblast"
378.838652361528,1.23330676566225,0.311981437485973,3.95314149329061,7.71317949372959e-05,0.00390617447218163,"AT4G15390","Trichoblast"
21.8925523716259,-4.35950552785176,0.814311515071675,-5.35360908836963,8.62170164931275e-08,1.57970886286902e-05,"AT4G08620","Trichoblast"
17.61398336909,2.00835854267506,0.80205100063462,2.50402847335887,0.0122788152154933,0.145540017169868,"AT4G10310","Trichoblast"
117.639445352078,0.163425327608865,0.357424077270549,0.457230886225837,0.647505100497475,0.942909699463076,"AT4G01870","Trichoblast"
107.767415217639,-0.113377264268092,0.345468520398559,-0.32818406764614,0.74277249351702,0.96114831390113,"AT4G39400","Trichoblast"
23.8432502807439,-0.529074191512951,0.638065986385029,-0.829184132679486,0.407000222202658,0.857667805098117,"AT4G01680","Trichoblast"
268.097805094216,-0.0581618576014692,0.333289436086405,-0.174508554139684,0.861465808683471,0.983883780546406,"AT4G35060","Trichoblast"
15.9409317307356,0.254430872088181,0.688959806700215,0.369297119532679,0.711906272335312,0.99974406767578,"AT1G69810","Unresolved_transition"
14.2391471967636,0.2098256915896,0.72749425176202,0.288422473554113,0.773023366903258,NA,"AT1G72430","Unresolved_transition"
24.272151707806,-0.416208087993061,0.595027899737066,-0.699476592907622,0.48425423616569,0.99974406767578,"AT1G65310","Unresolved_transition"
3.05299867020525,0.18980222833993,1.51076268141623,0.125633384167263,0.90002213557539,NA,"AT1G06180","Unresolved_transition"
35.9655531467671,0.715944941059848,0.50244071745136,1.42493415878293,0.154176234385559,0.836339803196837,"AT1G49310","Unresolved_transition"
4.88089180766591,-1.80500198001276,1.3123845672406,-1.37536056508797,0.169019688388225,NA,"AT1G56060","Unresolved_transition"
10.3834306213725,0.863681942085514,0.857264952815114,1.00748542122167,0.313701560133932,NA,"AT1G70890","Unresolved_transition"
2.83114619852799,-0.651883454916838,1.62198126962726,-0.401905661380815,0.687753456080215,NA,"AT1G26970","Unresolved_transition"
11.7319776672595,-0.0577237506909792,0.801093365557497,-0.0720562086428066,0.942557176030509,NA,"AT1G70690","Unresolved_transition"
5.41909372569621,0.898182235355169,1.15282629954754,0.779113241697979,0.435913010512276,NA,"AT1G09090","Unresolved_transition"
4.18366499604765,0.505257029095925,1.29601752825872,0.389853546020144,0.696644846202088,NA,"AT1G72300","Unresolved_transition"
6.67847797760005,0.816577274277574,1.06298690152517,0.768191285429719,0.442373550083025,NA,"AT1G77380","Unresolved_transition"
24.5382886368425,0.741132262649766,0.567702709440489,1.30549361545272,0.191724819756717,0.903227311133791,"AT1G14960","Unresolved_transition"
6.47449770466502,0.104803566484018,1.11482683657515,0.0940088299327127,0.925102142530652,NA,"AT1G18860","Unresolved_transition"
38.0455227951999,-1.11002842467162,0.49147173132839,-2.25858041045687,0.023909497504408,0.362902700303269,"AT1G78280","Unresolved_transition"
10.4493209693447,-1.73760787340903,0.917659984442703,-1.89352037014482,0.0582887019052759,NA,"AT1G17420","Unresolved_transition"
18.734424015081,0.0239591542647408,0.664197398099682,0.0360723398394659,0.971224677579313,0.99974406767578,"AT1G29050","Unresolved_transition"
4.78494588429517,0.0189979357123891,1.21177812273234,0.0156777345258158,0.987491490089528,NA,"AT1G63720","Unresolved_transition"
3.33718096927937,2.10514180785565,1.55289227283917,1.35562642990476,0.175218058155422,NA,"AT1G72470","Unresolved_transition"
10.2204833130976,-0.159175222724813,0.863243364188058,-0.184392060603361,0.853705897754573,NA,"AT5G48430","Unresolved_transition"
40.2322844750579,-1.65657499512458,0.505295683778592,-3.2784269652508,0.00104387372766156,0.0473600971658623,"AT5G01040","Unresolved_transition"
27.808616232055,-2.17188369310399,0.629084447045356,-3.45245173887981,0.000555516840787978,0.0317633875814934,"AT5G63770","Unresolved_transition"
7.91880077299705,-2.31203405384163,1.08688444581912,-2.12721238466081,0.0334024405771736,NA,"AT5G43650","Unresolved_transition"
2.8537681756101,-4.83113160133773,2.05408832797331,-2.35195903484073,0.0186748314810424,NA,"AT5G22690","Unresolved_transition"
10.0109873893721,-0.386741778118005,0.865689745525503,-0.446744090613248,0.655059843373193,NA,"AT5G05790","Unresolved_transition"
14.2830082688089,0.360670513520123,0.770563132398988,0.468060952250921,0.639741002086627,NA,"AT5G48290","Unresolved_transition"
18.9637594220205,0.381133793101206,0.639270290554134,0.596201323184957,0.551040741788468,0.99974406767578,"AT5G24030","Unresolved_transition"
10.2918688588013,-1.06794900452884,0.910946821246253,-1.17235054738738,0.241056345297202,NA,"AT5G36180","Unresolved_transition"
2.49347943637922,-0.426918039262009,1.70910919582977,-0.249789797108161,0.802749910416956,NA,"AT5G27100","Unresolved_transition"
18.631550674914,1.49933475632632,0.668650871366258,2.2423282770315,0.0249401634988631,0.371786580158052,"AT5G66985","Unresolved_transition"
25.6401835955138,1.0562560696861,0.566660269538711,1.86400234226047,0.0623213754122536,0.604304096400564,"AT5G42590","Unresolved_transition"
4.6958780407749,2.69301963714433,1.39501536261831,1.93045876719937,0.0535500194331925,NA,"AT5G38100","Unresolved_transition"
4.79594000318693,-0.951672024456386,1.24619536684745,-0.763661982521945,0.445068701895334,NA,"AT5G52870","Unresolved_transition"
8.36396309587435,-0.84282973106898,0.945792191533273,-0.891136275615286,0.3728560659588,NA,"AT5G57480","Unresolved_transition"
17.8584193462957,0.422221698418389,0.671305145826872,0.628956445579339,0.529377570722507,0.99974406767578,"AT5G09978","Unresolved_transition"
132.784165390709,-0.116261012232014,0.317610289884191,-0.366049262051321,0.714328316844688,0.99974406767578,"AT5G46900","Unresolved_transition"
11.4744962016195,-1.72602645350365,0.871272084923428,-1.98104183913495,0.0475865817752019,NA,"AT5G20230","Unresolved_transition"
2.69552130872929,-1.23906617592473,1.66635832396962,-0.743577271527654,0.457132257724244,NA,"AT5G13910","Unresolved_transition"
5.27047024984476,0.271747507339977,1.22712654318557,0.221450272467037,0.824741852166664,NA,"AT5G14700","Unresolved_transition"
15.9244880276293,0.680864760274105,0.693552656148975,0.981705937159378,0.326244739613622,0.99974406767578,"AT5G42500","Unresolved_transition"
85.6786627250044,-1.37498345533884,0.363280406734493,-3.78490947997579,0.000153764536065303,0.0122443019582031,"AT5G53250","Unresolved_transition"
9.16113646638287,-1.26504058309521,0.959042567185612,-1.31906614615405,0.187146999786998,NA,"AT5G10100","Unresolved_transition"
19.2197956623941,0.122090139709179,0.722534973428098,0.168974712919317,0.865816531534596,0.99974406767578,"AT5G15960","Unresolved_transition"
7.50515140504114,-0.391052186259841,0.983153052768476,-0.397753111948004,0.690812182850681,NA,"AT5G04960","Unresolved_transition"
48.9487117397093,0.360617895287903,0.432039095932717,0.83468810735606,0.403893339414709,0.99974406767578,"AT5G43350","Unresolved_transition"
8.35303504355861,-0.3828743551488,0.996537692020963,-0.384204589765528,0.700826816763425,NA,"AT3G20940","Unresolved_transition"
14.679427608149,1.25735838379195,0.75574732334263,1.66372853062942,0.0961666920244284,NA,"AT3G27170","Unresolved_transition"
51.3313361659964,-1.66916679247912,0.482505798523818,-3.45937146783683,0.000541437622145936,0.0314711757614755,"AT3G48520","Unresolved_transition"
30.5766508530503,-0.0625652248431154,0.516295484116215,-0.121181042189849,0.903547639588996,0.99974406767578,"AT3G22240","Unresolved_transition"
23.3489768385282,-0.676788475717218,0.591215545468513,-1.14474066337497,0.252316601564526,0.976353627414694,"AT3G09220","Unresolved_transition"
7.42223295160994,0.956191560709354,1.00180211476744,0.954471493535756,0.339845032216256,NA,"AT3G02240","Unresolved_transition"
8.91997114607086,0.424592938081819,0.902596854510234,0.470412605539393,0.638060259858786,NA,"AT3G14560","Unresolved_transition"
83.8256078837547,0.425859452110783,0.409498065593718,1.03995473456839,0.298360931205334,0.994973558806471,"AT3G12580","Unresolved_transition"
3.81930955472123,-0.951033775318289,1.44631092857908,-0.657558313724857,0.510821988491843,NA,"AT3G27540","Unresolved_transition"
4.20764940218973,0.0921645868179947,1.3196717515541,0.0698390237644004,0.94432178651939,NA,"AT3G07600","Unresolved_transition"
90.4574354259624,-0.148670610701727,0.958720483359804,-0.155071903940881,0.876764631624019,0.99974406767578,"AT3G50970","Unresolved_transition"
32.3070252840956,0.418016751237447,0.521228658654658,0.80198343720468,0.422562539152701,0.99974406767578,"AT3G55230","Unresolved_transition"
44.1237898833411,0.650472497203841,0.495135607355535,1.3137259521244,0.188938444195474,0.896169393263534,"AT3G11340","Unresolved_transition"
4.37468386561916,0.962304561302312,1.39355283087944,0.69054042299568,0.489854398525287,NA,"AT2G32560","Unresolved_transition"
6.62038802359409,-0.712616461939267,1.11463311082521,-0.639328273149618,0.522609399339095,NA,"AT2G47360","Unresolved_transition"
4.94452629634915,-0.0581348502332805,1.201213893876,-0.0483967514275869,0.961400048258311,NA,"AT2G35910","Unresolved_transition"
2.67904872173626,1.14414438244144,1.73093728239711,0.660997018249534,0.508614225775607,NA,"AT2G44340","Unresolved_transition"
3.06462652839559,-0.407166503138568,1.54610398040294,-0.263350012870708,0.792280814973255,NA,"AT2G21510","Unresolved_transition"
10.3039861688816,1.0507639296786,0.860118707508808,1.22164989611953,0.221840051193681,NA,"AT2G23600","Unresolved_transition"
15.3219024780954,0.55074687239984,0.757846603492507,0.726726054932151,0.467393789061401,0.99974406767578,"AT2G41380","Unresolved_transition"
2.44898462503536,-3.053991976672,2.11142103425662,-1.44641543639222,0.148060714802761,NA,"AT2G33110","Unresolved_transition"
11.045678907957,0.473938317420563,0.827072851510836,0.573030920498487,0.566623758303304,NA,"AT2G39430","Unresolved_transition"
3.35568690732018,2.35183421239043,1.68620150464423,1.39475276585442,0.163090407038885,NA,"AT2G44940","Unresolved_transition"
6.8620427957961,0.495623510996011,1.03384739410545,0.479397166179306,0.63165610909526,NA,"AT2G44130","Unresolved_transition"
29.7864337832248,-0.515730227441162,0.528142719864873,-0.976497844319645,0.328817815626835,0.99974406767578,"AT4G11210","Unresolved_transition"
4.19251036036987,4.25569640584995,1.78276463948117,2.38713305817444,0.0169803443529688,NA,"AT4G36220","Unresolved_transition"
306.370441804483,1.20152580052584,0.255251745583175,4.70721874117142,2.51119403820258e-06,0.000455727126759024,"AT4G17340","Unresolved_transition"
4.31926100195955,0.81856910086174,1.30845434515086,0.625600047793309,0.53157730742972,NA,"AT4G01720","Unresolved_transition"
4.98635401734666,-0.997224093608176,1.24625628995304,-0.800175775759376,0.423608962822146,NA,"AT4G01140","Unresolved_transition"
5.4047327105835,-0.320646497402196,1.15631908863232,-0.277299320364461,0.781550281379722,NA,"AT4G18430","Unresolved_transition"
11.9703027259298,-0.391600435074579,0.798769831304732,-0.490254413383301,0.623953880853243,NA,"AT4G01090","Unresolved_transition"
103.972990149978,0.776284746357427,0.322808181587297,2.40478646650255,0.0161819179759165,0.292395349054006,"AT4G12545","Unresolved_transition"
35.0327874937754,-0.290318763239124,0.504189052781444,-0.575813301850826,0.564741381542374,0.99974406767578,"AT4G27410","Unresolved_transition"
8.42829739043219,0.305501080056059,0.935226088980059,0.326660134544827,0.743924955494893,NA,"AT4G28890","Unresolved_transition"
18.3569218448391,1.89373753624915,0.6913221862375,2.73929807830378,0.00615705227862005,0.152973429827143,"AT4G04745","Unresolved_transition"
34.6245551027185,1.18327671091149,0.510529995909455,2.31774179850806,0.0204633579103747,0.331747750043311,"AT4G15390","Unresolved_transition"
13.9898484722605,-0.576664249855456,0.742557282497638,-0.77659227570405,0.437399360206782,NA,"AT4G01870","Unresolved_transition"
11.3923064379497,-0.559212513734131,0.808259852873835,-0.691872189056285,0.489017597151088,NA,"AT4G39400","Unresolved_transition"
4.12684252063885,-0.650554743420132,1.35481118184566,-0.480181114636124,0.631098614341859,NA,"AT4G01680","Unresolved_transition"
24.3986631115243,0.118250270162537,0.566504661507252,0.208736623363201,0.834653848529314,0.99974406767578,"AT4G35060","Unresolved_transition"
