"cell","sample","condition","nCount_RNA","nFeature_RNA","percent_mt","percent_cp","mixed_nCount","mixed_nFeature","old_qc_pass","fail_low_features","fail_low_counts","fail_high_counts","fail_high_mt","qc_pass","scDblFinder_score","scDblFinder_class","retained"
"control_rep1_AAACAGCCAGGCTACT-1","control_rep1","control",3542,1954,4.6583850931677,0.112930547713156,3723,2018,TRUE,FALSE,FALSE,FALSE,FALSE,TRUE,0.0145030682906508,"singlet",TRUE
"control_rep1_AAACAGCCATGTTGCA-1","control_rep1","control",3516,2094,4.94880546075085,0.540386803185438,3851,2239,TRUE,FALSE,FALSE,FALSE,FALSE,TRUE,0.211361289024353,"singlet",TRUE
"control_rep1_AAACATGCACAACCTA-1","control_rep1","control",5008,2122,1.41773162939297,0.279552715654952,5196,2181,TRUE,FALSE,FALSE,FALSE,FALSE,TRUE,0.123720936477184,"singlet",TRUE
"control_rep1_AAACCAACAATGAATG-1","control_rep1","control",3515,2145,6.37268847795164,0.398293029871977,5234,2951,TRUE,FALSE,FALSE,FALSE,FALSE,TRUE,0.23552243411541,"singlet",TRUE
"control_rep1_AAACCAACAGCACGTT-1","control_rep1","control",1058,849,2.26843100189036,0.0945179584120983,1959,1334,TRUE,FALSE,FALSE,FALSE,FALSE,TRUE,0.0019854863639921,"singlet",TRUE
"control_rep1_AAACCGAAGACACCGC-1","control_rep1","control",3896,2123,1.84804928131417,0.154004106776181,3992,2162,TRUE,FALSE,FALSE,FALSE,FALSE,TRUE,0.0968185067176819,"singlet",TRUE
"control_rep1_AAACCGAAGAGGAAGG-1","control_rep1","control",7934,2866,1.72674565162591,0.529367280060499,8564,2974,TRUE,FALSE,FALSE,FALSE,FALSE,TRUE,0.672948181629181,"singlet",TRUE
"control_rep1_AAACCGAAGGCGAATA-1","control_rep1","control",1014,760,5.91715976331361,0.29585798816568,1253,866,TRUE,FALSE,FALSE,FALSE,FALSE,TRUE,0.00231955689378083,"singlet",TRUE
"control_rep1_AAACCGAAGGTCGATT-1","control_rep1","control",6578,2770,1.23137731833384,0.182426269382791,6724,2827,TRUE,FALSE,FALSE,FALSE,FALSE,TRUE,0.0513114668428898,"singlet",TRUE
"control_rep1_AAACCGAAGTCACGAT-1","control_rep1","control",2103,1343,0.808368996671422,0,9394,4863,TRUE,FALSE,FALSE,FALSE,FALSE,TRUE,0.00116386904846877,"singlet",TRUE
"control_rep1_AAACCGGCACCTAATG-1","control_rep1","control",4900,2376,2.53061224489796,0.204081632653061,5192,2455,TRUE,FALSE,FALSE,FALSE,FALSE,TRUE,0.933637320995331,"doublet",FALSE
"control_rep1_AAACCGGCAGCACGAA-1","control_rep1","control",7870,3171,2.16010165184244,0.0635324015247776,8107,3243,TRUE,FALSE,FALSE,FALSE,FALSE,TRUE,0.161201596260071,"singlet",TRUE
"control_rep1_AAACCGGCATTATGAC-1","control_rep1","control",7269,2676,0.93547943320952,0.0137570504883753,7347,2708,TRUE,FALSE,FALSE,FALSE,FALSE,TRUE,0.0281080957502127,"singlet",TRUE
"control_rep1_AAACGCGCACGGTACT-1","control_rep1","control",2221,1394,0.720396217919856,0.135074290859973,12788,6331,TRUE,FALSE,FALSE,FALSE,FALSE,TRUE,0.00118806504178792,"singlet",TRUE
"control_rep1_AAACGCGCAGGTTCAC-1","control_rep1","control",754,605,9.0185676392573,0.795755968169761,1785,1126,TRUE,FALSE,FALSE,FALSE,FALSE,TRUE,0.00267231208272278,"singlet",TRUE
"control_rep1_AAACGCGCATCCCTCA-1","control_rep1","control",4248,2535,2.11864406779661,0.141242937853107,10363,5584,TRUE,FALSE,FALSE,FALSE,FALSE,TRUE,0.579583644866943,"singlet",TRUE
"control_rep1_AAACGCGCATTAAACC-1","control_rep1","control",4649,2130,1.57023015702302,0.172080017208002,4856,2197,TRUE,FALSE,FALSE,FALSE,FALSE,TRUE,0.298006147146225,"singlet",TRUE
"control_rep1_AAACGGATCATTTGCT-1","control_rep1","control",3312,1883,3.56280193236715,0.271739130434783,3523,1946,TRUE,FALSE,FALSE,FALSE,FALSE,TRUE,0.0147637305781245,"singlet",TRUE
"control_rep1_AAACGGATCCAGGAAA-1","control_rep1","control",4538,2456,1.98325253415602,0.198325253415602,4641,2492,TRUE,FALSE,FALSE,FALSE,FALSE,TRUE,0.163260608911514,"singlet",TRUE
"control_rep1_AAACGGATCCTTTACG-1","control_rep1","control",4862,2322,2.22130810366104,0.0822706705059646,4967,2361,TRUE,FALSE,FALSE,FALSE,FALSE,TRUE,0.557878196239471,"singlet",TRUE
"control_rep1_AAAGCACCAACCCTAA-1","control_rep1","control",6780,2734,1.72566371681416,0.56047197640118,6915,2783,TRUE,FALSE,FALSE,FALSE,FALSE,TRUE,0.110532693564892,"singlet",TRUE
"control_rep1_AAAGCACCAGTATGTT-1","control_rep1","control",1989,1445,1.40774258421317,0.351935646053293,4983,2991,TRUE,FALSE,FALSE,FALSE,FALSE,TRUE,0.00141888274811208,"singlet",TRUE
"control_rep1_AAAGCCCGTGATTACG-1","control_rep1","control",3992,2243,2.07915831663327,0.0501002004008016,15185,7425,TRUE,FALSE,FALSE,FALSE,FALSE,TRUE,0.506612002849579,"singlet",TRUE
"control_rep1_AAAGCCCGTGGTTATG-1","control_rep1","control",3170,1900,7.09779179810726,0.82018927444795,3821,2073,TRUE,FALSE,FALSE,FALSE,FALSE,TRUE,0.259678333997726,"singlet",TRUE
"control_rep1_AAAGCTTGTGAGGTAG-1","control_rep1","control",988,706,1.21457489878543,0.303643724696356,3556,2035,TRUE,FALSE,FALSE,FALSE,FALSE,TRUE,0.00401963852345943,"singlet",TRUE
"control_rep1_AAAGGACGTCATCCTG-1","control_rep1","control",1947,1284,4.82794042116076,0.205444273240883,2208,1359,TRUE,FALSE,FALSE,FALSE,FALSE,TRUE,0.00903609395027161,"singlet",TRUE
"control_rep1_AAAGGACGTCATGCAA-1","control_rep1","control",3756,2149,3.16826411075612,0.186368477103301,6937,3795,TRUE,FALSE,FALSE,FALSE,FALSE,TRUE,0.558714389801025,"singlet",TRUE
"control_rep1_AAAGGCTCAGGCTAGA-1","control_rep1","control",2769,1611,1.15565185987721,0.144456482484652,6503,3527,TRUE,FALSE,FALSE,FALSE,FALSE,TRUE,0.00171322852838784,"singlet",TRUE
"control_rep1_AAAGGCTCATTATCCC-1","control_rep1","control",27490,5649,1.15314659876319,0.214623499454347,27553,5676,TRUE,FALSE,FALSE,FALSE,FALSE,TRUE,0.0327148288488388,"singlet",TRUE
"control_rep1_AAAGGTTAGGGATGCG-1","control_rep1","control",8851,3329,1.22020110721952,0.0451926336007231,8964,3373,TRUE,FALSE,FALSE,FALSE,FALSE,TRUE,0.158994928002357,"singlet",TRUE
"control_rep1_AAATCCGGTAAAGCAA-1","control_rep1","control",7042,2658,1.74666287986368,0.383413802896904,7301,2734,TRUE,FALSE,FALSE,FALSE,FALSE,TRUE,0.00246594124473631,"singlet",TRUE
"control_rep1_AAATCCGGTCATAAGT-1","control_rep1","control",1990,1374,1.00502512562814,0.150753768844221,12767,6010,TRUE,FALSE,FALSE,FALSE,FALSE,TRUE,0.00169253535568714,"singlet",TRUE
"control_rep1_AAATGCCTCACTCAAA-1","control_rep1","control",5129,2838,3.1390134529148,0.0194969779684149,8568,4594,TRUE,FALSE,FALSE,FALSE,FALSE,TRUE,0.962587475776672,"doublet",FALSE
"control_rep1_AAATGCCTCCCGCATT-1","control_rep1","control",1945,1392,0.822622107969152,0.102827763496144,11258,5762,TRUE,FALSE,FALSE,FALSE,FALSE,TRUE,0.00278963567689061,"singlet",TRUE
"control_rep1_AAATGCCTCCTTGAGG-1","control_rep1","control",3288,1897,1.82481751824818,0.0608272506082725,14216,6570,TRUE,FALSE,FALSE,FALSE,FALSE,TRUE,0.00499199703335762,"singlet",TRUE
"control_rep1_AAATGCCTCTAATCTC-1","control_rep1","control",2914,1481,18.9773507206589,0,3096,1545,TRUE,FALSE,FALSE,FALSE,TRUE,FALSE,NA,"not_tested_QC_fail",FALSE
"control_rep1_AACAAAGGTCAAAGGG-1","control_rep1","control",8292,3178,1.98986975397974,0.192957067052581,8570,3258,TRUE,FALSE,FALSE,FALSE,FALSE,TRUE,0.366021633148193,"singlet",TRUE
"control_rep1_AACAAAGGTGACATGC-1","control_rep1","control",9471,3361,1.2987012987013,0.401224791468694,15151,6078,TRUE,FALSE,FALSE,FALSE,FALSE,TRUE,0.010129489004612,"singlet",TRUE
"control_rep1_AACAAAGGTTTAACCC-1","control_rep1","control",5357,2668,1.77338062348329,0.0746686578308755,11399,5676,TRUE,FALSE,FALSE,FALSE,FALSE,TRUE,0.0671579614281654,"singlet",TRUE
"control_rep1_AACAGATAGCCATCAG-1","control_rep1","control",1898,1182,0.948366701791359,0,3244,1884,TRUE,FALSE,FALSE,FALSE,FALSE,TRUE,0.00128448673058301,"singlet",TRUE
"control_rep1_AACAGATAGCTTCTCA-1","control_rep1","control",3198,1758,4.90931832395247,0.844277673545966,5174,2467,TRUE,FALSE,FALSE,FALSE,FALSE,TRUE,0.00285105360671878,"singlet",TRUE
"control_rep1_AACAGCAAGGGTTATC-1","control_rep1","control",3188,1996,1.31744040150565,0.439146800501882,11710,6018,TRUE,FALSE,FALSE,FALSE,FALSE,TRUE,0.0469794236123562,"singlet",TRUE
"control_rep1_AACAGCAAGGTCCGTA-1","control_rep1","control",15268,4915,1.78150379879486,0.360230547550432,26247,9674,TRUE,FALSE,FALSE,FALSE,FALSE,TRUE,0.158054798841476,"singlet",TRUE
"control_rep1_AACAGCAAGTTCCCGT-1","control_rep1","control",4442,2119,1.37325529040973,0.045024763619991,4536,2156,TRUE,FALSE,FALSE,FALSE,FALSE,TRUE,0.0197578463703394,"singlet",TRUE
"control_rep1_AACAGGATCATGGTTA-1","control_rep1","control",2158,1345,3.70713623725672,0.370713623725672,2400,1415,TRUE,FALSE,FALSE,FALSE,FALSE,TRUE,0.159008502960205,"singlet",TRUE
"control_rep1_AACAGGATCCCAGTAG-1","control_rep1","control",19325,5482,2.53040103492885,0.377749029754204,27625,8818,TRUE,FALSE,FALSE,FALSE,FALSE,TRUE,0.464574813842773,"singlet",TRUE
"control_rep1_AACAGGATCTTAATGG-1","control_rep1","control",8968,3113,0.992417484388938,0.379125780553078,9432,3250,TRUE,FALSE,FALSE,FALSE,FALSE,TRUE,0.0153519352898002,"singlet",TRUE
"control_rep1_AACATAGCAAGGATTA-1","control_rep1","control",2131,1397,2.90943219145941,0.0938526513374003,2253,1448,TRUE,FALSE,FALSE,FALSE,FALSE,TRUE,0.0329623743891716,"singlet",TRUE
"control_rep1_AACATAGCAAGTGAAC-1","control_rep1","control",5820,2175,0.70446735395189,0.103092783505155,5960,2223,TRUE,FALSE,FALSE,FALSE,FALSE,TRUE,0.0033472515642643,"singlet",TRUE
"control_rep1_AACATAGCACACAATT-1","control_rep1","control",9345,3192,2.55751738897806,0.0428036383092563,9614,3260,TRUE,FALSE,FALSE,FALSE,FALSE,TRUE,0.0276573039591312,"singlet",TRUE
"control_rep1_AACATAGCACAGGATG-1","control_rep1","control",2215,1315,4.92099322799097,0.316027088036117,2335,1363,TRUE,FALSE,FALSE,FALSE,FALSE,TRUE,0.00399987166747451,"singlet",TRUE
"control_rep1_AACATAGCACTAAATC-1","control_rep1","control",7253,2690,2.15083413759824,0.248173169722873,7791,2792,TRUE,FALSE,FALSE,FALSE,FALSE,TRUE,0.0427611172199249,"singlet",TRUE
"control_rep1_AACATAGCAGAAATGC-1","control_rep1","control",5467,2458,2.45107005670386,0.109749405524053,5618,2508,TRUE,FALSE,FALSE,FALSE,FALSE,TRUE,0.246650263667107,"singlet",TRUE
"control_rep1_AACATAGCAGGAACTG-1","control_rep1","control",1789,1326,1.62101732811627,0.167691447736165,6118,3554,TRUE,FALSE,FALSE,FALSE,FALSE,TRUE,0.00214113621041179,"singlet",TRUE
"control_rep1_AACATCATCCTCACAC-1","control_rep1","control",3703,2337,4.2128004320821,0.243046178773967,4948,2926,TRUE,FALSE,FALSE,FALSE,FALSE,TRUE,0.625371992588043,"singlet",TRUE
"control_rep1_AACATCATCGATATTG-1","control_rep1","control",2278,1444,0.9657594381036,0.175592625109745,6541,3619,TRUE,FALSE,FALSE,FALSE,FALSE,TRUE,0.00105979898944497,"singlet",TRUE
"control_rep1_AACATTGTCCTTGTTG-1","control_rep1","control",3349,1915,1.04508808599582,0.179157957599283,6325,3456,TRUE,FALSE,FALSE,FALSE,FALSE,TRUE,0.00118841370567679,"singlet",TRUE
"control_rep1_AACCCGCAGCTTTGTT-1","control_rep1","control",6836,2638,2.01872440023405,0.45348156816852,7155,2717,TRUE,FALSE,FALSE,FALSE,FALSE,TRUE,0.2816202044487,"singlet",TRUE
"control_rep1_AACCCGCAGTGAACCT-1","control_rep1","control",10049,3510,1.72156433475968,0.208976017514181,10377,3679,TRUE,FALSE,FALSE,FALSE,FALSE,TRUE,0.28791606426239,"singlet",TRUE
"control_rep1_AACCGCTCACTAAATC-1","control_rep1","control",9287,3331,2.23968988909228,0.183051577473888,9416,3380,TRUE,FALSE,FALSE,FALSE,FALSE,TRUE,0.356362074613571,"singlet",TRUE
"control_rep1_AACCGCTCAGGCGATA-1","control_rep1","control",3975,2096,2.0125786163522,0.327044025157233,4077,2138,TRUE,FALSE,FALSE,FALSE,FALSE,TRUE,0.00170126161538064,"singlet",TRUE
"control_rep1_AACCGCTCATGTTGGC-1","control_rep1","control",819,646,7.08180708180708,0.244200244200244,1011,714,FALSE,FALSE,FALSE,FALSE,FALSE,TRUE,0.00181498297024518,"singlet",TRUE
"control_rep1_AACCGGCTCACACAGT-1","control_rep1","control",5907,2959,2.08227526663281,0.101574403250381,25622,10321,TRUE,FALSE,FALSE,FALSE,FALSE,TRUE,0.627993822097778,"singlet",TRUE
"control_rep1_AACCGGCTCCGGGACT-1","control_rep1","control",3203,2003,5.58851077115204,0.0312207305650952,11021,5775,TRUE,FALSE,FALSE,FALSE,FALSE,TRUE,0.164067432284355,"singlet",TRUE
"control_rep1_AACCTAATCTGGCAAT-1","control_rep1","control",7789,3135,1.77172936192066,0.333804082680704,7872,3173,TRUE,FALSE,FALSE,FALSE,FALSE,TRUE,0.130666241049767,"singlet",TRUE
"control_rep1_AACCTCACAATATGGA-1","control_rep1","control",2881,1784,4.13051023950017,0.208261020479,3117,1880,TRUE,FALSE,FALSE,FALSE,FALSE,TRUE,0.00559479324147105,"singlet",TRUE
"control_rep1_AACCTCACACGGTACT-1","control_rep1","control",1761,1022,22.2600795002839,0.908574673480977,2281,1130,TRUE,FALSE,FALSE,FALSE,TRUE,FALSE,NA,"not_tested_QC_fail",FALSE
"control_rep1_AACCTCACACTTACAG-1","control_rep1","control",9233,3495,1.24553232968699,0.0866457272825734,26956,10629,TRUE,FALSE,FALSE,FALSE,FALSE,TRUE,0.254967570304871,"singlet",TRUE
"control_rep1_AACCTCCTCATGGCCA-1","control_rep1","control",2615,1621,1.33843212237094,0.229445506692161,4009,2395,TRUE,FALSE,FALSE,FALSE,FALSE,TRUE,0.00130569562315941,"singlet",TRUE
"control_rep1_AACCTCCTCGTAATCA-1","control_rep1","control",8733,3421,3.02301614565441,0.0458032749341578,9226,3514,TRUE,FALSE,FALSE,FALSE,FALSE,TRUE,0.573162376880646,"singlet",TRUE
"control_rep1_AACCTTAAGCCGCTTT-1","control_rep1","control",1600,1037,7.9375,1,1850,1110,TRUE,FALSE,FALSE,FALSE,FALSE,TRUE,0.00271498807705939,"singlet",TRUE
"control_rep1_AACCTTAAGGACAACA-1","control_rep1","control",3872,1953,3.82231404958678,0.309917355371901,4284,2043,TRUE,FALSE,FALSE,FALSE,FALSE,TRUE,0.0989770740270615,"singlet",TRUE
"control_rep1_AACCTTGCACTAAGAA-1","control_rep1","control",10602,4331,1.40539520845124,0.207508017355216,10901,4414,TRUE,FALSE,FALSE,FALSE,FALSE,TRUE,0.282454341650009,"singlet",TRUE
"control_rep1_AACCTTGCATAATCGT-1","control_rep1","control",6822,2692,1.92025798885957,0.234535326883612,7565,2971,TRUE,FALSE,FALSE,FALSE,FALSE,TRUE,0.0217347294092178,"singlet",TRUE
"control_rep1_AACGACAAGTTTGTCT-1","control_rep1","control",1860,1259,4.24731182795699,0.752688172043011,2245,1379,TRUE,FALSE,FALSE,FALSE,FALSE,TRUE,0.0162366013973951,"singlet",TRUE
"control_rep1_AACGCCCAGATTGAGG-1","control_rep1","control",4908,2216,2.66911165444173,0.448247758761206,5476,2316,TRUE,FALSE,FALSE,FALSE,FALSE,TRUE,0.0517147220671177,"singlet",TRUE
"control_rep1_AACGCCCAGCATCCAG-1","control_rep1","control",18993,4966,2.67466961512136,0.15268783235929,19926,5157,TRUE,FALSE,FALSE,FALSE,FALSE,TRUE,0.833463788032532,"doublet",FALSE
"control_rep1_AACGCCCAGCTCCTAC-1","control_rep1","control",11979,4326,2.06194173136322,0.475832707237666,16142,6253,TRUE,FALSE,FALSE,FALSE,FALSE,TRUE,0.891798973083496,"doublet",FALSE
"control_rep1_AACGCTAGTGCATTAG-1","control_rep1","control",4101,2124,1.68251645940015,0.60960741282614,6921,3341,TRUE,FALSE,FALSE,FALSE,FALSE,TRUE,0.0048620062880218,"singlet",TRUE
"control_rep1_AACGCTAGTGTTGTAG-1","control_rep1","control",2851,1593,1.92914766748509,0.350754121360926,3009,1650,TRUE,FALSE,FALSE,FALSE,FALSE,TRUE,0.0816345810890198,"singlet",TRUE
"control_rep1_AACGGTAAGCTGTACG-1","control_rep1","control",6553,2976,1.77018159621547,0.747749122539295,6861,3073,TRUE,FALSE,FALSE,FALSE,FALSE,TRUE,0.126667812466621,"singlet",TRUE
"control_rep1_AACTACTCATAATGTC-1","control_rep1","control",17977,4530,1.98587083495578,0.194693219113311,18091,4574,TRUE,FALSE,FALSE,FALSE,FALSE,TRUE,0.175771772861481,"singlet",TRUE
"control_rep1_AACTACTCATTGTTGG-1","control_rep1","control",4059,2484,2.90711998029071,0.369549150036955,9413,5176,TRUE,FALSE,FALSE,FALSE,FALSE,TRUE,0.961741328239441,"doublet",FALSE
"control_rep1_AACTAGCTCATTACTC-1","control_rep1","control",27471,5920,1.64537148265444,0.265734774853482,30471,6785,TRUE,FALSE,FALSE,FALSE,FALSE,TRUE,0.0890950933098793,"singlet",TRUE
"control_rep1_AACTAGCTCGGTTTCC-1","control_rep1","control",3753,2019,1.5720756727951,0.0266453503863576,6037,3220,TRUE,FALSE,FALSE,FALSE,FALSE,TRUE,0.00843680649995804,"singlet",TRUE
"control_rep1_AACTAGCTCTAACCAA-1","control_rep1","control",7203,2704,2.06858253505484,0.430376232125503,7709,2805,TRUE,FALSE,FALSE,FALSE,FALSE,TRUE,0.15618959069252,"singlet",TRUE
"control_rep1_AACTAGTGTATTGCAG-1","control_rep1","control",506,432,2.96442687747036,0,3948,2146,TRUE,TRUE,FALSE,FALSE,FALSE,FALSE,NA,"not_tested_QC_fail",FALSE
"control_rep1_AACTCACAGCCTAACG-1","control_rep1","control",1836,1319,1.85185185185185,0.272331154684096,3503,2163,TRUE,FALSE,FALSE,FALSE,FALSE,TRUE,0.0025137928314507,"singlet",TRUE
"control_rep1_AACTCACAGCTGTCAG-1","control_rep1","control",25224,5229,1.67300983190612,0.229939739930225,26152,5342,TRUE,FALSE,FALSE,FALSE,FALSE,TRUE,0.0884396135807037,"singlet",TRUE
"control_rep1_AACTGTTCACGAATCC-1","control_rep1","control",16647,4518,1.84417612783084,0.210248092749444,22102,6776,TRUE,FALSE,FALSE,FALSE,FALSE,TRUE,0.0261742621660233,"singlet",TRUE
"control_rep1_AACTTAGTCGTCAAGT-1","control_rep1","control",2551,1626,1.72481379851039,0,2805,1762,TRUE,FALSE,FALSE,FALSE,FALSE,TRUE,0.00195377483032644,"singlet",TRUE
"control_rep1_AAGAACAGTGCATTTC-1","control_rep1","control",44779,6870,1.1366935393823,0.147390517876683,48344,7715,TRUE,FALSE,FALSE,FALSE,FALSE,TRUE,0.0369334816932678,"singlet",TRUE
"control_rep1_AAGAACAGTGCTTACT-1","control_rep1","control",1530,1137,1.76470588235294,0,2103,1449,TRUE,FALSE,FALSE,FALSE,FALSE,TRUE,0.00356673146598041,"singlet",TRUE
"control_rep1_AAGAACAGTTATCCGT-1","control_rep1","control",2123,1310,5.46396608572774,0,2264,1362,TRUE,FALSE,FALSE,FALSE,FALSE,TRUE,0.0029374435544014,"singlet",TRUE
"control_rep1_AAGAATCAGCATGGTT-1","control_rep1","control",1596,1125,0.87719298245614,0.12531328320802,6039,3411,TRUE,FALSE,FALSE,FALSE,FALSE,TRUE,0.00147008115891367,"singlet",TRUE
"control_rep1_AAGAATCAGCTAATCA-1","control_rep1","control",1819,1289,4.89279824079164,0.0549752611324904,12952,6301,TRUE,FALSE,FALSE,FALSE,FALSE,TRUE,0.00217483378946781,"singlet",TRUE
"control_rep1_AAGACAAGTGCACGCA-1","control_rep1","control",1031,830,2.3278370514064,0.2909796314258,1554,1117,TRUE,FALSE,FALSE,FALSE,FALSE,TRUE,0.002471340354532,"singlet",TRUE
"control_rep1_AAGACATAGCTATTGA-1","control_rep1","control",1287,902,6.99300699300699,0.155400155400155,1540,973,TRUE,FALSE,FALSE,FALSE,FALSE,TRUE,0.00165736209601164,"singlet",TRUE
"control_rep1_AAGACCAAGGAGGCAT-1","control_rep1","control",6605,2336,1.86222558667676,0,6700,2373,TRUE,FALSE,FALSE,FALSE,FALSE,TRUE,0.0100960275158286,"singlet",TRUE
"control_rep1_AAGACCAAGTTTCCTG-1","control_rep1","control",8859,3260,1.73834518568687,0.0225759115024269,9069,3328,TRUE,FALSE,FALSE,FALSE,FALSE,TRUE,0.0219317693263292,"singlet",TRUE
"control_rep1_AAGCAAGTCACCAATA-1","control_rep1","control",4024,1811,1.24254473161034,0.149105367793241,4346,1890,TRUE,FALSE,FALSE,FALSE,FALSE,TRUE,0.0529911033809185,"singlet",TRUE
"control_rep1_AAGCAAGTCCGCAAAT-1","control_rep1","control",1847,1291,4.43963183540877,0.162425554953979,1977,1347,TRUE,FALSE,FALSE,FALSE,FALSE,TRUE,0.00152686110232025,"singlet",TRUE
"control_rep1_AAGCAAGTCGGCCATA-1","control_rep1","control",983,614,24.4150559511699,0.101729399796541,1298,703,FALSE,FALSE,FALSE,FALSE,TRUE,FALSE,NA,"not_tested_QC_fail",FALSE
"control_rep1_AAGCATGAGCAAGGGT-1","control_rep1","control",4264,1984,1.21951219512195,0.117260787992495,4378,2029,TRUE,FALSE,FALSE,FALSE,FALSE,TRUE,0.00960194505751133,"singlet",TRUE
"control_rep1_AAGCATGAGGCATGTT-1","control_rep1","control",24194,5331,1.00438125154997,0.223195833677771,29281,7348,TRUE,FALSE,FALSE,FALSE,FALSE,TRUE,0.00998227391391993,"singlet",TRUE
"control_rep1_AAGCCTCCAAATGCCC-1","control_rep1","control",2194,1498,1.95989061075661,0.273473108477666,13360,6160,TRUE,FALSE,FALSE,FALSE,FALSE,TRUE,0.00377002428285778,"singlet",TRUE
"control_rep1_AAGCCTCCAAGACTCC-1","control_rep1","control",14250,4298,2.40701754385965,0.308771929824561,18947,6396,TRUE,FALSE,FALSE,FALSE,FALSE,TRUE,0.0320296958088875,"singlet",TRUE
"control_rep1_AAGCCTCCACAGAACG-1","control_rep1","control",3272,1905,4.18704156479218,0.213936430317848,3477,1970,TRUE,FALSE,FALSE,FALSE,FALSE,TRUE,0.259030848741531,"singlet",TRUE
"control_rep1_AAGCCTCCATGTTTGG-1","control_rep1","control",23038,5626,1.36730618977342,0.156263564545533,33181,10081,TRUE,FALSE,FALSE,FALSE,FALSE,TRUE,0.123258255422115,"singlet",TRUE
"control_rep1_AAGCCTGTCCCGTTAC-1","control_rep1","control",5909,2577,1.99695379928922,0.558470130309697,6375,2729,TRUE,FALSE,FALSE,FALSE,FALSE,TRUE,0.224066004157066,"singlet",TRUE
"control_rep1_AAGCCTTAGATGGACA-1","control_rep1","control",3031,1544,0.560870999670076,0.0659848234905972,7634,3888,TRUE,FALSE,FALSE,FALSE,FALSE,TRUE,0.00704308319836855,"singlet",TRUE
"control_rep1_AAGCGAATCTAGCGTG-1","control_rep1","control",5274,2531,2.29427379598028,0.189609404626469,5443,2589,TRUE,FALSE,FALSE,FALSE,FALSE,TRUE,0.0301095694303513,"singlet",TRUE
"control_rep1_AAGCGAGGTGGATTGC-1","control_rep1","control",4978,2592,4.7408597830454,0.562474889513861,5124,2656,TRUE,FALSE,FALSE,FALSE,FALSE,TRUE,0.0807778984308243,"singlet",TRUE
"control_rep1_AAGCGAGGTTAGTACG-1","control_rep1","control",6312,2762,3.24778200253485,0.0633713561470216,6552,2827,TRUE,FALSE,FALSE,FALSE,FALSE,TRUE,0.183946594595909,"singlet",TRUE
"control_rep1_AAGCGAGGTTGGCGTG-1","control_rep1","control",4026,2073,3.40288127173373,0.0496770988574267,20955,9343,TRUE,FALSE,FALSE,FALSE,FALSE,TRUE,0.00765485502779484,"singlet",TRUE
"control_rep1_AAGCGAGGTTGGTGAC-1","control_rep1","control",2328,1523,1.28865979381443,0.128865979381443,24760,10072,TRUE,FALSE,FALSE,FALSE,FALSE,TRUE,0.00235762866213918,"singlet",TRUE
"control_rep1_AAGCGGGTCATTAGCA-1","control_rep1","control",16484,4877,2.71778694491628,0.357922834263528,27209,9370,TRUE,FALSE,FALSE,FALSE,FALSE,TRUE,0.367019146680832,"singlet",TRUE
"control_rep1_AAGCGGGTCCTCCTAA-1","control_rep1","control",16904,4492,1.85163274964505,0.124230951254141,17131,4559,TRUE,FALSE,FALSE,FALSE,FALSE,TRUE,0.550439238548279,"singlet",TRUE
"control_rep1_AAGCGGGTCGAGCAAA-1","control_rep1","control",3443,1903,5.16990996224223,0.1161777519605,3873,1989,TRUE,FALSE,FALSE,FALSE,FALSE,TRUE,0.0455794595181942,"singlet",TRUE
"control_rep1_AAGCTAGAGCTAAAGG-1","control_rep1","control",3710,2142,2.34501347708895,0.0539083557951483,11870,6080,TRUE,FALSE,FALSE,FALSE,FALSE,TRUE,0.497191548347473,"singlet",TRUE
"control_rep1_AAGCTAGAGGCATTAC-1","control_rep1","control",3461,2115,2.7159780410286,0.0288933834151979,22348,9653,TRUE,FALSE,FALSE,FALSE,FALSE,TRUE,0.00661114184185863,"singlet",TRUE
"control_rep1_AAGCTAGAGTCACCAG-1","control_rep1","control",2678,1641,1.82972367438387,0.0373412994772218,6080,3356,TRUE,FALSE,FALSE,FALSE,FALSE,TRUE,0.308932691812515,"singlet",TRUE
"control_rep1_AAGCTATGTAACCTAG-1","control_rep1","control",1008,803,1.78571428571429,0,12070,5615,TRUE,FALSE,FALSE,FALSE,FALSE,TRUE,0.00220574159175158,"singlet",TRUE
"control_rep1_AAGCTATGTAATGACT-1","control_rep1","control",2633,1627,2.1268515001899,0.151917964299278,6135,3412,TRUE,FALSE,FALSE,FALSE,FALSE,TRUE,0.0202631317079067,"singlet",TRUE
"control_rep1_AAGCTATGTGTGAGAG-1","control_rep1","control",8394,3489,4.62234929711699,0.321658327376698,9548,3630,TRUE,FALSE,FALSE,FALSE,FALSE,TRUE,0.990771174430847,"doublet",FALSE
"control_rep1_AAGCTTGGTGCTTTAC-1","control_rep1","control",2858,1597,4.40867739678097,0.59482155353394,3727,1709,TRUE,FALSE,FALSE,FALSE,FALSE,TRUE,0.0291475597769022,"singlet",TRUE
"control_rep1_AAGCTTGGTTAGACCA-1","control_rep1","control",15651,4372,1.53344834195898,0.0638936809149575,16352,4483,TRUE,FALSE,FALSE,FALSE,FALSE,TRUE,0.0397358573973179,"singlet",TRUE
"control_rep1_AAGCTTGGTTTGCAGA-1","control_rep1","control",1148,911,1.30662020905923,0.0871080139372822,3980,2403,TRUE,FALSE,FALSE,FALSE,FALSE,TRUE,0.00281094689853489,"singlet",TRUE
"control_rep1_AAGGATCCACCTCAGG-1","control_rep1","control",4914,2147,3.41880341880342,0.0814000814000814,5076,2202,TRUE,FALSE,FALSE,FALSE,FALSE,TRUE,0.00684194639325142,"singlet",TRUE
"control_rep1_AAGGATCCAGGAACTG-1","control_rep1","control",8841,3351,1.83237190363081,0.113109376767334,9355,3567,TRUE,FALSE,FALSE,FALSE,FALSE,TRUE,0.501009166240692,"singlet",TRUE
"control_rep1_AAGGATCCATAGCTTG-1","control_rep1","control",2579,1688,2.287708414114,0.0387747188832881,5985,3460,TRUE,FALSE,FALSE,FALSE,FALSE,TRUE,0.0735869407653809,"singlet",TRUE
"control_rep1_AAGGATGTCTTGAGGT-1","control_rep1","control",1107,809,1.2646793134598,0,11580,5452,TRUE,FALSE,FALSE,FALSE,FALSE,TRUE,0.00136672297958285,"singlet",TRUE
"control_rep1_AAGGCCCTCCCTCAGT-1","control_rep1","control",1853,1253,5.93631948192121,0.161899622234215,2063,1325,TRUE,FALSE,FALSE,FALSE,FALSE,TRUE,0.0124147674068809,"singlet",TRUE
"control_rep1_AAGGCCCTCCCTCGCA-1","control_rep1","control",5578,2788,2.99390462531373,0.0537827178200072,21093,9150,TRUE,FALSE,FALSE,FALSE,FALSE,TRUE,0.0151029489934444,"singlet",TRUE
"control_rep1_AAGGCCCTCGACAAAG-1","control_rep1","control",4178,2010,1.55576831019627,0.382958353279081,4327,2063,TRUE,FALSE,FALSE,FALSE,FALSE,TRUE,0.0110262772068381,"singlet",TRUE
"control_rep1_AAGGCCCTCTAGCGAT-1","control_rep1","control",7267,2698,2.05036466217146,0.385303426448328,7712,2786,TRUE,FALSE,FALSE,FALSE,FALSE,TRUE,0.140321761369705,"singlet",TRUE
"control_rep1_AAGGTATAGTAAACCC-1","control_rep1","control",10324,3518,2.30530802014723,0.145292522278187,11068,3621,TRUE,FALSE,FALSE,FALSE,FALSE,TRUE,0.315806329250336,"singlet",TRUE
"control_rep1_AAGGTATAGTTTAACG-1","control_rep1","control",5976,2808,3.69812583668005,0.184069611780455,6490,2912,TRUE,FALSE,FALSE,FALSE,FALSE,TRUE,0.91555792093277,"doublet",FALSE
"control_rep1_AAGGTCAAGCACTTGG-1","control_rep1","control",10415,3827,2.48679788766203,0.528084493518963,12789,4661,TRUE,FALSE,FALSE,FALSE,FALSE,TRUE,0.916329205036163,"doublet",FALSE
"control_rep1_AAGGTCAAGGCTAGAA-1","control_rep1","control",2896,1571,2.07182320441989,0.069060773480663,3043,1619,TRUE,FALSE,FALSE,FALSE,FALSE,TRUE,0.0275382697582245,"singlet",TRUE
"control_rep1_AAGGTCAAGTTAGACC-1","control_rep1","control",6211,2735,1.70664949283529,0.370310739011431,6514,2816,TRUE,FALSE,FALSE,FALSE,FALSE,TRUE,0.0567156113684177,"singlet",TRUE
"control_rep1_AAGGTGCAGGAAGTAT-1","control_rep1","control",1056,774,3.21969696969697,0,1604,1063,TRUE,FALSE,FALSE,FALSE,FALSE,TRUE,0.00271910219453275,"singlet",TRUE
"control_rep1_AAGTAGCCAATAATGG-1","control_rep1","control",2001,1272,1.5992003998001,0.0999500249875062,11087,5423,TRUE,FALSE,FALSE,FALSE,FALSE,TRUE,0.00121751590631902,"singlet",TRUE
"control_rep1_AAGTAGCCAGGCCATT-1","control_rep1","control",2184,1370,4.53296703296703,0.137362637362637,2329,1420,TRUE,FALSE,FALSE,FALSE,FALSE,TRUE,0.0326335430145264,"singlet",TRUE
"control_rep1_AAGTAGCCATAGACTT-1","control_rep1","control",21070,6626,3.46464167062174,0.161366872330327,30957,11082,TRUE,FALSE,FALSE,FALSE,FALSE,TRUE,0.438248157501221,"singlet",TRUE
"control_rep1_AAGTGAAGTAGCTGGT-1","control_rep1","control",844,658,3.90995260663507,0.23696682464455,1064,773,FALSE,FALSE,FALSE,FALSE,FALSE,TRUE,0.00154825893696398,"singlet",TRUE
"control_rep1_AAGTGAAGTCCCGAAG-1","control_rep1","control",3346,1903,1.67364016736402,0.448296473401076,3876,2096,TRUE,FALSE,FALSE,FALSE,FALSE,TRUE,0.00302289612591267,"singlet",TRUE
"control_rep1_AAGTGCAAGCCAGTAT-1","control_rep1","control",5221,2535,2.45163761731469,0.0957670944263551,13230,6296,TRUE,FALSE,FALSE,FALSE,FALSE,TRUE,0.247071295976639,"singlet",TRUE
"control_rep1_AAGTGCAAGGCCTGGT-1","control_rep1","control",4931,2543,3.12309876292841,0,34032,12651,TRUE,FALSE,FALSE,FALSE,FALSE,TRUE,0.0114656621590257,"singlet",TRUE
"control_rep1_AAGTGTTGTTTAACGG-1","control_rep1","control",2757,1470,4.3525571273123,0.108813928182807,2898,1520,TRUE,FALSE,FALSE,FALSE,FALSE,TRUE,0.00828905776143074,"singlet",TRUE
"control_rep1_AAGTTACGTAGGTTAT-1","control_rep1","control",3317,1821,3.3463973470003,0.180886343081097,3518,1906,TRUE,FALSE,FALSE,FALSE,FALSE,TRUE,0.192211836576462,"singlet",TRUE
"control_rep1_AAGTTACGTCCTAGTT-1","control_rep1","control",5187,2489,2.3520339309813,0.173510699826489,7387,3672,TRUE,FALSE,FALSE,FALSE,FALSE,TRUE,0.985879719257355,"doublet",FALSE
"control_rep1_AAGTTACGTGAGCAAG-1","control_rep1","control",2690,1761,2.23048327137546,0.111524163568773,11452,5977,TRUE,FALSE,FALSE,FALSE,FALSE,TRUE,0.898265421390533,"doublet",FALSE
"control_rep1_AAGTTAGCAACAACAA-1","control_rep1","control",3300,1654,3.96969696969697,1.12121212121212,4162,1759,TRUE,FALSE,FALSE,FALSE,FALSE,TRUE,0.00249581341631711,"singlet",TRUE
"control_rep1_AAGTTAGCAGCTTAAT-1","control_rep1","control",3376,1699,1.86611374407583,0.148104265402844,3527,1751,TRUE,FALSE,FALSE,FALSE,FALSE,TRUE,0.0125593598932028,"singlet",TRUE
"control_rep1_AAGTTAGCAGTTTGTG-1","control_rep1","control",4977,2226,1.22563793449869,0.241109101868596,5214,2299,TRUE,FALSE,FALSE,FALSE,FALSE,TRUE,0.0792148411273956,"singlet",TRUE
"control_rep1_AATAGCTGTTCCGCAC-1","control_rep1","control",4386,2046,2.1203830369357,0.0227998176014592,4513,2096,TRUE,FALSE,FALSE,FALSE,FALSE,TRUE,0.00283981044776738,"singlet",TRUE
"control_rep1_AATATCCCACAATACT-1","control_rep1","control",2852,1701,3.5413744740533,0.280504908835905,3155,1786,TRUE,FALSE,FALSE,FALSE,FALSE,TRUE,0.00503650540485978,"singlet",TRUE
"control_rep1_AATATCCCACTAAGCC-1","control_rep1","control",8020,3452,2.40648379052369,0.249376558603491,8395,3575,TRUE,FALSE,FALSE,FALSE,FALSE,TRUE,0.717097997665405,"singlet",TRUE
"control_rep1_AATATCCCAGGCCATT-1","control_rep1","control",4619,2307,2.07837194197878,0.0432994154578913,4702,2342,TRUE,FALSE,FALSE,FALSE,FALSE,TRUE,0.0116258906200528,"singlet",TRUE
"control_rep1_AATATCCCAGGTCCTG-1","control_rep1","control",13769,4121,4.93136756481952,0.305033045246568,15748,4250,TRUE,FALSE,FALSE,FALSE,FALSE,TRUE,0.0747209414839745,"singlet",TRUE
"control_rep1_AATATCCCATGGAGGC-1","control_rep1","control",2674,1774,2.28122662677636,0.261780104712042,17661,8285,TRUE,FALSE,FALSE,FALSE,FALSE,TRUE,0.00222638668492436,"singlet",TRUE
"control_rep1_AATCAGGAGGTGAAAT-1","control_rep1","control",5120,2700,3.96484375,0.3125,6741,3393,TRUE,FALSE,FALSE,FALSE,FALSE,TRUE,0.0301880985498428,"singlet",TRUE
"control_rep1_AATCATCCATAAAGCA-1","control_rep1","control",3297,2020,4.21595389748256,0.212314225053079,28280,11243,TRUE,FALSE,FALSE,FALSE,FALSE,TRUE,0.00831199623644352,"singlet",TRUE
"control_rep1_AATCATGTCGCGACAC-1","control_rep1","control",3071,1952,4.78671442526864,1.23738196027353,10945,5532,TRUE,FALSE,FALSE,FALSE,FALSE,TRUE,0.0121346106752753,"singlet",TRUE
"control_rep1_AATCATGTCGGTTACG-1","control_rep1","control",4803,2233,3.72683739329586,0.166562565063502,5098,2329,TRUE,FALSE,FALSE,FALSE,FALSE,TRUE,0.249126523733139,"singlet",TRUE
"control_rep1_AATCATGTCTATTGTC-1","control_rep1","control",5651,2396,1.46876658998407,0.407007609272695,9917,4255,TRUE,FALSE,FALSE,FALSE,FALSE,TRUE,0.00290640466846526,"singlet",TRUE
"control_rep1_AATCCATCAGTTGCGT-1","control_rep1","control",2975,1785,2.45378151260504,0.571428571428571,5206,2814,TRUE,FALSE,FALSE,FALSE,FALSE,TRUE,0.00118977285455912,"singlet",TRUE
"control_rep1_AATCCGTAGCTCAATA-1","control_rep1","control",5904,2397,2.4390243902439,0.423441734417344,6663,2504,TRUE,FALSE,FALSE,FALSE,FALSE,TRUE,0.0150616392493248,"singlet",TRUE
"control_rep1_AATCCGTAGGGACGCA-1","control_rep1","control",6222,2692,2.18579234972678,0.080360012857602,6479,2765,TRUE,FALSE,FALSE,FALSE,FALSE,TRUE,0.363910853862762,"singlet",TRUE
"control_rep1_AATCCTAAGTTGGCCA-1","control_rep1","control",3081,1719,4.70626419993509,0.0973709834469328,20910,9103,TRUE,FALSE,FALSE,FALSE,FALSE,TRUE,0.0011015449417755,"singlet",TRUE
"control_rep1_AATCGCCCATAATTGC-1","control_rep1","control",20127,5399,2.14140209668604,0.183832662592537,21749,5860,TRUE,FALSE,FALSE,FALSE,FALSE,TRUE,0.197680994868279,"singlet",TRUE
"control_rep1_AATCTCAAGCTAATCA-1","control_rep1","control",3447,1793,2.11778357992457,0.348128807658834,3682,1869,TRUE,FALSE,FALSE,FALSE,FALSE,TRUE,0.0614072941243649,"singlet",TRUE
"control_rep1_AATCTCAAGTCACCAG-1","control_rep1","control",3339,1781,1.97663971248877,0.0898472596585804,3550,1845,TRUE,FALSE,FALSE,FALSE,FALSE,TRUE,0.012194661423564,"singlet",TRUE
"control_rep1_AATCTCAAGTCCTTCA-1","control_rep1","control",3006,1940,1.49700598802395,0.0665335994677312,24306,9769,TRUE,FALSE,FALSE,FALSE,FALSE,TRUE,0.00116018590051681,"singlet",TRUE
"control_rep1_AATCTTGAGCAGGTTT-1","control_rep1","control",1857,1159,1.83091007000539,0.430802369413032,2013,1220,TRUE,FALSE,FALSE,FALSE,FALSE,TRUE,0.0123653346672654,"singlet",TRUE
"control_rep1_AATCTTGAGTAACTCA-1","control_rep1","control",13771,4027,1.09650715271222,0.232372376733716,24221,8398,TRUE,FALSE,FALSE,FALSE,FALSE,TRUE,0.049205232411623,"singlet",TRUE
"control_rep1_AATGAAGGTAACGGGA-1","control_rep1","control",2909,1569,2.78446201443795,0.481265039532485,3079,1626,TRUE,FALSE,FALSE,FALSE,FALSE,TRUE,0.0259473826736212,"singlet",TRUE
"control_rep1_AATGAAGGTCAATACG-1","control_rep1","control",5302,2191,1.71633345907205,0.0377216144851,5453,2246,TRUE,FALSE,FALSE,FALSE,FALSE,TRUE,0.00586699042469263,"singlet",TRUE
"control_rep1_AATGAAGGTCATCAAG-1","control_rep1","control",6200,2551,1.85483870967742,0.258064516129032,6613,2647,TRUE,FALSE,FALSE,FALSE,FALSE,TRUE,0.00918513629585505,"singlet",TRUE
"control_rep1_AATGCAACACATTGCA-1","control_rep1","control",3649,1741,0.657714442312962,0.219238147437654,3765,1784,TRUE,FALSE,FALSE,FALSE,FALSE,TRUE,0.0460635833442211,"singlet",TRUE
"control_rep1_AATGCGCGTATTTGCC-1","control_rep1","control",1610,1193,2.54658385093168,0.124223602484472,6840,3726,TRUE,FALSE,FALSE,FALSE,FALSE,TRUE,0.00196382962167263,"singlet",TRUE
"control_rep1_AATGCGCGTTTAGCGA-1","control_rep1","control",5263,2382,2.28006840205206,0.038001140034201,5541,2449,TRUE,FALSE,FALSE,FALSE,FALSE,TRUE,0.0947261601686478,"singlet",TRUE
"control_rep1_AATGGCGCAAACCCTA-1","control_rep1","control",5268,2253,2.48671222475323,0.13287775246773,5430,2303,TRUE,FALSE,FALSE,FALSE,FALSE,TRUE,0.0110018085688353,"singlet",TRUE
"control_rep1_AATGGCGCAATGCGCT-1","control_rep1","control",1481,1060,5.94193112761648,0.0675219446320054,11895,5584,TRUE,FALSE,FALSE,FALSE,FALSE,TRUE,0.00119804218411446,"singlet",TRUE
"control_rep1_AATGGCGCAGGCTAGA-1","control_rep1","control",16811,4689,2.64112783296651,0.113021236095414,17336,4791,TRUE,FALSE,FALSE,FALSE,FALSE,TRUE,0.954728484153748,"doublet",FALSE
"control_rep1_AATGTCCAGAGAGGAG-1","control_rep1","control",2938,1738,1.87202178352621,0.272294077603812,7685,4097,TRUE,FALSE,FALSE,FALSE,FALSE,TRUE,0.00802974961698055,"singlet",TRUE
"control_rep1_AATGTCCAGTAACAGG-1","control_rep1","control",5580,2317,2.02508960573477,0.340501792114695,5911,2393,TRUE,FALSE,FALSE,FALSE,FALSE,TRUE,0.00277810450643301,"singlet",TRUE
"control_rep1_AATGTCCAGTAACGAG-1","control_rep1","control",13915,4042,3.0398850161696,0.0431189363995688,14918,4153,TRUE,FALSE,FALSE,FALSE,FALSE,TRUE,0.310899168252945,"singlet",TRUE
"control_rep1_AATGTCCAGTATTGGC-1","control_rep1","control",5236,2453,3.0366692131398,0.152788388082506,5379,2510,TRUE,FALSE,FALSE,FALSE,FALSE,TRUE,0.0153373684734106,"singlet",TRUE
"control_rep1_AATTACCCAATAATGG-1","control_rep1","control",25053,6373,2.92579730970343,0.331297648984154,28970,7000,TRUE,FALSE,FALSE,FALSE,FALSE,TRUE,0.995351076126099,"doublet",FALSE
"control_rep1_AATTACCCAATTAACC-1","control_rep1","control",9152,3403,2.46940559440559,0.0327797202797203,9384,3471,TRUE,FALSE,FALSE,FALSE,FALSE,TRUE,0.0859737321734428,"singlet",TRUE
"control_rep1_AATTACCCAGTCTAGC-1","control_rep1","control",2945,1703,1.62988115449915,0.169779286926995,5608,3088,TRUE,FALSE,FALSE,FALSE,FALSE,TRUE,0.00117771129589528,"singlet",TRUE
"control_rep1_AATTACCCATTCAGCA-1","control_rep1","control",4791,2074,1.14798580672093,0.333959507409727,4901,2124,TRUE,FALSE,FALSE,FALSE,FALSE,TRUE,0.0347376316785812,"singlet",TRUE
"control_rep1_AATTAGGCAAAGCTCC-1","control_rep1","control",4595,2061,0.979325353645267,0.15233949945593,5032,2160,TRUE,FALSE,FALSE,FALSE,FALSE,TRUE,0.0441469699144363,"singlet",TRUE
"control_rep1_AATTCGTCATAGCTTG-1","control_rep1","control",8141,3142,4.79056626950006,0.196536052082054,8785,3263,TRUE,FALSE,FALSE,FALSE,FALSE,TRUE,0.119467414915562,"singlet",TRUE
"control_rep1_AATTGACGTAAGGTCC-1","control_rep1","control",12539,3614,1.34779487997448,0.215328176090597,12999,3707,TRUE,FALSE,FALSE,FALSE,FALSE,TRUE,0.0869484320282936,"singlet",TRUE
"control_rep1_AATTGACGTGTTTGCT-1","control_rep1","control",3764,2056,1.62061636556854,0.106269925611052,6134,3233,TRUE,FALSE,FALSE,FALSE,FALSE,TRUE,0.0139064453542233,"singlet",TRUE
"control_rep1_AATTGCCAGCTCCTTA-1","control_rep1","control",8351,3202,1.90396359717399,0.502933780385583,12053,4819,TRUE,FALSE,FALSE,FALSE,FALSE,TRUE,0.157173931598663,"singlet",TRUE
"control_rep1_AATTGCTCATAACGGG-1","control_rep1","control",2532,1499,0.631911532385466,0.276461295418641,3509,1990,TRUE,FALSE,FALSE,FALSE,FALSE,TRUE,0.0041672196239233,"singlet",TRUE
"control_rep1_AATTGGACAGCAGGTA-1","control_rep1","control",9384,3495,2.35507246376812,0.330349531116795,9725,3625,TRUE,FALSE,FALSE,FALSE,FALSE,TRUE,0.529911577701569,"singlet",TRUE
"control_rep1_AATTGGACATAGCGGA-1","control_rep1","control",2712,1516,1.76991150442478,0.442477876106195,2845,1567,TRUE,FALSE,FALSE,FALSE,FALSE,TRUE,0.195778369903564,"singlet",TRUE
"control_rep1_AATTGTGTCGTGCTTC-1","control_rep1","control",1561,952,9.03267136450993,0.448430493273543,1730,1018,TRUE,FALSE,FALSE,FALSE,FALSE,TRUE,0.003796954639256,"singlet",TRUE
"control_rep1_AATTTCCTCATTGTTC-1","control_rep1","control",4500,2076,2.31111111111111,0.0444444444444444,4647,2119,TRUE,FALSE,FALSE,FALSE,FALSE,TRUE,0.122761189937592,"singlet",TRUE
"control_rep1_AATTTCCTCCCTGACT-1","control_rep1","control",1825,1271,4.82191780821918,0.712328767123288,3535,2167,TRUE,FALSE,FALSE,FALSE,FALSE,TRUE,0.0115222502499819,"singlet",TRUE
"control_rep1_AATTTCCTCCTACCTA-1","control_rep1","control",6811,2576,2.2023197768316,0.323006900601967,7437,2689,TRUE,FALSE,FALSE,FALSE,FALSE,TRUE,0.0138505510985851,"singlet",TRUE
"control_rep1_AATTTCCTCGGTTTGG-1","control_rep1","control",5171,2393,1.95320054148134,0.174047573003288,12340,5829,TRUE,FALSE,FALSE,FALSE,FALSE,TRUE,0.943983674049377,"doublet",FALSE
"control_rep1_AATTTCCTCTAATTGG-1","control_rep1","control",3874,2251,1.34228187919463,0.154878678368611,16866,8224,TRUE,FALSE,FALSE,FALSE,FALSE,TRUE,0.0605887733399868,"singlet",TRUE
"control_rep1_AATTTGCCAACACTTG-1","control_rep1","control",18816,5174,2.12053571428571,0.340136054421769,20328,5705,TRUE,FALSE,FALSE,FALSE,FALSE,TRUE,0.164681732654572,"singlet",TRUE
"control_rep1_AATTTGCCAAGGGTTG-1","control_rep1","control",1306,962,2.98621745788668,0.153139356814701,3640,2203,TRUE,FALSE,FALSE,FALSE,FALSE,TRUE,0.00256843096576631,"singlet",TRUE
"control_rep1_AATTTGCCACATGCTA-1","control_rep1","control",2121,1366,2.21593587930222,0.0942951438000943,13069,6139,TRUE,FALSE,FALSE,FALSE,FALSE,TRUE,0.00055868731578812,"singlet",TRUE
"control_rep1_AATTTGCCAGGAATCG-1","control_rep1","control",7318,3375,2.9242962558076,0.36895326591965,17127,7602,TRUE,FALSE,FALSE,FALSE,FALSE,TRUE,0.980343699455261,"doublet",FALSE
"control_rep1_AATTTGGTCGGCTAGC-1","control_rep1","control",1817,1193,1.81618051733627,0.275178866263071,11169,5498,TRUE,FALSE,FALSE,FALSE,FALSE,TRUE,0.00556394085288048,"singlet",TRUE
"control_rep1_AATTTGGTCGTTAGTA-1","control_rep1","control",8611,2899,1.23098362559517,0.116130530716525,9046,2991,TRUE,FALSE,FALSE,FALSE,FALSE,TRUE,0.0841797590255737,"singlet",TRUE
"control_rep1_ACAAACTGTGGTTATG-1","control_rep1","control",2726,1561,2.56786500366838,0.696991929567131,2849,1605,TRUE,FALSE,FALSE,FALSE,FALSE,TRUE,0.0450474396348,"singlet",TRUE
"control_rep1_ACAAACTGTGTCCAGG-1","control_rep1","control",5550,2616,1.71171171171171,0.252252252252252,5705,2686,TRUE,FALSE,FALSE,FALSE,FALSE,TRUE,0.401747792959213,"singlet",TRUE
"control_rep1_ACAAACTGTTAGCAGC-1","control_rep1","control",9384,3745,1.99275362318841,0.213128729752771,9523,3791,TRUE,FALSE,FALSE,FALSE,FALSE,TRUE,0.620984077453613,"singlet",TRUE
"control_rep1_ACAAAGGTCCTGGTGA-1","control_rep1","control",2893,1653,3.8368475630833,0,9573,4911,TRUE,FALSE,FALSE,FALSE,FALSE,TRUE,0.00266749341972172,"singlet",TRUE
"control_rep1_ACAAAGGTCCTTTACG-1","control_rep1","control",2714,1803,3.0213706705969,0.221075902726603,24739,9978,TRUE,FALSE,FALSE,FALSE,FALSE,TRUE,0.011260163038969,"singlet",TRUE
"control_rep1_ACAACACTCTTGTTCG-1","control_rep1","control",2072,1405,6.51544401544402,0.482625482625483,2217,1465,TRUE,FALSE,FALSE,FALSE,FALSE,TRUE,0.00215710187330842,"singlet",TRUE
"control_rep1_ACAACAGAGACAAACG-1","control_rep1","control",1329,1025,3.46124905944319,0.0752445447705041,3838,2348,TRUE,FALSE,FALSE,FALSE,FALSE,TRUE,0.00215787044726312,"singlet",TRUE
"control_rep1_ACAACATGTCACAGCG-1","control_rep1","control",3862,2150,1.13930605903677,0.0776799585706888,16094,7706,TRUE,FALSE,FALSE,FALSE,FALSE,TRUE,0.498925805091858,"singlet",TRUE
"control_rep1_ACAACATGTCGCAAAC-1","control_rep1","control",811,639,6.1652281134402,0,1030,755,FALSE,FALSE,FALSE,FALSE,FALSE,TRUE,0.00153263530228287,"singlet",TRUE
"control_rep1_ACACAATGTCATTGAG-1","control_rep1","control",1166,932,2.05831903945111,0.257289879931389,5903,3358,TRUE,FALSE,FALSE,FALSE,FALSE,TRUE,0.0011413253378123,"singlet",TRUE
"control_rep1_ACACAATGTTGCACGG-1","control_rep1","control",2942,1787,3.87491502379334,0.4418762746431,3230,1866,TRUE,FALSE,FALSE,FALSE,FALSE,TRUE,0.174345687031746,"singlet",TRUE
"control_rep1_ACACCTTGTGCATTTC-1","control_rep1","control",2567,1658,0.895987534086482,0.623295675886249,8273,4567,TRUE,FALSE,FALSE,FALSE,FALSE,TRUE,0.00153953477274626,"singlet",TRUE
"control_rep1_ACACCTTGTTAAGCCA-1","control_rep1","control",1966,1405,2.79755849440488,0,11193,5687,TRUE,FALSE,FALSE,FALSE,FALSE,TRUE,0.00353229441680014,"singlet",TRUE
"control_rep1_ACACTAATCATGCGTG-1","control_rep1","control",4501,2318,3.0437680515441,0.910908686958454,5948,2786,TRUE,FALSE,FALSE,FALSE,FALSE,TRUE,0.506966412067413,"singlet",TRUE
"control_rep1_ACACTAATCCGCACAA-1","control_rep1","control",1707,1225,1.34739308728764,0.0585823081429408,9941,5146,TRUE,FALSE,FALSE,FALSE,FALSE,TRUE,0.0023641032166779,"singlet",TRUE
"control_rep1_ACACTAGGTCCTTAGT-1","control_rep1","control",5488,2277,1.29373177842566,0.21865889212828,5806,2358,TRUE,FALSE,FALSE,FALSE,FALSE,TRUE,0.222934663295746,"singlet",TRUE
"control_rep1_ACACTTAAGTAAGAAC-1","control_rep1","control",12374,4121,1.50315176983999,0.57378374010021,22458,8230,TRUE,FALSE,FALSE,FALSE,FALSE,TRUE,0.0182938165962696,"singlet",TRUE
"control_rep1_ACACTTGCAAACTCAT-1","control_rep1","control",1720,1229,2.73255813953488,0.174418604651163,6468,3668,TRUE,FALSE,FALSE,FALSE,FALSE,TRUE,0.0023641032166779,"singlet",TRUE
"control_rep1_ACAGCCGGTGTGTGGT-1","control_rep1","control",2964,1835,0.607287449392713,0,20739,8851,TRUE,FALSE,FALSE,FALSE,FALSE,TRUE,0.00298834731802344,"singlet",TRUE
"control_rep1_ACAGCGCTCCTTAGTT-1","control_rep1","control",1477,1131,1.8957345971564,0.1354096140826,2755,1797,TRUE,FALSE,FALSE,FALSE,FALSE,TRUE,0.00481218146160245,"singlet",TRUE
"control_rep1_ACAGCGCTCCTTTACG-1","control_rep1","control",3972,2243,9.13897280966767,0.478348439073515,4307,2344,TRUE,FALSE,FALSE,FALSE,FALSE,TRUE,0.397581607103348,"singlet",TRUE
"control_rep1_ACAGCGCTCGCTAGAT-1","control_rep1","control",10789,3109,1.43664843822412,0.259523588840486,10947,3158,TRUE,FALSE,FALSE,FALSE,FALSE,TRUE,0.203714102506638,"singlet",TRUE
"control_rep1_ACAGGAATCACAAGCT-1","control_rep1","control",1746,1179,1.77548682703322,0.11454753722795,2286,1457,TRUE,FALSE,FALSE,FALSE,FALSE,TRUE,0.00344932824373245,"singlet",TRUE
"control_rep1_ACAGGAATCATCCTAT-1","control_rep1","control",3417,1736,2.48756218905473,0.380450687737782,3536,1783,TRUE,FALSE,FALSE,FALSE,FALSE,TRUE,0.0138868745416403,"singlet",TRUE
"control_rep1_ACAGGATCAATAATGG-1","control_rep1","control",3774,2239,4.68998410174881,0.50344462109168,4665,2442,TRUE,FALSE,FALSE,FALSE,FALSE,TRUE,0.145005330443382,"singlet",TRUE
"control_rep1_ACAGGATCACATACTG-1","control_rep1","control",1393,1016,3.44580043072505,0.358937544867193,1584,1101,TRUE,FALSE,FALSE,FALSE,FALSE,TRUE,0.00211385078728199,"singlet",TRUE
"control_rep1_ACAGGATCACATTGCA-1","control_rep1","control",2686,1616,3.7602382725242,0.409530900967982,2816,1664,TRUE,FALSE,FALSE,FALSE,FALSE,TRUE,0.0651918426156044,"singlet",TRUE
"control_rep1_ACAGGATCATACCCGG-1","control_rep1","control",9732,3452,2.63049732840115,0.441841348129881,13000,4816,TRUE,FALSE,FALSE,FALSE,FALSE,TRUE,0.270968943834305,"singlet",TRUE
"control_rep1_ACAGGCTGTGCTCACC-1","control_rep1","control",7960,2916,1.57035175879397,0.150753768844221,8537,3105,TRUE,FALSE,FALSE,FALSE,FALSE,TRUE,0.131066754460335,"singlet",TRUE
"control_rep1_ACAGGCTGTTATAGCG-1","control_rep1","control",1999,1357,7.35367683841921,0.150075037518759,2168,1426,TRUE,FALSE,FALSE,FALSE,FALSE,TRUE,0.00198215269483626,"singlet",TRUE
"control_rep1_ACAGGCTGTTGCGGAT-1","control_rep1","control",7009,3036,3.26722784990726,0.428021115708375,7469,3139,TRUE,FALSE,FALSE,FALSE,FALSE,TRUE,0.039237454533577,"singlet",TRUE
"control_rep1_ACAGGTAAGATGGACA-1","control_rep1","control",1308,1006,1.60550458715596,0,6708,3669,TRUE,FALSE,FALSE,FALSE,FALSE,TRUE,0.00258322525769472,"singlet",TRUE
"control_rep1_ACAGGTAAGCGCCTTT-1","control_rep1","control",7922,3172,2.13329967180005,0.113607674829588,8416,3264,TRUE,FALSE,FALSE,FALSE,FALSE,TRUE,0.0180597864091396,"singlet",TRUE
"control_rep1_ACAGGTAAGTAAGGGC-1","control_rep1","control",2927,1716,1.43491629654937,0.444140758455757,4417,2483,TRUE,FALSE,FALSE,FALSE,FALSE,TRUE,0.0109545234590769,"singlet",TRUE
"control_rep1_ACAGTATGTAATGGCC-1","control_rep1","control",8937,3306,1.71198388721047,0.100704934541793,9939,3662,TRUE,FALSE,FALSE,FALSE,FALSE,TRUE,0.727916061878204,"singlet",TRUE
"control_rep1_ACAGTATGTTTAGCTC-1","control_rep1","control",12074,3256,1.5819115454696,0.0248467782010933,12283,3321,TRUE,FALSE,FALSE,FALSE,FALSE,TRUE,0.00702686421573162,"singlet",TRUE
"control_rep1_ACATAGCTCACACAGT-1","control_rep1","control",2184,1455,1.41941391941392,0,9259,4916,TRUE,FALSE,FALSE,FALSE,FALSE,TRUE,0.00132303696591407,"singlet",TRUE
"control_rep1_ACATAGCTCGTCCTTA-1","control_rep1","control",2563,1352,1.24853687085447,0,2783,1419,TRUE,FALSE,FALSE,FALSE,FALSE,TRUE,0.0664001703262329,"singlet",TRUE
"control_rep1_ACATAGCTCTATCGCC-1","control_rep1","control",8053,3196,1.34111511238048,0.0745063951322489,8172,3247,TRUE,FALSE,FALSE,FALSE,FALSE,TRUE,0.334528833627701,"singlet",TRUE
"control_rep1_ACATCAATCATAGACC-1","control_rep1","control",4449,2207,4.27062261182288,0.224769611148573,4794,2292,TRUE,FALSE,FALSE,FALSE,FALSE,TRUE,0.255109518766403,"singlet",TRUE
"control_rep1_ACATCAATCCACCTTA-1","control_rep1","control",5567,2462,2.26333752469912,0.251481947188791,5919,2544,TRUE,FALSE,FALSE,FALSE,FALSE,TRUE,0.0957774221897125,"singlet",TRUE
"control_rep1_ACATCATCAATAGCAA-1","control_rep1","control",7788,3176,1.73343605546995,0.59065228556754,12807,5471,TRUE,FALSE,FALSE,FALSE,FALSE,TRUE,0.0862279981374741,"singlet",TRUE
"control_rep1_ACATCATCACAACAAA-1","control_rep1","control",1145,879,4.19213973799127,0.524017467248908,3900,2278,TRUE,FALSE,FALSE,FALSE,FALSE,TRUE,0.00181498297024518,"singlet",TRUE
"control_rep1_ACATCATCATGAGCAG-1","control_rep1","control",4073,2233,1.05573287503069,0.0245519273262951,17556,8130,TRUE,FALSE,FALSE,FALSE,FALSE,TRUE,0.00815192889422178,"singlet",TRUE
"control_rep1_ACATTAGTCACGTTAA-1","control_rep1","control",5449,2921,1.61497522481189,0.12846393833731,16263,7850,TRUE,FALSE,FALSE,FALSE,FALSE,TRUE,0.414258301258087,"singlet",TRUE
"control_rep1_ACATTAGTCCGCCTCA-1","control_rep1","control",22575,5619,1.61683277962348,0.372093023255814,27631,6976,TRUE,FALSE,FALSE,FALSE,FALSE,TRUE,0.00668975478038192,"singlet",TRUE
"control_rep1_ACATTGCAGCATGTCG-1","control_rep1","control",5105,2453,1.48873653281097,0.0783545543584721,5245,2510,TRUE,FALSE,FALSE,FALSE,FALSE,TRUE,0.092532604932785,"singlet",TRUE
"control_rep1_ACATTGCAGCTCCCTG-1","control_rep1","control",3508,1864,2.70809578107184,0.142531356898518,19223,8458,TRUE,FALSE,FALSE,FALSE,FALSE,TRUE,0.00337046547792852,"singlet",TRUE
"control_rep1_ACCAAACTCAAGCTTA-1","control_rep1","control",2529,1384,3.3214709371293,0.0395413206801107,4265,2284,TRUE,FALSE,FALSE,FALSE,FALSE,TRUE,0.0287851337343454,"singlet",TRUE
"control_rep1_ACCAAACTCAGCAAAG-1","control_rep1","control",1774,1261,2.0293122886133,0.450958286358512,9993,5241,TRUE,FALSE,FALSE,FALSE,FALSE,TRUE,0.00273728324100375,"singlet",TRUE
"control_rep1_ACCAAACTCTTGGACG-1","control_rep1","control",7745,2779,0.852162685603615,0.116204002582311,7875,2825,TRUE,FALSE,FALSE,FALSE,FALSE,TRUE,0.534473180770874,"singlet",TRUE
"control_rep1_ACCAAGCGTCATCATC-1","control_rep1","control",1595,1125,6.52037617554859,0.125391849529781,1763,1192,TRUE,FALSE,FALSE,FALSE,FALSE,TRUE,0.00210979231633246,"singlet",TRUE
"control_rep1_ACCAAGCGTCATGCAA-1","control_rep1","control",1160,855,1.12068965517241,0.172413793103448,8098,4188,TRUE,FALSE,FALSE,FALSE,FALSE,TRUE,0.00323642464354634,"singlet",TRUE
"control_rep1_ACCAAGCGTGAAGCCT-1","control_rep1","control",5049,2463,3.62448009506833,0.257476728064963,5433,2555,TRUE,FALSE,FALSE,FALSE,FALSE,TRUE,0.182631760835648,"singlet",TRUE
"control_rep1_ACCAAGTTCACAGCGC-1","control_rep1","control",1089,720,19.1000918273646,1.10192837465565,1397,803,TRUE,FALSE,FALSE,FALSE,TRUE,FALSE,NA,"not_tested_QC_fail",FALSE
"control_rep1_ACCAAGTTCACCTGCT-1","control_rep1","control",4242,2222,5.28052805280528,0.235737859500236,4521,2337,TRUE,FALSE,FALSE,FALSE,FALSE,TRUE,0.47766649723053,"singlet",TRUE
"control_rep1_ACCAATATCCCTCTAA-1","control_rep1","control",4095,2288,3.46764346764347,0.854700854700855,4816,2427,TRUE,FALSE,FALSE,FALSE,FALSE,TRUE,0.386275768280029,"singlet",TRUE
"control_rep1_ACCAATATCGATCAGT-1","control_rep1","control",7756,2946,1.8824136152656,0.0773594636410521,14968,6344,TRUE,FALSE,FALSE,FALSE,FALSE,TRUE,0.249414652585983,"singlet",TRUE
"control_rep1_ACCACACCAAACGGGC-1","control_rep1","control",21933,6169,2.17480508822323,0.314594446724114,32871,11055,TRUE,FALSE,FALSE,FALSE,FALSE,TRUE,0.983816385269165,"doublet",FALSE
"control_rep1_ACCACATAGCCGCAAC-1","control_rep1","control",13611,4312,1.86613768275659,0.227756961281317,13941,4399,TRUE,FALSE,FALSE,FALSE,FALSE,TRUE,0.993867099285126,"doublet",FALSE
"control_rep1_ACCAGCTCAGTTATGT-1","control_rep1","control",5399,2659,6.16780885349139,0.29635117614373,5669,2732,TRUE,FALSE,FALSE,FALSE,FALSE,TRUE,0.318489372730255,"singlet",TRUE
"control_rep1_ACCAGGACAATTGAAG-1","control_rep1","control",21539,5105,1.30461024188681,0.427132178838386,31016,9178,TRUE,FALSE,FALSE,FALSE,FALSE,TRUE,0.0486450307071209,"singlet",TRUE
"control_rep1_ACCAGGACATGCTCCC-1","control_rep1","control",3534,1892,2.46179966044143,0.848896434634975,3710,1978,TRUE,FALSE,FALSE,FALSE,FALSE,TRUE,0.247300118207932,"singlet",TRUE
"control_rep1_ACCATAATCTAGCTTT-1","control_rep1","control",5174,2936,2.64785465790491,0.212601468882876,25050,11090,TRUE,FALSE,FALSE,FALSE,FALSE,TRUE,0.89382016658783,"doublet",FALSE
"control_rep1_ACCATTAAGGAAGCAC-1","control_rep1","control",6077,3011,1.38226098403818,0.082277439526082,12968,6267,TRUE,FALSE,FALSE,FALSE,FALSE,TRUE,0.601689457893372,"singlet",TRUE
"control_rep1_ACCATTAAGTCATCCC-1","control_rep1","control",5602,2484,3.14173509460907,0.5890753302392,7131,3070,TRUE,FALSE,FALSE,FALSE,FALSE,TRUE,0.0510007254779339,"singlet",TRUE
"control_rep1_ACCATTAAGTTAGTTG-1","control_rep1","control",4554,2426,1.47123407992973,0.219587176108915,19284,8642,TRUE,FALSE,FALSE,FALSE,FALSE,TRUE,0.920224964618683,"doublet",FALSE
"control_rep1_ACCCAACCAATTTAGC-1","control_rep1","control",3068,1731,2.90091264667536,0.358539765319426,3346,1806,TRUE,FALSE,FALSE,FALSE,FALSE,TRUE,0.0243550483137369,"singlet",TRUE
"control_rep1_ACCCAACCAGTCTATG-1","control_rep1","control",1902,1275,0.946372239747634,0,12097,6045,TRUE,FALSE,FALSE,FALSE,FALSE,TRUE,0.00262170401401818,"singlet",TRUE
"control_rep1_ACCCAGGGTGATCAGC-1","control_rep1","control",3848,2143,1.37733887733888,0.025987525987526,10583,5246,TRUE,FALSE,FALSE,FALSE,FALSE,TRUE,0.00489101186394691,"singlet",TRUE
"control_rep1_ACCCGCTGTAACAGGG-1","control_rep1","control",10503,3252,1.33295248976483,0.114253070551271,10617,3292,TRUE,FALSE,FALSE,FALSE,FALSE,TRUE,0.00493797566741705,"singlet",TRUE
"control_rep1_ACCCGGTAGCCAGGTC-1","control_rep1","control",4689,2698,3.13499680102367,0.319897632757518,4949,2836,TRUE,FALSE,FALSE,FALSE,FALSE,TRUE,0.540780961513519,"singlet",TRUE
"control_rep1_ACCCGGTAGTTCCCAC-1","control_rep1","control",8763,3266,1.118338468561,0.456464681045304,13461,5463,TRUE,FALSE,FALSE,FALSE,FALSE,TRUE,0.400267243385315,"singlet",TRUE
"control_rep1_ACCCGTAAGCACAGAA-1","control_rep1","control",6358,2922,1.9817552689525,0.0314564328405159,6736,3048,TRUE,FALSE,FALSE,FALSE,FALSE,TRUE,0.984644949436188,"doublet",FALSE
"control_rep1_ACCCGTAAGCTATATG-1","control_rep1","control",2743,1664,2.2967553773241,0.874954429456799,2882,1720,TRUE,FALSE,FALSE,FALSE,FALSE,TRUE,0.0653436109423637,"singlet",TRUE
"control_rep1_ACCCTCCCAACAGGAT-1","control_rep1","control",2834,1622,3.21100917431193,0.352858151023289,3031,1687,TRUE,FALSE,FALSE,FALSE,FALSE,TRUE,0.0789477601647377,"singlet",TRUE
"control_rep1_ACCCTCCCAGCATGAG-1","control_rep1","control",9244,3143,1.70921678926871,0.0108178277801817,9306,3170,TRUE,FALSE,FALSE,FALSE,FALSE,TRUE,0.0890496596693993,"singlet",TRUE
"control_rep1_ACCCTCCCAGGCGAGT-1","control_rep1","control",5714,2301,2.32761638081904,0.420021001050053,5939,2364,TRUE,FALSE,FALSE,FALSE,FALSE,TRUE,0.0686560943722725,"singlet",TRUE
"control_rep1_ACCGCAATCATGAAGG-1","control_rep1","control",5952,2725,3.83064516129032,0.134408602150538,7871,3735,TRUE,FALSE,FALSE,FALSE,FALSE,TRUE,0.00846780184656382,"singlet",TRUE
"control_rep1_ACCGGCTAGAAGCTAG-1","control_rep1","control",14736,4482,1.40472312703583,0.196796959826276,25421,8862,TRUE,FALSE,FALSE,FALSE,FALSE,TRUE,0.111557878553867,"singlet",TRUE
"control_rep1_ACCTAAATCACTCAAA-1","control_rep1","control",2462,1622,1.78716490658002,0.0812347684809098,8960,4867,TRUE,FALSE,FALSE,FALSE,FALSE,TRUE,0.0292116459459066,"singlet",TRUE
"control_rep1_ACCTAAGGTAGGTTAT-1","control_rep1","control",6729,2587,1.0402734433051,0.0891662951404369,6929,2653,TRUE,FALSE,FALSE,FALSE,FALSE,TRUE,0.1853157132864,"singlet",TRUE
"control_rep1_ACCTAAGGTGTTTGAG-1","control_rep1","control",1747,1113,0.973096737263881,0.114481969089868,3310,1964,TRUE,FALSE,FALSE,FALSE,FALSE,TRUE,0.00218191696330905,"singlet",TRUE
"control_rep1_ACCTAAGGTTAGCGTA-1","control_rep1","control",1179,875,2.45971162001696,0.0848176420695505,1426,1006,TRUE,FALSE,FALSE,FALSE,FALSE,TRUE,0.00231321505270898,"singlet",TRUE
"control_rep1_ACCTACCTCGATATTG-1","control_rep1","control",3800,2209,3.05263157894737,0.236842105263158,11862,6060,TRUE,FALSE,FALSE,FALSE,FALSE,TRUE,0.225302428007126,"singlet",TRUE
"control_rep1_ACCTACCTCTTGGATA-1","control_rep1","control",28559,5874,1.20452396792605,0.143562449665605,33576,7722,TRUE,FALSE,FALSE,FALSE,FALSE,TRUE,0.157186612486839,"singlet",TRUE
"control_rep1_ACCTCACTCACAGCGC-1","control_rep1","control",2068,1350,5.8027079303675,1.06382978723404,2216,1409,TRUE,FALSE,FALSE,FALSE,FALSE,TRUE,0.00240886257961392,"singlet",TRUE
"control_rep1_ACCTCACTCCGTTATT-1","control_rep1","control",3577,2092,5.39558289069052,0.531171372658653,3683,2133,TRUE,FALSE,FALSE,FALSE,FALSE,TRUE,0.43941205739975,"singlet",TRUE
"control_rep1_ACCTGGATCATTGTTC-1","control_rep1","control",5535,2734,1.5356820234869,0.19873532068654,11937,5882,TRUE,FALSE,FALSE,FALSE,FALSE,TRUE,0.00417726254090667,"singlet",TRUE
"control_rep1_ACCTGGATCTAATCCT-1","control_rep1","control",21753,5179,2.93292879143107,0.0597618719257114,22461,5280,TRUE,FALSE,FALSE,FALSE,FALSE,TRUE,0.0369979254901409,"singlet",TRUE
"control_rep1_ACCTGGATCTAGCGAT-1","control_rep1","control",4056,1892,1.7258382642998,0.0986193293885602,4336,1965,TRUE,FALSE,FALSE,FALSE,FALSE,TRUE,0.00171308498829603,"singlet",TRUE
"control_rep1_ACCTGGTCAGGGAGCT-1","control_rep1","control",3949,1979,2.02582932387946,0.177260065839453,4097,2032,TRUE,FALSE,FALSE,FALSE,FALSE,TRUE,0.00835662800818682,"singlet",TRUE
"control_rep1_ACCTGGTCAGTAGCCT-1","control_rep1","control",1954,1392,3.01944728761515,0.204708290685773,8450,4395,TRUE,FALSE,FALSE,FALSE,FALSE,TRUE,0.00542302755638957,"singlet",TRUE
"control_rep1_ACCTGGTCAGTCTAAT-1","control_rep1","control",10716,3433,1.64240388204554,0.251959686450168,11549,3545,TRUE,FALSE,FALSE,FALSE,FALSE,TRUE,0.0188411176204681,"singlet",TRUE
"control_rep1_ACCTGGTCATGACTAT-1","control_rep1","control",3213,1814,4.41954559601618,0.124494242141301,3625,1920,TRUE,FALSE,FALSE,FALSE,FALSE,TRUE,0.106255866587162,"singlet",TRUE
"control_rep1_ACCTGGTCATTGTGAT-1","control_rep1","control",20545,4910,2.4677537113653,0.0730104648332928,21414,5033,TRUE,FALSE,FALSE,FALSE,FALSE,TRUE,0.123097494244576,"singlet",TRUE
"control_rep1_ACCTGTTGTACCGGAT-1","control_rep1","control",2040,1395,0.833333333333333,0.0980392156862745,2817,1800,TRUE,FALSE,FALSE,FALSE,FALSE,TRUE,0.00699068466201425,"singlet",TRUE
"control_rep1_ACCTGTTGTTGAAGCC-1","control_rep1","control",4275,2027,1.66081871345029,0.16374269005848,4432,2083,TRUE,FALSE,FALSE,FALSE,FALSE,TRUE,0.0443295650184155,"singlet",TRUE
"control_rep1_ACCTGTTGTTTGGCTT-1","control_rep1","control",5222,2654,1.78092684795098,0.191497510532363,6248,3170,TRUE,FALSE,FALSE,FALSE,FALSE,TRUE,0.557080030441284,"singlet",TRUE
"control_rep1_ACCTTCATCATTGCAA-1","control_rep1","control",1990,1217,4.9748743718593,1.10552763819095,2498,1309,TRUE,FALSE,FALSE,FALSE,FALSE,TRUE,0.00437723379582167,"singlet",TRUE
"control_rep1_ACCTTCATCTCTAGCC-1","control_rep1","control",4628,2128,1.01555747623163,0.388936905790838,4853,2193,TRUE,FALSE,FALSE,FALSE,FALSE,TRUE,0.0150150582194328,"singlet",TRUE
"control_rep1_ACCTTCCAGACAACAG-1","control_rep1","control",2109,1486,0.663821716453295,0.0474158368895211,9951,5178,TRUE,FALSE,FALSE,FALSE,FALSE,TRUE,0.0464624464511871,"singlet",TRUE
"control_rep1_ACCTTCCAGGGATGCG-1","control_rep1","control",2542,1654,2.95043273013375,0.3933910306845,2695,1709,TRUE,FALSE,FALSE,FALSE,FALSE,TRUE,0.0583436489105225,"singlet",TRUE
"control_rep1_ACCTTCCAGTTCCTGC-1","control_rep1","control",42611,7686,0.525685855764943,0.136115087653423,43328,7821,TRUE,FALSE,FALSE,FALSE,FALSE,TRUE,0.110574513673782,"singlet",TRUE
"control_rep1_ACCTTGCTCATTGTTC-1","control_rep1","control",5166,2307,1.64537359659311,0.251645373596593,5272,2354,TRUE,FALSE,FALSE,FALSE,FALSE,TRUE,0.00677332654595375,"singlet",TRUE
"control_rep1_ACCTTGCTCCCGCATT-1","control_rep1","control",3116,1923,3.81899871630295,0.128369704749679,10320,5365,TRUE,FALSE,FALSE,FALSE,FALSE,TRUE,0.00648479117080569,"singlet",TRUE
"control_rep1_ACGAACAAGGCAGGTG-1","control_rep1","control",619,517,3.06946688206785,0.161550888529887,1725,1095,TRUE,FALSE,FALSE,FALSE,FALSE,TRUE,0.0019854863639921,"singlet",TRUE
"control_rep1_ACGAACAAGGTTTGCG-1","control_rep1","control",2930,1910,1.91126279863481,0.238907849829352,9007,4955,TRUE,FALSE,FALSE,FALSE,FALSE,TRUE,0.572286307811737,"singlet",TRUE
"control_rep1_ACGAAGTCAATCCCTT-1","control_rep1","control",858,698,1.74825174825175,0.34965034965035,4540,2585,TRUE,FALSE,FALSE,FALSE,FALSE,TRUE,0.00107119593303651,"singlet",TRUE
"control_rep1_ACGAAGTCATGCTCCC-1","control_rep1","control",11150,3653,3.13004484304933,0.0896860986547085,11427,3739,TRUE,FALSE,FALSE,FALSE,FALSE,TRUE,0.321109443902969,"singlet",TRUE
"control_rep1_ACGAATCTCTTTAGGA-1","control_rep1","control",3215,1682,2.76827371695179,0.559875583203733,3418,1738,TRUE,FALSE,FALSE,FALSE,FALSE,TRUE,0.0150398816913366,"singlet",TRUE
"control_rep1_ACGACAAAGATAGACG-1","control_rep1","control",2782,1747,3.98993529834651,0.395398993529835,3002,1834,TRUE,FALSE,FALSE,FALSE,FALSE,TRUE,0.0355978645384312,"singlet",TRUE
"control_rep1_ACGACAAAGCAGCTCA-1","control_rep1","control",11394,3716,3.12445146568369,0.0789889415481833,11905,3808,TRUE,FALSE,FALSE,FALSE,FALSE,TRUE,0.117265433073044,"singlet",TRUE
"control_rep1_ACGACAAAGGCATGTT-1","control_rep1","control",7805,2775,2.75464445868033,0.166559897501602,8038,2853,TRUE,FALSE,FALSE,FALSE,FALSE,TRUE,0.00521694729104638,"singlet",TRUE
"control_rep1_ACGACAAAGGTCCTGA-1","control_rep1","control",7301,2701,3.43788522120258,0.191754554170662,8011,2812,TRUE,FALSE,FALSE,FALSE,FALSE,TRUE,0.0435493439435959,"singlet",TRUE
"control_rep1_ACGACAAAGTTCCTGC-1","control_rep1","control",3646,2107,4.79978058145913,1.3713658804169,9717,4803,TRUE,FALSE,FALSE,FALSE,FALSE,TRUE,0.00372632057406008,"singlet",TRUE
"control_rep1_ACGACTTAGCTATTAG-1","control_rep1","control",5481,2353,1.40485312899106,0.474365991607371,5683,2444,TRUE,FALSE,FALSE,FALSE,FALSE,TRUE,0.0930178910493851,"singlet",TRUE
"control_rep1_ACGACTTAGGCCCAGT-1","control_rep1","control",2417,1562,6.61977658254034,0.703351261894911,2664,1635,TRUE,FALSE,FALSE,FALSE,FALSE,TRUE,0.00297387735918164,"singlet",TRUE
"control_rep1_ACGACTTAGTAAAGGT-1","control_rep1","control",2166,1497,5.6786703601108,0.738688827331487,14167,6903,TRUE,FALSE,FALSE,FALSE,FALSE,TRUE,0.0100711667910218,"singlet",TRUE
"control_rep1_ACGAGTAAGGTCAAAG-1","control_rep1","control",4887,2616,5.9341109064866,0.532023736443626,5287,2702,TRUE,FALSE,FALSE,FALSE,FALSE,TRUE,0.0322454571723938,"singlet",TRUE
"control_rep1_ACGATTCAGTAGCGCC-1","control_rep1","control",23768,6117,1.94799730730394,0.159878828677213,28531,8424,TRUE,FALSE,FALSE,FALSE,FALSE,TRUE,0.989470601081848,"doublet",FALSE
"control_rep1_ACGCAAGCAATTGAAG-1","control_rep1","control",36086,6553,0.57917197805243,0.0720501025328382,36485,6663,TRUE,FALSE,FALSE,FALSE,FALSE,TRUE,0.873120725154877,"doublet",FALSE
"control_rep1_ACGCAAGCAGGAACAT-1","control_rep1","control",30800,6135,1.13636363636364,0.285714285714286,39462,9566,TRUE,FALSE,FALSE,FALSE,FALSE,TRUE,0.00637063616886735,"singlet",TRUE
"control_rep1_ACGCAAGCATCCTGAA-1","control_rep1","control",2554,1468,3.13234142521535,0.704776820673453,2693,1520,TRUE,FALSE,FALSE,FALSE,FALSE,TRUE,0.00392963550984859,"singlet",TRUE
"control_rep1_ACGCAAGCATCTTGAG-1","control_rep1","control",2862,1808,1.08315863032844,0.10482180293501,20525,8985,TRUE,FALSE,FALSE,FALSE,FALSE,TRUE,0.0150825772434473,"singlet",TRUE
"control_rep1_ACGCAAGCATTCCTGT-1","control_rep1","control",6992,3230,5.0629290617849,1.01544622425629,9313,4133,TRUE,FALSE,FALSE,FALSE,FALSE,TRUE,0.519726991653442,"singlet",TRUE
"control_rep1_ACGCACGGTTGAAGCC-1","control_rep1","control",4483,2499,3.72518402855231,0.33459736783404,4798,2614,TRUE,FALSE,FALSE,FALSE,FALSE,TRUE,0.157141000032425,"singlet",TRUE
"control_rep1_ACGCCACAGCCTCTCG-1","control_rep1","control",2927,1890,4.13392552101127,0.204988042364195,8949,4797,TRUE,FALSE,FALSE,FALSE,FALSE,TRUE,0.00208089337684214,"singlet",TRUE
"control_rep1_ACGCCACAGGCACAGG-1","control_rep1","control",1404,829,2.35042735042735,0.0712250712250712,2840,1591,TRUE,FALSE,FALSE,FALSE,FALSE,TRUE,0.00149268028326333,"singlet",TRUE
"control_rep1_ACGCCACAGGCGCATC-1","control_rep1","control",2994,1607,5.81162324649299,0.167000668002672,3464,1709,TRUE,FALSE,FALSE,FALSE,FALSE,TRUE,0.0122890723869205,"singlet",TRUE
"control_rep1_ACGCCACAGGCTGTGC-1","control_rep1","control",6424,3166,7.53424657534247,0.87173100871731,8672,3513,TRUE,FALSE,FALSE,FALSE,FALSE,TRUE,0.693059861660004,"singlet",TRUE
"control_rep1_ACGCCACAGGGTGAAC-1","control_rep1","control",3076,2021,1.00780234070221,0.0650195058517555,5829,3454,TRUE,FALSE,FALSE,FALSE,FALSE,TRUE,0.0644185096025467,"singlet",TRUE
"control_rep1_ACGCCACAGTAGCGCC-1","control_rep1","control",20678,4743,2.5727826675694,0.0677048070412999,22397,4885,TRUE,FALSE,FALSE,FALSE,FALSE,TRUE,0.358578145503998,"singlet",TRUE
"control_rep1_ACGCCTAAGACTATTG-1","control_rep1","control",5160,2292,3.7984496124031,0.329457364341085,5848,2404,TRUE,FALSE,FALSE,FALSE,FALSE,TRUE,0.0399292334914207,"singlet",TRUE
"control_rep1_ACGCCTAAGCGCCTAA-1","control_rep1","control",6104,3399,1.86762778505898,0.229357798165138,19541,9440,TRUE,FALSE,FALSE,FALSE,FALSE,TRUE,0.577551126480103,"singlet",TRUE
"control_rep1_ACGCCTTTCGCTCACT-1","control_rep1","control",3557,2023,2.7270171492831,0.0843407365757661,8696,4578,TRUE,FALSE,FALSE,FALSE,FALSE,TRUE,0.0019525142852217,"singlet",TRUE
"control_rep1_ACGCTTGAGCAGCTCA-1","control_rep1","control",2176,1426,2.02205882352941,0.229779411764706,8056,4385,TRUE,FALSE,FALSE,FALSE,FALSE,TRUE,0.00322872865945101,"singlet",TRUE
"control_rep1_ACGCTTGAGCCATCAG-1","control_rep1","control",4826,2030,1.36759220886863,0.165768752590137,5043,2093,TRUE,FALSE,FALSE,FALSE,FALSE,TRUE,0.00811250228434801,"singlet",TRUE
"control_rep1_ACGCTTGAGCGAGGTG-1","control_rep1","control",835,697,1.43712574850299,0.359281437125749,3425,2058,TRUE,FALSE,FALSE,FALSE,FALSE,TRUE,0.00138494896236807,"singlet",TRUE
"control_rep1_ACGGGAAGTGATCAGC-1","control_rep1","control",2197,1321,1.59308147473828,0.227583067819754,2368,1375,TRUE,FALSE,FALSE,FALSE,FALSE,TRUE,0.142571181058884,"singlet",TRUE
"control_rep1_ACGGGAAGTTAATGCG-1","control_rep1","control",2858,1584,13.7858642407278,0.244926522043387,4443,1720,TRUE,FALSE,FALSE,FALSE,TRUE,FALSE,NA,"not_tested_QC_fail",FALSE
"control_rep1_ACGGTACGTATGGTGC-1","control_rep1","control",1140,820,5.08771929824561,0.175438596491228,1399,885,TRUE,FALSE,FALSE,FALSE,FALSE,TRUE,0.00163621106185019,"singlet",TRUE
"control_rep1_ACGGTACGTCGTAAAT-1","control_rep1","control",8281,3233,1.93213380026567,0.217365052529888,9186,3485,TRUE,FALSE,FALSE,FALSE,FALSE,TRUE,0.481774091720581,"singlet",TRUE
"control_rep1_ACGGTTAGTCATTACC-1","control_rep1","control",9165,3140,1.37479541734861,0.360065466448445,9640,3234,TRUE,FALSE,FALSE,FALSE,FALSE,TRUE,0.068281427025795,"singlet",TRUE
"control_rep1_ACGGTTTAGGCGCTAC-1","control_rep1","control",1467,1086,1.36332651670075,0.340831629175187,3702,2263,TRUE,FALSE,FALSE,FALSE,FALSE,TRUE,0.00299478159286082,"singlet",TRUE
"control_rep1_ACGGTTTAGTAACAGG-1","control_rep1","control",4354,2033,1.65365181442352,0.298576022048691,4447,2069,TRUE,FALSE,FALSE,FALSE,FALSE,TRUE,0.00281276251189411,"singlet",TRUE
"control_rep1_ACGTACCCAATTGCGC-1","control_rep1","control",7250,2804,4.13793103448276,0.744827586206897,7319,2835,TRUE,FALSE,FALSE,FALSE,FALSE,TRUE,0.161337792873383,"singlet",TRUE
"control_rep1_ACGTACCCACACTAAT-1","control_rep1","control",1212,945,3.38283828382838,1.07260726072607,4252,2482,TRUE,FALSE,FALSE,FALSE,FALSE,TRUE,0.00430269818753004,"singlet",TRUE
"control_rep1_ACGTACCCACTTAGGC-1","control_rep1","control",19918,4508,1.70197811025203,0.13555577869264,20205,4631,TRUE,FALSE,FALSE,FALSE,FALSE,TRUE,0.0252123009413481,"singlet",TRUE
"control_rep1_ACGTCCAAGGATCCGC-1","control_rep1","control",3405,1711,3.25991189427313,0.0293685756240822,3588,1775,TRUE,FALSE,FALSE,FALSE,FALSE,TRUE,0.00164664839394391,"singlet",TRUE
"control_rep1_ACGTCCAAGGTGCGGA-1","control_rep1","control",6714,2861,1.93625260649389,0.0893655049151028,6864,2925,TRUE,FALSE,FALSE,FALSE,FALSE,TRUE,0.573650479316711,"singlet",TRUE
"control_rep1_ACGTCCTTCTTAAGTG-1","control_rep1","control",11036,4599,1.32294309532439,0.344327654947445,11219,4659,TRUE,FALSE,FALSE,FALSE,FALSE,TRUE,0.43926477432251,"singlet",TRUE
"control_rep1_ACGTTACAGCATGTTA-1","control_rep1","control",10953,3367,1.22340911165891,0.109559024924678,11428,3487,TRUE,FALSE,FALSE,FALSE,FALSE,TRUE,0.0121023412793875,"singlet",TRUE
"control_rep1_ACTAACCAGCTAATTG-1","control_rep1","control",3786,2237,1.79609086106709,0.264131008980454,6256,3505,TRUE,FALSE,FALSE,FALSE,FALSE,TRUE,0.515544831752777,"singlet",TRUE
"control_rep1_ACTAACCAGCTGGCTA-1","control_rep1","control",2599,1515,4.00153905348211,0.0384763370527126,2780,1578,TRUE,FALSE,FALSE,FALSE,FALSE,TRUE,0.0827724114060402,"singlet",TRUE
"control_rep1_ACTAACCAGGTCGATT-1","control_rep1","control",42120,6377,2.24596391263058,0.144824311490978,45261,7321,TRUE,FALSE,FALSE,FALSE,FALSE,TRUE,0.016207555308938,"singlet",TRUE
"control_rep1_ACTAACTCAATGAGGT-1","control_rep1","control",2299,1476,5.48064375815572,0.521966072205307,2536,1557,TRUE,FALSE,FALSE,FALSE,FALSE,TRUE,0.00238108495250344,"singlet",TRUE
"control_rep1_ACTAACTCAATGCCTA-1","control_rep1","control",2939,1704,3.19836679142565,0.204151071793127,8632,4338,TRUE,FALSE,FALSE,FALSE,FALSE,TRUE,0.498721897602081,"singlet",TRUE
"control_rep1_ACTAACTCACAAACTT-1","control_rep1","control",2584,1519,2.86377708978328,0.580495356037152,2911,1632,TRUE,FALSE,FALSE,FALSE,FALSE,TRUE,0.250227630138397,"singlet",TRUE
"control_rep1_ACTATGTCACTAGCGT-1","control_rep1","control",2042,1370,0.881488736532811,0.0979431929480901,10295,5246,TRUE,FALSE,FALSE,FALSE,FALSE,TRUE,0.00181498983874917,"singlet",TRUE
"control_rep1_ACTATGTCAGCACGTT-1","control_rep1","control",3712,1970,6.54633620689655,0.0538793103448276,3852,2021,TRUE,FALSE,FALSE,FALSE,FALSE,TRUE,0.00427153101190925,"singlet",TRUE
"control_rep1_ACTCACCTCGTGCTTC-1","control_rep1","control",2791,1583,4.15621640988893,0.0716589036187746,2908,1627,TRUE,FALSE,FALSE,FALSE,FALSE,TRUE,0.0316549725830555,"singlet",TRUE
"control_rep1_ACTCACCTCTTGATGA-1","control_rep1","control",4592,2211,0.849303135888502,0.413763066202091,4733,2268,TRUE,FALSE,FALSE,FALSE,FALSE,TRUE,0.0140382274985313,"singlet",TRUE
"control_rep1_ACTCAGTAGCCTCTGT-1","control_rep1","control",715,569,4.05594405594406,0.13986013986014,8518,4222,TRUE,FALSE,FALSE,FALSE,FALSE,TRUE,0.00153658224735409,"singlet",TRUE
"control_rep1_ACTCCTCAGGGCTAAA-1","control_rep1","control",3316,1913,5.00603136308806,1.08564535585042,3638,1987,TRUE,FALSE,FALSE,FALSE,FALSE,TRUE,0.109940327703953,"singlet",TRUE
"control_rep1_ACTCCTCAGTGTTGTA-1","control_rep1","control",1847,1244,2.11153221440173,0,7678,4187,TRUE,FALSE,FALSE,FALSE,FALSE,TRUE,0.000877986720297486,"singlet",TRUE
"control_rep1_ACTCGCTTCGTTAGTA-1","control_rep1","control",9138,3757,4.01619610418035,0.120376449989057,25188,10716,TRUE,FALSE,FALSE,FALSE,FALSE,TRUE,0.213549822568893,"singlet",TRUE
"control_rep1_ACTGAAACAATGAGGT-1","control_rep1","control",2489,1446,0.683005222981117,0.0401767778224186,6375,3436,TRUE,FALSE,FALSE,FALSE,FALSE,TRUE,0.00151891517452896,"singlet",TRUE
"control_rep1_ACTGAAACAGTTGCGT-1","control_rep1","control",12065,3786,1.30128470783257,0.174057190219644,12608,3895,TRUE,FALSE,FALSE,FALSE,FALSE,TRUE,0.218425005674362,"singlet",TRUE
"control_rep1_ACTGAATGTCCTTTAA-1","control_rep1","control",3190,1920,1.12852664576802,0.219435736677116,4804,2748,TRUE,FALSE,FALSE,FALSE,FALSE,TRUE,0.00279545434750617,"singlet",TRUE
"control_rep1_ACTGAATGTGTCACGG-1","control_rep1","control",6552,2528,1.38888888888889,0.183150183150183,7165,2628,TRUE,FALSE,FALSE,FALSE,FALSE,TRUE,0.076027937233448,"singlet",TRUE
"control_rep1_ACTTACTTCCCTGTTA-1","control_rep1","control",2041,1396,2.40078392944635,0.244977951984321,9324,5011,TRUE,FALSE,FALSE,FALSE,FALSE,TRUE,0.00124464649707079,"singlet",TRUE
"control_rep1_ACTTACTTCCTTCGTA-1","control_rep1","control",4681,2290,4.52894680623798,0.21362956633198,5214,2422,TRUE,FALSE,FALSE,FALSE,FALSE,TRUE,0.304244667291641,"singlet",TRUE
"control_rep1_ACTTAGGGTGGAAGGC-1","control_rep1","control",4858,2060,3.1082750102923,0.0823384108686702,5000,2121,TRUE,FALSE,FALSE,FALSE,FALSE,TRUE,0.00411749538034201,"singlet",TRUE
"control_rep1_ACTTAGGGTTAGCAGC-1","control_rep1","control",5734,2243,2.4066968957098,0.174398325776073,5821,2278,TRUE,FALSE,FALSE,FALSE,FALSE,TRUE,0.00246739969588816,"singlet",TRUE
"control_rep1_ACTTAGTCACATAGCC-1","control_rep1","control",2760,1508,3.84057971014493,0.615942028985507,2967,1568,TRUE,FALSE,FALSE,FALSE,FALSE,TRUE,0.0134234363213181,"singlet",TRUE
"control_rep1_ACTTATCTCAGCACGC-1","control_rep1","control",17335,4481,1.56907989616383,0.305739832708393,22339,6698,TRUE,FALSE,FALSE,FALSE,FALSE,TRUE,0.149758949875832,"singlet",TRUE
"control_rep1_ACTTATCTCTCGACCT-1","control_rep1","control",1378,952,6.966618287373,0,1559,1020,TRUE,FALSE,FALSE,FALSE,FALSE,TRUE,0.00679832044988871,"singlet",TRUE
"control_rep1_ACTTATGAGCGGATAA-1","control_rep1","control",12594,4084,1.90566936636494,0.166746069556932,16702,4920,TRUE,FALSE,FALSE,FALSE,FALSE,TRUE,0.195043921470642,"singlet",TRUE
"control_rep1_ACTTATGAGCTTCTCA-1","control_rep1","control",4631,2444,2.4616713452818,0.0215936082919456,25401,10668,TRUE,FALSE,FALSE,FALSE,FALSE,TRUE,0.0751046389341354,"singlet",TRUE
"control_rep1_ACTTATGAGTTAGAGG-1","control_rep1","control",2398,1384,2.12677231025855,1.58465387823186,2586,1440,TRUE,FALSE,FALSE,FALSE,FALSE,TRUE,0.0146892024204135,"singlet",TRUE
"control_rep1_ACTTGAATCAAACCGT-1","control_rep1","control",6734,3125,3.19275319275319,1.0989010989011,15493,7023,TRUE,FALSE,FALSE,FALSE,FALSE,TRUE,0.014236425049603,"singlet",TRUE
"control_rep1_ACTTGAATCCCGTTGT-1","control_rep1","control",1153,840,10.5810928013877,0.173460537727667,2568,1589,TRUE,FALSE,FALSE,FALSE,TRUE,FALSE,NA,"not_tested_QC_fail",FALSE
"control_rep1_ACTTGAATCGTTAACA-1","control_rep1","control",2718,1691,1.3980868285504,0.22075055187638,17140,8087,TRUE,FALSE,FALSE,FALSE,FALSE,TRUE,0.00207818392664194,"singlet",TRUE
"control_rep1_ACTTGAATCTTAAGTG-1","control_rep1","control",9428,3305,1.19855748833263,0.265167585914298,9508,3343,TRUE,FALSE,FALSE,FALSE,FALSE,TRUE,0.0535896755754948,"singlet",TRUE
"control_rep1_ACTTGTAAGGTCGATT-1","control_rep1","control",4429,2117,2.30300293519982,0.0677353804470535,4794,2205,TRUE,FALSE,FALSE,FALSE,FALSE,TRUE,0.00454369140788913,"singlet",TRUE
"control_rep1_ACTTGTAAGTCTTGAA-1","control_rep1","control",3786,2087,2.00739566825145,0.158478605388273,3890,2128,TRUE,FALSE,FALSE,FALSE,FALSE,TRUE,0.228977978229523,"singlet",TRUE
"control_rep1_ACTTGTCGTCTTGCTG-1","control_rep1","control",22008,4756,1.23137041075972,0.118138858596874,22150,4818,TRUE,FALSE,FALSE,FALSE,FALSE,TRUE,0.202827841043472,"singlet",TRUE
"control_rep1_ACTTGTCGTTTACCGT-1","control_rep1","control",440,377,2.5,0,9316,4359,TRUE,TRUE,TRUE,FALSE,FALSE,FALSE,NA,"not_tested_QC_fail",FALSE
"control_rep1_ACTTGTCGTTTCCTCC-1","control_rep1","control",2866,1737,1.91905094207955,0.209351011863224,6380,3547,TRUE,FALSE,FALSE,FALSE,FALSE,TRUE,0.00543903280049562,"singlet",TRUE
"control_rep1_ACTTTGTTCAGAAACG-1","control_rep1","control",1757,1054,0.569151963574274,0,5747,3079,TRUE,FALSE,FALSE,FALSE,FALSE,TRUE,0.00272788433358073,"singlet",TRUE
"control_rep1_ACTTTGTTCCCTCAGT-1","control_rep1","control",1621,1121,7.40283775447255,0.0616903146206046,4436,2470,TRUE,FALSE,FALSE,FALSE,FALSE,TRUE,0.0019841818138957,"singlet",TRUE
"control_rep1_AGAAACCCAATGCCTA-1","control_rep1","control",4658,2591,2.70502361528553,0.38643194504079,9364,4914,TRUE,FALSE,FALSE,FALSE,FALSE,TRUE,0.0553060546517372,"singlet",TRUE
"control_rep1_AGAAACCCAATTGAGA-1","control_rep1","control",22083,5431,1.29511388851152,0.34415613820586,31477,9286,TRUE,FALSE,FALSE,FALSE,FALSE,TRUE,0.507818877696991,"singlet",TRUE
"control_rep1_AGAAACCCACCTGCCT-1","control_rep1","control",590,508,3.22033898305085,0,823,636,FALSE,FALSE,FALSE,FALSE,FALSE,TRUE,0.00132186559494585,"singlet",TRUE
"control_rep1_AGAAACCCACCTGCTC-1","control_rep1","control",2347,1569,1.44865786109928,0,7241,4002,TRUE,FALSE,FALSE,FALSE,FALSE,TRUE,0.00321369548328221,"singlet",TRUE
"control_rep1_AGAAACCCAGGCCAAA-1","control_rep1","control",1279,977,1.48553557466771,0.0781860828772478,1844,1269,TRUE,FALSE,FALSE,FALSE,FALSE,TRUE,0.00253785960376263,"singlet",TRUE
"control_rep1_AGAAACCCATTATGCG-1","control_rep1","control",2900,1680,2.79310344827586,0.413793103448276,3082,1735,TRUE,FALSE,FALSE,FALSE,FALSE,TRUE,0.0742775872349739,"singlet",TRUE
"control_rep1_AGAAACTAGCATCCAG-1","control_rep1","control",3636,2288,2.88778877887789,0.357535753575358,7701,4322,TRUE,FALSE,FALSE,FALSE,FALSE,TRUE,0.0144963022321463,"singlet",TRUE
"control_rep1_AGAAAGGCAGAAATTG-1","control_rep1","control",4611,2210,1.6048579483843,0.0433745391455216,4785,2274,TRUE,FALSE,FALSE,FALSE,FALSE,TRUE,0.424613475799561,"singlet",TRUE
"control_rep1_AGAACAAGTACTTAGG-1","control_rep1","control",4893,2239,1.57367668097282,0.286123032904149,5610,2412,TRUE,FALSE,FALSE,FALSE,FALSE,TRUE,0.0117841381579638,"singlet",TRUE
"control_rep1_AGAACCAAGCCGCAGT-1","control_rep1","control",918,740,2.94117647058824,0.108932461873638,6004,3267,TRUE,FALSE,FALSE,FALSE,FALSE,TRUE,0.0019854863639921,"singlet",TRUE
"control_rep1_AGAACCGCATTAGCCA-1","control_rep1","control",2277,1484,1.40535792709706,0.043917435221783,8317,4494,TRUE,FALSE,FALSE,FALSE,FALSE,TRUE,0.0034286817535758,"singlet",TRUE
"control_rep1_AGAAGGTGTGAGCGAA-1","control_rep1","control",5373,2354,3.44314163409641,0.0744463056020845,5615,2450,TRUE,FALSE,FALSE,FALSE,FALSE,TRUE,0.180128559470177,"singlet",TRUE
"control_rep1_AGAATCGAGTAGCTTA-1","control_rep1","control",3138,1802,2.83620140216699,0.605481198215424,4216,2149,TRUE,FALSE,FALSE,FALSE,FALSE,TRUE,0.00831718277186155,"singlet",TRUE
"control_rep1_AGAATCTGTCCGTGAG-1","control_rep1","control",1334,938,2.7736131934033,0,3347,2023,TRUE,FALSE,FALSE,FALSE,FALSE,TRUE,0.000963190745096654,"singlet",TRUE
"control_rep1_AGACAATAGCTCGCTT-1","control_rep1","control",8304,3409,9.2485549132948,0.252890173410405,21690,8940,TRUE,FALSE,FALSE,FALSE,FALSE,TRUE,0.98844051361084,"doublet",FALSE
"control_rep1_AGACACGCACGGTTTA-1","control_rep1","control",1149,892,4.52567449956484,0.0870322019147084,2811,1760,TRUE,FALSE,FALSE,FALSE,FALSE,TRUE,0.00124744861386716,"singlet",TRUE
"control_rep1_AGACACGCAGTAGGAT-1","control_rep1","control",1294,967,1.85471406491499,0,2548,1632,TRUE,FALSE,FALSE,FALSE,FALSE,TRUE,0.00203016470186412,"singlet",TRUE
"control_rep1_AGACCCGGTATTCGCT-1","control_rep1","control",2090,1299,1.00478468899522,0.143540669856459,12322,6066,TRUE,FALSE,FALSE,FALSE,FALSE,TRUE,0.00104085088241845,"singlet",TRUE
"control_rep1_AGACCCGGTCGCGCAA-1","control_rep1","control",55381,7476,0.935338834618371,0.173344648886802,57973,8042,FALSE,FALSE,FALSE,FALSE,FALSE,TRUE,0.0278147105127573,"singlet",TRUE
"control_rep1_AGACTATGTTTATCGC-1","control_rep1","control",1364,1009,1.61290322580645,0,6865,3752,TRUE,FALSE,FALSE,FALSE,FALSE,TRUE,0.00160795799456537,"singlet",TRUE
"control_rep1_AGAGAAGCAAACTGTT-1","control_rep1","control",1907,1242,4.92920818038804,1.10120608285265,2158,1319,TRUE,FALSE,FALSE,FALSE,FALSE,TRUE,0.00186540989670902,"singlet",TRUE
"control_rep1_AGAGAAGCACAACAGG-1","control_rep1","control",7999,2955,1.53769221152644,0.0500062507813477,8272,3029,TRUE,FALSE,FALSE,FALSE,FALSE,TRUE,0.0193062573671341,"singlet",TRUE
"control_rep1_AGAGAGGAGCGTGCAC-1","control_rep1","control",10997,3751,1.40038192234246,0.59107029189779,11255,3895,TRUE,FALSE,FALSE,FALSE,FALSE,TRUE,0.108090355992317,"singlet",TRUE
"control_rep1_AGAGAGGAGGCAATAG-1","control_rep1","control",4002,2228,2.32383808095952,0.124937531234383,5400,2973,TRUE,FALSE,FALSE,FALSE,FALSE,TRUE,0.627479612827301,"singlet",TRUE
"control_rep1_AGAGAGGAGGTAAGGC-1","control_rep1","control",2372,1508,1.34907251264755,0.590219224283305,2500,1560,TRUE,FALSE,FALSE,FALSE,FALSE,TRUE,0.180587708950043,"singlet",TRUE
"control_rep1_AGAGATTAGTAACGGA-1","control_rep1","control",3645,2114,1.78326474622771,0.192043895747599,3775,2161,TRUE,FALSE,FALSE,FALSE,FALSE,TRUE,0.220853477716446,"singlet",TRUE
"control_rep1_AGAGGAACAGCTACGT-1","control_rep1","control",17512,5045,2.06715395157606,0.348332571950662,25203,8364,TRUE,FALSE,FALSE,FALSE,FALSE,TRUE,0.935557067394257,"doublet",FALSE
"control_rep1_AGAGGATGTGTGCACG-1","control_rep1","control",1568,1139,1.27551020408163,0,5023,2903,TRUE,FALSE,FALSE,FALSE,FALSE,TRUE,0.00416069058701396,"singlet",TRUE
"control_rep1_AGATGAAGTACAAAGA-1","control_rep1","control",2430,1490,2.88065843621399,1.06995884773663,2719,1586,TRUE,FALSE,FALSE,FALSE,FALSE,TRUE,0.0275343433022499,"singlet",TRUE
"control_rep1_AGATGCTTCAAGACTC-1","control_rep1","control",4155,2191,2.57521058965102,0.2647412755716,4262,2236,TRUE,FALSE,FALSE,FALSE,FALSE,TRUE,0.93489009141922,"doublet",FALSE
"control_rep1_AGATGCTTCGAAGTAG-1","control_rep1","control",2990,1528,1.80602006688963,0.0668896321070234,3146,1583,TRUE,FALSE,FALSE,FALSE,FALSE,TRUE,0.00686567276716232,"singlet",TRUE
"control_rep1_AGCAAATAGACAAGTG-1","control_rep1","control",3440,1851,1.71511627906977,0.116279069767442,3585,1904,TRUE,FALSE,FALSE,FALSE,FALSE,TRUE,0.0574914962053299,"singlet",TRUE
"control_rep1_AGCAAATAGCACGATT-1","control_rep1","control",3790,2119,0.844327176781003,0.0527704485488127,16063,7669,TRUE,FALSE,FALSE,FALSE,FALSE,TRUE,0.00385653204284608,"singlet",TRUE
"control_rep1_AGCAAATAGGCGAATA-1","control_rep1","control",1663,1225,2.58568851473241,0,12624,6190,TRUE,FALSE,FALSE,FALSE,FALSE,TRUE,0.000870677584316581,"singlet",TRUE
"control_rep1_AGCAAATAGTGGCGGA-1","control_rep1","control",1181,743,6.01185436071126,0.0846740050804403,3105,1750,TRUE,FALSE,FALSE,FALSE,FALSE,TRUE,0.00280744209885597,"singlet",TRUE
"control_rep1_AGCAACAAGGACAACA-1","control_rep1","control",36990,6474,1.04352527710192,0.148688834820222,40045,7384,TRUE,FALSE,FALSE,FALSE,FALSE,TRUE,0.0548492819070816,"singlet",TRUE
"control_rep1_AGCAAGGGTATTGAGT-1","control_rep1","control",1893,1310,0.898045430533545,0.0528262017960909,5922,3240,TRUE,FALSE,FALSE,FALSE,FALSE,TRUE,0.00136730947997421,"singlet",TRUE
"control_rep1_AGCAAGGGTTAGCAGC-1","control_rep1","control",2742,1710,6.2363238512035,0.328227571115974,5515,3123,TRUE,FALSE,FALSE,FALSE,FALSE,TRUE,0.0038557278458029,"singlet",TRUE
"control_rep1_AGCAAGGGTTGCTGGG-1","control_rep1","control",2759,1680,0.652410293584632,0.326205146792316,27279,10871,TRUE,FALSE,FALSE,FALSE,FALSE,TRUE,0.00601421343162656,"singlet",TRUE
"control_rep1_AGCAATACAATAATCC-1","control_rep1","control",714,567,3.22128851540616,0.280112044817927,4674,2570,TRUE,FALSE,FALSE,FALSE,FALSE,TRUE,0.00107072200626135,"singlet",TRUE
"control_rep1_AGCAATTGTGTTTGTC-1","control_rep1","control",1583,1090,1.95830701200253,0.0631711939355654,5050,2782,TRUE,FALSE,FALSE,FALSE,FALSE,TRUE,0.000852855097036809,"singlet",TRUE
"control_rep1_AGCACAGCAATAGCCC-1","control_rep1","control",10072,3499,1.66799046862589,0.0297855440826052,10296,3565,TRUE,FALSE,FALSE,FALSE,FALSE,TRUE,0.0212195701897144,"singlet",TRUE
"control_rep1_AGCACTTAGGGTGAGT-1","control_rep1","control",1274,859,4.86656200941915,1.25588697017268,1554,930,TRUE,FALSE,FALSE,FALSE,FALSE,TRUE,0.00241380860097706,"singlet",TRUE
"control_rep1_AGCAGGTAGATAACCC-1","control_rep1","control",3645,1706,1.39917695473251,0.493827160493827,3791,1764,TRUE,FALSE,FALSE,FALSE,FALSE,TRUE,0.012321462854743,"singlet",TRUE
"control_rep1_AGCAGGTAGCTGTACG-1","control_rep1","control",11240,4035,1.46797153024911,0.364768683274021,19341,7634,TRUE,FALSE,FALSE,FALSE,FALSE,TRUE,0.250128507614136,"singlet",TRUE
"control_rep1_AGCAGGTAGTTGGATC-1","control_rep1","control",5913,2658,1.55589379333672,0.101471334348047,6060,2712,TRUE,FALSE,FALSE,FALSE,FALSE,TRUE,0.057337798178196,"singlet",TRUE
"control_rep1_AGCATCCCACATAGCC-1","control_rep1","control",29867,6579,1.50667961295075,0.150667961295075,35004,8477,TRUE,FALSE,FALSE,FALSE,FALSE,TRUE,0.993327617645264,"doublet",FALSE
"control_rep1_AGCATTTCAAGGCCAA-1","control_rep1","control",2189,1411,4.97944266788488,0.228414801279123,2332,1458,TRUE,FALSE,FALSE,FALSE,FALSE,TRUE,0.0145540805533528,"singlet",TRUE
"control_rep1_AGCATTTCATTGGGAG-1","control_rep1","control",1566,1031,5.04469987228608,0.127713920817369,1794,1095,TRUE,FALSE,FALSE,FALSE,FALSE,TRUE,0.00112942617852241,"singlet",TRUE
"control_rep1_AGCCAGTGTTAACACG-1","control_rep1","control",2790,1685,5.48387096774194,0.17921146953405,2979,1761,TRUE,FALSE,FALSE,FALSE,FALSE,TRUE,0.0234210956841707,"singlet",TRUE
"control_rep1_AGCCGCTAGACTCGCA-1","control_rep1","control",2641,1639,2.9155622870125,0.11359333585763,14525,6821,TRUE,FALSE,FALSE,FALSE,FALSE,TRUE,0.00599206844344735,"singlet",TRUE
"control_rep1_AGCCGCTAGCTTAGTA-1","control_rep1","control",1346,1059,2.4517087667162,0.148588410104012,28603,10633,TRUE,FALSE,FALSE,FALSE,FALSE,TRUE,0.00199094950221479,"singlet",TRUE
"control_rep1_AGCCGCTAGGTTTGAC-1","control_rep1","control",3067,1923,2.901858493642,0.163025758069775,15019,7308,TRUE,FALSE,FALSE,FALSE,FALSE,TRUE,0.0461967960000038,"singlet",TRUE
"control_rep1_AGCCGGTTCAGCCAAT-1","control_rep1","control",23926,6386,4.09596255119953,0.380339379754242,25797,6845,TRUE,FALSE,FALSE,FALSE,FALSE,TRUE,0.98931747674942,"doublet",FALSE
"control_rep1_AGCCGGTTCATAACTG-1","control_rep1","control",20458,4978,2.12630755694594,0.0879851402874181,20519,5006,TRUE,FALSE,FALSE,FALSE,FALSE,TRUE,0.034817311912775,"singlet",TRUE
"control_rep1_AGCCGGTTCTCCATGC-1","control_rep1","control",11247,3835,4.70347648261759,0.417889214901752,12476,3958,TRUE,FALSE,FALSE,FALSE,FALSE,TRUE,0.213823229074478,"singlet",TRUE
"control_rep1_AGCCTAGTCGTCCTTA-1","control_rep1","control",2232,1465,7.88530465949821,0.268817204301075,4454,2659,TRUE,FALSE,FALSE,FALSE,FALSE,TRUE,0.00203016470186412,"singlet",TRUE
"control_rep1_AGCCTAGTCTTAGTGA-1","control_rep1","control",3954,2470,2.95902883156297,0.101163378856854,22830,10143,TRUE,FALSE,FALSE,FALSE,FALSE,TRUE,0.548584759235382,"singlet",TRUE
"control_rep1_AGCCTCCGTTCGCGCT-1","control_rep1","control",2209,1472,1.31281122679946,0.271616115889543,9616,5121,TRUE,FALSE,FALSE,FALSE,FALSE,TRUE,0.00171509874053299,"singlet",TRUE
"control_rep1_AGCCTGGGTAATGGCC-1","control_rep1","control",2978,1605,1.88045668233714,0.537273337810611,3398,1690,TRUE,FALSE,FALSE,FALSE,FALSE,TRUE,0.00393207604065537,"singlet",TRUE
"control_rep1_AGCCTGGGTGTCCTGC-1","control_rep1","control",18598,4425,2.95730723733735,0,18670,4455,TRUE,FALSE,FALSE,FALSE,FALSE,TRUE,0.29397040605545,"singlet",TRUE
"control_rep1_AGCCTGGGTTTCGCCA-1","control_rep1","control",8417,3367,4.08696685279791,0.106926458358085,8804,3472,TRUE,FALSE,FALSE,FALSE,FALSE,TRUE,0.991869807243347,"doublet",FALSE
"control_rep1_AGCGCCTAGCCAGTAT-1","control_rep1","control",10781,4060,3.49689268156943,0.343196363973657,21043,8326,TRUE,FALSE,FALSE,FALSE,FALSE,TRUE,0.581691205501556,"singlet",TRUE
"control_rep1_AGCGCCTAGCGTGCGT-1","control_rep1","control",2770,1808,2.4187725631769,0.216606498194946,21765,9306,TRUE,FALSE,FALSE,FALSE,FALSE,TRUE,0.255253583192825,"singlet",TRUE
"control_rep1_AGCGCCTAGGACCTTG-1","control_rep1","control",14326,3983,1.66829540695239,0.314114197961748,15045,4104,TRUE,FALSE,FALSE,FALSE,FALSE,TRUE,0.330940186977386,"singlet",TRUE
"control_rep1_AGCGCCTAGTGAGGGT-1","control_rep1","control",16738,4639,0.955908710718126,0.143386306607719,17224,4731,TRUE,FALSE,FALSE,FALSE,FALSE,TRUE,0.362203449010849,"singlet",TRUE
"control_rep1_AGCGCTCAGCCAGTAT-1","control_rep1","control",4419,2003,4.0959493097986,0.543109300746775,4768,2082,TRUE,FALSE,FALSE,FALSE,FALSE,TRUE,0.0121887410059571,"singlet",TRUE
"control_rep1_AGCGCTCAGGAGGTTA-1","control_rep1","control",5907,2747,4.14762146605722,0.270865075334349,10177,4387,TRUE,FALSE,FALSE,FALSE,FALSE,TRUE,0.115771479904652,"singlet",TRUE
"control_rep1_AGCGGACCAAATTCGT-1","control_rep1","control",14978,4302,0.96141006809988,0.186940846574977,16610,4991,TRUE,FALSE,FALSE,FALSE,FALSE,TRUE,0.355820924043655,"singlet",TRUE
"control_rep1_AGCGGACCACAGACTC-1","control_rep1","control",3181,2027,1.41464948129519,0.0943099654196793,12919,6630,TRUE,FALSE,FALSE,FALSE,FALSE,TRUE,0.0659108385443687,"singlet",TRUE
"control_rep1_AGCGGACCATAAACCT-1","control_rep1","control",6574,2517,1.39945238819592,0.152114390021296,6961,2611,TRUE,FALSE,FALSE,FALSE,FALSE,TRUE,0.00327769946306944,"singlet",TRUE
"control_rep1_AGCGGACCATGTTGGC-1","control_rep1","control",16766,4998,3.44148872718597,0.292258141476798,17596,5188,TRUE,FALSE,FALSE,FALSE,FALSE,TRUE,0.554730117321014,"singlet",TRUE
"control_rep1_AGCGGATAGGGACTAA-1","control_rep1","control",14320,4157,2.7304469273743,0.104748603351955,15398,4286,TRUE,FALSE,FALSE,FALSE,FALSE,TRUE,0.074062280356884,"singlet",TRUE
"control_rep1_AGCGGATAGTTAGACC-1","control_rep1","control",3714,1803,2.77329025309639,0.0269251480883145,3841,1851,TRUE,FALSE,FALSE,FALSE,FALSE,TRUE,0.0035031852312386,"singlet",TRUE
"control_rep1_AGCGTGCTCACAGCGC-1","control_rep1","control",9544,3491,1.78122380553227,0.419111483654652,16437,6594,TRUE,FALSE,FALSE,FALSE,FALSE,TRUE,0.011299729347229,"singlet",TRUE
"control_rep1_AGCGTGCTCGGTAACT-1","control_rep1","control",2762,1719,1.15858073859522,0.0362056480811007,4656,2733,TRUE,FALSE,FALSE,FALSE,FALSE,TRUE,0.140471428632736,"singlet",TRUE
"control_rep1_AGCGTGCTCTGTTCAT-1","control_rep1","control",31525,5674,2.19508326724822,0.0602696272799366,32011,5773,TRUE,FALSE,FALSE,FALSE,FALSE,TRUE,0.0180568695068359,"singlet",TRUE
"control_rep1_AGCTAAACAGTTATGT-1","control_rep1","control",1572,1112,5.470737913486,0.44529262086514,1734,1176,TRUE,FALSE,FALSE,FALSE,FALSE,TRUE,0.00173166976310313,"singlet",TRUE
"control_rep1_AGCTAAACATAGCTGC-1","control_rep1","control",2548,1514,2.55102040816327,0.196232339089482,2671,1562,TRUE,FALSE,FALSE,FALSE,FALSE,TRUE,0.00534877320751548,"singlet",TRUE
"control_rep1_AGCTACGTCATTGCAA-1","control_rep1","control",3854,1754,0.96004151530877,0.129735339906591,4024,1819,TRUE,FALSE,FALSE,FALSE,FALSE,TRUE,0.00252117356285453,"singlet",TRUE
"control_rep1_AGCTACGTCCCGCCTA-1","control_rep1","control",2603,1691,4.64848252016904,0.0384172109104879,16458,7403,TRUE,FALSE,FALSE,FALSE,FALSE,TRUE,0.0103227244690061,"singlet",TRUE
"control_rep1_AGCTACTAGCATTAGC-1","control_rep1","control",8334,3412,1.42788576913847,0.107991360691145,8573,3478,TRUE,FALSE,FALSE,FALSE,FALSE,TRUE,0.192552298307419,"singlet",TRUE
"control_rep1_AGCTAGTTCGATTATG-1","control_rep1","control",25662,7543,1.9211285168732,0.463720676486634,53961,16587,FALSE,FALSE,FALSE,FALSE,FALSE,TRUE,0.907902419567108,"doublet",FALSE
"control_rep1_AGCTCATAGAAAGCAT-1","control_rep1","control",4102,2193,2.04778156996587,0.243783520234032,6352,3343,TRUE,FALSE,FALSE,FALSE,FALSE,TRUE,0.0732288062572479,"singlet",TRUE
"control_rep1_AGCTCATAGTTGTCAA-1","control_rep1","control",9346,3502,4.76139524930452,0.513588701048577,10262,3618,TRUE,FALSE,FALSE,FALSE,FALSE,TRUE,0.503922164440155,"singlet",TRUE
"control_rep1_AGCTTAATCATAACTG-1","control_rep1","control",1579,1155,1.64661177960735,0.696643445218493,5757,3318,TRUE,FALSE,FALSE,FALSE,FALSE,TRUE,0.00226208148524165,"singlet",TRUE
"control_rep1_AGCTTAATCCATCAGG-1","control_rep1","control",3092,1667,2.39327296248383,0.355756791720569,3204,1712,TRUE,FALSE,FALSE,FALSE,FALSE,TRUE,0.0290623530745506,"singlet",TRUE
"control_rep1_AGCTTAATCCCATAGG-1","control_rep1","control",2705,1735,1.21996303142329,0.11090573012939,3905,2314,TRUE,FALSE,FALSE,FALSE,FALSE,TRUE,0.0102007025852799,"singlet",TRUE
"control_rep1_AGCTTCCTCTGTAATG-1","control_rep1","control",2727,1806,8.47084708470847,1.57682434910158,3087,1984,TRUE,FALSE,FALSE,FALSE,FALSE,TRUE,0.0258978959172964,"singlet",TRUE
"control_rep1_AGCTTGGTCCTCATCA-1","control_rep1","control",5654,2728,2.88291475061903,0.636717368234878,14220,6681,TRUE,FALSE,FALSE,FALSE,FALSE,TRUE,0.0463399961590767,"singlet",TRUE
"control_rep1_AGCTTGGTCTAATCTC-1","control_rep1","control",2009,1275,12.0955699352912,0.696864111498258,2397,1361,TRUE,FALSE,FALSE,FALSE,TRUE,FALSE,NA,"not_tested_QC_fail",FALSE
"control_rep1_AGCTTTAAGACACCGC-1","control_rep1","control",3860,2261,3.860103626943,0.751295336787565,4013,2323,TRUE,FALSE,FALSE,FALSE,FALSE,TRUE,0.417415022850037,"singlet",TRUE
"control_rep1_AGCTTTAAGCATGCAT-1","control_rep1","control",6606,2774,2.89131092945807,0.0302755071147442,7076,2864,TRUE,FALSE,FALSE,FALSE,FALSE,TRUE,0.183526620268822,"singlet",TRUE
"control_rep1_AGCTTTAAGGGCCACT-1","control_rep1","control",1979,1327,3.18342597271349,0.555836280949975,2152,1400,TRUE,FALSE,FALSE,FALSE,FALSE,TRUE,0.00160125782713294,"singlet",TRUE
"control_rep1_AGGAAACGTGGACCTG-1","control_rep1","control",5329,2661,0.731844623756802,0.0562957402889848,33484,12463,TRUE,FALSE,FALSE,FALSE,FALSE,TRUE,0.00484959874302149,"singlet",TRUE
"control_rep1_AGGAAACGTTAGACCA-1","control_rep1","control",1832,1169,5.02183406113537,0.163755458515284,2142,1250,TRUE,FALSE,FALSE,FALSE,FALSE,TRUE,0.00132060400210321,"singlet",TRUE
"control_rep1_AGGAAACGTTCCAGGG-1","control_rep1","control",8929,3000,1.69111882629634,0.223989248516071,9238,3101,TRUE,FALSE,FALSE,FALSE,FALSE,TRUE,0.193280667066574,"singlet",TRUE
"control_rep1_AGGAACCAGAATCGCT-1","control_rep1","control",1968,1311,4.8780487804878,0.863821138211382,2173,1376,TRUE,FALSE,FALSE,FALSE,FALSE,TRUE,0.154879033565521,"singlet",TRUE
"control_rep1_AGGAACCAGGTCTTGG-1","control_rep1","control",908,656,10.9030837004405,0.66079295154185,1106,714,FALSE,FALSE,FALSE,FALSE,TRUE,FALSE,NA,"not_tested_QC_fail",FALSE
"control_rep1_AGGAACGGTTACGCGG-1","control_rep1","control",3565,1774,1.23422159887798,0.224403927068724,3664,1814,TRUE,FALSE,FALSE,FALSE,FALSE,TRUE,0.0371282435953617,"singlet",TRUE
"control_rep1_AGGAGCTAGGCGCATC-1","control_rep1","control",5195,2692,1.92492781520693,0.0962463907603465,12749,6269,TRUE,FALSE,FALSE,FALSE,FALSE,TRUE,0.534882724285126,"singlet",TRUE
"control_rep1_AGGATATAGCTCCTTA-1","control_rep1","control",2999,1814,6.96898966322107,0.966988996332111,3378,1913,TRUE,FALSE,FALSE,FALSE,FALSE,TRUE,0.0183585975319147,"singlet",TRUE
"control_rep1_AGGATATAGGGATGAC-1","control_rep1","control",1218,914,5.33661740558292,0.328407224958949,1389,976,TRUE,FALSE,FALSE,FALSE,FALSE,TRUE,0.00114180648233742,"singlet",TRUE
"control_rep1_AGGATATAGGGTGAGT-1","control_rep1","control",4611,2573,2.34222511385817,0.108436347863804,13834,6892,TRUE,FALSE,FALSE,FALSE,FALSE,TRUE,0.159732639789581,"singlet",TRUE
"control_rep1_AGGATATAGTAAAGGT-1","control_rep1","control",5461,2625,3.84544955136422,0.476103277787951,10529,4805,TRUE,FALSE,FALSE,FALSE,FALSE,TRUE,0.760338664054871,"singlet",TRUE
"control_rep1_AGGATATAGTCACGAT-1","control_rep1","control",1610,1140,0.93167701863354,0.186335403726708,8620,4605,TRUE,FALSE,FALSE,FALSE,FALSE,TRUE,0.00133927341084927,"singlet",TRUE
"control_rep1_AGGATCCGTAACTACG-1","control_rep1","control",893,651,11.1982082866741,0.671892497200448,1110,726,FALSE,FALSE,FALSE,FALSE,TRUE,FALSE,NA,"not_tested_QC_fail",FALSE
"control_rep1_AGGATCCGTAATGACT-1","control_rep1","control",853,660,7.97186400937866,0.234466588511137,2078,1296,TRUE,FALSE,FALSE,FALSE,FALSE,TRUE,0.0025554345920682,"singlet",TRUE
"control_rep1_AGGATCCGTCATAGAT-1","control_rep1","control",1717,1166,0.93185789167152,0,5481,3096,TRUE,FALSE,FALSE,FALSE,FALSE,TRUE,0.00134853424970061,"singlet",TRUE
"control_rep1_AGGATCCGTGTTGCTT-1","control_rep1","control",23943,5377,0.860376728062482,0.371716159211461,34369,9634,TRUE,FALSE,FALSE,FALSE,FALSE,TRUE,0.0382646396756172,"singlet",TRUE
"control_rep1_AGGATGCAGACACTTA-1","control_rep1","control",4470,2234,2.17002237136465,0.29082774049217,8774,4277,TRUE,FALSE,FALSE,FALSE,FALSE,TRUE,0.0394764803349972,"singlet",TRUE
"control_rep1_AGGATGCAGCGGATAA-1","control_rep1","control",4609,2196,2.29984812323714,0,4865,2266,TRUE,FALSE,FALSE,FALSE,FALSE,TRUE,0.121920026838779,"singlet",TRUE
"control_rep1_AGGATGCAGCTGGACC-1","control_rep1","control",12013,4873,4.128860401232,0.524431865479064,25831,10173,TRUE,FALSE,FALSE,FALSE,FALSE,TRUE,0.990482091903687,"doublet",FALSE
"control_rep1_AGGATGCAGGCAAGTA-1","control_rep1","control",1720,1164,3.48837209302326,0.0581395348837209,4031,2372,TRUE,FALSE,FALSE,FALSE,FALSE,TRUE,0.00186496344394982,"singlet",TRUE
"control_rep1_AGGATGCAGGGCTTAT-1","control_rep1","control",20659,4891,2.08141729996612,0.0145215160462752,21129,4982,TRUE,FALSE,FALSE,FALSE,FALSE,TRUE,0.415093421936035,"singlet",TRUE
"control_rep1_AGGATGCAGTGGCGGA-1","control_rep1","control",3535,2198,2.82885431400283,0.282885431400283,3728,2262,TRUE,FALSE,FALSE,FALSE,FALSE,TRUE,0.115742437541485,"singlet",TRUE
"control_rep1_AGGATGTCAAGCCACT-1","control_rep1","control",2358,1569,3.64715860899067,0.339270568278202,2611,1652,TRUE,FALSE,FALSE,FALSE,FALSE,TRUE,0.0900374576449394,"singlet",TRUE
"control_rep1_AGGATGTCACCTCGCT-1","control_rep1","control",23572,5092,2.22297641269303,0.0424232139826913,23785,5159,TRUE,FALSE,FALSE,FALSE,FALSE,TRUE,0.084612600505352,"singlet",TRUE
"control_rep1_AGGATGTCACTCGCTC-1","control_rep1","control",4017,2248,2.63878516305701,0.124470998257406,12735,6309,TRUE,FALSE,FALSE,FALSE,FALSE,TRUE,0.611756026744843,"singlet",TRUE
"control_rep1_AGGATTGAGTGTTGCG-1","control_rep1","control",2653,1736,1.92235205427818,0.30154542027893,10247,5359,TRUE,FALSE,FALSE,FALSE,FALSE,TRUE,0.225559711456299,"singlet",TRUE
"control_rep1_AGGCAATCAATTGAGA-1","control_rep1","control",6093,2285,1.11603479402593,0.328245527654686,6461,2404,TRUE,FALSE,FALSE,FALSE,FALSE,TRUE,0.00764725636690855,"singlet",TRUE
"control_rep1_AGGCAATCACAGAACG-1","control_rep1","control",7175,3126,1.72822299651568,0.306620209059233,7447,3199,TRUE,FALSE,FALSE,FALSE,FALSE,TRUE,0.0127487117424607,"singlet",TRUE
"control_rep1_AGGCAGGTCAAACACC-1","control_rep1","control",5924,2790,1.89061444969615,0.455773126266036,25618,10252,TRUE,FALSE,FALSE,FALSE,FALSE,TRUE,0.0687912553548813,"singlet",TRUE
"control_rep1_AGGCAGGTCACCAATA-1","control_rep1","control",1469,1067,6.05854322668482,0.816882232811436,1644,1139,TRUE,FALSE,FALSE,FALSE,FALSE,TRUE,0.0020308846142143,"singlet",TRUE
"control_rep1_AGGCAGGTCCGGGACT-1","control_rep1","control",2297,1504,3.78754897692643,0.261210274270788,2500,1572,TRUE,FALSE,FALSE,FALSE,FALSE,TRUE,0.00779478717595339,"singlet",TRUE
"control_rep1_AGGCTAAAGAAACTGG-1","control_rep1","control",1750,1175,1.08571428571429,0.171428571428571,3444,2046,TRUE,FALSE,FALSE,FALSE,FALSE,TRUE,0.00160125782713294,"singlet",TRUE
"control_rep1_AGGCTAAAGAATCTCA-1","control_rep1","control",2314,1578,4.32152117545376,0.17286084701815,5200,3036,TRUE,FALSE,FALSE,FALSE,FALSE,TRUE,0.00232262327335775,"singlet",TRUE
"control_rep1_AGGCTAAAGGTCCTAG-1","control_rep1","control",2768,1656,2.34826589595376,0.0361271676300578,16104,7468,TRUE,FALSE,FALSE,FALSE,FALSE,TRUE,0.00250019552186131,"singlet",TRUE
"control_rep1_AGGCTAGCAAGCTACC-1","control_rep1","control",24361,5328,1.64607364229711,0.0451541398136365,24497,5379,TRUE,FALSE,FALSE,FALSE,FALSE,TRUE,0.0540103986859322,"singlet",TRUE
"control_rep1_AGGCTAGCATTTAAGC-1","control_rep1","control",2546,1700,2.827965435978,0.2356637863315,3324,2117,TRUE,FALSE,FALSE,FALSE,FALSE,TRUE,0.000826597795821726,"singlet",TRUE
"control_rep1_AGGGCCTTCAAGTGTC-1","control_rep1","control",15889,4018,0.623072565926112,0.0755239473849833,16170,4094,TRUE,FALSE,FALSE,FALSE,FALSE,TRUE,0.0177501440048218,"singlet",TRUE
"control_rep1_AGGGCTACAACACTTG-1","control_rep1","control",13453,4157,2.63138333457221,0.148665725117074,13564,4197,TRUE,FALSE,FALSE,FALSE,FALSE,TRUE,0.132462561130524,"singlet",TRUE
"control_rep1_AGGGCTACAGAATGAC-1","control_rep1","control",2283,1479,3.06614104248795,0,5410,3056,TRUE,FALSE,FALSE,FALSE,FALSE,TRUE,0.00260768458247185,"singlet",TRUE
"control_rep1_AGGGCTACAGTTAAAG-1","control_rep1","control",30219,6870,1.42294582878322,0.172077169992389,49060,13769,TRUE,FALSE,FALSE,FALSE,FALSE,TRUE,0.979538977146149,"doublet",FALSE
"control_rep1_AGGGTTGCAATCATGT-1","control_rep1","control",9742,3800,7.23670704167522,1.29336891808664,10785,3925,TRUE,FALSE,FALSE,FALSE,FALSE,TRUE,0.0209405440837145,"singlet",TRUE
"control_rep1_AGGGTTGCAGAGAGCC-1","control_rep1","control",7110,2606,1.70182841068917,0.126582278481013,7307,2670,TRUE,FALSE,FALSE,FALSE,FALSE,TRUE,0.0054372064769268,"singlet",TRUE
"control_rep1_AGGGTTGCAGTAGGTG-1","control_rep1","control",1658,1126,4.70446320868516,1.26658624849216,2181,1332,TRUE,FALSE,FALSE,FALSE,FALSE,TRUE,0.00404724897816777,"singlet",TRUE
"control_rep1_AGGTACGCAATCTCTC-1","control_rep1","control",2636,1710,5.00758725341426,0.113808801213961,2787,1774,TRUE,FALSE,FALSE,FALSE,FALSE,TRUE,0.0019810579251498,"singlet",TRUE
"control_rep1_AGGTACGCACAGCCTG-1","control_rep1","control",17213,4849,1.38848544704584,0.180096438738163,20517,6220,TRUE,FALSE,FALSE,FALSE,FALSE,TRUE,0.369976788759232,"singlet",TRUE
"control_rep1_AGGTACGCAGTCTAGC-1","control_rep1","control",5671,2559,1.85152530417916,0.317404337859284,6456,2695,TRUE,FALSE,FALSE,FALSE,FALSE,TRUE,0.100953944027424,"singlet",TRUE
"control_rep1_AGGTATTGTAGCCTCC-1","control_rep1","control",760,634,2.23684210526316,0.131578947368421,2318,1419,TRUE,FALSE,FALSE,FALSE,FALSE,TRUE,0.00201960024423897,"singlet",TRUE
"control_rep1_AGGTATTGTAGTTGGC-1","control_rep1","control",1599,1212,1.43839899937461,0.125078173858662,3081,2018,TRUE,FALSE,FALSE,FALSE,FALSE,TRUE,0.00158754864241928,"singlet",TRUE
"control_rep1_AGGTATTGTTTGTCTA-1","control_rep1","control",12015,4318,1.98085726175614,0.224719101123595,25780,10064,TRUE,FALSE,FALSE,FALSE,FALSE,TRUE,0.998980462551117,"doublet",FALSE
"control_rep1_AGGTCATTCACAGACT-1","control_rep1","control",2613,1618,0.956754688097972,0.191350937619594,16527,7792,TRUE,FALSE,FALSE,FALSE,FALSE,TRUE,0.00911305565387011,"singlet",TRUE
"control_rep1_AGGTCATTCGAGGAAC-1","control_rep1","control",8160,3939,2.18137254901961,0.53921568627451,9827,4615,TRUE,FALSE,FALSE,FALSE,FALSE,TRUE,0.991669654846191,"doublet",FALSE
"control_rep1_AGGTCCGGTCCGTAGG-1","control_rep1","control",8582,2696,2.78489862502913,0.0466091820088557,8709,2745,TRUE,FALSE,FALSE,FALSE,FALSE,TRUE,0.00987907219678164,"singlet",TRUE
"control_rep1_AGGTCCGGTTAATGCG-1","control_rep1","control",2388,1487,0.711892797319933,0.16750418760469,23404,9764,TRUE,FALSE,FALSE,FALSE,FALSE,TRUE,0.00254024588502944,"singlet",TRUE
"control_rep1_AGGTCTTAGGCGGGTA-1","control_rep1","control",2369,1597,1.85732376530182,0.126635711270578,18579,8214,TRUE,FALSE,FALSE,FALSE,FALSE,TRUE,0.259306252002716,"singlet",TRUE
"control_rep1_AGGTCTTAGGCTAGAA-1","control_rep1","control",898,731,5.34521158129176,0.22271714922049,8266,4170,TRUE,FALSE,FALSE,FALSE,FALSE,TRUE,0.00257627945393324,"singlet",TRUE
"control_rep1_AGGTCTTAGGGACTAA-1","control_rep1","control",5699,3139,2.31619582382874,0.140375504474469,26649,10773,TRUE,FALSE,FALSE,FALSE,FALSE,TRUE,0.995419144630432,"doublet",FALSE
"control_rep1_AGGTGAATCAGGTCCA-1","control_rep1","control",817,625,6.48714810281518,1.1015911872705,1094,699,FALSE,FALSE,FALSE,FALSE,FALSE,TRUE,0.0025554345920682,"singlet",TRUE
"control_rep1_AGGTGAGGTAAGCTTG-1","control_rep1","control",12510,5123,3.23741007194245,0.143884892086331,21761,9260,TRUE,FALSE,FALSE,FALSE,FALSE,TRUE,0.976062059402466,"doublet",FALSE
"control_rep1_AGGTGAGGTACGGTAC-1","control_rep1","control",2120,1326,3.58490566037736,0.330188679245283,2257,1379,TRUE,FALSE,FALSE,FALSE,FALSE,TRUE,0.0178132150322199,"singlet",TRUE
"control_rep1_AGGTTAACAAGCCAGA-1","control_rep1","control",5688,2370,1.75808720112518,0,5785,2412,TRUE,FALSE,FALSE,FALSE,FALSE,TRUE,0.0801023989915848,"singlet",TRUE
"control_rep1_AGGTTAGAGACTTATG-1","control_rep1","control",4397,2174,0.977939504207414,0.3183989083466,5397,2676,TRUE,FALSE,FALSE,FALSE,FALSE,TRUE,0.0362454503774643,"singlet",TRUE
"control_rep1_AGGTTAGAGAGCCGCT-1","control_rep1","control",4432,2228,1.17328519855596,0.383574007220217,4544,2281,TRUE,FALSE,FALSE,FALSE,FALSE,TRUE,0.0981041342020035,"singlet",TRUE
"control_rep1_AGGTTAGAGTCATGCG-1","control_rep1","control",2600,1695,4.38461538461539,0.153846153846154,2796,1769,TRUE,FALSE,FALSE,FALSE,FALSE,TRUE,0.00219022016972303,"singlet",TRUE
"control_rep1_AGGTTGCGTGTTTGCT-1","control_rep1","control",16809,5299,2.37372835980725,0.243916949253376,17372,5521,TRUE,FALSE,FALSE,FALSE,FALSE,TRUE,0.996186196804047,"doublet",FALSE
"control_rep1_AGGTTTATCTAATCCT-1","control_rep1","control",3093,1872,3.13611380536696,0.549628192693178,5493,2982,TRUE,FALSE,FALSE,FALSE,FALSE,TRUE,0.0363001488149166,"singlet",TRUE
"control_rep1_AGGTTTGGTCATCAAG-1","control_rep1","control",3980,2311,6.18090452261307,0.276381909547739,18506,8595,TRUE,FALSE,FALSE,FALSE,FALSE,TRUE,0.224545776844025,"singlet",TRUE
"control_rep1_AGTAAACAGCTTCTCA-1","control_rep1","control",2763,1534,5.24791892870069,0.470503076366269,2891,1584,TRUE,FALSE,FALSE,FALSE,FALSE,TRUE,0.00753318192437291,"singlet",TRUE
"control_rep1_AGTAAACAGTAAGGGC-1","control_rep1","control",11047,3872,1.48456594550557,0.144835702000543,11869,4191,TRUE,FALSE,FALSE,FALSE,FALSE,TRUE,0.956655740737915,"doublet",FALSE
"control_rep1_AGTAACACACCACAAC-1","control_rep1","control",1641,1208,2.37659963436929,0.304692260816575,2547,1685,TRUE,FALSE,FALSE,FALSE,FALSE,TRUE,0.00231955689378083,"singlet",TRUE
"control_rep1_AGTAACCTCAAAGGCA-1","control_rep1","control",2993,1524,1.67056465085199,0.0334112930170398,3116,1576,TRUE,FALSE,FALSE,FALSE,FALSE,TRUE,0.00124657736159861,"singlet",TRUE
"control_rep1_AGTAACCTCTCCTCTT-1","control_rep1","control",1741,1123,3.10166570936244,0.459506031016657,2167,1252,TRUE,FALSE,FALSE,FALSE,FALSE,TRUE,0.00214334111660719,"singlet",TRUE
"control_rep1_AGTAACGAGAGCCGCT-1","control_rep1","control",6312,2699,1.9169835234474,0.253485424588086,6495,2756,TRUE,FALSE,FALSE,FALSE,FALSE,TRUE,0.0497111268341541,"singlet",TRUE
"control_rep1_AGTAACGAGGTGCGGA-1","control_rep1","control",37715,7652,2.26700251889169,0.206814264881347,57858,14304,FALSE,FALSE,FALSE,FALSE,FALSE,TRUE,0.15738245844841,"singlet",TRUE
"control_rep1_AGTAACGAGTGACCTG-1","control_rep1","control",3638,2128,4.72787245739417,0.439802089059923,4002,2301,TRUE,FALSE,FALSE,FALSE,FALSE,TRUE,0.0454218462109566,"singlet",TRUE
"control_rep1_AGTAAGTAGAAGGTGC-1","control_rep1","control",5278,2689,1.7620310723759,0.227358848048503,8572,4392,TRUE,FALSE,FALSE,FALSE,FALSE,TRUE,0.929105579853058,"doublet",FALSE
"control_rep1_AGTAAGTAGAGAAGGG-1","control_rep1","control",2680,1812,3.84328358208955,0.0746268656716418,7865,4412,TRUE,FALSE,FALSE,FALSE,FALSE,TRUE,0.132199943065643,"singlet",TRUE
"control_rep1_AGTAATCGTCGTAAAT-1","control_rep1","control",5563,2377,2.33686859608125,0.323566420995866,6189,2490,TRUE,FALSE,FALSE,FALSE,FALSE,TRUE,0.189633429050446,"singlet",TRUE
"control_rep1_AGTAATGCAAGGAATC-1","control_rep1","control",1728,1238,3.81944444444444,0.173611111111111,3468,2155,TRUE,FALSE,FALSE,FALSE,FALSE,TRUE,0.00579545041546226,"singlet",TRUE
"control_rep1_AGTAATGCAGGACACA-1","control_rep1","control",8239,3032,1.06809078771696,0.0970991625197233,8375,3084,TRUE,FALSE,FALSE,FALSE,FALSE,TRUE,0.0632345303893089,"singlet",TRUE
"control_rep1_AGTAATGCATGAATCT-1","control_rep1","control",4500,2438,0.933333333333333,0.377777777777778,7264,3846,TRUE,FALSE,FALSE,FALSE,FALSE,TRUE,0.0147931687533855,"singlet",TRUE
"control_rep1_AGTAGCTTCCTCATGC-1","control_rep1","control",5443,2589,3.89491089472717,0.128605548410803,5555,2631,TRUE,FALSE,FALSE,FALSE,FALSE,TRUE,0.76286518573761,"singlet",TRUE
"control_rep1_AGTAGCTTCGTGCTTC-1","control_rep1","control",2936,1858,3.47411444141689,0.408719346049046,3084,1928,TRUE,FALSE,FALSE,FALSE,FALSE,TRUE,0.00474176229909062,"singlet",TRUE
"control_rep1_AGTAGCTTCTTAGCGG-1","control_rep1","control",6209,3019,5.07328072153326,0.805282654211628,16882,7139,TRUE,FALSE,FALSE,FALSE,FALSE,TRUE,0.800917506217957,"doublet",FALSE
"control_rep1_AGTAGGATCCTAAATG-1","control_rep1","control",5877,3082,1.08899098179343,0.102092904543134,30371,11999,TRUE,FALSE,FALSE,FALSE,FALSE,TRUE,0.948940992355347,"doublet",FALSE
"control_rep1_AGTATAGCAAAGCTAA-1","control_rep1","control",6222,2745,2.25008036001286,0.160720025715204,6534,2846,TRUE,FALSE,FALSE,FALSE,FALSE,TRUE,0.330989867448807,"singlet",TRUE
"control_rep1_AGTCAATGTAAGCTCA-1","control_rep1","control",2710,1694,4.61254612546125,0.03690036900369,14928,7118,TRUE,FALSE,FALSE,FALSE,FALSE,TRUE,0.00133403367362916,"singlet",TRUE
"control_rep1_AGTCAATGTAATGACT-1","control_rep1","control",7650,3243,1.88235294117647,0.379084967320261,8187,3367,TRUE,FALSE,FALSE,FALSE,FALSE,TRUE,0.976512789726257,"doublet",FALSE
"control_rep1_AGTCAGGCAAGTGTCC-1","control_rep1","control",2385,1393,1.38364779874214,0.0419287211740042,5100,2854,TRUE,FALSE,FALSE,FALSE,FALSE,TRUE,0.00238456949591637,"singlet",TRUE
"control_rep1_AGTCAGGCAGCCAGAA-1","control_rep1","control",1564,1090,1.40664961636829,0.191815856777494,6623,3631,TRUE,FALSE,FALSE,FALSE,FALSE,TRUE,0.00149927660822868,"singlet",TRUE
"control_rep1_AGTCAGGCATTCCTCG-1","control_rep1","control",26260,5120,1.51942117288652,0.121858339680122,26525,5184,TRUE,FALSE,FALSE,FALSE,FALSE,TRUE,0.0468201152980328,"singlet",TRUE
"control_rep1_AGTCCTGAGCGCATTG-1","control_rep1","control",1091,854,1.92483959670027,0.183318056828598,8472,4470,TRUE,FALSE,FALSE,FALSE,FALSE,TRUE,0.00174670631531626,"singlet",TRUE
"control_rep1_AGTCCTTGTAAGCACC-1","control_rep1","control",10100,3390,1.45544554455446,0.207920792079208,10532,3493,TRUE,FALSE,FALSE,FALSE,FALSE,TRUE,0.331991463899612,"singlet",TRUE
"control_rep1_AGTCCTTGTGATTACG-1","control_rep1","control",11786,3304,1.35754284744612,0.305447140675378,16456,5093,TRUE,FALSE,FALSE,FALSE,FALSE,TRUE,0.0545228309929371,"singlet",TRUE
"control_rep1_AGTCGCATCACTTTAC-1","control_rep1","control",1967,1216,3.66039654295882,0.813421453990849,2109,1267,TRUE,FALSE,FALSE,FALSE,FALSE,TRUE,0.00126249401364475,"singlet",TRUE
"control_rep1_AGTCTTGCACCTAATG-1","control_rep1","control",4631,1991,2.1809544374865,0.0431872165838912,4791,2045,TRUE,FALSE,FALSE,FALSE,FALSE,TRUE,0.00286176661029458,"singlet",TRUE
"control_rep1_AGTCTTGCAGAAATTG-1","control_rep1","control",5864,2487,0.937926330150068,0.0170532060027285,5970,2534,TRUE,FALSE,FALSE,FALSE,FALSE,TRUE,0.0727020353078842,"singlet",TRUE
"control_rep1_AGTCTTGCAGCACGAA-1","control_rep1","control",2608,1566,2.07055214723926,0.958588957055215,6848,3715,TRUE,FALSE,FALSE,FALSE,FALSE,TRUE,0.0335729606449604,"singlet",TRUE
"control_rep1_AGTGAACCACATAACT-1","control_rep1","control",3057,1752,1.17762512266928,0,3163,1787,TRUE,FALSE,FALSE,FALSE,FALSE,TRUE,0.399723410606384,"singlet",TRUE
"control_rep1_AGTGAACCAGAGGCTA-1","control_rep1","control",7755,3350,2.28239845261122,0.980012894906512,12650,5494,TRUE,FALSE,FALSE,FALSE,FALSE,TRUE,0.0085945250466466,"singlet",TRUE
"control_rep1_AGTGAACCATAGACTT-1","control_rep1","control",2960,1852,1.0472972972973,0.202702702702703,9069,4875,TRUE,FALSE,FALSE,FALSE,FALSE,TRUE,0.00157381850294769,"singlet",TRUE
"control_rep1_AGTGATGAGGTAAGCA-1","control_rep1","control",2170,1370,4.05529953917051,0.32258064516129,2356,1433,TRUE,FALSE,FALSE,FALSE,FALSE,TRUE,0.0346247851848602,"singlet",TRUE
"control_rep1_AGTGCACGTTTAACGG-1","control_rep1","control",2931,1867,2.38826339133402,0.0682360968952576,3178,1956,TRUE,FALSE,FALSE,FALSE,FALSE,TRUE,0.0737316608428955,"singlet",TRUE
"control_rep1_AGTGCGGAGGCCTTAG-1","control_rep1","control",564,425,10.1063829787234,0,807,521,FALSE,TRUE,FALSE,FALSE,FALSE,FALSE,NA,"not_tested_QC_fail",FALSE
"control_rep1_AGTGCGGAGTCATCCC-1","control_rep1","control",8903,3104,1.14568123104571,0.224643378636415,9274,3209,TRUE,FALSE,FALSE,FALSE,FALSE,TRUE,0.333684176206589,"singlet",TRUE
"control_rep1_AGTGGACAGCTTATGA-1","control_rep1","control",7919,3704,1.96994570021467,0.164162141684556,12930,6189,TRUE,FALSE,FALSE,FALSE,FALSE,TRUE,0.527244865894318,"singlet",TRUE
"control_rep1_AGTGGACAGGTGCGGA-1","control_rep1","control",11078,3132,1.0290666185232,0.0270807004874526,11132,3157,TRUE,FALSE,FALSE,FALSE,FALSE,TRUE,0.0350168235599995,"singlet",TRUE
"control_rep1_AGTGTGGCAGCAGGTA-1","control_rep1","control",2405,1630,1.41372141372141,0.582120582120582,6539,3679,TRUE,FALSE,FALSE,FALSE,FALSE,TRUE,0.0668032243847847,"singlet",TRUE
"control_rep1_AGTGTGGCAGCCTAAC-1","control_rep1","control",1003,554,32.7018943170489,0.797607178464606,1179,613,FALSE,FALSE,FALSE,FALSE,TRUE,FALSE,NA,"not_tested_QC_fail",FALSE
"control_rep1_AGTGTTTCAATCCTAG-1","control_rep1","control",7999,3081,2.25028128516065,0.575071883985498,8143,3148,TRUE,FALSE,FALSE,FALSE,FALSE,TRUE,0.0114327846094966,"singlet",TRUE
"control_rep1_AGTGTTTCAATTTAGC-1","control_rep1","control",2632,1631,8.62462006079027,0.835866261398176,5169,2677,TRUE,FALSE,FALSE,FALSE,FALSE,TRUE,0.039302472025156,"singlet",TRUE
"control_rep1_AGTGTTTCAGCTCAAC-1","control_rep1","control",1827,1295,3.77668308702791,0.328407224958949,2021,1382,TRUE,FALSE,FALSE,FALSE,FALSE,TRUE,0.0016705832676962,"singlet",TRUE
"control_rep1_AGTGTTTCAGGTATTT-1","control_rep1","control",1082,784,8.8724584103512,0.739371534195933,1288,850,TRUE,FALSE,FALSE,FALSE,FALSE,TRUE,0.00102625170256943,"singlet",TRUE
"control_rep1_AGTGTTTCATTATGCG-1","control_rep1","control",2830,1630,1.62544169611307,0.176678445229682,3367,1821,TRUE,FALSE,FALSE,FALSE,FALSE,TRUE,0.0565990880131721,"singlet",TRUE
"control_rep1_AGTTACATCTCAATGA-1","control_rep1","control",2762,1793,2.64301230992035,0.325850832729906,8119,4561,TRUE,FALSE,FALSE,FALSE,FALSE,TRUE,0.0313572250306606,"singlet",TRUE
"control_rep1_AGTTACTCACCTACTT-1","control_rep1","control",1389,1046,2.08783297336213,0.143988480921526,1602,1167,TRUE,FALSE,FALSE,FALSE,FALSE,TRUE,0.00192016025539488,"singlet",TRUE
"control_rep1_AGTTACTCAGCATGTC-1","control_rep1","control",1525,1168,1.24590163934426,0.0655737704918033,7154,4052,TRUE,FALSE,FALSE,FALSE,FALSE,TRUE,0.0027198288589716,"singlet",TRUE
"control_rep1_AGTTACTCAGCTTAGC-1","control_rep1","control",4354,2122,3.14653192466697,0.183739090491502,4585,2188,TRUE,FALSE,FALSE,FALSE,FALSE,TRUE,0.0100912638008595,"singlet",TRUE
"control_rep1_AGTTACTCAGTAGGAT-1","control_rep1","control",3072,1891,3.515625,0.1953125,4238,2457,TRUE,FALSE,FALSE,FALSE,FALSE,TRUE,0.297403365373611,"singlet",TRUE
"control_rep1_AGTTATGTCCGCATGA-1","control_rep1","control",3177,1615,2.01447906830343,0.251809883537929,3406,1684,TRUE,FALSE,FALSE,FALSE,FALSE,TRUE,0.00997922103852034,"singlet",TRUE
"control_rep1_AGTTGCAGTGCCTCAC-1","control_rep1","control",8602,4012,1.75540571960009,0.279004882585445,26857,11631,TRUE,FALSE,FALSE,FALSE,FALSE,TRUE,0.99116712808609,"doublet",FALSE
"control_rep1_AGTTGCAGTGTGTCCC-1","control_rep1","control",7841,2912,0.931003698507843,0.178548654508354,8114,2991,TRUE,FALSE,FALSE,FALSE,FALSE,TRUE,0.174722477793694,"singlet",TRUE
"control_rep1_AGTTGGCGTAGCTAAT-1","control_rep1","control",23241,5667,2.15567316380534,0.236650746525537,23452,5735,TRUE,FALSE,FALSE,FALSE,FALSE,TRUE,0.988380551338196,"doublet",FALSE
"control_rep1_AGTTGGCGTGACCTGG-1","control_rep1","control",8576,2881,0.874533582089552,0.011660447761194,8751,2937,TRUE,FALSE,FALSE,FALSE,FALSE,TRUE,0.0034724441356957,"singlet",TRUE
"control_rep1_AGTTGTCAGCTAATTG-1","control_rep1","control",1635,1210,0.856269113149847,0,8186,4363,TRUE,FALSE,FALSE,FALSE,FALSE,TRUE,0.0034586819820106,"singlet",TRUE
"control_rep1_AGTTGTCAGGCCTAAT-1","control_rep1","control",657,534,2.28310502283105,0,6101,3084,TRUE,FALSE,FALSE,FALSE,FALSE,TRUE,0.0015456679975614,"singlet",TRUE
"control_rep1_AGTTTGATCCTACCTA-1","control_rep1","control",1810,1269,1.16022099447514,0.0552486187845304,11267,5726,TRUE,FALSE,FALSE,FALSE,FALSE,TRUE,0.000614841585047543,"singlet",TRUE
"control_rep1_AGTTTGATCTTGCAGG-1","control_rep1","control",19184,4733,1.26146788990826,0.156380316930776,22072,5469,TRUE,FALSE,FALSE,FALSE,FALSE,TRUE,0.00963174644857645,"singlet",TRUE
"control_rep1_AGTTTGCAGGCTGTCA-1","control_rep1","control",7266,2683,2.43600330305533,0.192678227360308,8020,2799,TRUE,FALSE,FALSE,FALSE,FALSE,TRUE,0.0118983210995793,"singlet",TRUE
"control_rep1_AGTTTGCAGGGACCTC-1","control_rep1","control",4206,2327,1.9020446980504,0.594388968140751,4457,2404,TRUE,FALSE,FALSE,FALSE,FALSE,TRUE,0.425487726926804,"singlet",TRUE
"control_rep1_ATAACGACAGCATGGA-1","control_rep1","control",2321,1304,2.3696682464455,0.0861697544161999,10089,5074,TRUE,FALSE,FALSE,FALSE,FALSE,TRUE,0.00077591952867806,"singlet",TRUE
"control_rep1_ATAAGCCTCAATGTGC-1","control_rep1","control",2947,1843,1.49304377332881,0.0678656260604004,12455,6064,TRUE,FALSE,FALSE,FALSE,FALSE,TRUE,0.00186512852087617,"singlet",TRUE
"control_rep1_ATAAGCCTCTAGCGTG-1","control_rep1","control",37778,7189,1.23616919900471,0.510879347768542,40593,7851,TRUE,FALSE,FALSE,FALSE,FALSE,TRUE,0.139590829610825,"singlet",TRUE
"control_rep1_ATAAGTCGTATCTGGA-1","control_rep1","control",2503,1618,2.35717139432681,0.0399520575309628,12448,6183,TRUE,FALSE,FALSE,FALSE,FALSE,TRUE,0.0082235224545002,"singlet",TRUE
"control_rep1_ATAAGTCGTTCCATTA-1","control_rep1","control",1499,1086,3.26884589726484,0.066711140760507,3269,2038,TRUE,FALSE,FALSE,FALSE,FALSE,TRUE,0.0016705832676962,"singlet",TRUE
"control_rep1_ATAATGGCAGGTTATT-1","control_rep1","control",9357,3710,4.12525382066902,0.160307790958641,10180,3915,TRUE,FALSE,FALSE,FALSE,FALSE,TRUE,0.437654137611389,"singlet",TRUE
"control_rep1_ATACCGGTCATTTAGG-1","control_rep1","control",1601,1207,1.12429731417864,0.124921923797626,1892,1373,TRUE,FALSE,FALSE,FALSE,FALSE,TRUE,0.0014881215756759,"singlet",TRUE
"control_rep1_ATACCGGTCTTGTCTG-1","control_rep1","control",26689,4560,0.992918430814193,0.0824309640675934,27142,4718,TRUE,FALSE,FALSE,FALSE,FALSE,TRUE,0.0524789802730083,"singlet",TRUE
"control_rep1_ATACCTGCACTCAACA-1","control_rep1","control",19258,6071,2.44054418942777,0.488108837885554,38327,13302,TRUE,FALSE,FALSE,FALSE,FALSE,TRUE,0.991868078708649,"doublet",FALSE
"control_rep1_ATACCTGCACTTAACG-1","control_rep1","control",1320,1016,1.74242424242424,0,1716,1232,TRUE,FALSE,FALSE,FALSE,FALSE,TRUE,0.00403586914762855,"singlet",TRUE
"control_rep1_ATACCTGCAGCATGTC-1","control_rep1","control",3132,1566,7.40740740740741,0.0638569604086845,3303,1626,TRUE,FALSE,FALSE,FALSE,FALSE,TRUE,0.00685835164040327,"singlet",TRUE
"control_rep1_ATAGATGCAAGCTACC-1","control_rep1","control",4202,2169,1.52308424559733,0.237981913374584,4494,2257,TRUE,FALSE,FALSE,FALSE,FALSE,TRUE,0.32003778219223,"singlet",TRUE
"control_rep1_ATAGATGCACCTCGCT-1","control_rep1","control",7596,3088,3.22538177988415,0.210637177461822,7989,3196,TRUE,FALSE,FALSE,FALSE,FALSE,TRUE,0.141101405024529,"singlet",TRUE
"control_rep1_ATAGATGCAGGAACAT-1","control_rep1","control",4706,2120,1.50871228219295,0.106247343816405,4810,2162,TRUE,FALSE,FALSE,FALSE,FALSE,TRUE,0.00334447040222585,"singlet",TRUE
"control_rep1_ATAGATGCAGGTTAAA-1","control_rep1","control",2545,1502,3.41846758349705,0.235756385068762,2745,1576,TRUE,FALSE,FALSE,FALSE,FALSE,TRUE,0.0697031617164612,"singlet",TRUE
"control_rep1_ATAGCATGTCCTTTAA-1","control_rep1","control",5259,2538,0.836660962160106,0.0950751093363757,33854,12656,TRUE,FALSE,FALSE,FALSE,FALSE,TRUE,0.0123877562582493,"singlet",TRUE
"control_rep1_ATAGCATGTTTCAGGA-1","control_rep1","control",12116,3992,2.53383955100693,0.0165070980521624,12706,4097,TRUE,FALSE,FALSE,FALSE,FALSE,TRUE,0.012723564170301,"singlet",TRUE
"control_rep1_ATAGGTACATCCCTCA-1","control_rep1","control",10424,3913,4.32655410590944,0.892171910974674,15945,6189,TRUE,FALSE,FALSE,FALSE,FALSE,TRUE,0.421915620565414,"singlet",TRUE
"control_rep1_ATATAGGCACTTGTTC-1","control_rep1","control",18778,4553,0.958568537650442,0.186388326765364,18854,4593,TRUE,FALSE,FALSE,FALSE,FALSE,TRUE,0.0227217376232147,"singlet",TRUE
"control_rep1_ATATAGGCAGAATGAC-1","control_rep1","control",4992,2743,2.52403846153846,0.0801282051282051,12207,6254,TRUE,FALSE,FALSE,FALSE,FALSE,TRUE,0.717944741249084,"singlet",TRUE
"control_rep1_ATATAGGCATAACGGG-1","control_rep1","control",3240,1740,1.38888888888889,0.0617283950617284,3362,1785,TRUE,FALSE,FALSE,FALSE,FALSE,TRUE,0.184137105941772,"singlet",TRUE
"control_rep1_ATATAGGCATATAACC-1","control_rep1","control",2544,1573,1.13993710691824,0.117924528301887,12995,6356,TRUE,FALSE,FALSE,FALSE,FALSE,TRUE,0.00386731466278434,"singlet",TRUE
"control_rep1_ATATGCATCATTCATC-1","control_rep1","control",7655,2777,2.67798824297845,0,7972,2848,TRUE,FALSE,FALSE,FALSE,FALSE,TRUE,0.0259154532104731,"singlet",TRUE
"control_rep1_ATATGCATCCTGTTCA-1","control_rep1","control",5034,2419,1.60905840286055,0.0595947556615018,5124,2459,TRUE,FALSE,FALSE,FALSE,FALSE,TRUE,0.0097340913489461,"singlet",TRUE
"control_rep1_ATATGCTCACCGGTAT-1","control_rep1","control",1475,1034,1.22033898305085,0.338983050847458,10381,5239,TRUE,FALSE,FALSE,FALSE,FALSE,TRUE,0.00351889780722558,"singlet",TRUE
"control_rep1_ATATGCTCACCTATAG-1","control_rep1","control",2530,1585,2.84584980237154,0.513833992094862,4527,2624,TRUE,FALSE,FALSE,FALSE,FALSE,TRUE,0.0423911698162556,"singlet",TRUE
"control_rep1_ATATGCTCAGATAGAC-1","control_rep1","control",3370,1645,1.09792284866469,0.0593471810089021,3493,1688,TRUE,FALSE,FALSE,FALSE,FALSE,TRUE,0.00566041516140103,"singlet",TRUE
"control_rep1_ATATGCTCATGTTGGC-1","control_rep1","control",2595,1506,1.42581888246628,0,12127,5861,TRUE,FALSE,FALSE,FALSE,FALSE,TRUE,0.000752574647776783,"singlet",TRUE
"control_rep1_ATATGGTGTCGTAATG-1","control_rep1","control",1167,889,2.05655526992288,0.0856898029134533,1591,1117,TRUE,FALSE,FALSE,FALSE,FALSE,TRUE,0.00249860621988773,"singlet",TRUE
"control_rep1_ATATGGTGTTTATCGC-1","control_rep1","control",3170,1679,2.64984227129338,0.157728706624606,10701,5345,TRUE,FALSE,FALSE,FALSE,FALSE,TRUE,0.00935734435915947,"singlet",TRUE
"control_rep1_ATCAAGCTCCCTCAGT-1","control_rep1","control",2545,1669,4.91159135559921,0.157170923379175,2686,1742,TRUE,FALSE,FALSE,FALSE,FALSE,TRUE,0.0181111861020327,"singlet",TRUE
"control_rep1_ATCAAGCTCGCTATGG-1","control_rep1","control",1319,919,5.76194086429113,2.3502653525398,1597,990,TRUE,FALSE,FALSE,FALSE,FALSE,TRUE,0.00256734527647495,"singlet",TRUE
"control_rep1_ATCAATCCAAAGGTAC-1","control_rep1","control",2122,1398,0.989632422243167,0.235626767200754,17261,7814,TRUE,FALSE,FALSE,FALSE,FALSE,TRUE,0.00218042451888323,"singlet",TRUE
"control_rep1_ATCAATCCACAGACTC-1","control_rep1","control",1363,1033,1.17388114453412,0,7966,4282,TRUE,FALSE,FALSE,FALSE,FALSE,TRUE,0.00215088366530836,"singlet",TRUE
"control_rep1_ATCAATCCACCGTTCC-1","control_rep1","control",9713,3105,2.3473695047874,0.380932770513744,9978,3184,TRUE,FALSE,FALSE,FALSE,FALSE,TRUE,0.0333439856767654,"singlet",TRUE
"control_rep1_ATCAATCCATCGTTCT-1","control_rep1","control",2111,1426,1.51586925627665,0.378967314069162,16067,7523,TRUE,FALSE,FALSE,FALSE,FALSE,TRUE,0.0361908599734306,"singlet",TRUE
"control_rep1_ATCACAATCCGTGACA-1","control_rep1","control",2924,1793,7.52393980848153,0.820793433652531,6137,3317,TRUE,FALSE,FALSE,FALSE,FALSE,TRUE,0.110842674970627,"singlet",TRUE
"control_rep1_ATCACACAGCAAGGTA-1","control_rep1","control",8325,2858,1.51351351351351,0.0720720720720721,8670,2945,TRUE,FALSE,FALSE,FALSE,FALSE,TRUE,0.117330960929394,"singlet",TRUE
"control_rep1_ATCACACAGGATGATG-1","control_rep1","control",4628,2491,4.58081244598099,1.01555747623163,7282,3569,TRUE,FALSE,FALSE,FALSE,FALSE,TRUE,0.141693949699402,"singlet",TRUE
"control_rep1_ATCACCCTCGGTCAGC-1","control_rep1","control",1460,1082,2.12328767123288,0,4469,2648,TRUE,FALSE,FALSE,FALSE,FALSE,TRUE,0.00248805829323828,"singlet",TRUE
"control_rep1_ATCACTAAGCACTAAC-1","control_rep1","control",10856,4384,5.44399410464259,0.792188651436993,11450,4511,TRUE,FALSE,FALSE,FALSE,FALSE,TRUE,0.96364039182663,"doublet",FALSE
"control_rep1_ATCAGGTTCAATGTGC-1","control_rep1","control",3419,2143,1.55016086575022,0.204738227551916,9460,5187,TRUE,FALSE,FALSE,FALSE,FALSE,TRUE,0.613666832447052,"singlet",TRUE
"control_rep1_ATCAGGTTCACCGGTA-1","control_rep1","control",3103,1806,4.3828553013213,0.451176281018369,3350,1877,TRUE,FALSE,FALSE,FALSE,FALSE,TRUE,0.586493790149689,"singlet",TRUE
"control_rep1_ATCAGGTTCGGTACGC-1","control_rep1","control",6610,2620,1.30105900151286,0.0151285930408472,6810,2675,TRUE,FALSE,FALSE,FALSE,FALSE,TRUE,0.0427800454199314,"singlet",TRUE
"control_rep1_ATCCAACAGGCCATCA-1","control_rep1","control",2238,1301,6.30026809651475,0.670241286863271,2719,1487,TRUE,FALSE,FALSE,FALSE,FALSE,TRUE,0.00119090953376144,"singlet",TRUE
"control_rep1_ATCCACCTCACCGGTA-1","control_rep1","control",3388,2139,5.16528925619835,0.206611570247934,12033,6223,TRUE,FALSE,FALSE,FALSE,FALSE,TRUE,0.105512537062168,"singlet",TRUE
"control_rep1_ATCCACCTCTGGCAAT-1","control_rep1","control",3921,2098,4.15710277990309,0.357051772507014,4035,2143,TRUE,FALSE,FALSE,FALSE,FALSE,TRUE,0.013947038911283,"singlet",TRUE
"control_rep1_ATCCATAAGAACCTGT-1","control_rep1","control",7342,3383,4.54916916371561,0.776355216562245,8364,3635,TRUE,FALSE,FALSE,FALSE,FALSE,TRUE,0.981990993022919,"doublet",FALSE
"control_rep1_ATCCATAAGCTTACTT-1","control_rep1","control",1429,1013,1.25962211336599,0.279916025192442,4350,2511,TRUE,FALSE,FALSE,FALSE,FALSE,TRUE,0.00585889723151922,"singlet",TRUE
"control_rep1_ATCCATAAGGCGCTTA-1","control_rep1","control",10190,3198,1.099116781158,0.245338567222767,12964,4302,TRUE,FALSE,FALSE,FALSE,FALSE,TRUE,0.0106610972434282,"singlet",TRUE
"control_rep1_ATCCATAAGGGATGAC-1","control_rep1","control",5301,2569,6.82890020750802,0.0943218260705527,22286,9330,TRUE,FALSE,FALSE,FALSE,FALSE,TRUE,0.0108938310295343,"singlet",TRUE
"control_rep1_ATCCCGCGTTGCGGAT-1","control_rep1","control",4708,2060,1.16822429906542,0.0849617672047579,5055,2147,TRUE,FALSE,FALSE,FALSE,FALSE,TRUE,0.0174628123641014,"singlet",TRUE
"control_rep1_ATCCGTGAGCGGATTT-1","control_rep1","control",5961,2690,1.99630934406979,0.0167757087736957,6203,2765,TRUE,FALSE,FALSE,FALSE,FALSE,TRUE,0.0845222473144531,"singlet",TRUE
"control_rep1_ATCCGTGAGGGTCTAT-1","control_rep1","control",1919,1123,1.82386659718603,0.208441896821261,2135,1236,TRUE,FALSE,FALSE,FALSE,FALSE,TRUE,0.00176951370667666,"singlet",TRUE
"control_rep1_ATCCGTGAGGGTGGAT-1","control_rep1","control",8082,3105,2.0292006928978,0.334075723830735,9098,3392,TRUE,FALSE,FALSE,FALSE,FALSE,TRUE,0.191289529204369,"singlet",TRUE
"control_rep1_ATCCGTGAGTGGACAA-1","control_rep1","control",2319,1570,2.45795601552393,0.474342388960759,2557,1690,TRUE,FALSE,FALSE,FALSE,FALSE,TRUE,0.0065229875035584,"singlet",TRUE
"control_rep1_ATCCGTGAGTTCCTGC-1","control_rep1","control",1165,717,23.0901287553648,1.20171673819742,3248,1716,TRUE,FALSE,FALSE,FALSE,TRUE,FALSE,NA,"not_tested_QC_fail",FALSE
"control_rep1_ATCCTCATCATTTGCT-1","control_rep1","control",932,734,1.50214592274678,0,8049,4120,TRUE,FALSE,FALSE,FALSE,FALSE,TRUE,0.0011367016704753,"singlet",TRUE
"control_rep1_ATCCTCATCTAGCTTT-1","control_rep1","control",2884,1531,4.36893203883495,0.173370319001387,3317,1619,TRUE,FALSE,FALSE,FALSE,FALSE,TRUE,0.00820874236524105,"singlet",TRUE
"control_rep1_ATCCTGACACAATGCC-1","control_rep1","control",21513,5707,3.17017617254683,0.144098916933947,24317,6676,TRUE,FALSE,FALSE,FALSE,FALSE,TRUE,0.702238023281097,"singlet",TRUE
"control_rep1_ATCCTTAGTAATTAGC-1","control_rep1","control",16809,5104,2.01677672675353,0.255815337021834,18607,5663,TRUE,FALSE,FALSE,FALSE,FALSE,TRUE,0.938399255275726,"doublet",FALSE
"control_rep1_ATCCTTAGTAGGTTAT-1","control_rep1","control",2918,1565,1.78204249485949,0.0342700479780672,3029,1606,TRUE,FALSE,FALSE,FALSE,FALSE,TRUE,0.00339103350415826,"singlet",TRUE
"control_rep1_ATCGAGGCAATAACCT-1","control_rep1","control",3118,1880,1.57152020525978,0.192431045542014,8691,4680,TRUE,FALSE,FALSE,FALSE,FALSE,TRUE,0.00488047022372484,"singlet",TRUE
"control_rep1_ATCGCCCGTTAAGCGC-1","control_rep1","control",2342,1431,3.11699402220325,0.256191289496157,2466,1493,TRUE,FALSE,FALSE,FALSE,FALSE,TRUE,0.0854315683245659,"singlet",TRUE
"control_rep1_ATCGCCCGTTAGAGCC-1","control_rep1","control",1153,888,1.8213356461405,0.2601908065915,7880,4139,TRUE,FALSE,FALSE,FALSE,FALSE,TRUE,0.00253785960376263,"singlet",TRUE
"control_rep1_ATCGGCCAGGGACGCA-1","control_rep1","control",6447,2840,2.62137428261207,0.248177446874515,6848,2998,TRUE,FALSE,FALSE,FALSE,FALSE,TRUE,0.641508162021637,"singlet",TRUE
"control_rep1_ATCTATGAGTAAGTGG-1","control_rep1","control",7910,3059,2.68015170670038,0.0505689001264222,10260,3787,TRUE,FALSE,FALSE,FALSE,FALSE,TRUE,0.327946245670319,"singlet",TRUE
"control_rep1_ATCTTTGGTGTTAAAC-1","control_rep1","control",2950,1782,2.84745762711864,0.0338983050847458,3087,1833,TRUE,FALSE,FALSE,FALSE,FALSE,TRUE,0.0762439370155334,"singlet",TRUE
"control_rep1_ATGAAGCCAAACAACA-1","control_rep1","control",10685,3879,2.68600842302293,0.0748713149274684,10790,3920,TRUE,FALSE,FALSE,FALSE,FALSE,TRUE,0.338993340730667,"singlet",TRUE
"control_rep1_ATGAAGCCAATTAACC-1","control_rep1","control",11761,3718,0.697219624181617,0.102032140124139,13665,4644,TRUE,FALSE,FALSE,FALSE,FALSE,TRUE,0.00440346077084541,"singlet",TRUE
"control_rep1_ATGAAGCCAATTGACT-1","control_rep1","control",1876,1238,0.852878464818763,0.0533049040511727,2339,1485,TRUE,FALSE,FALSE,FALSE,FALSE,TRUE,0.00137976452242583,"singlet",TRUE
"control_rep1_ATGAAGCCATCCATCT-1","control_rep1","control",3896,2138,1.87371663244353,0.154004106776181,4055,2194,TRUE,FALSE,FALSE,FALSE,FALSE,TRUE,0.290797263383865,"singlet",TRUE
"control_rep1_ATGAAGCCATCCTAGA-1","control_rep1","control",3506,1844,2.85225328009127,0.342270393610953,3650,1892,TRUE,FALSE,FALSE,FALSE,FALSE,TRUE,0.0582864210009575,"singlet",TRUE
"control_rep1_ATGAAGTAGAGGGACT-1","control_rep1","control",1076,867,2.78810408921933,0,6864,3762,TRUE,FALSE,FALSE,FALSE,FALSE,TRUE,0.00494255172088742,"singlet",TRUE
"control_rep1_ATGAAGTAGCAAGATG-1","control_rep1","control",3629,1937,2.28713144116837,0.110223201984018,23200,9305,TRUE,FALSE,FALSE,FALSE,FALSE,TRUE,0.00527520524337888,"singlet",TRUE
"control_rep1_ATGACAACAACACCTA-1","control_rep1","control",38270,6572,1.3744447347792,0.290044421217664,44730,8671,TRUE,FALSE,FALSE,FALSE,FALSE,TRUE,0.012213533744216,"singlet",TRUE
"control_rep1_ATGACCAGTATTGTCC-1","control_rep1","control",13583,4267,1.64175807995288,0.22822645954502,23244,8474,TRUE,FALSE,FALSE,FALSE,FALSE,TRUE,0.111026465892792,"singlet",TRUE
"control_rep1_ATGACCAGTCAAGTGC-1","control_rep1","control",15065,4936,2.20378360438102,0.0597411218055095,41195,14188,TRUE,FALSE,FALSE,FALSE,FALSE,TRUE,0.996429264545441,"doublet",FALSE
"control_rep1_ATGACCAGTCCCGAAG-1","control_rep1","control",12049,3909,2.75541538716906,0.0331977757490248,12728,4018,TRUE,FALSE,FALSE,FALSE,FALSE,TRUE,0.0611656904220581,"singlet",TRUE
"control_rep1_ATGACCAGTTAAGCGC-1","control_rep1","control",20921,4518,1.43874575785096,0.0812580660580278,21275,4605,TRUE,FALSE,FALSE,FALSE,FALSE,TRUE,0.0245771519839764,"singlet",TRUE
"control_rep1_ATGACCAGTTACAAAC-1","control_rep1","control",5635,2323,2.34250221827862,0.0887311446317657,5813,2393,TRUE,FALSE,FALSE,FALSE,FALSE,TRUE,0.151213109493256,"singlet",TRUE
"control_rep1_ATGACGAAGGCTGTCA-1","control_rep1","control",6902,3215,2.10084033613445,0.217328310634599,10238,4745,TRUE,FALSE,FALSE,FALSE,FALSE,TRUE,0.879574000835419,"doublet",FALSE
"control_rep1_ATGACGAAGGGATGAC-1","control_rep1","control",2906,1825,3.61321403991741,0.137646249139711,27918,10277,TRUE,FALSE,FALSE,FALSE,FALSE,TRUE,0.00131174270063639,"singlet",TRUE
"control_rep1_ATGACGAAGTTACCGG-1","control_rep1","control",2732,1656,1.50073206442167,0.292825768667643,4693,2660,TRUE,FALSE,FALSE,FALSE,FALSE,TRUE,0.0630421116948128,"singlet",TRUE
"control_rep1_ATGAGCCGTCCGTAGG-1","control_rep1","control",4559,2296,3.64114937486291,0.416758060978285,4757,2366,TRUE,FALSE,FALSE,FALSE,FALSE,TRUE,0.265868723392487,"singlet",TRUE
"control_rep1_ATGAGCCGTGAGCACT-1","control_rep1","control",9453,3500,1.94647201946472,0.391410134348884,10455,3621,TRUE,FALSE,FALSE,FALSE,FALSE,TRUE,0.391339719295502,"singlet",TRUE
"control_rep1_ATGAGCCGTGCATCGG-1","control_rep1","control",1982,1393,1.36226034308779,0.302724520686176,4547,2735,TRUE,FALSE,FALSE,FALSE,FALSE,TRUE,0.0586997456848621,"singlet",TRUE
"control_rep1_ATGAGCCGTGCTTTAC-1","control_rep1","control",2837,1738,4.44131124427212,0.176242509693338,3059,1817,TRUE,FALSE,FALSE,FALSE,FALSE,TRUE,0.00540144834667444,"singlet",TRUE
"control_rep1_ATGAGCCGTTTAAAGC-1","control_rep1","control",3807,2105,1.57604412923562,0.157604412923562,14032,7012,TRUE,FALSE,FALSE,FALSE,FALSE,TRUE,0.74751740694046,"singlet",TRUE
"control_rep1_ATGATGACAAGGATTA-1","control_rep1","control",12741,3963,1.68746566203595,0.19621693744604,12900,4024,TRUE,FALSE,FALSE,FALSE,FALSE,TRUE,0.16227813065052,"singlet",TRUE
"control_rep1_ATGATGGAGCATTAGC-1","control_rep1","control",1816,1228,1.15638766519824,0.0550660792951542,16067,7295,TRUE,FALSE,FALSE,FALSE,FALSE,TRUE,0.000594695273321122,"singlet",TRUE
"control_rep1_ATGATGGAGTGAGCGG-1","control_rep1","control",1173,892,1.27877237851662,0.0852514919011083,8601,4469,TRUE,FALSE,FALSE,FALSE,FALSE,TRUE,0.00289475824683905,"singlet",TRUE
"control_rep1_ATGCAAACAGACAAAC-1","control_rep1","control",15293,4784,1.87667560321716,0.248479696593213,22837,8252,TRUE,FALSE,FALSE,FALSE,FALSE,TRUE,0.908313632011414,"doublet",FALSE
"control_rep1_ATGCAAACAGGCGATA-1","control_rep1","control",1471,1061,8.42963970088375,0.271923861318831,6620,3569,TRUE,FALSE,FALSE,FALSE,FALSE,TRUE,0.00207756389863789,"singlet",TRUE
"control_rep1_ATGCAGGCAAGTGAAC-1","control_rep1","control",2003,1381,2.99550673989016,0,7705,4227,TRUE,FALSE,FALSE,FALSE,FALSE,TRUE,0.0250664837658405,"singlet",TRUE
"control_rep1_ATGCAGGCACCTAATG-1","control_rep1","control",1857,1217,6.51588583737211,0.053850296176629,2003,1276,TRUE,FALSE,FALSE,FALSE,FALSE,TRUE,0.00134469254408032,"singlet",TRUE
"control_rep1_ATGCAGGCAGGAAGCC-1","control_rep1","control",2937,1699,1.12359550561798,0.0680966973101805,31007,11665,TRUE,FALSE,FALSE,FALSE,FALSE,TRUE,0.00220409757457674,"singlet",TRUE
"control_rep1_ATGCCTGAGGCGCTTA-1","control_rep1","control",4061,2239,2.19157842895838,0.295493720758434,4225,2299,TRUE,FALSE,FALSE,FALSE,FALSE,TRUE,0.0484471693634987,"singlet",TRUE
"control_rep1_ATGCGATTCAGGGCCT-1","control_rep1","control",6621,2589,2.34103609726627,0.256758797764688,7763,3116,TRUE,FALSE,FALSE,FALSE,FALSE,TRUE,0.00599392270669341,"singlet",TRUE
"control_rep1_ATGCGATTCCTCACAC-1","control_rep1","control",7201,3608,1.77753089848632,0.249965282599639,21627,9930,TRUE,FALSE,FALSE,FALSE,FALSE,TRUE,0.987255334854126,"doublet",FALSE
"control_rep1_ATGCGATTCGGTTACG-1","control_rep1","control",2329,1542,3.69257191927866,0.08587376556462,2451,1589,TRUE,FALSE,FALSE,FALSE,FALSE,TRUE,0.00474800216034055,"singlet",TRUE
"control_rep1_ATGCTTAAGGAGTCTT-1","control_rep1","control",3813,1940,2.4914765276685,0.0262260687123,4127,2017,TRUE,FALSE,FALSE,FALSE,FALSE,TRUE,0.00200957991182804,"singlet",TRUE
"control_rep1_ATGCTTAAGTCACCAG-1","control_rep1","control",19295,5023,2.10935475511791,0.119201865768334,19990,5120,TRUE,FALSE,FALSE,FALSE,FALSE,TRUE,0.589725136756897,"singlet",TRUE
"control_rep1_ATGGACAAGCAAGATG-1","control_rep1","control",7346,2659,1.29322080043561,0.122515654778111,7727,2756,TRUE,FALSE,FALSE,FALSE,FALSE,TRUE,0.179939448833466,"singlet",TRUE
"control_rep1_ATGGACAAGGTCGATT-1","control_rep1","control",6337,2754,1.8305191731103,0.220924727789175,6588,2844,TRUE,FALSE,FALSE,FALSE,FALSE,TRUE,0.383983016014099,"singlet",TRUE
"control_rep1_ATGGACAAGTCCTTCA-1","control_rep1","control",4977,2117,3.67691380349608,0.582680329515773,6353,2410,TRUE,FALSE,FALSE,FALSE,FALSE,TRUE,0.00706016691401601,"singlet",TRUE
"control_rep1_ATGGCCCAGACAGGCG-1","control_rep1","control",18471,4218,1.7541010232256,0.286936278490607,19386,4324,TRUE,FALSE,FALSE,FALSE,FALSE,TRUE,0.0193093232810497,"singlet",TRUE
"control_rep1_ATGGCCCAGATAACCC-1","control_rep1","control",7108,3235,5.47270680922904,0.928531232414181,7693,3372,TRUE,FALSE,FALSE,FALSE,FALSE,TRUE,0.965742886066437,"doublet",FALSE
"control_rep1_ATGGCCCAGCTCATAA-1","control_rep1","control",864,681,3.24074074074074,0.115740740740741,1720,1153,TRUE,FALSE,FALSE,FALSE,FALSE,TRUE,0.0110575342550874,"singlet",TRUE
"control_rep1_ATGGCCGGTGGACCTG-1","control_rep1","control",3865,1970,1.9404915912031,0,15213,7202,TRUE,FALSE,FALSE,FALSE,FALSE,TRUE,0.00239980081096292,"singlet",TRUE
"control_rep1_ATGGCTAGTCCGGTTC-1","control_rep1","control",1638,1170,1.46520146520147,0.061050061050061,8432,4395,TRUE,FALSE,FALSE,FALSE,FALSE,TRUE,0.00211829436011612,"singlet",TRUE
"control_rep1_ATGGCTGTCGTTATCT-1","control_rep1","control",1477,1028,1.6926201760325,0,8017,4229,TRUE,FALSE,FALSE,FALSE,FALSE,TRUE,0.00209373678080738,"singlet",TRUE
"control_rep1_ATGGCTGTCTTTAAGG-1","control_rep1","control",4211,2387,1.47233436238423,0.0949893137022085,7528,4059,TRUE,FALSE,FALSE,FALSE,FALSE,TRUE,0.260481148958206,"singlet",TRUE
"control_rep1_ATGGCTTAGAACCTAC-1","control_rep1","control",1829,1387,1.74958993985785,0.109349371241115,10975,5610,TRUE,FALSE,FALSE,FALSE,FALSE,TRUE,0.00516451336443424,"singlet",TRUE
"control_rep1_ATGGCTTAGCATGACT-1","control_rep1","control",13787,3658,1.66098498585624,0.0580256763617901,14031,3730,TRUE,FALSE,FALSE,FALSE,FALSE,TRUE,0.00602527754381299,"singlet",TRUE
"control_rep1_ATGGCTTAGGCTGGCT-1","control_rep1","control",6534,2501,1.30088766452403,0.107131925313743,6691,2553,TRUE,FALSE,FALSE,FALSE,FALSE,TRUE,0.149110808968544,"singlet",TRUE
"control_rep1_ATGGCTTAGTCACCAG-1","control_rep1","control",2804,1763,3.67332382310984,0.14265335235378,9020,4643,TRUE,FALSE,FALSE,FALSE,FALSE,TRUE,0.00835368875414133,"singlet",TRUE
"control_rep1_ATGGCTTAGTTATTCC-1","control_rep1","control",8878,3705,1.85852669520162,0.0901103852218968,9074,3769,TRUE,FALSE,FALSE,FALSE,FALSE,TRUE,0.992590308189392,"doublet",FALSE
"control_rep1_ATGGTCTAGCAACATC-1","control_rep1","control",1411,1000,1.84266477675408,0.070871722182849,2656,1637,TRUE,FALSE,FALSE,FALSE,FALSE,TRUE,0.000942156300880015,"singlet",TRUE
"control_rep1_ATGGTCTAGCAAGGAC-1","control_rep1","control",1103,843,2.08522212148685,0,2303,1459,TRUE,FALSE,FALSE,FALSE,FALSE,TRUE,0.00561713520437479,"singlet",TRUE
"control_rep1_ATGGTCTAGCGCATTG-1","control_rep1","control",4704,2630,4.54931972789116,0.106292517006803,9088,4862,TRUE,FALSE,FALSE,FALSE,FALSE,TRUE,0.576807260513306,"singlet",TRUE
"control_rep1_ATGGTCTAGCTCCCTG-1","control_rep1","control",726,519,14.4628099173554,0.550964187327824,11396,5332,TRUE,FALSE,FALSE,FALSE,TRUE,FALSE,NA,"not_tested_QC_fail",FALSE
"control_rep1_ATGGTGCGTGTCCAGG-1","control_rep1","control",9602,3374,0.781087273484691,0.114559466777755,11989,4345,TRUE,FALSE,FALSE,FALSE,FALSE,TRUE,0.0228286068886518,"singlet",TRUE
"control_rep1_ATGGTGCGTTAAGGTT-1","control_rep1","control",2659,1444,1.35389244076721,0.225648740127868,2928,1514,TRUE,FALSE,FALSE,FALSE,FALSE,TRUE,0.00123889709357172,"singlet",TRUE
"control_rep1_ATGGTGCGTTACTAGG-1","control_rep1","control",1517,1058,0.922874093605801,0.3955174686882,2077,1356,TRUE,FALSE,FALSE,FALSE,FALSE,TRUE,0.00297285220585763,"singlet",TRUE
"control_rep1_ATGGTTATCACGAATC-1","control_rep1","control",1612,1196,2.41935483870968,0.310173697270471,10373,5239,TRUE,FALSE,FALSE,FALSE,FALSE,TRUE,0.0129850460216403,"singlet",TRUE
"control_rep1_ATGTAACGTGAGCACT-1","control_rep1","control",9293,3186,2.62563219627677,0.0753255138276122,9601,3257,TRUE,FALSE,FALSE,FALSE,FALSE,TRUE,0.0140897883102298,"singlet",TRUE
"control_rep1_ATGTCAATCAATTACG-1","control_rep1","control",3355,1834,2.41430700447094,0.0596125186289121,3609,1923,TRUE,FALSE,FALSE,FALSE,FALSE,TRUE,0.123007848858833,"singlet",TRUE
"control_rep1_ATGTCAATCCCGCCTA-1","control_rep1","control",3529,2156,2.32360442051573,0.113346557098328,21336,9157,TRUE,FALSE,FALSE,FALSE,FALSE,TRUE,0.049292903393507,"singlet",TRUE
"control_rep1_ATGTCAATCGTTACAA-1","control_rep1","control",24502,5316,1.02032487143907,0.146926781487226,30411,7542,TRUE,FALSE,FALSE,FALSE,FALSE,TRUE,0.00540356757119298,"singlet",TRUE
"control_rep1_ATGTCATCAAGATTCT-1","control_rep1","control",2988,1830,2.91164658634538,0.100401606425703,12588,6361,TRUE,FALSE,FALSE,FALSE,FALSE,TRUE,0.0101604126393795,"singlet",TRUE
"control_rep1_ATGTCATCAAGCTTAT-1","control_rep1","control",9620,3884,2.28690228690229,0.363825363825364,12562,5176,TRUE,FALSE,FALSE,FALSE,FALSE,TRUE,0.309385716915131,"singlet",TRUE
"control_rep1_ATGTCATCATTAGGCC-1","control_rep1","control",2719,1789,2.86870172857668,0.183891136447223,5503,3230,TRUE,FALSE,FALSE,FALSE,FALSE,TRUE,0.109126791357994,"singlet",TRUE
"control_rep1_ATGTCATCATTGTCAG-1","control_rep1","control",45626,7099,1.02792267566738,0.135887432604217,54525,10180,FALSE,FALSE,FALSE,FALSE,FALSE,TRUE,0.00840895716100931,"singlet",TRUE
"control_rep1_ATGTCCACAAGCGAGC-1","control_rep1","control",5532,2804,0.614605929139552,0.234996384671005,5693,2871,TRUE,FALSE,FALSE,FALSE,FALSE,TRUE,0.587745189666748,"singlet",TRUE
"control_rep1_ATGTCCACAGGAAGCC-1","control_rep1","control",842,669,4.27553444180523,0.237529691211401,5526,3045,TRUE,FALSE,FALSE,FALSE,FALSE,TRUE,0.00138415384571999,"singlet",TRUE
"control_rep1_ATGTTCAAGCCTCTGT-1","control_rep1","control",2156,1509,4.45269016697588,1.57699443413729,6526,3574,TRUE,FALSE,FALSE,FALSE,FALSE,TRUE,0.00330465333536267,"singlet",TRUE
"control_rep1_ATGTTCAAGGGTGAGT-1","control_rep1","control",2047,1330,1.17244748412311,0.146555935515388,3308,2024,TRUE,FALSE,FALSE,FALSE,FALSE,TRUE,0.0043165241368115,"singlet",TRUE
"control_rep1_ATGTTGTCAGGAACCA-1","control_rep1","control",10821,3722,1.69115608538952,0.267997412438776,16071,5951,TRUE,FALSE,FALSE,FALSE,FALSE,TRUE,0.168080165982246,"singlet",TRUE
"control_rep1_ATGTTGTCATAATCGT-1","control_rep1","control",2034,1290,2.55653883972468,0.147492625368732,14952,6986,TRUE,FALSE,FALSE,FALSE,FALSE,TRUE,0.00129932537674904,"singlet",TRUE
"control_rep1_ATGTTGTCATGACTAT-1","control_rep1","control",12684,3459,0.906654052349417,0.102491327656891,13175,3576,TRUE,FALSE,FALSE,FALSE,FALSE,TRUE,0.0992092043161392,"singlet",TRUE
"control_rep1_ATTAACCCAACTCGCG-1","control_rep1","control",4876,2291,1.94831829368335,0.0205086136177194,18783,8213,TRUE,FALSE,FALSE,FALSE,FALSE,TRUE,0.0100440299138427,"singlet",TRUE
"control_rep1_ATTACCCGTTTACCGT-1","control_rep1","control",8525,3165,2.4633431085044,0.387096774193548,13469,5471,TRUE,FALSE,FALSE,FALSE,FALSE,TRUE,0.0822618305683136,"singlet",TRUE
"control_rep1_ATTACCGCACCCACAG-1","control_rep1","control",4804,2152,1.54038301415487,0.104079933388843,16796,7636,TRUE,FALSE,FALSE,FALSE,FALSE,TRUE,0.00821027159690857,"singlet",TRUE
"control_rep1_ATTACCGCATCGTTCT-1","control_rep1","control",9460,4170,1.80761099365751,0.232558139534884,27923,11531,TRUE,FALSE,FALSE,FALSE,FALSE,TRUE,0.998463034629822,"doublet",FALSE
"control_rep1_ATTAGCGGTAGCCTCC-1","control_rep1","control",2737,1734,3.47095359883084,0.146145414687614,11431,5879,TRUE,FALSE,FALSE,FALSE,FALSE,TRUE,0.00171794719062746,"singlet",TRUE
"control_rep1_ATTAGCGGTTTCCTCC-1","control_rep1","control",5902,2957,3.04981362250085,0.338868180277872,23978,10334,TRUE,FALSE,FALSE,FALSE,FALSE,TRUE,0.15130290389061,"singlet",TRUE
"control_rep1_ATTAGCTCAAACATAG-1","control_rep1","control",2574,1436,2.02020202020202,0.194250194250194,2798,1510,TRUE,FALSE,FALSE,FALSE,FALSE,TRUE,0.0025521672796458,"singlet",TRUE
"control_rep1_ATTAGCTCAATGAATG-1","control_rep1","control",1181,893,2.87891617273497,0.592718035563082,1624,987,TRUE,FALSE,FALSE,FALSE,FALSE,TRUE,0.00181308516766876,"singlet",TRUE
"control_rep1_ATTAGCTCACCTGCTC-1","control_rep1","control",2695,1496,3.11688311688312,0.779220779220779,3054,1623,TRUE,FALSE,FALSE,FALSE,FALSE,TRUE,0.040149662643671,"singlet",TRUE
"control_rep1_ATTAGTCCAAGCTTAT-1","control_rep1","control",9211,3187,2.88785148192379,0.0434263380740419,10054,3314,TRUE,FALSE,FALSE,FALSE,FALSE,TRUE,0.133962526917458,"singlet",TRUE
"control_rep1_ATTAGTCCAATAACGA-1","control_rep1","control",610,487,7.37704918032787,0.163934426229508,9775,4696,TRUE,TRUE,FALSE,FALSE,FALSE,FALSE,NA,"not_tested_QC_fail",FALSE
"control_rep1_ATTAGTCCACCTGTAA-1","control_rep1","control",3280,2056,3.35365853658537,0.640243902439024,9173,4732,TRUE,FALSE,FALSE,FALSE,FALSE,TRUE,0.281340688467026,"singlet",TRUE
"control_rep1_ATTAGTCCAGTCTAGC-1","control_rep1","control",1281,920,4.52771272443404,0.546448087431694,1440,977,TRUE,FALSE,FALSE,FALSE,FALSE,TRUE,0.00150373671203852,"singlet",TRUE
"control_rep1_ATTATCCTCACACAGT-1","control_rep1","control",1769,1173,5.82249858677219,0.0565291124929339,1906,1232,TRUE,FALSE,FALSE,FALSE,FALSE,TRUE,0.00813260953873396,"singlet",TRUE
"control_rep1_ATTATGGTCACAAGCT-1","control_rep1","control",5105,2187,0.822722820763957,0.0783545543584721,5355,2262,TRUE,FALSE,FALSE,FALSE,FALSE,TRUE,0.0204950422048569,"singlet",TRUE
"control_rep1_ATTATGGTCGGGCCAT-1","control_rep1","control",6860,2808,3.39650145772595,0.0291545189504373,7292,2906,TRUE,FALSE,FALSE,FALSE,FALSE,TRUE,0.0206981990486383,"singlet",TRUE
"control_rep1_ATTCAACCAATTAACC-1","control_rep1","control",1976,1123,1.72064777327935,0.354251012145749,2131,1180,TRUE,FALSE,FALSE,FALSE,FALSE,TRUE,0.00252324179746211,"singlet",TRUE
"control_rep1_ATTCAACCAGATAGAC-1","control_rep1","control",8771,3386,1.45935469159731,0.307832630258807,11247,4423,TRUE,FALSE,FALSE,FALSE,FALSE,TRUE,0.029462231323123,"singlet",TRUE
"control_rep1_ATTCACTTCATTACAG-1","control_rep1","control",8525,3287,2.05278592375367,0.140762463343109,9093,3396,TRUE,FALSE,FALSE,FALSE,FALSE,TRUE,0.922743618488312,"doublet",FALSE
"control_rep1_ATTCACTTCCCTGATC-1","control_rep1","control",2024,1411,4.10079051383399,0.0494071146245059,14006,6451,TRUE,FALSE,FALSE,FALSE,FALSE,TRUE,0.0150144873186946,"singlet",TRUE
"control_rep1_ATTCACTTCCGCTAGA-1","control_rep1","control",8982,3235,1.44733912268982,0.345134713872189,9345,3325,TRUE,FALSE,FALSE,FALSE,FALSE,TRUE,0.105546742677689,"singlet",TRUE
"control_rep1_ATTCACTTCGTTACTT-1","control_rep1","control",5218,2046,1.82062092755845,0.114986584898429,5369,2108,TRUE,FALSE,FALSE,FALSE,FALSE,TRUE,0.0283679254353046,"singlet",TRUE
"control_rep1_ATTCATGAGCTAATCA-1","control_rep1","control",5816,2892,2.76822558459422,0.533012379642366,30755,12375,TRUE,FALSE,FALSE,FALSE,FALSE,TRUE,0.976822078227997,"doublet",FALSE
"control_rep1_ATTCATGAGCTTTGGG-1","control_rep1","control",2749,1614,1.16405965805748,0.472899236085849,24571,10136,TRUE,FALSE,FALSE,FALSE,FALSE,TRUE,0.00273307668976486,"singlet",TRUE
"control_rep1_ATTCATGAGGAGGACT-1","control_rep1","control",1243,939,4.50522928399035,1.28720836685438,1485,1030,TRUE,FALSE,FALSE,FALSE,FALSE,TRUE,0.00188971578609198,"singlet",TRUE
"control_rep1_ATTCATGAGGCCTTAG-1","control_rep1","control",1401,1000,4.35403283369022,0.713775874375446,1623,1072,TRUE,FALSE,FALSE,FALSE,FALSE,TRUE,0.00167181645520031,"singlet",TRUE
"control_rep1_ATTCCGGAGGAGTCGG-1","control_rep1","control",3064,1645,1.37075718015666,0,9061,4598,TRUE,FALSE,FALSE,FALSE,FALSE,TRUE,0.00179526442661881,"singlet",TRUE
"control_rep1_ATTCCGGAGGAGTCTT-1","control_rep1","control",13684,3709,0.672318035662087,0.277696579947384,16751,4692,TRUE,FALSE,FALSE,FALSE,FALSE,TRUE,0.0342391915619373,"singlet",TRUE
"control_rep1_ATTCCTAGTCTAACAG-1","control_rep1","control",1573,1094,2.41576605212969,0.190718372536554,3834,2327,TRUE,FALSE,FALSE,FALSE,FALSE,TRUE,0.00179548840969801,"singlet",TRUE
"control_rep1_ATTCCTCCAAGGATTA-1","control_rep1","control",7884,3093,2.66362252663623,0.126839167935058,8550,3194,TRUE,FALSE,FALSE,FALSE,FALSE,TRUE,0.0798125267028809,"singlet",TRUE
"control_rep1_ATTCCTCCAATTGAAG-1","control_rep1","control",5080,2452,1.04330708661417,0.393700787401575,7469,3500,TRUE,FALSE,FALSE,FALSE,FALSE,TRUE,0.0302422363311052,"singlet",TRUE
"control_rep1_ATTCCTCCACATGCTA-1","control_rep1","control",2813,1460,8.78066121578386,1.5286171347316,3279,1565,TRUE,FALSE,FALSE,FALSE,FALSE,TRUE,0.00289113819599152,"singlet",TRUE
"control_rep1_ATTCCTCCAGCCGCTA-1","control_rep1","control",13993,4147,3.23018652183234,0.200100050025012,15178,4262,TRUE,FALSE,FALSE,FALSE,FALSE,TRUE,0.0431335046887398,"singlet",TRUE
"control_rep1_ATTCGTTTCTTTGAGA-1","control_rep1","control",1271,932,2.2029897718332,0.0786782061369001,1652,1143,TRUE,FALSE,FALSE,FALSE,FALSE,TRUE,0.000807858421467245,"singlet",TRUE
"control_rep1_ATTGAAGCAAACGCGA-1","control_rep1","control",6526,3065,2.34446828072326,0.107263254673613,33640,12903,TRUE,FALSE,FALSE,FALSE,FALSE,TRUE,0.504143238067627,"singlet",TRUE
"control_rep1_ATTGACTCACTTACAG-1","control_rep1","control",4377,1914,2.42175005711675,0.342700479780672,4533,1968,TRUE,FALSE,FALSE,FALSE,FALSE,TRUE,0.00636342912912369,"singlet",TRUE
"control_rep1_ATTGCACAGCAGGTGG-1","control_rep1","control",2417,1553,5.08895324782789,0.455109640049648,2564,1599,TRUE,FALSE,FALSE,FALSE,FALSE,TRUE,0.0547883808612823,"singlet",TRUE
"control_rep1_ATTGCACAGCCTGACA-1","control_rep1","control",2003,1440,3.29505741387918,0.0998502246630055,5889,3444,TRUE,FALSE,FALSE,FALSE,FALSE,TRUE,0.00612126383930445,"singlet",TRUE
"control_rep1_ATTGCACAGCTGAGGG-1","control_rep1","control",647,515,4.79134466769706,0.154559505409583,5084,2702,TRUE,FALSE,FALSE,FALSE,FALSE,TRUE,0.0012874526437372,"singlet",TRUE
"control_rep1_ATTGCACAGGAACACA-1","control_rep1","control",1050,760,8.0952380952381,3.61904761904762,1258,834,TRUE,FALSE,FALSE,FALSE,FALSE,TRUE,0.00211119325831532,"singlet",TRUE
"control_rep1_ATTGCACAGGCAGGTG-1","control_rep1","control",6595,3144,4.89764973464746,0.333586050037908,7101,3312,TRUE,FALSE,FALSE,FALSE,FALSE,TRUE,0.560195565223694,"singlet",TRUE
"control_rep1_ATTGCACAGGTCAAAG-1","control_rep1","control",3548,2119,6.53889515219842,0.28184892897407,11187,5616,TRUE,FALSE,FALSE,FALSE,FALSE,TRUE,0.723275065422058,"singlet",TRUE
"control_rep1_ATTGCAGGTGGGTACT-1","control_rep1","control",760,552,14.3421052631579,0.263157894736842,4197,2152,TRUE,FALSE,FALSE,FALSE,TRUE,FALSE,NA,"not_tested_QC_fail",FALSE
"control_rep1_ATTGCGCCAAACTAAG-1","control_rep1","control",4711,2384,1.91042241562301,0,12496,5999,TRUE,FALSE,FALSE,FALSE,FALSE,TRUE,0.0298648495227098,"singlet",TRUE
"control_rep1_ATTGCGCCAAATATCC-1","control_rep1","control",3454,2020,0.752750434279097,0.173711638679792,14452,7150,TRUE,FALSE,FALSE,FALSE,FALSE,TRUE,0.00283933919854462,"singlet",TRUE
"control_rep1_ATTGCGCCAGGTTCAC-1","control_rep1","control",1925,1361,0.935064935064935,0.103896103896104,4215,2540,TRUE,FALSE,FALSE,FALSE,FALSE,TRUE,0.00160795799456537,"singlet",TRUE
"control_rep1_ATTGCGCCATCAGTAT-1","control_rep1","control",16221,4219,2.57690647925529,0.357561186116762,18080,4489,TRUE,FALSE,FALSE,FALSE,FALSE,TRUE,0.497681975364685,"singlet",TRUE
"control_rep1_ATTGCGCCATCCAGGT-1","control_rep1","control",28447,5917,1.80335360494956,0.407775863887229,29954,6053,TRUE,FALSE,FALSE,FALSE,FALSE,TRUE,0.172455459833145,"singlet",TRUE
"control_rep1_ATTGCTCGTCACCAAA-1","control_rep1","control",2180,1374,11.4220183486239,0.642201834862385,4058,2270,TRUE,FALSE,FALSE,FALSE,TRUE,FALSE,NA,"not_tested_QC_fail",FALSE
"control_rep1_ATTGCTCGTTCACTGT-1","control_rep1","control",1188,915,5.47138047138047,0.841750841750842,20523,7927,TRUE,FALSE,FALSE,FALSE,FALSE,TRUE,0.0040782717987895,"singlet",TRUE
"control_rep1_ATTGGCTAGCAGCTAT-1","control_rep1","control",1686,1165,1.95729537366548,0.29655990510083,3231,1986,TRUE,FALSE,FALSE,FALSE,FALSE,TRUE,0.00195162533782423,"singlet",TRUE
"control_rep1_ATTGGCTAGCAGGCCT-1","control_rep1","control",5478,2359,1.7889740781307,0.127783862723622,5835,2452,TRUE,FALSE,FALSE,FALSE,FALSE,TRUE,0.00427263230085373,"singlet",TRUE
"control_rep1_ATTGGCTAGCGCCTTT-1","control_rep1","control",1501,1046,13.124583610926,0.399733510992672,7732,4116,TRUE,FALSE,FALSE,FALSE,TRUE,FALSE,NA,"not_tested_QC_fail",FALSE
"control_rep1_ATTGGCTAGCTATTAG-1","control_rep1","control",4739,2739,3.397341211226,0.485334458746571,8078,4289,TRUE,FALSE,FALSE,FALSE,FALSE,TRUE,0.692591428756714,"singlet",TRUE
"control_rep1_ATTGGCTAGGCCAATT-1","control_rep1","control",4393,2043,2.27634873662645,0.182107898930116,4624,2110,TRUE,FALSE,FALSE,FALSE,FALSE,TRUE,0.32919454574585,"singlet",TRUE
"control_rep1_ATTGGTTCATGCTTAG-1","control_rep1","control",640,524,2.1875,0,3470,1902,TRUE,FALSE,FALSE,FALSE,FALSE,TRUE,0.00249489373527467,"singlet",TRUE
"control_rep1_ATTGTCCGTATTACCC-1","control_rep1","control",505,422,1.98019801980198,0.792079207920792,953,652,FALSE,TRUE,FALSE,FALSE,FALSE,FALSE,NA,"not_tested_QC_fail",FALSE
"control_rep1_ATTGTGATCACTCAAA-1","control_rep1","control",1037,805,2.02507232401157,0.192864030858245,2925,1786,TRUE,FALSE,FALSE,FALSE,FALSE,TRUE,0.00154800328891724,"singlet",TRUE
"control_rep1_ATTGTGATCAGCAAAG-1","control_rep1","control",7115,2827,2.15038650737878,0.154602951510892,7390,2912,TRUE,FALSE,FALSE,FALSE,FALSE,TRUE,0.309731841087341,"singlet",TRUE
"control_rep1_ATTTGCAAGCTCCTAC-1","control_rep1","control",24031,5151,1.19845199950065,0.0998709999583871,32200,8454,TRUE,FALSE,FALSE,FALSE,FALSE,TRUE,0.00935216527432203,"singlet",TRUE
"control_rep1_ATTTGCAAGGCGCACT-1","control_rep1","control",7637,2924,2.25219326960848,0,8052,3011,TRUE,FALSE,FALSE,FALSE,FALSE,TRUE,0.0913882851600647,"singlet",TRUE
"control_rep1_ATTTGCGCAATCGCAC-1","control_rep1","control",3645,2179,4.80109739368999,0.0548696844993141,30383,12025,TRUE,FALSE,FALSE,FALSE,FALSE,TRUE,0.00221081101335585,"singlet",TRUE
"control_rep1_ATTTGTGAGGACCTGC-1","control_rep1","control",2704,1489,2.99556213017751,0.29585798816568,2861,1543,TRUE,FALSE,FALSE,FALSE,FALSE,TRUE,0.0591062195599079,"singlet",TRUE
"control_rep1_ATTTGTGAGTCCTTCA-1","control_rep1","control",3941,2209,2.71504694240041,0.380614057345851,9934,4857,TRUE,FALSE,FALSE,FALSE,FALSE,TRUE,0.000994255184195936,"singlet",TRUE
"control_rep1_CAAACAACACCTCACC-1","control_rep1","control",4322,2308,1.5733456732994,0.0925497454881999,16421,7857,TRUE,FALSE,FALSE,FALSE,FALSE,TRUE,0.0404333993792534,"singlet",TRUE
"control_rep1_CAAACAACAGCCAGAA-1","control_rep1","control",3894,1827,2.59373394966615,0.231124807395994,4259,1917,TRUE,FALSE,FALSE,FALSE,FALSE,TRUE,0.0854656249284744,"singlet",TRUE
"control_rep1_CAAACAACATCACAGC-1","control_rep1","control",26564,6715,2.55985544345731,0.688902273753953,32850,8897,TRUE,FALSE,FALSE,FALSE,FALSE,TRUE,0.156721413135529,"singlet",TRUE
"control_rep1_CAAACACTCACACAGT-1","control_rep1","control",890,654,12.4719101123596,1.23595505617978,1081,719,FALSE,FALSE,FALSE,FALSE,TRUE,FALSE,NA,"not_tested_QC_fail",FALSE
"control_rep1_CAAACACTCACTAATG-1","control_rep1","control",2516,1669,2.06677265500795,0.158982511923688,8483,4660,TRUE,FALSE,FALSE,FALSE,FALSE,TRUE,0.00087628053734079,"singlet",TRUE
"control_rep1_CAAACACTCCCATAGG-1","control_rep1","control",13113,4023,2.18866773430946,0.144894379623275,13694,4128,TRUE,FALSE,FALSE,FALSE,FALSE,TRUE,0.0588726326823235,"singlet",TRUE
"control_rep1_CAAACACTCTAATCCT-1","control_rep1","control",5238,2564,1.47002672775869,0.0572737686139748,13297,6432,TRUE,FALSE,FALSE,FALSE,FALSE,TRUE,0.0130921583622694,"singlet",TRUE
"control_rep1_CAAACATGTCAAGTAT-1","control_rep1","control",5914,2990,1.04835982414609,0.118363205951978,28958,11932,TRUE,FALSE,FALSE,FALSE,FALSE,TRUE,0.344567328691483,"singlet",TRUE
"control_rep1_CAAACATGTCATCAAG-1","control_rep1","control",1022,754,13.2093933463796,1.07632093933464,1393,910,TRUE,FALSE,FALSE,FALSE,TRUE,FALSE,NA,"not_tested_QC_fail",FALSE
"control_rep1_CAAACATGTGTTGTAG-1","control_rep1","control",4445,2543,1.19235095613048,0.0899887514060742,23213,9991,TRUE,FALSE,FALSE,FALSE,FALSE,TRUE,0.98595803976059,"doublet",FALSE
"control_rep1_CAAACATGTTATCCGT-1","control_rep1","control",7974,3394,5.15425131677953,1.44218710810133,14754,5853,TRUE,FALSE,FALSE,FALSE,FALSE,TRUE,0.0099528506398201,"singlet",TRUE
"control_rep1_CAAACGCGTGATCATG-1","control_rep1","control",2095,1307,3.1980906921241,0,2340,1431,TRUE,FALSE,FALSE,FALSE,FALSE,TRUE,0.00201163697056472,"singlet",TRUE
"control_rep1_CAAACGCGTTCGCTCA-1","control_rep1","control",2540,1484,3.11023622047244,0.354330708661417,2703,1546,TRUE,FALSE,FALSE,FALSE,FALSE,TRUE,0.00924530439078808,"singlet",TRUE
"control_rep1_CAAAGCGCAACCTAAT-1","control_rep1","control",1454,1057,4.40165061898212,0.206327372764787,11658,5652,TRUE,FALSE,FALSE,FALSE,FALSE,TRUE,0.00198990176431835,"singlet",TRUE
"control_rep1_CAAAGCGCACGTTACA-1","control_rep1","control",1703,1175,4.81503229594833,0.411039342337052,1926,1238,TRUE,FALSE,FALSE,FALSE,FALSE,TRUE,0.00380101520568132,"singlet",TRUE
"control_rep1_CAAAGCGCACTTCATC-1","control_rep1","control",10506,4255,3.96916047972587,0.809061488673139,23837,9515,TRUE,FALSE,FALSE,FALSE,FALSE,TRUE,0.568153262138367,"singlet",TRUE
"control_rep1_CAAAGCGCATAGCGAG-1","control_rep1","control",3235,1787,2.84389489953632,0.0618238021638331,3423,1851,TRUE,FALSE,FALSE,FALSE,FALSE,TRUE,0.15395100414753,"singlet",TRUE
"control_rep1_CAAAGGATCCTTCGTA-1","control_rep1","control",1394,1072,4.59110473457676,0.932568149210904,5761,3288,TRUE,FALSE,FALSE,FALSE,FALSE,TRUE,0.00268628192134202,"singlet",TRUE
"control_rep1_CAAAGGATCGAGCTAT-1","control_rep1","control",24797,5027,0.770254466266081,0.0927531556236642,25845,5436,TRUE,FALSE,FALSE,FALSE,FALSE,TRUE,0.0492983311414719,"singlet",TRUE
"control_rep1_CAAAGGATCGTAACGT-1","control_rep1","control",3088,1935,3.95077720207254,0.356217616580311,7108,3880,TRUE,FALSE,FALSE,FALSE,FALSE,TRUE,0.160849437117577,"singlet",TRUE
"control_rep1_CAAAGTGAGGGACGCA-1","control_rep1","control",3117,1765,0.962463907603465,0.0962463907603465,10591,5279,TRUE,FALSE,FALSE,FALSE,FALSE,TRUE,0.00331298471428454,"singlet",TRUE
"control_rep1_CAAAGTGAGGTCTTGG-1","control_rep1","control",6175,2889,5.57085020242915,0.48582995951417,6603,2981,TRUE,FALSE,FALSE,FALSE,FALSE,TRUE,0.5038782954216,"singlet",TRUE
"control_rep1_CAAAGTGAGTACCGCA-1","control_rep1","control",3563,1812,3.7328094302554,0.140331181588549,3727,1866,TRUE,FALSE,FALSE,FALSE,FALSE,TRUE,0.00561178661882877,"singlet",TRUE
"control_rep1_CAAATCATCTCCATGC-1","control_rep1","control",7303,3090,11.6253594413255,1.32822127892647,8711,3697,TRUE,FALSE,FALSE,FALSE,TRUE,FALSE,NA,"not_tested_QC_fail",FALSE
"control_rep1_CAACAATGTGAGAAAC-1","control_rep1","control",25061,6062,2.0709468895894,0.227445034116755,28459,7589,TRUE,FALSE,FALSE,FALSE,FALSE,TRUE,0.0714098364114761,"singlet",TRUE
"control_rep1_CAACAGGCACAATACT-1","control_rep1","control",1147,909,1.6564952048823,0.1743679163034,5253,2992,TRUE,FALSE,FALSE,FALSE,FALSE,TRUE,0.00162901496514678,"singlet",TRUE
"control_rep1_CAACAGGCACCTGGTG-1","control_rep1","control",870,683,7.1264367816092,0,16725,6932,TRUE,FALSE,FALSE,FALSE,FALSE,TRUE,0.00210542883723974,"singlet",TRUE
"control_rep1_CAACAGGCAGCAACAG-1","control_rep1","control",5615,2318,0.979519145146928,0.178094390026714,5754,2376,TRUE,FALSE,FALSE,FALSE,FALSE,TRUE,0.00635482976213098,"singlet",TRUE
"control_rep1_CAACAGGCAGCATGAG-1","control_rep1","control",1001,770,4.0959040959041,0.699300699300699,2457,1521,TRUE,FALSE,FALSE,FALSE,FALSE,TRUE,0.00114180648233742,"singlet",TRUE
"control_rep1_CAACAGGCAGGTTACC-1","control_rep1","control",2287,1502,1.35548753825973,0.34980323567993,8708,4709,TRUE,FALSE,FALSE,FALSE,FALSE,TRUE,0.00252129836007953,"singlet",TRUE
"control_rep1_CAACCCGCAGGTTATT-1","control_rep1","control",9389,3373,2.07689849824262,0.681648737884759,13771,5385,TRUE,FALSE,FALSE,FALSE,FALSE,TRUE,0.0726625397801399,"singlet",TRUE
"control_rep1_CAACCCTTCGTTAAGC-1","control_rep1","control",26437,5512,0.80190641903393,0.109694745999924,28241,5878,TRUE,FALSE,FALSE,FALSE,FALSE,TRUE,0.00426005059853196,"singlet",TRUE
"control_rep1_CAACTAATCGAGGTGG-1","control_rep1","control",4714,2108,4.43360203648706,0.148493848112007,4874,2162,TRUE,FALSE,FALSE,FALSE,FALSE,TRUE,0.0072947102598846,"singlet",TRUE
"control_rep1_CAAGAACCAACAGCCT-1","control_rep1","control",17853,5169,0.885005321234526,0.106424690528203,33825,11843,TRUE,FALSE,FALSE,FALSE,FALSE,TRUE,0.735688626766205,"singlet",TRUE
"control_rep1_CAAGAACCAAGCCAGA-1","control_rep1","control",9372,3279,1.48314127187367,0.28809218950064,9720,3365,TRUE,FALSE,FALSE,FALSE,FALSE,TRUE,0.166395395994186,"singlet",TRUE
"control_rep1_CAAGAACCACCTCACC-1","control_rep1","control",1860,1247,2.63440860215054,0.0537634408602151,3756,2241,TRUE,FALSE,FALSE,FALSE,FALSE,TRUE,0.00203016470186412,"singlet",TRUE
"control_rep1_CAAGAACCATAGCGAG-1","control_rep1","control",1557,1051,4.30314707771355,0.899165061014772,1938,1183,TRUE,FALSE,FALSE,FALSE,FALSE,TRUE,0.0167809184640646,"singlet",TRUE
"control_rep1_CAAGACAAGCCGGTAC-1","control_rep1","control",4018,1897,1.59283225485316,0.174216027874564,4195,1964,TRUE,FALSE,FALSE,FALSE,FALSE,TRUE,0.178427338600159,"singlet",TRUE
"control_rep1_CAAGACAAGCCTAACG-1","control_rep1","control",17273,5446,5.38991489608059,0.480518728651653,28824,9728,TRUE,FALSE,FALSE,FALSE,FALSE,TRUE,0.0812707170844078,"singlet",TRUE
"control_rep1_CAAGCTAGTCTCAGCC-1","control_rep1","control",4628,2164,2.22558340535869,0.0432152117545376,4753,2213,TRUE,FALSE,FALSE,FALSE,FALSE,TRUE,0.275290936231613,"singlet",TRUE
"control_rep1_CAAGGCCTCACCTGTC-1","control_rep1","control",13455,3999,2.64585655890004,0.141211445559272,13559,4045,TRUE,FALSE,FALSE,FALSE,FALSE,TRUE,0.231804221868515,"singlet",TRUE
"control_rep1_CAAGGCCTCCCATAGG-1","control_rep1","control",8527,3036,1.75911809546148,0.187639263515891,8828,3120,TRUE,FALSE,FALSE,FALSE,FALSE,TRUE,0.270824402570724,"singlet",TRUE
"control_rep1_CAAGGCTGTTGGATCA-1","control_rep1","control",3141,1650,2.48328557784145,0.0636739891754218,3312,1706,TRUE,FALSE,FALSE,FALSE,FALSE,TRUE,0.0232358202338219,"singlet",TRUE
"control_rep1_CAAGGCTGTTTGTGGA-1","control_rep1","control",2926,1634,11.61995898838,0.102529049897471,20260,8912,TRUE,FALSE,FALSE,FALSE,TRUE,FALSE,NA,"not_tested_QC_fail",FALSE
"control_rep1_CAAGGGAGTCAAAGGG-1","control_rep1","control",4457,2399,1.30132376037694,0.022436616558223,13299,6530,TRUE,FALSE,FALSE,FALSE,FALSE,TRUE,0.00796523876488209,"singlet",TRUE
"control_rep1_CAAGGGAGTGAGAAAC-1","control_rep1","control",652,498,6.74846625766871,0.153374233128834,3029,1763,TRUE,TRUE,FALSE,FALSE,FALSE,FALSE,NA,"not_tested_QC_fail",FALSE
"control_rep1_CAAGGGAGTTGTAACG-1","control_rep1","control",10133,3533,1.50991808941084,0.148031185236356,10504,3624,TRUE,FALSE,FALSE,FALSE,FALSE,TRUE,0.481231838464737,"singlet",TRUE
"control_rep1_CAAGGTAAGGTCATTA-1","control_rep1","control",4324,2484,1.41073080481036,0.346901017576318,9394,5071,TRUE,FALSE,FALSE,FALSE,FALSE,TRUE,0.208238661289215,"singlet",TRUE
"control_rep1_CAAGGTTTCCTAAGGT-1","control_rep1","control",20446,5858,3.6584172943363,0.0733639831751932,24219,7120,TRUE,FALSE,FALSE,FALSE,FALSE,TRUE,0.990724503993988,"doublet",FALSE
"control_rep1_CAAGGTTTCGTTTCGC-1","control_rep1","control",8628,3028,1.90078813166435,0.289754288363468,8966,3147,TRUE,FALSE,FALSE,FALSE,FALSE,TRUE,0.00623735366389155,"singlet",TRUE
"control_rep1_CAAGTAACAAGCTAAA-1","control_rep1","control",7587,3111,1.79253987083169,0.355871886120996,16139,6893,TRUE,FALSE,FALSE,FALSE,FALSE,TRUE,0.204151824116707,"singlet",TRUE
"control_rep1_CAAGTAACACAGACTC-1","control_rep1","control",1454,1018,1.78817056396149,0.61898211829436,1611,1097,TRUE,FALSE,FALSE,FALSE,FALSE,TRUE,0.0139647293835878,"singlet",TRUE
"control_rep1_CAAGTAACACTAGGTC-1","control_rep1","control",3241,1939,1.60444307312558,0.123418697932737,20054,9010,TRUE,FALSE,FALSE,FALSE,FALSE,TRUE,0.136716857552528,"singlet",TRUE
"control_rep1_CAAGTGAAGGAGTCGG-1","control_rep1","control",14521,3766,1.79739687349356,0.0550926244748984,14943,3856,TRUE,FALSE,FALSE,FALSE,FALSE,TRUE,0.00524045201018453,"singlet",TRUE
"control_rep1_CAATAAGCAGGCCAAA-1","control_rep1","control",3087,1737,0.518302559118886,0.0647878198898607,13421,6507,TRUE,FALSE,FALSE,FALSE,FALSE,TRUE,0.00272071501240134,"singlet",TRUE
"control_rep1_CAATAAGCAGGCTTCG-1","control_rep1","control",2384,1569,2.51677852348993,0.209731543624161,5547,3210,TRUE,FALSE,FALSE,FALSE,FALSE,TRUE,0.0889398008584976,"singlet",TRUE
"control_rep1_CAATAAGCATTAGGTT-1","control_rep1","control",17723,4769,1.22439767533713,0.242622580827174,25336,8126,TRUE,FALSE,FALSE,FALSE,FALSE,TRUE,0.171604886651039,"singlet",TRUE
"control_rep1_CAATAAGCATTGACAT-1","control_rep1","control",1206,874,4.97512437810945,0.33167495854063,1395,933,TRUE,FALSE,FALSE,FALSE,FALSE,TRUE,0.0019854863639921,"singlet",TRUE
"control_rep1_CAATAGCTCACTCGCT-1","control_rep1","control",1324,974,6.797583081571,0.226586102719033,2267,1479,TRUE,FALSE,FALSE,FALSE,FALSE,TRUE,0.00186496344394982,"singlet",TRUE
"control_rep1_CAATAGCTCATTGACA-1","control_rep1","control",8254,2934,1.49018657620548,0.0726920281075842,8321,2962,TRUE,FALSE,FALSE,FALSE,FALSE,TRUE,0.0254416409879923,"singlet",TRUE
"control_rep1_CAATATGTCCTAATAG-1","control_rep1","control",2228,1504,3.85996409335727,0.134649910233393,6567,3694,TRUE,FALSE,FALSE,FALSE,FALSE,TRUE,0.00184514129068702,"singlet",TRUE
"control_rep1_CAATCCCTCACTAGGT-1","control_rep1","control",1836,1274,2.66884531590414,0,2025,1344,TRUE,FALSE,FALSE,FALSE,FALSE,TRUE,0.0115207396447659,"singlet",TRUE
"control_rep1_CAATCCCTCACTTCAT-1","control_rep1","control",4109,2061,1.75225115599903,0.438062788999757,4300,2125,TRUE,FALSE,FALSE,FALSE,FALSE,TRUE,0.00245354720391333,"singlet",TRUE
"control_rep1_CAATCCCTCCGGTTAG-1","control_rep1","control",5433,2853,2.79771765138966,0.239278483342536,13374,6553,TRUE,FALSE,FALSE,FALSE,FALSE,TRUE,0.480325281620026,"singlet",TRUE
"control_rep1_CAATCCTGTACGTTTC-1","control_rep1","control",2476,1553,5.12924071082391,0,11416,5590,TRUE,FALSE,FALSE,FALSE,FALSE,TRUE,0.00103991117794067,"singlet",TRUE
"control_rep1_CAATCCTGTAGGTGTC-1","control_rep1","control",14637,4177,1.91296030607365,0.0478240076518412,15378,4301,TRUE,FALSE,FALSE,FALSE,FALSE,TRUE,0.133855760097504,"singlet",TRUE
"control_rep1_CAATCGCCAGCTTAAT-1","control_rep1","control",4761,2380,3.31863053980256,0.189035916824197,4855,2424,TRUE,FALSE,FALSE,FALSE,FALSE,TRUE,0.267819732427597,"singlet",TRUE
"control_rep1_CAATGAACAAGGGTTG-1","control_rep1","control",1890,1262,5.07936507936508,0,2093,1330,TRUE,FALSE,FALSE,FALSE,FALSE,TRUE,0.00280091911554337,"singlet",TRUE
"control_rep1_CAATGAACATCGCTCC-1","control_rep1","control",1927,1270,6.95381421899325,0.882200311364816,2081,1321,TRUE,FALSE,FALSE,FALSE,FALSE,TRUE,0.00512912543490529,"singlet",TRUE
"control_rep1_CAATGACTCAAAGGCA-1","control_rep1","control",2388,1673,1.50753768844221,0.33500837520938,6681,3824,TRUE,FALSE,FALSE,FALSE,FALSE,TRUE,0.0842915251851082,"singlet",TRUE
"control_rep1_CAATGACTCACAGCCA-1","control_rep1","control",1277,962,2.97572435395458,0.313234142521535,4046,2423,TRUE,FALSE,FALSE,FALSE,FALSE,TRUE,0.00692895241081715,"singlet",TRUE
"control_rep1_CAATGACTCCCGTTGT-1","control_rep1","control",3796,2185,3.50368809272919,0.184404636459431,4037,2274,TRUE,FALSE,FALSE,FALSE,FALSE,TRUE,0.0678901299834251,"singlet",TRUE
"control_rep1_CAATGACTCGAGGAGT-1","control_rep1","control",1972,1372,1.21703853955375,0.456389452332657,6320,3540,TRUE,FALSE,FALSE,FALSE,FALSE,TRUE,0.0335942134261131,"singlet",TRUE
"control_rep1_CAATGCCCAACCTAAT-1","control_rep1","control",5542,2848,2.41789967520751,0.685673042223024,6071,3089,TRUE,FALSE,FALSE,FALSE,FALSE,TRUE,0.948897063732147,"doublet",FALSE
"control_rep1_CAATGCCCAAGCTTAT-1","control_rep1","control",10427,3775,2.36885010070011,0.038361944950609,11174,3988,TRUE,FALSE,FALSE,FALSE,FALSE,TRUE,0.323516070842743,"singlet",TRUE
"control_rep1_CAATGCCCACCCTCAC-1","control_rep1","control",15099,4251,2.6690509305252,0.178819789390026,18190,5493,TRUE,FALSE,FALSE,FALSE,FALSE,TRUE,0.040034044533968,"singlet",TRUE
"control_rep1_CAATGTCAGAAGGTGC-1","control_rep1","control",19398,5816,3.20651613568409,0.386637797711104,20732,5984,TRUE,FALSE,FALSE,FALSE,FALSE,TRUE,0.990510761737823,"doublet",FALSE
"control_rep1_CAATGTCAGGCGGATG-1","control_rep1","control",1048,796,2.95801526717557,0.477099236641221,3244,1899,TRUE,FALSE,FALSE,FALSE,FALSE,TRUE,0.00398792326450348,"singlet",TRUE
"control_rep1_CAATGTCAGTAACGAG-1","control_rep1","control",1274,918,7.45682888540031,0.54945054945055,8812,4380,TRUE,FALSE,FALSE,FALSE,FALSE,TRUE,0.00268921162933111,"singlet",TRUE
"control_rep1_CAATGTCAGTTTCCTG-1","control_rep1","control",2885,1762,3.32755632582322,0.0693240901213172,15075,7016,TRUE,FALSE,FALSE,FALSE,FALSE,TRUE,0.0013659643009305,"singlet",TRUE
"control_rep1_CAATGTGGTCCCGGAA-1","control_rep1","control",14425,4276,1.52512998266898,0.0831889081455806,14512,4313,TRUE,FALSE,FALSE,FALSE,FALSE,TRUE,0.112903147935867,"singlet",TRUE
"control_rep1_CAATGTGGTGCACGCA-1","control_rep1","control",9975,4255,1.40350877192982,0.731829573934837,25978,10704,TRUE,FALSE,FALSE,FALSE,FALSE,TRUE,0.996313750743866,"doublet",FALSE
"control_rep1_CAATGTGGTTGAAGCC-1","control_rep1","control",2284,1453,6.12959719789842,0.656742556917688,3712,2229,TRUE,FALSE,FALSE,FALSE,FALSE,TRUE,0.00144809682387859,"singlet",TRUE
"control_rep1_CACAATATCACGCATG-1","control_rep1","control",7142,2923,2.78633436012321,0.448053766451974,7632,3021,TRUE,FALSE,FALSE,FALSE,FALSE,TRUE,0.158639475703239,"singlet",TRUE
"control_rep1_CACAATATCCTAGTCC-1","control_rep1","control",5461,2491,1.79454312396997,0.457791613257645,5775,2568,TRUE,FALSE,FALSE,FALSE,FALSE,TRUE,0.232446417212486,"singlet",TRUE
"control_rep1_CACAATATCCTCCTAA-1","control_rep1","control",1523,1113,3.21733420879842,0.393959290873276,1666,1174,TRUE,FALSE,FALSE,FALSE,FALSE,TRUE,0.00232577230781317,"singlet",TRUE
"control_rep1_CACAGGCTCGGTTTGG-1","control_rep1","control",2333,1450,1.45735105015002,0.085726532361766,7109,3878,TRUE,FALSE,FALSE,FALSE,FALSE,TRUE,0.00180359568912536,"singlet",TRUE
"control_rep1_CACAGGGAGTCTTGAA-1","control_rep1","control",31098,6707,2.51784680686861,0.170428966493022,48394,12975,TRUE,FALSE,FALSE,FALSE,FALSE,TRUE,0.0963836014270782,"singlet",TRUE
"control_rep1_CACATAATCCAAGTTA-1","control_rep1","control",9067,3238,2.13962721958752,0.363957207455608,9148,3281,TRUE,FALSE,FALSE,FALSE,FALSE,TRUE,0.90830135345459,"doublet",FALSE
"control_rep1_CACATAATCTCCATAT-1","control_rep1","control",485,400,5.15463917525773,0.412371134020619,4177,2240,TRUE,TRUE,TRUE,FALSE,FALSE,FALSE,NA,"not_tested_QC_fail",FALSE
"control_rep1_CACATACAGCTATATG-1","control_rep1","control",6117,2988,4.0542749713912,0.326957658983162,20280,8599,TRUE,FALSE,FALSE,FALSE,FALSE,TRUE,0.977517247200012,"doublet",FALSE
"control_rep1_CACATACAGCTCATAA-1","control_rep1","control",2168,1334,3.55166051660517,0.968634686346863,2419,1411,TRUE,FALSE,FALSE,FALSE,FALSE,TRUE,0.0021933214738965,"singlet",TRUE
"control_rep1_CACATACAGGAACGGT-1","control_rep1","control",1401,1029,4.13990007137759,0.356887937187723,1583,1104,TRUE,FALSE,FALSE,FALSE,FALSE,TRUE,0.00236341287381947,"singlet",TRUE
"control_rep1_CACATACAGGTCCTAG-1","control_rep1","control",2486,1444,1.97103781174578,0.321802091713596,2610,1488,TRUE,FALSE,FALSE,FALSE,FALSE,TRUE,0.00176520470995456,"singlet",TRUE
"control_rep1_CACATACAGTTAGCCG-1","control_rep1","control",6061,2604,2.16135951163174,0.313479623824451,6289,2671,TRUE,FALSE,FALSE,FALSE,FALSE,TRUE,0.0185649860650301,"singlet",TRUE
"control_rep1_CACATTAAGCACAGCC-1","control_rep1","control",7984,3216,1.52805611222445,0.175350701402806,8137,3276,TRUE,FALSE,FALSE,FALSE,FALSE,TRUE,0.0307024754583836,"singlet",TRUE
"control_rep1_CACATTAAGTAACGAG-1","control_rep1","control",6993,2738,3.23180323180323,0.0286000286000286,7330,2815,TRUE,FALSE,FALSE,FALSE,FALSE,TRUE,0.00767375761643052,"singlet",TRUE
"control_rep1_CACATTAAGTAACGGA-1","control_rep1","control",3151,1806,2.5071405902888,0,15827,7431,TRUE,FALSE,FALSE,FALSE,FALSE,TRUE,0.00981777813285589,"singlet",TRUE
"control_rep1_CACCAACCACAAGCCT-1","control_rep1","control",6640,3497,3.58433734939759,0.180722891566265,13785,6927,TRUE,FALSE,FALSE,FALSE,FALSE,TRUE,0.986408233642578,"doublet",FALSE
"control_rep1_CACCGGTAGGTTACAC-1","control_rep1","control",14867,4048,1.49324006188202,0.369946862177978,15552,4162,TRUE,FALSE,FALSE,FALSE,FALSE,TRUE,0.0637306272983551,"singlet",TRUE
"control_rep1_CACCTCAGTCATTACC-1","control_rep1","control",3195,2013,3.12989045383412,0.187793427230047,8502,4637,TRUE,FALSE,FALSE,FALSE,FALSE,TRUE,0.218150168657303,"singlet",TRUE
"control_rep1_CACCTCAGTGCTCCAC-1","control_rep1","control",3192,1646,5.67042606516291,0.68922305764411,3346,1706,TRUE,FALSE,FALSE,FALSE,FALSE,TRUE,0.00704104220494628,"singlet",TRUE
"control_rep1_CACCTGTTCAGCACGC-1","control_rep1","control",11077,4362,3.73747404531913,0.207637446962174,16807,7124,TRUE,FALSE,FALSE,FALSE,FALSE,TRUE,0.392514735460281,"singlet",TRUE
"control_rep1_CACCTGTTCGTTATCT-1","control_rep1","control",20452,4857,3.06082534715431,0.0880109524740857,21240,4976,TRUE,FALSE,FALSE,FALSE,FALSE,TRUE,0.218540519475937,"singlet",TRUE
"control_rep1_CACCTGTTCTCATCAT-1","control_rep1","control",9062,3493,2.97947472964026,0.055175457956301,41435,14501,TRUE,FALSE,FALSE,FALSE,FALSE,TRUE,0.589300215244293,"singlet",TRUE
"control_rep1_CACCTGTTCTGTGCAG-1","control_rep1","control",3001,1778,6.0646451182939,0.0333222259246918,3193,1839,TRUE,FALSE,FALSE,FALSE,FALSE,TRUE,0.0870896652340889,"singlet",TRUE
"control_rep1_CACGCAATCACTTCAT-1","control_rep1","control",3830,2033,6.13577023498695,0.182767624020888,4193,2121,TRUE,FALSE,FALSE,FALSE,FALSE,TRUE,0.020272895693779,"singlet",TRUE
"control_rep1_CACGCAATCATGCATA-1","control_rep1","control",3999,2232,4.27606901725431,1.02525631407852,4718,2366,TRUE,FALSE,FALSE,FALSE,FALSE,TRUE,0.271839201450348,"singlet",TRUE
"control_rep1_CACGCAATCCTTTACG-1","control_rep1","control",8114,3328,2.36628050283461,0.431353216662559,17702,7535,TRUE,FALSE,FALSE,FALSE,FALSE,TRUE,0.0754438936710358,"singlet",TRUE
"control_rep1_CACGCAATCGCTAGTG-1","control_rep1","control",12436,4052,1.80122225796076,0.201029269861692,13124,4166,TRUE,FALSE,FALSE,FALSE,FALSE,TRUE,0.275354295969009,"singlet",TRUE
"control_rep1_CACGCAATCTAATCCT-1","control_rep1","control",713,549,7.57363253856942,0.140252454417952,3867,2173,TRUE,FALSE,FALSE,FALSE,FALSE,TRUE,0.00265912152826786,"singlet",TRUE
"control_rep1_CACGCTAAGCGATAAG-1","control_rep1","control",4177,2005,2.17859707924348,0.0957625089777352,4345,2060,TRUE,FALSE,FALSE,FALSE,FALSE,TRUE,0.0259018912911415,"singlet",TRUE
"control_rep1_CACGCTAAGCGATACT-1","control_rep1","control",3819,2004,3.27310814349306,0.366588112071223,5881,3013,TRUE,FALSE,FALSE,FALSE,FALSE,TRUE,0.27324104309082,"singlet",TRUE
"control_rep1_CACGCTAAGGCAAGTA-1","control_rep1","control",2964,1537,2.29419703103914,0.067476383265857,3642,1834,TRUE,FALSE,FALSE,FALSE,FALSE,TRUE,0.00295591773465276,"singlet",TRUE
"control_rep1_CACTAAGGTCATAGAT-1","control_rep1","control",3250,1903,3.29230769230769,0.676923076923077,4454,2453,TRUE,FALSE,FALSE,FALSE,FALSE,TRUE,0.0746644511818886,"singlet",TRUE
"control_rep1_CACTAAGGTTAGCATG-1","control_rep1","control",12265,4173,1.62250305748064,0.138605788830004,12419,4226,TRUE,FALSE,FALSE,FALSE,FALSE,TRUE,0.054683156311512,"singlet",TRUE
"control_rep1_CACTAGCCACCACAAC-1","control_rep1","control",3256,1994,4.20761670761671,0.245700245700246,3409,2047,TRUE,FALSE,FALSE,FALSE,FALSE,TRUE,0.359331369400024,"singlet",TRUE
"control_rep1_CACTAGCCACTGGCCA-1","control_rep1","control",5932,2727,3.03438975050573,0.438300741739717,11687,5469,TRUE,FALSE,FALSE,FALSE,FALSE,TRUE,0.263853281736374,"singlet",TRUE
"control_rep1_CACTGACCACAGCCAT-1","control_rep1","control",4868,2417,4.00575184880855,0.267050123253903,5165,2496,TRUE,FALSE,FALSE,FALSE,FALSE,TRUE,0.00391287729144096,"singlet",TRUE
"control_rep1_CACTTTGTCACAGCCA-1","control_rep1","control",15573,4375,1.40628010017338,0.147691517369807,16794,4809,TRUE,FALSE,FALSE,FALSE,FALSE,TRUE,0.256982386112213,"singlet",TRUE
"control_rep1_CACTTTGTCGCAACAT-1","control_rep1","control",10562,4473,5.38723726566938,0.482863094110964,25197,10632,TRUE,FALSE,FALSE,FALSE,FALSE,TRUE,0.99301141500473,"doublet",FALSE
"control_rep1_CACTTTGTCGGTCATG-1","control_rep1","control",4044,1990,8.67952522255193,0.692383778437191,4540,2086,TRUE,FALSE,FALSE,FALSE,FALSE,TRUE,0.0421024076640606,"singlet",TRUE
"control_rep1_CAGAATCTCCCGTTTA-1","control_rep1","control",3032,1914,2.40765171503958,0.0989445910290237,14511,7072,TRUE,FALSE,FALSE,FALSE,FALSE,TRUE,0.00206409278325737,"singlet",TRUE
"control_rep1_CAGATTCAGTTAGACC-1","control_rep1","control",6819,2838,2.81566212054553,0.615926088869336,11543,5051,TRUE,FALSE,FALSE,FALSE,FALSE,TRUE,0.0253567583858967,"singlet",TRUE
"control_rep1_CAGCAAGCAATCATGT-1","control_rep1","control",17179,4160,1.3970545433378,0.227021363292392,20546,5524,TRUE,FALSE,FALSE,FALSE,FALSE,TRUE,0.0172832980751991,"singlet",TRUE
"control_rep1_CAGCATGTCAAAGGCA-1","control_rep1","control",2608,1488,3.60429447852761,0.575153374233129,2978,1581,TRUE,FALSE,FALSE,FALSE,FALSE,TRUE,0.0334635525941849,"singlet",TRUE
"control_rep1_CAGCATGTCGCATTAA-1","control_rep1","control",3239,1923,3.42698363692498,0.43223217042297,6934,3693,TRUE,FALSE,FALSE,FALSE,FALSE,TRUE,0.0752037242054939,"singlet",TRUE
"control_rep1_CAGCATGTCGGGATTT-1","control_rep1","control",3920,1827,1.68367346938776,0.0255102040816327,4057,1876,TRUE,FALSE,FALSE,FALSE,FALSE,TRUE,0.00518001010641456,"singlet",TRUE
"control_rep1_CAGCATTAGCACAGGG-1","control_rep1","control",6350,2568,3.65354330708661,0.094488188976378,6537,2645,TRUE,FALSE,FALSE,FALSE,FALSE,TRUE,0.0212379992008209,"singlet",TRUE
"control_rep1_CAGCATTAGGTGCTGC-1","control_rep1","control",12955,3952,0.856812041682748,0.308761096101891,13358,4033,TRUE,FALSE,FALSE,FALSE,FALSE,TRUE,0.230509907007217,"singlet",TRUE
"control_rep1_CAGCCAATCACTTTAC-1","control_rep1","control",2819,1688,1.06420716566158,0.0354735721887194,5306,2902,TRUE,FALSE,FALSE,FALSE,FALSE,TRUE,0.00292025180533528,"singlet",TRUE
"control_rep1_CAGCCAATCCCGTTGT-1","control_rep1","control",9454,3409,1.61836259784218,0.232705733023059,9869,3502,TRUE,FALSE,FALSE,FALSE,FALSE,TRUE,0.582516551017761,"singlet",TRUE
"control_rep1_CAGCCAATCCTTAGTT-1","control_rep1","control",2888,1872,2.28531855955679,0.207756232686981,3271,2069,TRUE,FALSE,FALSE,FALSE,FALSE,TRUE,0.294111669063568,"singlet",TRUE
"control_rep1_CAGCCTAAGCCGGTAC-1","control_rep1","control",870,700,6.09195402298851,0.229885057471264,9011,4367,TRUE,FALSE,FALSE,FALSE,FALSE,TRUE,0.0017022491665557,"singlet",TRUE
"control_rep1_CAGCCTAAGGAGCAAC-1","control_rep1","control",1905,1328,3.30708661417323,0.05249343832021,5791,3271,TRUE,FALSE,FALSE,FALSE,FALSE,TRUE,0.00218191696330905,"singlet",TRUE
"control_rep1_CAGCCTAAGGCGAATA-1","control_rep1","control",3176,1684,1.92065491183879,0.157430730478589,3335,1747,TRUE,FALSE,FALSE,FALSE,FALSE,TRUE,0.0434920229017735,"singlet",TRUE
"control_rep1_CAGCCTAAGGTTTACA-1","control_rep1","control",1514,1119,2.24570673712021,0.330250990752972,4703,2743,TRUE,FALSE,FALSE,FALSE,FALSE,TRUE,0.00146403058897704,"singlet",TRUE
"control_rep1_CAGCTAAGTTTCCGGC-1","control_rep1","control",13333,4104,2.55756393909848,0.0225005625140629,13708,4195,TRUE,FALSE,FALSE,FALSE,FALSE,TRUE,0.0484583452343941,"singlet",TRUE
"control_rep1_CAGCTATAGCCTGATG-1","control_rep1","control",2930,1770,5.73378839590444,0.819112627986348,3603,2013,TRUE,FALSE,FALSE,FALSE,FALSE,TRUE,0.0746387168765068,"singlet",TRUE
"control_rep1_CAGCTCAAGATACTTG-1","control_rep1","control",11345,3470,1.56015866020273,0.299691494050242,11427,3502,TRUE,FALSE,FALSE,FALSE,FALSE,TRUE,0.0987292379140854,"singlet",TRUE
"control_rep1_CAGGAAGGTACCAGGT-1","control_rep1","control",5189,2686,1.77298130661014,0.0770861437656581,9140,4653,TRUE,FALSE,FALSE,FALSE,FALSE,TRUE,0.549970924854279,"singlet",TRUE
"control_rep1_CAGGAAGGTGTTGTAG-1","control_rep1","control",796,679,1.38190954773869,0,2035,1325,TRUE,FALSE,FALSE,FALSE,FALSE,TRUE,0.000976511742919683,"singlet",TRUE
"control_rep1_CAGGACACACTCGCTC-1","control_rep1","control",4246,2122,0.824305228450306,0.023551577955723,17545,8172,TRUE,FALSE,FALSE,FALSE,FALSE,TRUE,0.0074325823225081,"singlet",TRUE
"control_rep1_CAGGACACAGAGGGAG-1","control_rep1","control",853,634,1.99296600234467,1.28956623681125,4479,2493,TRUE,FALSE,FALSE,FALSE,FALSE,TRUE,0.00115553429350257,"singlet",TRUE
"control_rep1_CAGGCTATCCCGCAAA-1","control_rep1","control",8932,3498,2.66457680250784,0.403045230631438,9503,3642,TRUE,FALSE,FALSE,FALSE,FALSE,TRUE,0.690670073032379,"singlet",TRUE
"control_rep1_CAGGCTATCCGCCAAA-1","control_rep1","control",43274,6742,1.07454822757314,0.136340527799603,47569,7404,TRUE,FALSE,FALSE,FALSE,FALSE,TRUE,0.0031416651327163,"singlet",TRUE
"control_rep1_CAGGCTGGTAGCTGCG-1","control_rep1","control",5497,2225,10.3329088593778,0.127342186647262,5591,2264,TRUE,FALSE,FALSE,FALSE,FALSE,TRUE,0.0179347712546587,"singlet",TRUE
"control_rep1_CAGGCTGGTTTAGCTC-1","control_rep1","control",5302,2467,4.94153149754809,0.2263296869106,5535,2534,TRUE,FALSE,FALSE,FALSE,FALSE,TRUE,0.0146749513223767,"singlet",TRUE
"control_rep1_CAGGGCTTCTGTAATG-1","control_rep1","control",6604,2409,1.15081768625076,0.242277407631738,7013,2503,TRUE,FALSE,FALSE,FALSE,FALSE,TRUE,0.00618607364594936,"singlet",TRUE
"control_rep1_CAGGGTGAGCGCCTTT-1","control_rep1","control",7985,2971,1.15216030056356,0.23794614902943,8437,3073,TRUE,FALSE,FALSE,FALSE,FALSE,TRUE,0.0614516623318195,"singlet",TRUE
"control_rep1_CAGGTCCAGCAAACCT-1","control_rep1","control",10772,3690,2.19086520608986,0.566282955811363,16909,6340,TRUE,FALSE,FALSE,FALSE,FALSE,TRUE,0.015370586887002,"singlet",TRUE
"control_rep1_CAGGTCCAGCATTATG-1","control_rep1","control",14468,4300,1.95604091788775,0.0207354160906829,14916,4398,TRUE,FALSE,FALSE,FALSE,FALSE,TRUE,0.0442604906857014,"singlet",TRUE
"control_rep1_CAGGTGGAGGTGAAGC-1","control_rep1","control",5192,2495,1.82973805855162,0.385208012326656,5417,2562,TRUE,FALSE,FALSE,FALSE,FALSE,TRUE,0.374573171138763,"singlet",TRUE
"control_rep1_CAGGTGGAGTTAGGCT-1","control_rep1","control",3060,1843,2.81045751633987,0.163398692810458,9326,4875,TRUE,FALSE,FALSE,FALSE,FALSE,TRUE,0.00254612811841071,"singlet",TRUE
"control_rep1_CAGGTTAGTGCGCATG-1","control_rep1","control",4420,2251,1.47058823529412,0.158371040723982,4579,2311,TRUE,FALSE,FALSE,FALSE,FALSE,TRUE,0.0577188543975353,"singlet",TRUE
"control_rep1_CAGGTTTAGCGCCTAA-1","control_rep1","control",5496,2316,3.20232896652111,0.236535662299854,5628,2364,TRUE,FALSE,FALSE,FALSE,FALSE,TRUE,0.228429868817329,"singlet",TRUE
"control_rep1_CAGGTTTAGCTGTACG-1","control_rep1","control",7324,2660,3.85035499726925,0.0273074822501365,7485,2720,TRUE,FALSE,FALSE,FALSE,FALSE,TRUE,0.0154827600345016,"singlet",TRUE
"control_rep1_CAGGTTTAGGCTAATC-1","control_rep1","control",2413,1487,1.74057190219644,0.165768752590137,18854,8422,TRUE,FALSE,FALSE,FALSE,FALSE,TRUE,0.00110356998629868,"singlet",TRUE
"control_rep1_CAGGTTTAGGTAGCTT-1","control_rep1","control",3608,1943,3.07649667405765,0.554323725055432,3774,1995,TRUE,FALSE,FALSE,FALSE,FALSE,TRUE,0.317350685596466,"singlet",TRUE
"control_rep1_CAGTACCCACCTAATG-1","control_rep1","control",3531,1984,3.14358538657604,0.283205890682526,3627,2026,TRUE,FALSE,FALSE,FALSE,FALSE,TRUE,0.279863864183426,"singlet",TRUE
"control_rep1_CAGTACCCATAGCAGG-1","control_rep1","control",3955,2243,1.49178255372946,0.101137800252844,21668,9460,TRUE,FALSE,FALSE,FALSE,FALSE,TRUE,0.00433814944699407,"singlet",TRUE
"control_rep1_CATAACGGTCCTAAGA-1","control_rep1","control",5801,2605,2.10308567488364,0.39648336493708,9089,4070,TRUE,FALSE,FALSE,FALSE,FALSE,TRUE,0.0061741303652525,"singlet",TRUE
"control_rep1_CATAAGCTCTAGCTAA-1","control_rep1","control",629,512,4.1335453100159,0.794912559618442,6351,3332,TRUE,FALSE,FALSE,FALSE,FALSE,TRUE,0.00115456152707338,"singlet",TRUE
"control_rep1_CATAATCCAATCCCTT-1","control_rep1","control",965,765,1.45077720207254,0.310880829015544,1575,1091,TRUE,FALSE,FALSE,FALSE,FALSE,TRUE,0.00933764595538378,"singlet",TRUE
"control_rep1_CATAATCCAGAGAGCC-1","control_rep1","control",3739,2105,3.71757154319337,0.133725595078898,4556,2458,TRUE,FALSE,FALSE,FALSE,FALSE,TRUE,0.347324639558792,"singlet",TRUE
"control_rep1_CATAATGTCATTAGTG-1","control_rep1","control",8102,3196,2.61663786719329,0.123426314490249,8776,3298,TRUE,FALSE,FALSE,FALSE,FALSE,TRUE,0.0677288472652435,"singlet",TRUE
"control_rep1_CATAGACTCACAGGAA-1","control_rep1","control",1605,1093,3.30218068535826,0.124610591900312,2178,1401,TRUE,FALSE,FALSE,FALSE,FALSE,TRUE,0.00119204726070166,"singlet",TRUE
"control_rep1_CATAGACTCAGTATTG-1","control_rep1","control",10485,3954,5.40772532188841,0.39103481163567,10803,4055,TRUE,FALSE,FALSE,FALSE,FALSE,TRUE,0.973830044269562,"doublet",FALSE
"control_rep1_CATAGCTAGTAGCGGG-1","control_rep1","control",5339,2378,2.97808578385465,0.468252481738153,6153,2487,TRUE,FALSE,FALSE,FALSE,FALSE,TRUE,0.212106913328171,"singlet",TRUE
"control_rep1_CATAGTCAGGAGCACG-1","control_rep1","control",1789,1255,3.57741755170486,0.391280044717719,1941,1318,TRUE,FALSE,FALSE,FALSE,FALSE,TRUE,0.00185845245141536,"singlet",TRUE
"control_rep1_CATAGTCAGGATTGAG-1","control_rep1","control",1097,849,1.54968094804011,0.0911577028258888,2211,1442,TRUE,FALSE,FALSE,FALSE,FALSE,TRUE,0.0011572438525036,"singlet",TRUE
"control_rep1_CATAGTCAGTTTGGTA-1","control_rep1","control",4293,2016,1.42091777311903,0.279524807826695,4544,2086,TRUE,FALSE,FALSE,FALSE,FALSE,TRUE,0.626822531223297,"singlet",TRUE
"control_rep1_CATATCGCAGCAAATA-1","control_rep1","control",2555,1699,3.7573385518591,0.195694716242661,4682,2805,TRUE,FALSE,FALSE,FALSE,FALSE,TRUE,0.00358874630182981,"singlet",TRUE
"control_rep1_CATATCGCAGCAATAA-1","control_rep1","control",11799,4021,2.80532248495635,0.118654123230782,27570,10313,TRUE,FALSE,FALSE,FALSE,FALSE,TRUE,0.860262334346771,"doublet",FALSE
"control_rep1_CATATCGCATAGTCAT-1","control_rep1","control",4742,2258,2.53057781526782,0.316322226908477,5006,2330,TRUE,FALSE,FALSE,FALSE,FALSE,TRUE,0.234438732266426,"singlet",TRUE
"control_rep1_CATATCGCATTAGCCA-1","control_rep1","control",2589,1653,5.36886828891464,0.270374662031672,2856,1738,TRUE,FALSE,FALSE,FALSE,FALSE,TRUE,0.00675219716504216,"singlet",TRUE
"control_rep1_CATCAATCATCAGTAT-1","control_rep1","control",1890,1249,4.12698412698413,0.317460317460317,2391,1426,TRUE,FALSE,FALSE,FALSE,FALSE,TRUE,0.00706700282171369,"singlet",TRUE
"control_rep1_CATCAATCATTAAACC-1","control_rep1","control",1617,1219,0.989486703772418,0.0618429189857761,24280,8950,TRUE,FALSE,FALSE,FALSE,FALSE,TRUE,0.00920613761991262,"singlet",TRUE
"control_rep1_CATCACACAATAATGG-1","control_rep1","control",2030,1409,0.83743842364532,0.246305418719212,3955,2428,TRUE,FALSE,FALSE,FALSE,FALSE,TRUE,0.00392196280881763,"singlet",TRUE
"control_rep1_CATCACACAGATTCAT-1","control_rep1","control",2247,1542,1.46862483311081,0.178015131286159,15968,7462,TRUE,FALSE,FALSE,FALSE,FALSE,TRUE,0.00659436825662851,"singlet",TRUE
"control_rep1_CATCACACAGTAAAGC-1","control_rep1","control",18235,4419,1.23937482862627,0.153550863723608,19005,4530,TRUE,FALSE,FALSE,FALSE,FALSE,TRUE,0.144809052348137,"singlet",TRUE
"control_rep1_CATCACACATGTCGCG-1","control_rep1","control",2010,1257,3.681592039801,0.248756218905473,3786,2183,TRUE,FALSE,FALSE,FALSE,FALSE,TRUE,0.0014950551558286,"singlet",TRUE
"control_rep1_CATCACACATTGTCAG-1","control_rep1","control",2545,1525,4.00785854616896,0.550098231827112,2811,1595,TRUE,FALSE,FALSE,FALSE,FALSE,TRUE,0.0120914336293936,"singlet",TRUE
"control_rep1_CATCATGCAATTGAGA-1","control_rep1","control",1870,1334,1.01604278074866,0.160427807486631,5778,3373,TRUE,FALSE,FALSE,FALSE,FALSE,TRUE,0.00327043072320521,"singlet",TRUE
"control_rep1_CATCATGCAGCATGGA-1","control_rep1","control",6196,2795,8.73143963847644,0.0806972240154939,13947,6422,TRUE,FALSE,FALSE,FALSE,FALSE,TRUE,0.0207287967205048,"singlet",TRUE
"control_rep1_CATCCCAGTAATGACT-1","control_rep1","control",7539,2821,1.72436662687359,0.318344608038201,7825,2896,TRUE,FALSE,FALSE,FALSE,FALSE,TRUE,0.0495094023644924,"singlet",TRUE
"control_rep1_CATCCTCAGCCTGGTA-1","control_rep1","control",2305,1378,5.03253796095445,0.260303687635575,2633,1462,TRUE,FALSE,FALSE,FALSE,FALSE,TRUE,0.0135593106970191,"singlet",TRUE
"control_rep1_CATCCTCAGTAACGAG-1","control_rep1","control",7961,3884,3.11518653435498,0.175857304358749,14909,7264,TRUE,FALSE,FALSE,FALSE,FALSE,TRUE,0.960447072982788,"doublet",FALSE
"control_rep1_CATCCTCAGTCAATCA-1","control_rep1","control",4894,2436,4.04577033101757,0.081732733959951,5148,2511,TRUE,FALSE,FALSE,FALSE,FALSE,TRUE,0.492854654788971,"singlet",TRUE
"control_rep1_CATCCTCAGTGCTGTG-1","control_rep1","control",3464,1841,3.81062355658199,0.115473441108545,3629,1899,TRUE,FALSE,FALSE,FALSE,FALSE,TRUE,0.0049194754101336,"singlet",TRUE
"control_rep1_CATCCTGGTAATCGCA-1","control_rep1","control",1463,1085,1.77717019822283,0.341763499658236,3727,2254,TRUE,FALSE,FALSE,FALSE,FALSE,TRUE,0.00626442674547434,"singlet",TRUE
"control_rep1_CATCCTGGTGCATTTC-1","control_rep1","control",20250,5273,1.59012345679012,0.271604938271605,28531,8719,TRUE,FALSE,FALSE,FALSE,FALSE,TRUE,0.694520354270935,"singlet",TRUE
"control_rep1_CATCGCTTCCGCCTCA-1","control_rep1","control",25119,6734,2.12588080735698,0.286635614475099,29502,8528,TRUE,FALSE,FALSE,FALSE,FALSE,TRUE,0.991893708705902,"doublet",FALSE
"control_rep1_CATGCAAGTAATCACG-1","control_rep1","control",5251,2696,2.55189487716625,0.171395924585793,15642,7508,TRUE,FALSE,FALSE,FALSE,FALSE,TRUE,0.987129867076874,"doublet",FALSE
"control_rep1_CATGCATAGCCTGGTA-1","control_rep1","control",1693,1306,1.89013585351447,0.0590667454223272,7198,3987,TRUE,FALSE,FALSE,FALSE,FALSE,TRUE,0.0019854863639921,"singlet",TRUE
"control_rep1_CATGCATAGGTGAAGC-1","control_rep1","control",3351,1968,3.19307669352432,0.62667860340197,3523,2028,TRUE,FALSE,FALSE,FALSE,FALSE,TRUE,0.127276837825775,"singlet",TRUE
"control_rep1_CATGCGCAGTCTCACC-1","control_rep1","control",3362,1941,4.69958358120167,0.624628197501487,3651,2016,TRUE,FALSE,FALSE,FALSE,FALSE,TRUE,0.477183550596237,"singlet",TRUE
"control_rep1_CATGCGGGTAGTTGGC-1","control_rep1","control",2754,1611,2.7596223674655,0.0363108206245461,3980,2267,TRUE,FALSE,FALSE,FALSE,FALSE,TRUE,0.00101100280880928,"singlet",TRUE
"control_rep1_CATGGATTCATGCATA-1","control_rep1","control",2565,1476,1.01364522417154,0.389863547758285,2710,1532,TRUE,FALSE,FALSE,FALSE,FALSE,TRUE,0.00276486901566386,"singlet",TRUE
"control_rep1_CATGGCGGTACCGAAC-1","control_rep1","control",4050,1969,1.92592592592593,0.0740740740740741,4162,2017,TRUE,FALSE,FALSE,FALSE,FALSE,TRUE,0.219760835170746,"singlet",TRUE
"control_rep1_CATTATCTCACGAATC-1","control_rep1","control",3611,1714,1.44004430905566,0.221545278316256,4030,1803,TRUE,FALSE,FALSE,FALSE,FALSE,TRUE,0.00528878392651677,"singlet",TRUE
"control_rep1_CATTATCTCCAGGTCA-1","control_rep1","control",1615,1107,1.36222910216718,0.185758513931889,8410,4477,TRUE,FALSE,FALSE,FALSE,FALSE,TRUE,0.00263283075764775,"singlet",TRUE
"control_rep1_CATTATCTCCATAAGC-1","control_rep1","control",2890,1854,2.90657439446367,0.519031141868512,10056,5219,TRUE,FALSE,FALSE,FALSE,FALSE,TRUE,0.535219430923462,"singlet",TRUE
"control_rep1_CATTATGAGCTATGAC-1","control_rep1","control",10469,4556,2.1492024071067,0.420288470723087,31765,13063,TRUE,FALSE,FALSE,FALSE,FALSE,TRUE,0.508157908916473,"singlet",TRUE
"control_rep1_CATTATGAGCTTTGTT-1","control_rep1","control",1583,1097,4.42198357548958,0.252684775742262,1774,1164,TRUE,FALSE,FALSE,FALSE,FALSE,TRUE,0.00223500467836857,"singlet",TRUE
"control_rep1_CATTCCTCAGAAATTG-1","control_rep1","control",2498,1560,2.64211369095276,0.200160128102482,5280,2972,TRUE,FALSE,FALSE,FALSE,FALSE,TRUE,0.00278439838439226,"singlet",TRUE
"control_rep1_CATTCCTCATAAGTCT-1","control_rep1","control",1189,844,1.76619007569386,0.252312867956266,2250,1387,TRUE,FALSE,FALSE,FALSE,FALSE,TRUE,0.00199417071416974,"singlet",TRUE
"control_rep1_CATTGCGAGCCGCAGT-1","control_rep1","control",2975,1549,1.27731092436975,0.0336134453781513,3165,1601,TRUE,FALSE,FALSE,FALSE,FALSE,TRUE,0.00230806064791977,"singlet",TRUE
"control_rep1_CATTGCGAGGCGAATA-1","control_rep1","control",17575,5058,2.30440967283073,0.165007112375533,18666,5223,TRUE,FALSE,FALSE,FALSE,FALSE,TRUE,0.974255204200745,"doublet",FALSE
"control_rep1_CATTGCGAGTTAGCTA-1","control_rep1","control",3342,1709,1.46618791143028,0.0598444045481747,7172,3688,TRUE,FALSE,FALSE,FALSE,FALSE,TRUE,0.00299699069000781,"singlet",TRUE
"control_rep1_CATTGTAAGAAAGCAT-1","control_rep1","control",2612,1611,5.05359877488515,0.382848392036753,2971,1697,TRUE,FALSE,FALSE,FALSE,FALSE,TRUE,0.00199233344756067,"singlet",TRUE
"control_rep1_CATTGTAAGGAACGCG-1","control_rep1","control",1180,909,3.8135593220339,0.169491525423729,2675,1686,TRUE,FALSE,FALSE,FALSE,FALSE,TRUE,0.00239923945628107,"singlet",TRUE
"control_rep1_CATTGTAAGTCTTGAA-1","control_rep1","control",1154,834,7.19237435008665,2.07972270363951,1408,906,TRUE,FALSE,FALSE,FALSE,FALSE,TRUE,0.00538893602788448,"singlet",TRUE
"control_rep1_CATTGTGCACGGTTTA-1","control_rep1","control",6583,2575,2.40012152514051,0.0151906425641805,6750,2633,TRUE,FALSE,FALSE,FALSE,FALSE,TRUE,0.00739967590197921,"singlet",TRUE
"control_rep1_CATTTGTTCAATTGGC-1","control_rep1","control",1203,914,2.57689110556941,0,2312,1512,TRUE,FALSE,FALSE,FALSE,FALSE,TRUE,0.00074386375490576,"singlet",TRUE
"control_rep1_CCAAACCCAAGTAAGC-1","control_rep1","control",3116,1918,6.86777920410783,0.192554557124519,11985,5976,TRUE,FALSE,FALSE,FALSE,FALSE,TRUE,0.00199100072495639,"singlet",TRUE
"control_rep1_CCAAACTAGCATGAAG-1","control_rep1","control",2051,1367,11.0677718186251,2.53534861043393,2342,1483,TRUE,FALSE,FALSE,FALSE,TRUE,FALSE,NA,"not_tested_QC_fail",FALSE
"control_rep1_CCAAATCAGACACTTA-1","control_rep1","control",1617,1134,1.36054421768707,0.123685837971552,14337,6694,TRUE,FALSE,FALSE,FALSE,FALSE,TRUE,0.00150473660323769,"singlet",TRUE
"control_rep1_CCAACATAGCTCCTAC-1","control_rep1","control",4667,2234,3.34261838440111,0.0642811227769445,4925,2303,TRUE,FALSE,FALSE,FALSE,FALSE,TRUE,0.120339572429657,"singlet",TRUE
"control_rep1_CCAACCAAGACACTTA-1","control_rep1","control",2217,1465,1.17275597654488,0.31574199368516,12034,6009,TRUE,FALSE,FALSE,FALSE,FALSE,TRUE,0.000679134798701853,"singlet",TRUE
"control_rep1_CCAACCCGTAACGAGG-1","control_rep1","control",1114,797,2.15439856373429,0.0897666068222621,1282,875,TRUE,FALSE,FALSE,FALSE,FALSE,TRUE,0.00682538980618119,"singlet",TRUE
"control_rep1_CCAACCCGTCACTCGC-1","control_rep1","control",3031,1797,1.97954470471791,0.0329924117452986,3789,2220,TRUE,FALSE,FALSE,FALSE,FALSE,TRUE,0.00230047572404146,"singlet",TRUE
"control_rep1_CCAACCCGTTATAGCG-1","control_rep1","control",34425,6531,1.40595497458243,0.130718954248366,53169,14008,FALSE,FALSE,FALSE,FALSE,FALSE,TRUE,0.197550296783447,"singlet",TRUE
"control_rep1_CCAAGTTAGGCATTAC-1","control_rep1","control",5086,2314,1.39598898938262,0.0393236335037357,5192,2362,TRUE,FALSE,FALSE,FALSE,FALSE,TRUE,0.669167995452881,"singlet",TRUE
"control_rep1_CCAAGTTAGGTCCAAT-1","control_rep1","control",10349,3516,2.73456372596386,0.115953232196347,11399,3759,TRUE,FALSE,FALSE,FALSE,FALSE,TRUE,0.508770763874054,"singlet",TRUE
"control_rep1_CCAAGTTAGTTTGGGT-1","control_rep1","control",2674,1678,2.28122662677636,0.149588631264024,9194,4899,TRUE,FALSE,FALSE,FALSE,FALSE,TRUE,0.0371283963322639,"singlet",TRUE
"control_rep1_CCACAATAGACAACAG-1","control_rep1","control",12682,4218,2.01072386058981,0.315407664406245,25649,9571,TRUE,FALSE,FALSE,FALSE,FALSE,TRUE,0.702317714691162,"singlet",TRUE
"control_rep1_CCACACAAGGGTGGAT-1","control_rep1","control",5459,2723,2.08829455944312,0.146546986627587,6328,3138,TRUE,FALSE,FALSE,FALSE,FALSE,TRUE,0.662758946418762,"singlet",TRUE
"control_rep1_CCACAGGGTATTGGAT-1","control_rep1","control",1554,1093,4.18275418275418,0.128700128700129,1711,1154,TRUE,FALSE,FALSE,FALSE,FALSE,TRUE,0.00184309086762369,"singlet",TRUE
"control_rep1_CCACTTGGTGTTGTAG-1","control_rep1","control",8091,3181,2.33592880978865,0.519095291064145,12774,4868,TRUE,FALSE,FALSE,FALSE,FALSE,TRUE,0.0226853843778372,"singlet",TRUE
"control_rep1_CCAGACTCAAGGATTA-1","control_rep1","control",23681,5997,2.96440184113847,0.253367678729783,36814,11038,TRUE,FALSE,FALSE,FALSE,FALSE,TRUE,0.142137736082077,"singlet",TRUE
"control_rep1_CCAGACTCACAAAGCG-1","control_rep1","control",5812,2874,3.57880247763248,0.258086717136958,6275,3009,TRUE,FALSE,FALSE,FALSE,FALSE,TRUE,0.989932894706726,"doublet",FALSE
"control_rep1_CCAGACTCACGAATCC-1","control_rep1","control",4715,2301,2.12089077412513,0.466595970307529,19266,8641,TRUE,FALSE,FALSE,FALSE,FALSE,TRUE,0.0575712285935879,"singlet",TRUE
"control_rep1_CCAGACTCAGTTTGGC-1","control_rep1","control",5168,2357,3.61842105263158,0.212848297213622,5316,2423,TRUE,FALSE,FALSE,FALSE,FALSE,TRUE,0.00698210066184402,"singlet",TRUE
"control_rep1_CCAGCTAAGCTGCACA-1","control_rep1","control",5649,3047,4.7087980173482,1.02673039476013,15385,7372,TRUE,FALSE,FALSE,FALSE,FALSE,TRUE,0.137668564915657,"singlet",TRUE
"control_rep1_CCAGGATGTTGCGGAT-1","control_rep1","control",3595,1967,1.80806675938804,0.19471488178025,3751,2019,TRUE,FALSE,FALSE,FALSE,FALSE,TRUE,0.22935551404953,"singlet",TRUE
"control_rep1_CCAGTTTGTACCGAAC-1","control_rep1","control",4408,2092,1.47459165154265,0.158802177858439,4641,2157,TRUE,FALSE,FALSE,FALSE,FALSE,TRUE,0.0483300052583218,"singlet",TRUE
"control_rep1_CCAGTTTGTCACGGAT-1","control_rep1","control",6850,2981,1.57664233576642,0.233576642335766,7079,3049,TRUE,FALSE,FALSE,FALSE,FALSE,TRUE,0.0309486966580153,"singlet",TRUE
"control_rep1_CCATAATCAAACCTTG-1","control_rep1","control",2123,1388,3.90956194065002,0.329722091380122,2265,1440,TRUE,FALSE,FALSE,FALSE,FALSE,TRUE,0.037573978304863,"singlet",TRUE
"control_rep1_CCATAATCAACTAGAA-1","control_rep1","control",3847,2129,3.37925656355602,0.363919937613725,4157,2211,TRUE,FALSE,FALSE,FALSE,FALSE,TRUE,0.426662594079971,"singlet",TRUE
"control_rep1_CCATAATCAATTAAGG-1","control_rep1","control",15331,3805,0.971887026286609,0.156545561281065,15697,3923,TRUE,FALSE,FALSE,FALSE,FALSE,TRUE,0.019283389672637,"singlet",TRUE
"control_rep1_CCATAGCCACCTGTAA-1","control_rep1","control",3390,1799,1.68141592920354,0.0589970501474926,6982,3679,TRUE,FALSE,FALSE,FALSE,FALSE,TRUE,0.00443973438814282,"singlet",TRUE
"control_rep1_CCATATTTCAGCAAAG-1","control_rep1","control",10419,3345,1.76600441501104,0.163163451386889,10479,3377,TRUE,FALSE,FALSE,FALSE,FALSE,TRUE,0.00639702565968037,"singlet",TRUE
"control_rep1_CCATATTTCGGCTATG-1","control_rep1","control",5800,2578,6.94827586206897,0.310344827586207,6047,2642,TRUE,FALSE,FALSE,FALSE,FALSE,TRUE,0.00187256012577564,"singlet",TRUE
"control_rep1_CCATCACTCTCCTCAA-1","control_rep1","control",6180,2479,1.97411003236246,0.145631067961165,6268,2509,TRUE,FALSE,FALSE,FALSE,FALSE,TRUE,0.0545625910162926,"singlet",TRUE
"control_rep1_CCATCATGTGCGCAAT-1","control_rep1","control",777,635,2.96010296010296,0,4364,2458,TRUE,FALSE,FALSE,FALSE,FALSE,TRUE,0.00213440041989088,"singlet",TRUE
"control_rep1_CCCAAATAGGCGCATC-1","control_rep1","control",38208,6623,1.26151591289782,0.235552763819095,43188,7936,TRUE,FALSE,FALSE,FALSE,FALSE,TRUE,0.0105578936636448,"singlet",TRUE
"control_rep1_CCCAACCGTAGCCATA-1","control_rep1","control",1710,1214,7.19298245614035,0.467836257309941,6650,3547,TRUE,FALSE,FALSE,FALSE,FALSE,TRUE,0.00238898489624262,"singlet",TRUE
"control_rep1_CCCAACCGTCACAAAT-1","control_rep1","control",20923,5632,3.67060173015342,0.344118912201883,22273,5902,TRUE,FALSE,FALSE,FALSE,FALSE,TRUE,0.956696212291718,"doublet",FALSE
"control_rep1_CCCAACCGTTACTTCA-1","control_rep1","control",2352,1601,3.61394557823129,0.38265306122449,12685,6084,TRUE,FALSE,FALSE,FALSE,FALSE,TRUE,0.00326726771891117,"singlet",TRUE
"control_rep1_CCCAATTGTATCTGGA-1","control_rep1","control",4605,1938,1.36807817589577,0.217155266015201,4689,1970,TRUE,FALSE,FALSE,FALSE,FALSE,TRUE,0.00276956125162542,"singlet",TRUE
"control_rep1_CCCAGTTTCAGCAAAG-1","control_rep1","control",2814,1784,1.954513148543,0.355366027007818,4069,2441,TRUE,FALSE,FALSE,FALSE,FALSE,TRUE,0.0979328826069832,"singlet",TRUE
"control_rep1_CCCAGTTTCCCGAAGC-1","control_rep1","control",981,778,3.46585117227319,0.203873598369011,3115,1916,TRUE,FALSE,FALSE,FALSE,FALSE,TRUE,0.00186525890603662,"singlet",TRUE
"control_rep1_CCCAGTTTCCTGTTCA-1","control_rep1","control",974,767,1.64271047227926,0,1783,1201,TRUE,FALSE,FALSE,FALSE,FALSE,TRUE,0.0014495737850666,"singlet",TRUE
"control_rep1_CCCAGTTTCGGCCATA-1","control_rep1","control",5115,2308,1.72043010752688,0.21505376344086,5599,2428,TRUE,FALSE,FALSE,FALSE,FALSE,TRUE,0.346766859292984,"singlet",TRUE
"control_rep1_CCCAGTTTCGGTTCCT-1","control_rep1","control",2403,1509,2.37203495630462,0.249687890137328,11675,5835,TRUE,FALSE,FALSE,FALSE,FALSE,TRUE,0.0151910381391644,"singlet",TRUE
"control_rep1_CCCAGTTTCTATCGCC-1","control_rep1","control",10306,3956,2.10556957112362,0.0776246846497186,10675,4094,TRUE,FALSE,FALSE,FALSE,FALSE,TRUE,0.0416151359677315,"singlet",TRUE
"control_rep1_CCCAGTTTCTATTGTC-1","control_rep1","control",1515,1035,1.91419141914191,0.198019801980198,4520,2631,TRUE,FALSE,FALSE,FALSE,FALSE,TRUE,0.00234763883054256,"singlet",TRUE
"control_rep1_CCCGCAACACTAAGCC-1","control_rep1","control",2208,1414,10.8242753623188,0.271739130434783,2646,1552,TRUE,FALSE,FALSE,FALSE,TRUE,FALSE,NA,"not_tested_QC_fail",FALSE
"control_rep1_CCCGCTTCATGCATAT-1","control_rep1","control",2722,1765,1.61645848640705,0.0734753857457752,8692,4581,TRUE,FALSE,FALSE,FALSE,FALSE,TRUE,0.00729748047888279,"singlet",TRUE
"control_rep1_CCCGTTGTCTTAGGGT-1","control_rep1","control",1168,929,1.28424657534247,0.0856164383561644,4532,2660,TRUE,FALSE,FALSE,FALSE,FALSE,TRUE,0.00154565845150501,"singlet",TRUE
"control_rep1_CCCTAATGTCGCAAAC-1","control_rep1","control",1391,969,5.67936736161035,1.43781452192667,1600,1039,TRUE,FALSE,FALSE,FALSE,FALSE,TRUE,0.0780483260750771,"singlet",TRUE
"control_rep1_CCCTCACCACTAAGTT-1","control_rep1","control",14262,4260,1.46543261814612,0.224372458280746,14683,4350,TRUE,FALSE,FALSE,FALSE,FALSE,TRUE,0.870200216770172,"doublet",FALSE
"control_rep1_CCCTCAGTCAGGGCCT-1","control_rep1","control",1778,1143,3.26209223847019,0.224971878515186,1936,1204,TRUE,FALSE,FALSE,FALSE,FALSE,TRUE,0.000517843465786427,"singlet",TRUE
"control_rep1_CCCTCATAGAAGCTAG-1","control_rep1","control",4732,2276,1.22569737954353,0.0422654268808115,4913,2339,TRUE,FALSE,FALSE,FALSE,FALSE,TRUE,0.0400928817689419,"singlet",TRUE
"control_rep1_CCCTCATAGCGCTCAA-1","control_rep1","control",7972,3062,2.99799297541395,0.125439036628199,8523,3174,TRUE,FALSE,FALSE,FALSE,FALSE,TRUE,0.0979468673467636,"singlet",TRUE
"control_rep1_CCCTCATAGTCACTAA-1","control_rep1","control",5299,2232,1.22664653708247,0.339686733345914,5411,2274,TRUE,FALSE,FALSE,FALSE,FALSE,TRUE,0.00430627632886171,"singlet",TRUE
"control_rep1_CCCTCATAGTCAGTAC-1","control_rep1","control",3299,1857,1.66717187026372,0.18187329493786,3875,2157,TRUE,FALSE,FALSE,FALSE,FALSE,TRUE,0.104081757366657,"singlet",TRUE
"control_rep1_CCCTCATAGTGAGAGC-1","control_rep1","control",7213,2982,1.44184112019964,0.4020518508249,15349,6606,TRUE,FALSE,FALSE,FALSE,FALSE,TRUE,0.198060303926468,"singlet",TRUE
"control_rep1_CCCTGGACACTATGGC-1","control_rep1","control",3384,1800,2.09810874704492,0.325059101654846,3548,1857,TRUE,FALSE,FALSE,FALSE,FALSE,TRUE,0.00472631864249706,"singlet",TRUE
"control_rep1_CCCTGGACACTCAACA-1","control_rep1","control",2289,1502,0.830056793359546,0.0873743993010048,6650,3650,TRUE,FALSE,FALSE,FALSE,FALSE,TRUE,0.00189738336484879,"singlet",TRUE
"control_rep1_CCCTGGACAGTTAAAG-1","control_rep1","control",6453,3335,3.78118704478537,0.247946691461336,25546,11094,TRUE,FALSE,FALSE,FALSE,FALSE,TRUE,0.866159379482269,"doublet",FALSE
"control_rep1_CCCTGTTAGCTTTGGG-1","control_rep1","control",2666,1757,1.20030007501875,0.0750187546886722,11791,6122,TRUE,FALSE,FALSE,FALSE,FALSE,TRUE,0.296283602714539,"singlet",TRUE
"control_rep1_CCCTGTTAGGTCCTAG-1","control_rep1","control",2048,1288,5.6640625,0.1953125,2201,1360,TRUE,FALSE,FALSE,FALSE,FALSE,TRUE,0.0357432141900063,"singlet",TRUE
"control_rep1_CCCTGTTAGGTCGATT-1","control_rep1","control",4735,2195,1.58394931362196,0.61246040126716,4867,2241,TRUE,FALSE,FALSE,FALSE,FALSE,TRUE,0.0965482890605927,"singlet",TRUE
"control_rep1_CCCTGTTAGTTTGAGC-1","control_rep1","control",10494,4440,2.72536687631027,0.352582428054126,13232,5823,TRUE,FALSE,FALSE,FALSE,FALSE,TRUE,0.996493875980377,"doublet",FALSE
"control_rep1_CCCTGTTAGTTTGCGG-1","control_rep1","control",4016,2383,2.4402390438247,0.149402390438247,24278,10073,TRUE,FALSE,FALSE,FALSE,FALSE,TRUE,0.47714027762413,"singlet",TRUE
"control_rep1_CCCTTAATCGGCTATG-1","control_rep1","control",2233,1479,3.17957904164801,0.179131213613972,4563,2690,TRUE,FALSE,FALSE,FALSE,FALSE,TRUE,0.0068816551938653,"singlet",TRUE
"control_rep1_CCCTTAATCTCGACCT-1","control_rep1","control",3886,2334,5.17241379310345,0.463201235203294,4364,2477,TRUE,FALSE,FALSE,FALSE,FALSE,TRUE,0.0377033948898315,"singlet",TRUE
"control_rep1_CCGACAGGTCCTTCAG-1","control_rep1","control",4293,1956,2.44584206848358,0.116468669927789,4394,1994,TRUE,FALSE,FALSE,FALSE,FALSE,TRUE,0.00566318025812507,"singlet",TRUE
"control_rep1_CCGACAGGTTCCTGTG-1","control_rep1","control",20276,5372,2.4709015584928,0.55730913395147,31145,9052,TRUE,FALSE,FALSE,FALSE,FALSE,TRUE,0.082808330655098,"singlet",TRUE
"control_rep1_CCGACAGGTTGAGCCG-1","control_rep1","control",4837,2419,6.98780235683275,0.496175315278065,4982,2471,TRUE,FALSE,FALSE,FALSE,FALSE,TRUE,0.969489216804504,"doublet",FALSE
"control_rep1_CCGATGCAGGGATGAC-1","control_rep1","control",11133,4018,3.01805443276745,0.125752268031977,13991,5225,TRUE,FALSE,FALSE,FALSE,FALSE,TRUE,0.997148931026459,"doublet",FALSE
"control_rep1_CCGATGCAGTCCTTCA-1","control_rep1","control",8845,3611,4.12662521198417,0.463538722442058,9652,3738,TRUE,FALSE,FALSE,FALSE,FALSE,TRUE,0.316815704107285,"singlet",TRUE
"control_rep1_CCGCAAATCAAGCGCC-1","control_rep1","control",1648,1196,2.12378640776699,0.182038834951456,6019,3438,TRUE,FALSE,FALSE,FALSE,FALSE,TRUE,0.00199417071416974,"singlet",TRUE
"control_rep1_CCGCAAATCCGTTAAA-1","control_rep1","control",2158,1332,9.73123262279889,0.880444856348471,3161,1450,TRUE,FALSE,FALSE,FALSE,FALSE,TRUE,0.00219592149369419,"singlet",TRUE
"control_rep1_CCGCACACAGCATGAG-1","control_rep1","control",5021,2608,2.86795459071898,0.537741485759809,5466,2763,TRUE,FALSE,FALSE,FALSE,FALSE,TRUE,0.0389674380421638,"singlet",TRUE
"control_rep1_CCGCACACATCTAGCA-1","control_rep1","control",2029,1358,1.72498767865944,0.344997535731888,11916,5708,TRUE,FALSE,FALSE,FALSE,FALSE,TRUE,0.00157192698679864,"singlet",TRUE
"control_rep1_CCGCCAACAATAATGG-1","control_rep1","control",1211,875,8.91824938067713,0.0825763831544178,10330,5159,TRUE,FALSE,FALSE,FALSE,FALSE,TRUE,0.00176614685915411,"singlet",TRUE
"control_rep1_CCGCCAACACAATACT-1","control_rep1","control",10976,3875,2.12281341107872,0.145772594752187,11376,3969,TRUE,FALSE,FALSE,FALSE,FALSE,TRUE,0.00760449143126607,"singlet",TRUE
"control_rep1_CCGCCAACACCTGGTG-1","control_rep1","control",5114,2471,5.33828705514275,0.664841611263199,9188,4112,TRUE,FALSE,FALSE,FALSE,FALSE,TRUE,0.0383839495480061,"singlet",TRUE
"control_rep1_CCGCCAACATTAGCCA-1","control_rep1","control",7775,2893,1.491961414791,0.244372990353698,8002,2960,TRUE,FALSE,FALSE,FALSE,FALSE,TRUE,0.135702416300774,"singlet",TRUE
"control_rep1_CCGCCAACATTGTGAT-1","control_rep1","control",3265,2114,2.57274119448698,0.214395099540582,4603,2835,TRUE,FALSE,FALSE,FALSE,FALSE,TRUE,0.0332757048308849,"singlet",TRUE
"control_rep1_CCGCTAAAGAGGAGGA-1","control_rep1","control",1887,1270,3.44462109167992,0.582935877053524,2024,1320,TRUE,FALSE,FALSE,FALSE,FALSE,TRUE,0.00473312195390463,"singlet",TRUE
"control_rep1_CCGCTAAAGCTTATGA-1","control_rep1","control",11904,4158,1.11727150537634,0.0588037634408602,12028,4202,TRUE,FALSE,FALSE,FALSE,FALSE,TRUE,0.991012990474701,"doublet",FALSE
"control_rep1_CCGCTAAAGGCGCATC-1","control_rep1","control",899,684,9.56618464961068,0.111234705228031,10537,4970,TRUE,FALSE,FALSE,FALSE,FALSE,TRUE,0.00113079452421516,"singlet",TRUE
"control_rep1_CCGCTAAAGTTTCCGC-1","control_rep1","control",1442,1103,2.70457697642164,0.277392510402219,30634,11339,TRUE,FALSE,FALSE,FALSE,FALSE,TRUE,0.00121486652642488,"singlet",TRUE
"control_rep1_CCGCTAGCACGAACAG-1","control_rep1","control",38530,6512,1.37555151829743,0.0181676615624189,39641,6655,TRUE,FALSE,FALSE,FALSE,FALSE,TRUE,0.0573090687394142,"singlet",TRUE
"control_rep1_CCGCTAGCAGGTTACC-1","control_rep1","control",1169,789,20.1881950384944,0.684345594525235,1348,849,TRUE,FALSE,FALSE,FALSE,TRUE,FALSE,NA,"not_tested_QC_fail",FALSE
"control_rep1_CCGCTTAGTACCGGAT-1","control_rep1","control",7414,2657,1.02508767197195,0.202319935257621,7634,2724,TRUE,FALSE,FALSE,FALSE,FALSE,TRUE,0.0580482855439186,"singlet",TRUE
"control_rep1_CCGGTTAAGAACAAGT-1","control_rep1","control",5257,2441,4.45120791325851,0.209244816435229,5746,2564,TRUE,FALSE,FALSE,FALSE,FALSE,TRUE,0.253986328840256,"singlet",TRUE
"control_rep1_CCGGTTAAGCCACATG-1","control_rep1","control",11963,3768,2.31547270751484,0.100309286968152,12749,3882,TRUE,FALSE,FALSE,FALSE,FALSE,TRUE,0.428068220615387,"singlet",TRUE
"control_rep1_CCGGTTAAGTCCTTTG-1","control_rep1","control",1700,1242,4.41176470588235,0.764705882352941,1920,1360,TRUE,FALSE,FALSE,FALSE,FALSE,TRUE,0.00322872865945101,"singlet",TRUE
"control_rep1_CCGTGCTGTCGCATAA-1","control_rep1","control",11836,4412,2.32342007434944,0.42244001351808,17274,6913,TRUE,FALSE,FALSE,FALSE,FALSE,TRUE,0.54890364408493,"singlet",TRUE
"control_rep1_CCGTTACTCATGTTTC-1","control_rep1","control",2961,1582,17.25768321513,0.810536980749747,3101,1631,TRUE,FALSE,FALSE,FALSE,TRUE,FALSE,NA,"not_tested_QC_fail",FALSE
"control_rep1_CCGTTACTCGATATTG-1","control_rep1","control",2160,1451,1.75925925925926,0.324074074074074,4236,2544,TRUE,FALSE,FALSE,FALSE,FALSE,TRUE,0.0104855876415968,"singlet",TRUE
"control_rep1_CCGTTATGTGCTGTAA-1","control_rep1","control",13450,4668,2.83271375464684,0.178438661710037,30181,11540,TRUE,FALSE,FALSE,FALSE,FALSE,TRUE,0.921241104602814,"doublet",FALSE
"control_rep1_CCGTTGCGTTAGCCAA-1","control_rep1","control",3242,1855,1.07958050586058,0,12691,6104,TRUE,FALSE,FALSE,FALSE,FALSE,TRUE,0.00297534954734147,"singlet",TRUE
"control_rep1_CCGTTGCGTTCGGTAA-1","control_rep1","control",8622,3191,0.649501275806078,0.127580607747622,11077,4386,TRUE,FALSE,FALSE,FALSE,FALSE,TRUE,0.198215141892433,"singlet",TRUE
"control_rep1_CCTAAAGGTGAGGTGA-1","control_rep1","control",6036,2666,1.54075546719682,0.0331345261762757,6233,2743,TRUE,FALSE,FALSE,FALSE,FALSE,TRUE,0.00570239685475826,"singlet",TRUE
"control_rep1_CCTAAAGGTTCACCCA-1","control_rep1","control",1508,1141,1.72413793103448,0.19893899204244,1974,1394,TRUE,FALSE,FALSE,FALSE,FALSE,TRUE,0.00976805295795202,"singlet",TRUE
"control_rep1_CCTAAATCAGCTCATA-1","control_rep1","control",5720,2449,1.1013986013986,0.0874125874125874,5885,2501,TRUE,FALSE,FALSE,FALSE,FALSE,TRUE,0.225669398903847,"singlet",TRUE
"control_rep1_CCTAAGTAGACAGGCG-1","control_rep1","control",12051,3716,1.60982491079578,0.1327690648079,12748,3819,TRUE,FALSE,FALSE,FALSE,FALSE,TRUE,0.789068818092346,"doublet",FALSE
"control_rep1_CCTAAGTAGGCCTAAT-1","control_rep1","control",2540,1584,5.94488188976378,0.551181102362205,2698,1645,TRUE,FALSE,FALSE,FALSE,FALSE,TRUE,0.0025396456476301,"singlet",TRUE
"control_rep1_CCTAATAAGGACCGCT-1","control_rep1","control",2187,1419,2.60631001371742,0.0457247370827618,8715,4477,TRUE,FALSE,FALSE,FALSE,FALSE,TRUE,0.00182550493627787,"singlet",TRUE
"control_rep1_CCTAATAAGGAGCACG-1","control_rep1","control",2572,1444,1.5552099533437,0.0777604976671851,7494,3981,TRUE,FALSE,FALSE,FALSE,FALSE,TRUE,0.000776795437559485,"singlet",TRUE
"control_rep1_CCTAATAAGTAAGAAC-1","control_rep1","control",9251,3336,2.98346124743271,0.551291752243001,13016,4215,TRUE,FALSE,FALSE,FALSE,FALSE,TRUE,0.413336306810379,"singlet",TRUE
"control_rep1_CCTAATCGTGAAACAA-1","control_rep1","control",6451,2703,3.9373740505348,0.20151914431871,6884,2793,TRUE,FALSE,FALSE,FALSE,FALSE,TRUE,0.208986505866051,"singlet",TRUE
"control_rep1_CCTAATCGTTTGCGAA-1","control_rep1","control",1053,833,3.13390313390313,0.0949667616334283,2568,1646,TRUE,FALSE,FALSE,FALSE,FALSE,TRUE,0.000701797776855528,"singlet",TRUE
"control_rep1_CCTACTGGTATTCGCT-1","control_rep1","control",6689,2523,6.08461653460906,0.0597996711018089,6986,2600,TRUE,FALSE,FALSE,FALSE,FALSE,TRUE,0.0274005588144064,"singlet",TRUE
"control_rep1_CCTACTGGTGCATTTC-1","control_rep1","control",1743,1123,1.43430866322433,0.114744693057946,3885,2271,TRUE,FALSE,FALSE,FALSE,FALSE,TRUE,0.00916465930640697,"singlet",TRUE
"control_rep1_CCTACTGGTTGCACGG-1","control_rep1","control",2555,1733,1.48727984344423,0.0782778864970646,9159,4940,TRUE,FALSE,FALSE,FALSE,FALSE,TRUE,0.00413769762963057,"singlet",TRUE
"control_rep1_CCTACTTCAATCCCTT-1","control_rep1","control",676,529,4.88165680473373,0.14792899408284,6770,3475,TRUE,FALSE,FALSE,FALSE,FALSE,TRUE,0.00107329047750682,"singlet",TRUE
"control_rep1_CCTACTTCAGGACCAA-1","control_rep1","control",8244,3572,2.04997573993207,0.363901018922853,15579,7020,TRUE,FALSE,FALSE,FALSE,FALSE,TRUE,0.109621666371822,"singlet",TRUE
"control_rep1_CCTACTTCATGTTTGG-1","control_rep1","control",11875,4419,4.48,0.0926315789473684,38027,13943,TRUE,FALSE,FALSE,FALSE,FALSE,TRUE,0.988092958927155,"doublet",FALSE
"control_rep1_CCTAGTTGTAGACAAA-1","control_rep1","control",2778,1756,4.89560835133189,0.611951043916487,2956,1825,TRUE,FALSE,FALSE,FALSE,FALSE,TRUE,0.00387868913821876,"singlet",TRUE
"control_rep1_CCTAGTTGTAGTAAGA-1","control_rep1","control",7481,3174,3.16802566501805,0.387648710065499,8063,3321,TRUE,FALSE,FALSE,FALSE,FALSE,TRUE,0.759834945201874,"singlet",TRUE
"control_rep1_CCTAGTTGTTAAGTGT-1","control_rep1","control",1911,1332,1.15122972265829,0.261643118785976,6668,3750,TRUE,FALSE,FALSE,FALSE,FALSE,TRUE,0.00200272700749338,"singlet",TRUE
"control_rep1_CCTATAGCAGCAAGGC-1","control_rep1","control",2302,1547,1.21633362293658,0.0434404865334492,9370,4979,TRUE,FALSE,FALSE,FALSE,FALSE,TRUE,0.000824763788841665,"singlet",TRUE
"control_rep1_CCTATAGCAGGCCTTG-1","control_rep1","control",2350,1530,1.57446808510638,0.0851063829787234,7010,3901,TRUE,FALSE,FALSE,FALSE,FALSE,TRUE,0.000698801188264042,"singlet",TRUE
"control_rep1_CCTATAGCATAATCAC-1","control_rep1","control",3148,1873,3.74841168996188,0.127064803049555,3378,1960,TRUE,FALSE,FALSE,FALSE,FALSE,TRUE,0.514246463775635,"singlet",TRUE
"control_rep1_CCTATAGCATCAGCAC-1","control_rep1","control",2964,1605,2.90148448043185,0.067476383265857,3127,1659,TRUE,FALSE,FALSE,FALSE,FALSE,TRUE,0.0706038549542427,"singlet",TRUE
"control_rep1_CCTATTGTCTAAGGAG-1","control_rep1","control",13590,3763,0.529801324503311,0.13980868285504,13908,3852,TRUE,FALSE,FALSE,FALSE,FALSE,TRUE,0.0182147957384586,"singlet",TRUE
"control_rep1_CCTATTTAGCCTGTGA-1","control_rep1","control",4724,2689,4.57239627434378,0.465707027942422,14071,6860,TRUE,FALSE,FALSE,FALSE,FALSE,TRUE,0.0889390856027603,"singlet",TRUE
"control_rep1_CCTATTTAGCTAATCA-1","control_rep1","control",953,754,3.56768100734523,0.104931794333683,2426,1506,TRUE,FALSE,FALSE,FALSE,FALSE,TRUE,0.0014217427233234,"singlet",TRUE
"control_rep1_CCTATTTAGGACACTT-1","control_rep1","control",2471,1690,1.25455281262647,0.0404694455685957,4354,2660,TRUE,FALSE,FALSE,FALSE,FALSE,TRUE,0.00631205830723047,"singlet",TRUE
"control_rep1_CCTATTTAGGCTGTCA-1","control_rep1","control",3504,2100,2.22602739726027,0.0285388127853881,10717,5635,TRUE,FALSE,FALSE,FALSE,FALSE,TRUE,0.539175748825073,"singlet",TRUE
"control_rep1_CCTCAAACATCATGGC-1","control_rep1","control",6325,2683,4.14229249011858,0.0158102766798419,6484,2734,TRUE,FALSE,FALSE,FALSE,FALSE,TRUE,0.0376941151916981,"singlet",TRUE
"control_rep1_CCTCAATGTCCTCCAA-1","control_rep1","control",3444,2047,6.18466898954704,0.232288037166086,3566,2106,TRUE,FALSE,FALSE,FALSE,FALSE,TRUE,0.131846025586128,"singlet",TRUE
"control_rep1_CCTCCTCTCAAACTCA-1","control_rep1","control",5553,2730,4.03385557356384,0.432198811453268,11591,5422,TRUE,FALSE,FALSE,FALSE,FALSE,TRUE,0.504580020904541,"singlet",TRUE
"control_rep1_CCTCCTCTCATTAGCA-1","control_rep1","control",2460,1657,2.84552845528455,0.203252032520325,9131,4894,TRUE,FALSE,FALSE,FALSE,FALSE,TRUE,0.0726288855075836,"singlet",TRUE
"control_rep1_CCTCCTCTCGTTATAG-1","control_rep1","control",2328,1554,1.63230240549828,0,16755,7775,TRUE,FALSE,FALSE,FALSE,FALSE,TRUE,0.00138334603980184,"singlet",TRUE
"control_rep1_CCTCCTCTCTTTGACT-1","control_rep1","control",2369,1494,4.93879273955255,0.379907133811735,9499,4924,TRUE,FALSE,FALSE,FALSE,FALSE,TRUE,0.0371496491134167,"singlet",TRUE
"control_rep1_CCTGAATAGGAACCAA-1","control_rep1","control",9224,3791,2.37424111014744,0.249349522983521,14507,6049,TRUE,FALSE,FALSE,FALSE,FALSE,TRUE,0.995625615119934,"doublet",FALSE
"control_rep1_CCTGACTTCATCAGTA-1","control_rep1","control",9555,3779,2.74201988487703,0.429094714809,18267,7816,TRUE,FALSE,FALSE,FALSE,FALSE,TRUE,0.641184210777283,"singlet",TRUE
"control_rep1_CCTGCTCCATGGCCTG-1","control_rep1","control",3045,1771,3.15270935960591,0.164203612479475,3159,1819,TRUE,FALSE,FALSE,FALSE,FALSE,TRUE,0.00491975294426084,"singlet",TRUE
"control_rep1_CCTGGATCAACATAAG-1","control_rep1","control",8606,3476,1.51057401812689,0.116198001394376,25085,10467,TRUE,FALSE,FALSE,FALSE,FALSE,TRUE,0.122360855340958,"singlet",TRUE
"control_rep1_CCTGGATCACAGAACG-1","control_rep1","control",14005,4037,1.83505890753302,0.049982149232417,14584,4129,TRUE,FALSE,FALSE,FALSE,FALSE,TRUE,0.13391150534153,"singlet",TRUE
"control_rep1_CCTGGATCACGTGCTG-1","control_rep1","control",28223,5360,0.68383942174822,0.145271587003508,29560,5622,TRUE,FALSE,FALSE,FALSE,FALSE,TRUE,0.00934160873293877,"singlet",TRUE
"control_rep1_CCTGGATCACTGACCG-1","control_rep1","control",18600,4653,1.69354838709677,0.0483870967741935,19104,4742,TRUE,FALSE,FALSE,FALSE,FALSE,TRUE,0.325464993715286,"singlet",TRUE
"control_rep1_CCTGGATCAGTAGCCT-1","control_rep1","control",1626,1210,3.87453874538745,0.861008610086101,4767,2802,TRUE,FALSE,FALSE,FALSE,FALSE,TRUE,0.00835264939814806,"singlet",TRUE
"control_rep1_CCTGGTAAGACTAAGG-1","control_rep1","control",12089,3953,2.03490776739184,0.0330879311771032,12341,4022,TRUE,FALSE,FALSE,FALSE,FALSE,TRUE,0.140056982636452,"singlet",TRUE
"control_rep1_CCTGGTAAGCGATAAG-1","control_rep1","control",2864,1606,4.74860335195531,0.0698324022346369,4049,2212,TRUE,FALSE,FALSE,FALSE,FALSE,TRUE,0.00291210762225091,"singlet",TRUE
"control_rep1_CCTGGTAAGGGACTAA-1","control_rep1","control",2375,1565,3.24210526315789,0.631578947368421,7981,4226,TRUE,FALSE,FALSE,FALSE,FALSE,TRUE,0.00663220090791583,"singlet",TRUE
"control_rep1_CCTGGTAAGTAAGTCC-1","control_rep1","control",7127,2974,1.44520836256489,0.126280342360039,7232,3015,TRUE,FALSE,FALSE,FALSE,FALSE,TRUE,0.0674202889204025,"singlet",TRUE
"control_rep1_CCTGGTAAGTCATGCG-1","control_rep1","control",7023,2667,2.10736152641321,0.284778584650434,7451,2761,TRUE,FALSE,FALSE,FALSE,FALSE,TRUE,0.346541434526443,"singlet",TRUE
"control_rep1_CCTGTAACAGCTAATT-1","control_rep1","control",3186,1882,1.03578154425612,0.188323917137476,16040,7658,TRUE,FALSE,FALSE,FALSE,FALSE,TRUE,0.00405307114124298,"singlet",TRUE
"control_rep1_CCTGTAACATTGTGTG-1","control_rep1","control",22935,5137,0.898190538478308,0.300850228907783,31568,8887,TRUE,FALSE,FALSE,FALSE,FALSE,TRUE,0.0350634418427944,"singlet",TRUE
"control_rep1_CCTGTATGTCCTCCAA-1","control_rep1","control",4712,2776,2.41935483870968,0.212224108658744,10229,5452,TRUE,FALSE,FALSE,FALSE,FALSE,TRUE,0.84062123298645,"doublet",FALSE
"control_rep1_CCTGTTGGTGTGTCCC-1","control_rep1","control",3087,2043,3.43375445416262,0.259151279559443,10419,5608,TRUE,FALSE,FALSE,FALSE,FALSE,TRUE,0.073936939239502,"singlet",TRUE
"control_rep1_CCTGTTGGTTGAAGCC-1","control_rep1","control",3058,1749,1.50425114453891,0.13080444735121,16095,7544,TRUE,FALSE,FALSE,FALSE,FALSE,TRUE,0.00375915318727493,"singlet",TRUE
"control_rep1_CCTTACTCACAGAACG-1","control_rep1","control",3640,1834,2.93956043956044,0.521978021978022,3874,1900,TRUE,FALSE,FALSE,FALSE,FALSE,TRUE,0.00159215508028865,"singlet",TRUE
"control_rep1_CCTTACTCAGGCGATA-1","control_rep1","control",6693,3501,2.55490811295383,0.253996712983714,13274,6749,TRUE,FALSE,FALSE,FALSE,FALSE,TRUE,0.997430145740509,"doublet",FALSE
"control_rep1_CCTTACTCATCCCTCA-1","control_rep1","control",10204,4399,3.29282634261074,0.392003136025088,32156,13045,TRUE,FALSE,FALSE,FALSE,FALSE,TRUE,0.95024973154068,"doublet",FALSE
"control_rep1_CCTTAGTGTTCAAGCA-1","control_rep1","control",1461,1086,1.16358658453114,0.342231348391513,6352,3533,TRUE,FALSE,FALSE,FALSE,FALSE,TRUE,0.00199417071416974,"singlet",TRUE
"control_rep1_CCTTATGTCCTAAGAC-1","control_rep1","control",3176,1784,2.58186397984887,0.44080604534005,3337,1840,TRUE,FALSE,FALSE,FALSE,FALSE,TRUE,0.0300342012196779,"singlet",TRUE
"control_rep1_CCTTATGTCGCGACAC-1","control_rep1","control",3953,1901,1.66961801163673,0.73362003541614,4268,1976,TRUE,FALSE,FALSE,FALSE,FALSE,TRUE,0.00526097184047103,"singlet",TRUE
"control_rep1_CCTTCAGGTGATTACG-1","control_rep1","control",6556,2472,2.02867602196461,0.381330079316657,8734,3229,TRUE,FALSE,FALSE,FALSE,FALSE,TRUE,0.00281183328479528,"singlet",TRUE
"control_rep1_CCTTCAGGTTAAGCCA-1","control_rep1","control",4704,2430,1.48809523809524,0.106292517006803,15237,7413,TRUE,FALSE,FALSE,FALSE,FALSE,TRUE,0.0235259998589754,"singlet",TRUE
"control_rep1_CCTTCGGTCCTCCTAA-1","control_rep1","control",5386,2307,2.76643148904567,0.408466394355737,5686,2385,TRUE,FALSE,FALSE,FALSE,FALSE,TRUE,0.019337235018611,"singlet",TRUE
"control_rep1_CCTTCGGTCTCTAGCC-1","control_rep1","control",21080,5514,3.44402277039848,0.479127134724858,23361,6399,TRUE,FALSE,FALSE,FALSE,FALSE,TRUE,0.0499746985733509,"singlet",TRUE
"control_rep1_CCTTGCGTCCTAATTC-1","control_rep1","control",909,670,8.36083608360836,0.44004400440044,6967,3553,TRUE,FALSE,FALSE,FALSE,FALSE,TRUE,0.00116548722144216,"singlet",TRUE
"control_rep1_CCTTGCGTCCTTGAGG-1","control_rep1","control",4722,2717,4.87081745023295,0.423549343498518,8247,4391,TRUE,FALSE,FALSE,FALSE,FALSE,TRUE,0.162841230630875,"singlet",TRUE
"control_rep1_CCTTGTTCAAACCTTG-1","control_rep1","control",3077,1772,4.8748781280468,0.16249593760156,3262,1829,TRUE,FALSE,FALSE,FALSE,FALSE,TRUE,0.00342568824999034,"singlet",TRUE
"control_rep1_CCTTGTTCACCTCACC-1","control_rep1","control",6913,2965,6.45161290322581,0.216982496745263,7267,3057,TRUE,FALSE,FALSE,FALSE,FALSE,TRUE,0.0639699772000313,"singlet",TRUE
"control_rep1_CCTTTAGTCCTTCGTA-1","control_rep1","control",6324,2410,2.71979759645794,0.221378874130297,8127,3139,TRUE,FALSE,FALSE,FALSE,FALSE,TRUE,0.0134702138602734,"singlet",TRUE
"control_rep1_CGAACAAAGTGTTGTA-1","control_rep1","control",6010,2758,0.665557404326123,0.0332778702163062,17452,7892,TRUE,FALSE,FALSE,FALSE,FALSE,TRUE,0.0205616448074579,"singlet",TRUE
"control_rep1_CGAACCGGTATTACCC-1","control_rep1","control",8631,3075,2.30564245162785,0.104275286757039,9123,3172,TRUE,FALSE,FALSE,FALSE,FALSE,TRUE,0.0686206594109535,"singlet",TRUE
"control_rep1_CGAACCGGTGATCAGC-1","control_rep1","control",3013,1567,3.88317291735811,0.431463657484235,3383,1657,TRUE,FALSE,FALSE,FALSE,FALSE,TRUE,0.0150219574570656,"singlet",TRUE
"control_rep1_CGAAGAATCCAGGTTG-1","control_rep1","control",2370,1607,3.9662447257384,0.168776371308017,20025,8795,TRUE,FALSE,FALSE,FALSE,FALSE,TRUE,0.0446023605763912,"singlet",TRUE
"control_rep1_CGAAGCCTCCTAAGAC-1","control_rep1","control",6306,3053,3.25087218522042,0.158579130986362,13526,6317,TRUE,FALSE,FALSE,FALSE,FALSE,TRUE,0.808569133281708,"doublet",FALSE
"control_rep1_CGAAGCCTCCTTGCAC-1","control_rep1","control",4294,2545,2.00279459711225,0.279459711224965,11002,5784,TRUE,FALSE,FALSE,FALSE,FALSE,TRUE,0.644487917423248,"singlet",TRUE
"control_rep1_CGAAGCGAGCAGGCCT-1","control_rep1","control",7914,2920,2.02173363659338,0.189537528430629,8120,3000,TRUE,FALSE,FALSE,FALSE,FALSE,TRUE,0.191240653395653,"singlet",TRUE
"control_rep1_CGAAGCGAGGGCTAAA-1","control_rep1","control",6709,2710,3.56237889402295,0.506781934714563,7587,2860,TRUE,FALSE,FALSE,FALSE,FALSE,TRUE,0.432733684778214,"singlet",TRUE
"control_rep1_CGAAGCGAGTAACGAG-1","control_rep1","control",2232,1404,11.3351254480287,0.313620071684588,4241,2459,TRUE,FALSE,FALSE,FALSE,TRUE,FALSE,NA,"not_tested_QC_fail",FALSE
"control_rep1_CGAAGGCCAAACCCTA-1","control_rep1","control",4662,2402,2.08065208065208,0.107250107250107,4949,2478,TRUE,FALSE,FALSE,FALSE,FALSE,TRUE,0.00632076431065798,"singlet",TRUE
"control_rep1_CGAAGGCCACCCTCAC-1","control_rep1","control",910,636,8.13186813186813,0.21978021978022,15732,6641,TRUE,FALSE,FALSE,FALSE,FALSE,TRUE,0.00157543632667512,"singlet",TRUE
"control_rep1_CGAAGGCCACGGTACT-1","control_rep1","control",7372,3315,4.5849158979924,0.162778079218665,23084,9946,TRUE,FALSE,FALSE,FALSE,FALSE,TRUE,0.537400186061859,"singlet",TRUE
"control_rep1_CGAAGGCCACGTGCTG-1","control_rep1","control",4227,1886,2.46037378755619,0.0946297610598533,4334,1930,TRUE,FALSE,FALSE,FALSE,FALSE,TRUE,0.0206855274736881,"singlet",TRUE
"control_rep1_CGAATATGTAAAGCAA-1","control_rep1","control",1189,922,3.9529015979815,0.420521446593776,2066,1373,TRUE,FALSE,FALSE,FALSE,FALSE,TRUE,0.00309025892056525,"singlet",TRUE
"control_rep1_CGAATATGTAAATTGC-1","control_rep1","control",5317,2621,2.44498777506112,0.338536768854617,11513,5462,TRUE,FALSE,FALSE,FALSE,FALSE,TRUE,0.42218816280365,"singlet",TRUE
"control_rep1_CGAATATGTATTGGAT-1","control_rep1","control",1027,780,7.30282375851996,0,5085,2849,TRUE,FALSE,FALSE,FALSE,FALSE,TRUE,0.000856481085065752,"singlet",TRUE
"control_rep1_CGAATCTAGGCATGAA-1","control_rep1","control",2459,1568,3.0093533956893,0.203334688897926,18169,8314,TRUE,FALSE,FALSE,FALSE,FALSE,TRUE,0.00321143539622426,"singlet",TRUE
"control_rep1_CGACCTGCAATTGAAG-1","control_rep1","control",3056,1838,2.74869109947644,0.75261780104712,4738,2568,TRUE,FALSE,FALSE,FALSE,FALSE,TRUE,0.00960371736437082,"singlet",TRUE
"control_rep1_CGAGCGAAGGCTACTG-1","control_rep1","control",6177,2942,6.1842318277481,1.16561437591064,13861,5805,TRUE,FALSE,FALSE,FALSE,FALSE,TRUE,0.00398962665349245,"singlet",TRUE
"control_rep1_CGAGGAAGTGAGCAAG-1","control_rep1","control",14550,4197,1.00343642611684,0.185567010309278,16284,4763,TRUE,FALSE,FALSE,FALSE,FALSE,TRUE,0.138000816106796,"singlet",TRUE
"control_rep1_CGAGGAAGTGATGGCT-1","control_rep1","control",3652,1912,1.04052573932092,0.109529025191676,8409,4336,TRUE,FALSE,FALSE,FALSE,FALSE,TRUE,0.00849050469696522,"singlet",TRUE
"control_rep1_CGAGGCAAGCGATACT-1","control_rep1","control",5810,2340,0.912220309810671,0.378657487091222,6014,2402,TRUE,FALSE,FALSE,FALSE,FALSE,TRUE,0.314301431179047,"singlet",TRUE
"control_rep1_CGAGGCAAGGTCCTAG-1","control_rep1","control",910,743,2.30769230769231,0.21978021978022,1583,1097,TRUE,FALSE,FALSE,FALSE,FALSE,TRUE,0.0025554345920682,"singlet",TRUE
"control_rep1_CGAGGTGAGCAAGGTA-1","control_rep1","control",3116,1762,0.802310654685494,0.417201540436457,3220,1802,TRUE,FALSE,FALSE,FALSE,FALSE,TRUE,0.0845940038561821,"singlet",TRUE
"control_rep1_CGAGGTGAGGCCATCA-1","control_rep1","control",4307,2269,4.43464128163455,0.0928720687253309,4579,2340,TRUE,FALSE,FALSE,FALSE,FALSE,TRUE,0.0840064212679863,"singlet",TRUE
"control_rep1_CGAGTCGGTGATGGCT-1","control_rep1","control",2247,1376,1.06809078771696,0.178015131286159,7740,4088,TRUE,FALSE,FALSE,FALSE,FALSE,TRUE,0.00286015751771629,"singlet",TRUE
"control_rep1_CGAGTCGGTTATGTGG-1","control_rep1","control",1967,1336,3.66039654295882,0.152516522623284,5080,2897,TRUE,FALSE,FALSE,FALSE,FALSE,TRUE,0.00186259939800948,"singlet",TRUE
"control_rep1_CGAGTCGGTTCCTGAT-1","control_rep1","control",19595,5322,0.995151824445011,0.132686909926002,20162,5520,TRUE,FALSE,FALSE,FALSE,FALSE,TRUE,0.814715385437012,"doublet",FALSE
"control_rep1_CGATATTCAAGGTGCA-1","control_rep1","control",3818,2105,2.14772132006286,0.209533787323206,7949,4168,TRUE,FALSE,FALSE,FALSE,FALSE,TRUE,0.00428730808198452,"singlet",TRUE
"control_rep1_CGATATTCACACAATT-1","control_rep1","control",3307,2036,2.11672210462655,0.0604777744179014,11657,5966,TRUE,FALSE,FALSE,FALSE,FALSE,TRUE,0.0119208339601755,"singlet",TRUE
"control_rep1_CGATCCTTCCTGATGG-1","control_rep1","control",3587,2285,3.06662949540006,0.250906049623641,12105,6284,TRUE,FALSE,FALSE,FALSE,FALSE,TRUE,0.00507891410961747,"singlet",TRUE
"control_rep1_CGATCCTTCTCGCCTG-1","control_rep1","control",5602,2237,6.30132095680114,0.160656908247055,5890,2323,TRUE,FALSE,FALSE,FALSE,FALSE,TRUE,0.0948461890220642,"singlet",TRUE
"control_rep1_CGATCCTTCTTGCTAT-1","control_rep1","control",4925,2180,1.01522842639594,0.0203045685279188,5029,2221,TRUE,FALSE,FALSE,FALSE,FALSE,TRUE,0.100324258208275,"singlet",TRUE
"control_rep1_CGATGTCCAAATTCGT-1","control_rep1","control",7660,2739,3.3289817232376,0.117493472584856,7856,2804,TRUE,FALSE,FALSE,FALSE,FALSE,TRUE,0.0524602271616459,"singlet",TRUE
"control_rep1_CGATGTCCAAGCGAGC-1","control_rep1","control",4103,2182,2.65659273702169,0.414330977333658,4366,2252,TRUE,FALSE,FALSE,FALSE,FALSE,TRUE,0.508501172065735,"singlet",TRUE
"control_rep1_CGATGTCCAAGTCGCT-1","control_rep1","control",7332,2911,3.16421167484997,0.340971085651937,7469,2962,TRUE,FALSE,FALSE,FALSE,FALSE,TRUE,0.350168347358704,"singlet",TRUE
"control_rep1_CGATGTCCAATTGAGA-1","control_rep1","control",12089,4206,2.84556208123087,0.231615518239722,19123,7220,TRUE,FALSE,FALSE,FALSE,FALSE,TRUE,0.318529814481735,"singlet",TRUE
"control_rep1_CGATTATCAAGTGAAC-1","control_rep1","control",6737,2987,1.87026866557815,0.489832269556182,6845,3029,TRUE,FALSE,FALSE,FALSE,FALSE,TRUE,0.0616665780544281,"singlet",TRUE
"control_rep1_CGATTATCAGCTAATT-1","control_rep1","control",4486,2384,1.9393669193045,0.28979045920642,4745,2452,TRUE,FALSE,FALSE,FALSE,FALSE,TRUE,0.459697008132935,"singlet",TRUE
"control_rep1_CGATTATCAGGACACA-1","control_rep1","control",1951,1187,12.0963608405946,2.614044079959,2167,1249,TRUE,FALSE,FALSE,FALSE,TRUE,FALSE,NA,"not_tested_QC_fail",FALSE
"control_rep1_CGATTATCATGACTAT-1","control_rep1","control",5994,2552,1.26793460126793,0.367033700367034,6373,2637,TRUE,FALSE,FALSE,FALSE,FALSE,TRUE,0.398714482784271,"singlet",TRUE
"control_rep1_CGATTCCTCAGGAAGC-1","control_rep1","control",26439,5474,0.764022845039525,0.0113468739362306,26577,5516,TRUE,FALSE,FALSE,FALSE,FALSE,TRUE,0.0340013206005096,"singlet",TRUE
"control_rep1_CGATTCCTCCATTACT-1","control_rep1","control",5930,2946,3.37268128161889,0.252951096121417,6219,3077,TRUE,FALSE,FALSE,FALSE,FALSE,TRUE,0.974058091640472,"doublet",FALSE
"control_rep1_CGATTCCTCGACAAAG-1","control_rep1","control",2920,1505,1.47260273972603,0.23972602739726,3038,1552,TRUE,FALSE,FALSE,FALSE,FALSE,TRUE,0.00244171940721571,"singlet",TRUE
"control_rep1_CGATTCCTCGTGCTTC-1","control_rep1","control",5971,2718,2.71311338134316,0.284709428906381,6217,2788,TRUE,FALSE,FALSE,FALSE,FALSE,TRUE,0.113081201910973,"singlet",TRUE
"control_rep1_CGATTCCTCTCGCCCA-1","control_rep1","control",4267,2273,4.19498476681509,0.046871338176705,4837,2579,TRUE,FALSE,FALSE,FALSE,FALSE,TRUE,0.0420079343020916,"singlet",TRUE
"control_rep1_CGATTGAGTAGCCATA-1","control_rep1","control",2169,1421,3.3195020746888,0.276625172890733,17528,7835,TRUE,FALSE,FALSE,FALSE,FALSE,TRUE,0.000600680068600923,"singlet",TRUE
"control_rep1_CGATTGAGTCTCACTG-1","control_rep1","control",4569,2365,2.40752899978113,0.372072663602539,4684,2411,TRUE,FALSE,FALSE,FALSE,FALSE,TRUE,0.0129236420616508,"singlet",TRUE
"control_rep1_CGATTGAGTTCGCTCA-1","control_rep1","control",1743,1054,1.14744693057946,0.114744693057946,6202,3329,TRUE,FALSE,FALSE,FALSE,FALSE,TRUE,0.000969491899013519,"singlet",TRUE
"control_rep1_CGATTGAGTTTGCTGT-1","control_rep1","control",5532,2167,2.02458423716558,0.289226319595083,5798,2237,TRUE,FALSE,FALSE,FALSE,FALSE,TRUE,0.00306411134079099,"singlet",TRUE
"control_rep1_CGATTTGCATTGCGGT-1","control_rep1","control",10584,3729,2.52267573696145,0.018896447467876,10977,3828,TRUE,FALSE,FALSE,FALSE,FALSE,TRUE,0.120795488357544,"singlet",TRUE
"control_rep1_CGCAATAGTTCCGCAC-1","control_rep1","control",4723,2348,1.8632225280542,0.127037899640059,4850,2410,TRUE,FALSE,FALSE,FALSE,FALSE,TRUE,0.604341924190521,"singlet",TRUE
"control_rep1_CGCAATAGTTGTCCAT-1","control_rep1","control",3804,2025,4.39011566771819,0.578338590956887,3939,2094,TRUE,FALSE,FALSE,FALSE,FALSE,TRUE,0.0201620943844318,"singlet",TRUE
"control_rep1_CGCAATCCAATGCGCT-1","control_rep1","control",3335,1838,3.83808095952024,1.13943028485757,3554,1897,TRUE,FALSE,FALSE,FALSE,FALSE,TRUE,0.346424996852875,"singlet",TRUE
"control_rep1_CGCAATCCACGGTACT-1","control_rep1","control",2518,1290,1.23113582208102,0.079428117553614,2638,1341,TRUE,FALSE,FALSE,FALSE,FALSE,TRUE,0.00156763265840709,"singlet",TRUE
"control_rep1_CGCAATGTCACATTGA-1","control_rep1","control",6893,2848,1.81343391846801,0.696358624691716,7534,3133,TRUE,FALSE,FALSE,FALSE,FALSE,TRUE,0.430904448032379,"singlet",TRUE
"control_rep1_CGCAATGTCAGGTCCA-1","control_rep1","control",16414,4816,1.80333861337882,0.341172170098696,19595,6162,TRUE,FALSE,FALSE,FALSE,FALSE,TRUE,0.3023581802845,"singlet",TRUE
"control_rep1_CGCACAATCTCAATGA-1","control_rep1","control",2836,1879,1.05782792665726,0.0352609308885755,4096,2534,TRUE,FALSE,FALSE,FALSE,FALSE,TRUE,0.00271910219453275,"singlet",TRUE
"control_rep1_CGCACACAGCTTAACA-1","control_rep1","control",3805,2232,3.04862023653088,0.105124835742444,4012,2330,TRUE,FALSE,FALSE,FALSE,FALSE,TRUE,0.247475564479828,"singlet",TRUE
"control_rep1_CGCACACAGGAACGGT-1","control_rep1","control",4570,2301,2.16630196936543,0.109409190371991,4743,2356,TRUE,FALSE,FALSE,FALSE,FALSE,TRUE,0.0355397313833237,"singlet",TRUE
"control_rep1_CGCACACAGGGTGAGT-1","control_rep1","control",3490,1881,2.06303724928367,0.0859598853868195,3616,1931,TRUE,FALSE,FALSE,FALSE,FALSE,TRUE,0.499490052461624,"singlet",TRUE
"control_rep1_CGCACACAGTTTAACG-1","control_rep1","control",9619,3234,0.821291194510864,0.218317912464913,9887,3318,TRUE,FALSE,FALSE,FALSE,FALSE,TRUE,0.00401250878348947,"singlet",TRUE
"control_rep1_CGCACCACACAGGGAC-1","control_rep1","control",8760,3289,2.79680365296804,0.262557077625571,9078,3373,TRUE,FALSE,FALSE,FALSE,FALSE,TRUE,0.79576987028122,"doublet",FALSE
"control_rep1_CGCACCACACCCTCAC-1","control_rep1","control",3061,1924,1.47010780790591,0.130676249591637,16253,7842,TRUE,FALSE,FALSE,FALSE,FALSE,TRUE,0.00269794627092779,"singlet",TRUE
"control_rep1_CGCATATAGAACCTAC-1","control_rep1","control",3243,1825,3.39192106074622,0.0925069380203515,3457,1891,TRUE,FALSE,FALSE,FALSE,FALSE,TRUE,0.100290693342686,"singlet",TRUE
"control_rep1_CGCATATAGCATGGTT-1","control_rep1","control",7186,3608,4.41135541330365,0.347898691900918,16017,7440,TRUE,FALSE,FALSE,FALSE,FALSE,TRUE,0.614658892154694,"singlet",TRUE
"control_rep1_CGCATGATCCGCAAGC-1","control_rep1","control",2345,1523,4.30703624733475,0.170575692963753,2491,1585,TRUE,FALSE,FALSE,FALSE,FALSE,TRUE,0.00316308066248894,"singlet",TRUE
"control_rep1_CGCATGATCTTGGATA-1","control_rep1","control",6689,2887,2.58633577515324,0.0747495888772612,26772,10927,TRUE,FALSE,FALSE,FALSE,FALSE,TRUE,0.142752632498741,"singlet",TRUE
"control_rep1_CGCATTACACCCACAG-1","control_rep1","control",8584,3394,1.47949673811743,0.582479030754893,11616,4776,TRUE,FALSE,FALSE,FALSE,FALSE,TRUE,0.0168632213026285,"singlet",TRUE
"control_rep1_CGCATTACAGGCGATA-1","control_rep1","control",5857,2752,2.39030220249274,0.1365886972853,6937,3267,TRUE,FALSE,FALSE,FALSE,FALSE,TRUE,0.958531200885773,"doublet",FALSE
"control_rep1_CGCATTACAGTATGTT-1","control_rep1","control",4520,2410,1.3716814159292,0.0221238938053097,19375,8596,TRUE,FALSE,FALSE,FALSE,FALSE,TRUE,0.00756239285692573,"singlet",TRUE
"control_rep1_CGCATTACATTGTGTG-1","control_rep1","control",5903,2634,2.38861595798746,0.0338810774182619,17328,7752,TRUE,FALSE,FALSE,FALSE,FALSE,TRUE,0.0038183971773833,"singlet",TRUE
"control_rep1_CGCATTTGTAATCCCT-1","control_rep1","control",1812,877,40.3421633554084,0.496688741721854,4754,2105,TRUE,FALSE,FALSE,FALSE,TRUE,FALSE,NA,"not_tested_QC_fail",FALSE
"control_rep1_CGCATTTGTCATAGAT-1","control_rep1","control",1792,1281,3.90625,0.167410714285714,1932,1348,TRUE,FALSE,FALSE,FALSE,FALSE,TRUE,0.00347273121587932,"singlet",TRUE
"control_rep1_CGCATTTGTTTGAGGC-1","control_rep1","control",3751,1675,0.693148493735004,0.0799786723540389,3844,1714,TRUE,FALSE,FALSE,FALSE,FALSE,TRUE,0.00581780541688204,"singlet",TRUE
"control_rep1_CGCCAAATCCCTCACG-1","control_rep1","control",12014,4022,3.90377892458798,0.183119693690694,12673,4145,TRUE,FALSE,FALSE,FALSE,FALSE,TRUE,0.508999049663544,"singlet",TRUE
"control_rep1_CGCCAAATCGCTAGTG-1","control_rep1","control",3315,2013,0.603318250377074,0.120663650075415,10307,5436,TRUE,FALSE,FALSE,FALSE,FALSE,TRUE,0.00149235979188234,"singlet",TRUE
"control_rep1_CGCCACACAACAGCCT-1","control_rep1","control",4086,2219,0.930004894762604,0.122369065100343,18218,8309,TRUE,FALSE,FALSE,FALSE,FALSE,TRUE,0.0593667216598988,"singlet",TRUE
"control_rep1_CGCCACACAGAAATTG-1","control_rep1","control",15789,4724,1.4187092279435,0.304009120273608,20049,6455,TRUE,FALSE,FALSE,FALSE,FALSE,TRUE,0.0503296330571175,"singlet",TRUE
"control_rep1_CGCCACACAGCTTACA-1","control_rep1","control",3553,1849,3.4618632141852,0.478468899521531,3714,1902,TRUE,FALSE,FALSE,FALSE,FALSE,TRUE,0.119209058582783,"singlet",TRUE
"control_rep1_CGCCACACATTATGGT-1","control_rep1","control",6202,2510,1.16091583360206,0.209609803289262,6402,2605,TRUE,FALSE,FALSE,FALSE,FALSE,TRUE,0.354217767715454,"singlet",TRUE
"control_rep1_CGCCTGTGTAAATTGC-1","control_rep1","control",2121,1302,5.46911834040547,0.99009900990099,2530,1409,TRUE,FALSE,FALSE,FALSE,FALSE,TRUE,0.274516612291336,"singlet",TRUE
"control_rep1_CGCCTGTGTTAGGACC-1","control_rep1","control",7676,2675,1.21156852527358,0.182386659718603,8286,2867,TRUE,FALSE,FALSE,FALSE,FALSE,TRUE,0.228636786341667,"singlet",TRUE
"control_rep1_CGCCTGTGTTATTGCC-1","control_rep1","control",6775,2973,3.23247232472325,0.531365313653137,6973,3038,TRUE,FALSE,FALSE,FALSE,FALSE,TRUE,0.00864824093878269,"singlet",TRUE
"control_rep1_CGCCTGTGTTTCGCGC-1","control_rep1","control",5639,2589,2.89058343677957,0.283738251463025,5820,2650,TRUE,FALSE,FALSE,FALSE,FALSE,TRUE,0.055902361869812,"singlet",TRUE
"control_rep1_CGCGATTCAAGGTATA-1","control_rep1","control",3203,1824,1.09272556977833,0.0624414611301904,13125,6529,TRUE,FALSE,FALSE,FALSE,FALSE,TRUE,0.00171322852838784,"singlet",TRUE
"control_rep1_CGCGATTCACAATACT-1","control_rep1","control",8764,3442,1.82565038795071,0.262437243267914,10601,4136,TRUE,FALSE,FALSE,FALSE,FALSE,TRUE,0.750307083129883,"singlet",TRUE
"control_rep1_CGCGATTCAGCTACGT-1","control_rep1","control",3007,1840,2.19487861656136,0.066511473229132,10060,5310,TRUE,FALSE,FALSE,FALSE,FALSE,TRUE,0.0999413281679153,"singlet",TRUE
"control_rep1_CGCGATTCATAAGTCT-1","control_rep1","control",767,624,3.38983050847458,0.521512385919166,5279,2775,TRUE,FALSE,FALSE,FALSE,FALSE,TRUE,0.00242052576504648,"singlet",TRUE
"control_rep1_CGCGATTCATAATCGT-1","control_rep1","control",4393,1953,0.865012519918051,0.0227634873662645,4549,2001,TRUE,FALSE,FALSE,FALSE,FALSE,TRUE,0.0205924026668072,"singlet",TRUE
"control_rep1_CGCTAATAGGTCATTA-1","control_rep1","control",3241,2019,2.344955260722,0.185128046899105,8026,4477,TRUE,FALSE,FALSE,FALSE,FALSE,TRUE,0.593877136707306,"singlet",TRUE
"control_rep1_CGCTAATAGTTGTCCC-1","control_rep1","control",2303,1418,2.30134607034303,0.303951367781155,2463,1475,TRUE,FALSE,FALSE,FALSE,FALSE,TRUE,0.0203958116471767,"singlet",TRUE
"control_rep1_CGCTACTTCAGGTTTA-1","control_rep1","control",6722,2920,2.05296042844392,0.25290092234454,12162,5413,TRUE,FALSE,FALSE,FALSE,FALSE,TRUE,0.0110545316711068,"singlet",TRUE
"control_rep1_CGCTACTTCATTGTCT-1","control_rep1","control",8787,3391,1.49083873904632,0.261750312962331,12834,5275,TRUE,FALSE,FALSE,FALSE,FALSE,TRUE,0.241535857319832,"singlet",TRUE
"control_rep1_CGCTACTTCCGCAACA-1","control_rep1","control",14110,4508,4.4153082919915,0.233876683203402,14585,4605,TRUE,FALSE,FALSE,FALSE,FALSE,TRUE,0.197079569101334,"singlet",TRUE
"control_rep1_CGCTACTTCCTAAGGT-1","control_rep1","control",5469,2261,0.822819528250137,0.12799414883891,5575,2301,TRUE,FALSE,FALSE,FALSE,FALSE,TRUE,0.0782829597592354,"singlet",TRUE
"control_rep1_CGCTACTTCGAGGAAC-1","control_rep1","control",13354,4454,6.17792421746293,0.134791073835555,14529,4584,TRUE,FALSE,FALSE,FALSE,FALSE,TRUE,0.583796143531799,"singlet",TRUE
"control_rep1_CGCTACTTCTTGTCTG-1","control_rep1","control",3377,1819,1.15487118744448,0.0592241634586911,5603,2979,TRUE,FALSE,FALSE,FALSE,FALSE,TRUE,0.00403305795043707,"singlet",TRUE
"control_rep1_CGCTCAGCAGCTAACC-1","control_rep1","control",2677,1478,1.9051176690325,0.410907732536421,2822,1530,TRUE,FALSE,FALSE,FALSE,FALSE,TRUE,0.00171180255711079,"singlet",TRUE
"control_rep1_CGCTCAGCATACTCCT-1","control_rep1","control",5712,2220,1.87324929971989,0.192577030812325,5787,2254,TRUE,FALSE,FALSE,FALSE,FALSE,TRUE,0.00658578658476472,"singlet",TRUE
"control_rep1_CGCTCCATCTAAATCG-1","control_rep1","control",3939,2228,1.16780908860117,0.126935770500127,13346,6636,TRUE,FALSE,FALSE,FALSE,FALSE,TRUE,0.0602551847696304,"singlet",TRUE
"control_rep1_CGCTCCATCTAAGTGC-1","control_rep1","control",14162,3757,2.69029798051123,0.0141222991102952,14411,3835,TRUE,FALSE,FALSE,FALSE,FALSE,TRUE,0.0186340007930994,"singlet",TRUE
"control_rep1_CGCTCCATCTAGCGTG-1","control_rep1","control",3168,2024,1.07323232323232,0.220959595959596,16533,7951,TRUE,FALSE,FALSE,FALSE,FALSE,TRUE,0.0105002820491791,"singlet",TRUE
"control_rep1_CGCTCCATCTTAGGGT-1","control_rep1","control",16714,4235,1.78891946870887,0.251286346775159,21373,6005,TRUE,FALSE,FALSE,FALSE,FALSE,TRUE,0.0272819306701422,"singlet",TRUE
"control_rep1_CGCTTACTCGTTTCCA-1","control_rep1","control",12131,4107,2.19272937103289,0.362707114005441,17200,6211,TRUE,FALSE,FALSE,FALSE,FALSE,TRUE,0.322060883045197,"singlet",TRUE
"control_rep1_CGCTTCTAGGCTGGCT-1","control_rep1","control",4825,2394,2.07253886010363,0.0621761658031088,4964,2437,TRUE,FALSE,FALSE,FALSE,FALSE,TRUE,0.409420043230057,"singlet",TRUE
"control_rep1_CGCTTCTAGTAGCGCC-1","control_rep1","control",4840,2242,1.90082644628099,0.268595041322314,4984,2291,TRUE,FALSE,FALSE,FALSE,FALSE,TRUE,0.00382728036493063,"singlet",TRUE
"control_rep1_CGCTTGCGTCATGCAA-1","control_rep1","control",5165,2600,1.35527589545015,0.116166505324298,5969,3021,TRUE,FALSE,FALSE,FALSE,FALSE,TRUE,0.021315973252058,"singlet",TRUE
"control_rep1_CGGACAACATCGCTCC-1","control_rep1","control",2892,1778,1.55601659751037,0.276625172890733,9838,5135,TRUE,FALSE,FALSE,FALSE,FALSE,TRUE,0.00138961395714432,"singlet",TRUE
"control_rep1_CGGACCTAGCGGGCAA-1","control_rep1","control",5534,2530,1.69859053126129,0.0722804481387785,5729,2589,TRUE,FALSE,FALSE,FALSE,FALSE,TRUE,0.0149136194959283,"singlet",TRUE
"control_rep1_CGGACCTAGGATTGAG-1","control_rep1","control",2235,1403,0.984340044742729,0.0894854586129754,7377,3858,TRUE,FALSE,FALSE,FALSE,FALSE,TRUE,0.00213553616777062,"singlet",TRUE
"control_rep1_CGGACCTAGGGTGGAT-1","control_rep1","control",655,531,3.20610687022901,0,7096,3534,TRUE,FALSE,FALSE,FALSE,FALSE,TRUE,0.00169779907446355,"singlet",TRUE
"control_rep1_CGGAGCAAGTTATGTG-1","control_rep1","control",4635,2129,2.02804746494067,0.237324703344121,4949,2207,TRUE,FALSE,FALSE,FALSE,FALSE,TRUE,0.0922833159565926,"singlet",TRUE
"control_rep1_CGGAGCAAGTTTAACG-1","control_rep1","control",5868,3120,3.30606680299932,0.170415814587594,12539,6353,TRUE,FALSE,FALSE,FALSE,FALSE,TRUE,0.62371563911438,"singlet",TRUE
"control_rep1_CGGAGTCTCATAACGC-1","control_rep1","control",2849,1727,0.947700947700948,0,5102,2951,TRUE,FALSE,FALSE,FALSE,FALSE,TRUE,0.00428267940878868,"singlet",TRUE
"control_rep1_CGGAGTCTCATCCACC-1","control_rep1","control",13380,4377,2.29446935724963,0.276532137518685,16235,5439,TRUE,FALSE,FALSE,FALSE,FALSE,TRUE,0.10263342410326,"singlet",TRUE
"control_rep1_CGGAGTCTCATGCTCC-1","control_rep1","control",24091,5653,1.9301813955419,0.469054833755344,33224,9289,TRUE,FALSE,FALSE,FALSE,FALSE,TRUE,0.197033852338791,"singlet",TRUE
"control_rep1_CGGAGTCTCCTAGTTT-1","control_rep1","control",3349,1803,3.73245744998507,0.447894893998208,3543,1862,TRUE,FALSE,FALSE,FALSE,FALSE,TRUE,0.0677941665053368,"singlet",TRUE
"control_rep1_CGGAGTCTCTACTAAG-1","control_rep1","control",1937,1335,1.13577697470315,0,4359,2577,TRUE,FALSE,FALSE,FALSE,FALSE,TRUE,0.00156526931095868,"singlet",TRUE
"control_rep1_CGGATAAAGTAATCCA-1","control_rep1","control",1570,1169,2.35668789808917,0.127388535031847,1764,1249,TRUE,FALSE,FALSE,FALSE,FALSE,TRUE,0.00198137853294611,"singlet",TRUE
"control_rep1_CGGATTAGTCATGCAA-1","control_rep1","control",16390,4755,1.09823062843197,0.176937156802929,21897,7222,TRUE,FALSE,FALSE,FALSE,FALSE,TRUE,0.990514636039734,"doublet",FALSE
"control_rep1_CGGATTAGTCTAACAG-1","control_rep1","control",1002,779,2.49500998003992,0.199600798403194,2048,1340,TRUE,FALSE,FALSE,FALSE,FALSE,TRUE,0.0019854863639921,"singlet",TRUE
"control_rep1_CGGATTAGTTGACTTC-1","control_rep1","control",7815,2902,1.29238643634037,0.17914267434421,8130,2986,TRUE,FALSE,FALSE,FALSE,FALSE,TRUE,0.00509364530444145,"singlet",TRUE
"control_rep1_CGGATTAGTTTATTCG-1","control_rep1","control",3379,1728,2.75229357798165,0.0591891092039065,3477,1767,TRUE,FALSE,FALSE,FALSE,FALSE,TRUE,0.00445106253027916,"singlet",TRUE
"control_rep1_CGGCAATGTTAGAGGG-1","control_rep1","control",1418,985,3.94922425952045,0,2072,1326,TRUE,FALSE,FALSE,FALSE,FALSE,TRUE,0.00113079452421516,"singlet",TRUE
"control_rep1_CGGCTCACATAGCGAG-1","control_rep1","control",21180,4747,0.78847969782814,0.193578847969783,23952,5966,TRUE,FALSE,FALSE,FALSE,FALSE,TRUE,0.0613551326096058,"singlet",TRUE
"control_rep1_CGGGACAAGGAAACTG-1","control_rep1","control",8810,3467,1.60045402951192,0.113507377979569,13171,5478,TRUE,FALSE,FALSE,FALSE,FALSE,TRUE,0.896096169948578,"doublet",FALSE
"control_rep1_CGGGACAAGGCCAATT-1","control_rep1","control",5535,2716,4.67931345980127,0.03613369467028,23785,10150,TRUE,FALSE,FALSE,FALSE,FALSE,TRUE,0.662342429161072,"singlet",TRUE
"control_rep1_CGGGACAAGGGTTAGA-1","control_rep1","control",4506,2130,2.68530847758544,0.110963160230803,4686,2188,TRUE,FALSE,FALSE,FALSE,FALSE,TRUE,0.0090386001393199,"singlet",TRUE
"control_rep1_CGGGCTTAGCATCCAG-1","control_rep1","control",634,515,2.36593059936909,0.157728706624606,3873,2094,TRUE,FALSE,FALSE,FALSE,FALSE,TRUE,0.00105429219547659,"singlet",TRUE
"control_rep1_CGGGCTTAGGCTACTG-1","control_rep1","control",6091,2601,2.87309144639632,0.246264981119685,6601,2704,TRUE,FALSE,FALSE,FALSE,FALSE,TRUE,0.0532264858484268,"singlet",TRUE
"control_rep1_CGGGTCTAGAATCGCT-1","control_rep1","control",5597,2586,2.87654100410934,0.0178667143112382,5843,2659,TRUE,FALSE,FALSE,FALSE,FALSE,TRUE,0.105141893029213,"singlet",TRUE
"control_rep1_CGGGTCTAGATTGAGG-1","control_rep1","control",2221,1450,4.90769923457902,0.270148581719946,2501,1536,TRUE,FALSE,FALSE,FALSE,FALSE,TRUE,0.00376821774989367,"singlet",TRUE
"control_rep1_CGGGTCTAGCTTAACA-1","control_rep1","control",21288,4976,1.71458098459226,0.0516723036452462,21738,5113,TRUE,FALSE,FALSE,FALSE,FALSE,TRUE,0.423604220151901,"singlet",TRUE
"control_rep1_CGGTAACGTGATGAAA-1","control_rep1","control",7841,2538,0.828975895931641,0.114781277898227,7974,2592,TRUE,FALSE,FALSE,FALSE,FALSE,TRUE,0.00534207234159112,"singlet",TRUE
"control_rep1_CGGTGAACAAGTGTCC-1","control_rep1","control",3445,1890,3.7155297532656,0.0870827285921626,6779,3585,TRUE,FALSE,FALSE,FALSE,FALSE,TRUE,0.00693594478070736,"singlet",TRUE
"control_rep1_CGGTGAACATTGCAGC-1","control_rep1","control",1741,1163,0.919012062033314,0.0574382538770821,7898,4257,TRUE,FALSE,FALSE,FALSE,FALSE,TRUE,0.00259112333878875,"singlet",TRUE
"control_rep1_CGGTGAGAGCTCCTTA-1","control_rep1","control",4387,2295,1.20811488488717,0.296330066104399,8198,4212,TRUE,FALSE,FALSE,FALSE,FALSE,TRUE,0.160669982433319,"singlet",TRUE
"control_rep1_CGGTGAGAGGTGTTAC-1","control_rep1","control",2267,1404,0.749889722099691,0.132333480370534,10409,5343,TRUE,FALSE,FALSE,FALSE,FALSE,TRUE,0.00294042541645467,"singlet",TRUE
"control_rep1_CGGTGAGAGTAACGAG-1","control_rep1","control",921,706,9.33767643865364,0.217155266015201,1209,828,TRUE,FALSE,FALSE,FALSE,FALSE,TRUE,0.0030497801490128,"singlet",TRUE
"control_rep1_CGGTTCCGTAAACAAG-1","control_rep1","control",5040,2312,3.23412698412698,0.654761904761905,5618,2411,TRUE,FALSE,FALSE,FALSE,FALSE,TRUE,0.130544140934944,"singlet",TRUE
"control_rep1_CGGTTGGGTAATCACG-1","control_rep1","control",1402,1047,7.48930099857347,0.641940085592011,3407,2078,TRUE,FALSE,FALSE,FALSE,FALSE,TRUE,0.00334998406469822,"singlet",TRUE
"control_rep1_CGGTTGGGTTATTGCC-1","control_rep1","control",31365,5919,1.33269567989798,0.0860832137733142,31737,6002,TRUE,FALSE,FALSE,FALSE,FALSE,TRUE,0.0635110586881638,"singlet",TRUE
"control_rep1_CGGTTGGGTTGCAATG-1","control_rep1","control",28395,5807,1.57422081352351,0.154956858601867,31952,6874,TRUE,FALSE,FALSE,FALSE,FALSE,TRUE,0.0919036194682121,"singlet",TRUE
"control_rep1_CGGTTTCTCCCGTTGT-1","control_rep1","control",2849,1788,6.24780624780625,1.08810108810109,7467,3492,TRUE,FALSE,FALSE,FALSE,FALSE,TRUE,0.0150485662743449,"singlet",TRUE
"control_rep1_CGGTTTCTCTTTAAGG-1","control_rep1","control",2749,1621,2.29174245180065,0.218261185885777,2861,1665,TRUE,FALSE,FALSE,FALSE,FALSE,TRUE,0.00197320128791034,"singlet",TRUE
"control_rep1_CGGTTTGAGCACTTGG-1","control_rep1","control",18852,5723,1.517080415871,0.254614894971356,26168,8920,TRUE,FALSE,FALSE,FALSE,FALSE,TRUE,0.996263444423676,"doublet",FALSE
"control_rep1_CGGTTTGAGTGAACAG-1","control_rep1","control",2138,1493,1.07577174929841,0.187090739008419,6278,3602,TRUE,FALSE,FALSE,FALSE,FALSE,TRUE,0.10702845454216,"singlet",TRUE
"control_rep1_CGGTTTGAGTGAGGTA-1","control_rep1","control",1309,983,1.06951871657754,0,12618,6020,TRUE,FALSE,FALSE,FALSE,FALSE,TRUE,0.00220063957385719,"singlet",TRUE
"control_rep1_CGTAACTAGCGAGCGA-1","control_rep1","control",2637,1736,3.64050056882821,0.151687523701176,21927,9384,TRUE,FALSE,FALSE,FALSE,FALSE,TRUE,0.00371705973520875,"singlet",TRUE
"control_rep1_CGTAACTAGGCATGTT-1","control_rep1","control",2125,1379,1.17647058823529,0.282352941176471,15202,7076,TRUE,FALSE,FALSE,FALSE,FALSE,TRUE,0.00226827478036284,"singlet",TRUE
"control_rep1_CGTAACTAGTTGCGTG-1","control_rep1","control",1543,1013,5.96241088788075,0.0648088139987038,1687,1064,TRUE,FALSE,FALSE,FALSE,FALSE,TRUE,0.0213695261627436,"singlet",TRUE
"control_rep1_CGTACGGGTCTAACAG-1","control_rep1","control",2621,1606,1.52613506295307,1.18275467378863,4102,2373,TRUE,FALSE,FALSE,FALSE,FALSE,TRUE,0.239123404026031,"singlet",TRUE
"control_rep1_CGTACGGGTGATCAGC-1","control_rep1","control",702,562,5.12820512820513,0.997150997150997,930,630,FALSE,FALSE,FALSE,FALSE,FALSE,TRUE,0.00310255819931626,"singlet",TRUE
"control_rep1_CGTACGGGTTCCAGGG-1","control_rep1","control",11722,3694,4.48728885855656,0.469203207643747,13582,3837,TRUE,FALSE,FALSE,FALSE,FALSE,TRUE,0.327601045370102,"singlet",TRUE
"control_rep1_CGTAGCGGTAATCGTG-1","control_rep1","control",3801,1907,2.28887134964483,0.289397526966588,3967,1963,TRUE,FALSE,FALSE,FALSE,FALSE,TRUE,0.0273673105984926,"singlet",TRUE
"control_rep1_CGTAGCGGTCATTGTC-1","control_rep1","control",721,584,3.60610263522885,0,14486,6639,TRUE,FALSE,FALSE,FALSE,FALSE,TRUE,0.00164710392709821,"singlet",TRUE
"control_rep1_CGTAGCGGTGTTTGTC-1","control_rep1","control",31278,5457,0.60425858430846,0.108702602468188,34109,6280,TRUE,FALSE,FALSE,FALSE,FALSE,TRUE,0.104574210941792,"singlet",TRUE
"control_rep1_CGTAGCGGTTACTTGC-1","control_rep1","control",1405,1051,4.55516014234875,0.0711743772241993,9673,5049,TRUE,FALSE,FALSE,FALSE,FALSE,TRUE,0.00154215295333415,"singlet",TRUE
"control_rep1_CGTAGCGGTTCCTCCT-1","control_rep1","control",1890,1352,3.12169312169312,0.211640211640212,3642,2287,TRUE,FALSE,FALSE,FALSE,FALSE,TRUE,0.00746047450229526,"singlet",TRUE
"control_rep1_CGTAGTTAGCAAGATG-1","control_rep1","control",27304,5545,1.46498681511866,0.296659830061529,38774,9884,TRUE,FALSE,FALSE,FALSE,FALSE,TRUE,0.00378677039407194,"singlet",TRUE
"control_rep1_CGTAGTTAGCAGCTAT-1","control_rep1","control",9694,3548,1.20693212296266,0.185681865071178,9881,3627,TRUE,FALSE,FALSE,FALSE,FALSE,TRUE,0.124028041958809,"singlet",TRUE
"control_rep1_CGTAGTTAGCTGAGGG-1","control_rep1","control",2475,1519,0.888888888888889,0.161616161616162,11861,5828,TRUE,FALSE,FALSE,FALSE,FALSE,TRUE,0.00140433199703693,"singlet",TRUE
"control_rep1_CGTATTGCACCTAAGC-1","control_rep1","control",3904,1890,1.22950819672131,0.38422131147541,4216,1999,TRUE,FALSE,FALSE,FALSE,FALSE,TRUE,0.00301435589790344,"singlet",TRUE
"control_rep1_CGTCAATAGCATGCAT-1","control_rep1","control",14605,4047,2.03355015405683,0,14923,4129,TRUE,FALSE,FALSE,FALSE,FALSE,TRUE,0.166915237903595,"singlet",TRUE
"control_rep1_CGTCAATAGCTTGCTC-1","control_rep1","control",1695,1136,4.0117994100295,0.471976401179941,2040,1270,TRUE,FALSE,FALSE,FALSE,FALSE,TRUE,0.00112038000952452,"singlet",TRUE
"control_rep1_CGTCAATAGGCGGATG-1","control_rep1","control",2710,1641,0.738007380073801,0,3654,2129,TRUE,FALSE,FALSE,FALSE,FALSE,TRUE,0.0629514530301094,"singlet",TRUE
"control_rep1_CGTCAATAGGTTACGT-1","control_rep1","control",4309,2037,0.673009979113483,0.0696217219772569,4449,2083,TRUE,FALSE,FALSE,FALSE,FALSE,TRUE,0.00820732954889536,"singlet",TRUE
"control_rep1_CGTCAATAGTTAGGCT-1","control_rep1","control",1238,868,7.02746365105008,0.161550888529887,1582,949,TRUE,FALSE,FALSE,FALSE,FALSE,TRUE,0.00365920853801072,"singlet",TRUE
"control_rep1_CGTCATTGTCCAAGAC-1","control_rep1","control",18277,4456,0.94107348033047,0.114898506319418,21966,5640,TRUE,FALSE,FALSE,FALSE,FALSE,TRUE,0.351031631231308,"singlet",TRUE
"control_rep1_CGTCATTGTTAAGCGC-1","control_rep1","control",1809,1263,3.15091210613599,0.165837479270315,2006,1353,TRUE,FALSE,FALSE,FALSE,FALSE,TRUE,0.0016705832676962,"singlet",TRUE
"control_rep1_CGTGACATCATTATGG-1","control_rep1","control",3951,1913,1.1642622120982,0.303720577069096,5955,2807,TRUE,FALSE,FALSE,FALSE,FALSE,TRUE,0.00354306562803686,"singlet",TRUE
"control_rep1_CGTGACATCTCCATAT-1","control_rep1","control",2008,1308,4.53187250996016,0.398406374501992,2135,1360,TRUE,FALSE,FALSE,FALSE,FALSE,TRUE,0.00114599906373769,"singlet",TRUE
"control_rep1_CGTGAGGAGCAGCTAT-1","control_rep1","control",13728,3939,1.14364801864802,0,13911,3995,TRUE,FALSE,FALSE,FALSE,FALSE,TRUE,0.0297438092529774,"singlet",TRUE
"control_rep1_CGTGCACAGGACAATG-1","control_rep1","control",5460,2406,2.08791208791209,0.0366300366300366,5554,2441,TRUE,FALSE,FALSE,FALSE,FALSE,TRUE,0.00826682709157467,"singlet",TRUE
"control_rep1_CGTGCACAGTTATGTG-1","control_rep1","control",8999,3218,2.52250250027781,0.277808645405045,9796,3320,TRUE,FALSE,FALSE,FALSE,FALSE,TRUE,0.305380046367645,"singlet",TRUE
"control_rep1_CGTGCTGCATGCAACC-1","control_rep1","control",23582,4948,0.84386396404037,0.135696717835637,25635,5505,TRUE,FALSE,FALSE,FALSE,FALSE,TRUE,0.00785086955875158,"singlet",TRUE
"control_rep1_CGTGCTGCATGTGGGA-1","control_rep1","control",4465,1987,0.806270996640537,0.156774916013438,4669,2048,TRUE,FALSE,FALSE,FALSE,FALSE,TRUE,0.0508015751838684,"singlet",TRUE
"control_rep1_CGTGCTTTCATGTCAA-1","control_rep1","control",3787,2072,2.03327171903882,0.0528122524425667,3945,2132,TRUE,FALSE,FALSE,FALSE,FALSE,TRUE,0.0642707124352455,"singlet",TRUE
"control_rep1_CGTGTGTCAAGACTCC-1","control_rep1","control",1690,1161,1.36094674556213,0,14692,6964,TRUE,FALSE,FALSE,FALSE,FALSE,TRUE,0.0023651416413486,"singlet",TRUE
"control_rep1_CGTGTGTCAGGCATCT-1","control_rep1","control",437,339,6.8649885583524,0.22883295194508,2497,1415,TRUE,TRUE,TRUE,FALSE,FALSE,FALSE,NA,"not_tested_QC_fail",FALSE
"control_rep1_CGTGTTACACGTTACA-1","control_rep1","control",2735,1443,1.82815356489945,0.292504570383912,3160,1543,TRUE,FALSE,FALSE,FALSE,FALSE,TRUE,0.00568239577114582,"singlet",TRUE
"control_rep1_CGTTAAATCACTTCAT-1","control_rep1","control",1564,1185,1.66240409207161,0.191815856777494,5957,3419,TRUE,FALSE,FALSE,FALSE,FALSE,TRUE,0.00135151785798371,"singlet",TRUE
"control_rep1_CGTTAAATCCTGATTT-1","control_rep1","control",7969,2752,1.05408457773874,0.138034885180073,8390,2838,TRUE,FALSE,FALSE,FALSE,FALSE,TRUE,0.161055877804756,"singlet",TRUE
"control_rep1_CGTTAAATCGCATCCT-1","control_rep1","control",6844,2985,3.14143775569842,0.321449444769141,6964,3039,TRUE,FALSE,FALSE,FALSE,FALSE,TRUE,0.494648367166519,"singlet",TRUE
"control_rep1_CGTTAACAGCTTTGTT-1","control_rep1","control",15261,5557,2.90937684293297,0.137605661490073,53149,17627,FALSE,FALSE,FALSE,FALSE,FALSE,TRUE,0.996987283229828,"doublet",FALSE
"control_rep1_CGTTAGTAGAACCTAC-1","control_rep1","control",12643,4933,1.9852883018271,0.134461757494266,28963,11797,TRUE,FALSE,FALSE,FALSE,FALSE,TRUE,0.999231934547424,"doublet",FALSE
"control_rep1_CGTTAGTAGACAACAG-1","control_rep1","control",2391,1603,1.29652864910079,0.125470514429109,18540,8470,TRUE,FALSE,FALSE,FALSE,FALSE,TRUE,0.0155354058369994,"singlet",TRUE
"control_rep1_CGTTAGTAGGAGCACG-1","control_rep1","control",807,582,13.3828996282528,0.495662949194548,2075,1248,TRUE,FALSE,FALSE,FALSE,TRUE,FALSE,NA,"not_tested_QC_fail",FALSE
"control_rep1_CGTTATCGTTAGTGAT-1","control_rep1","control",1598,1108,2.3153942428035,0.187734668335419,16491,7372,TRUE,FALSE,FALSE,FALSE,FALSE,TRUE,0.00131430081091821,"singlet",TRUE
"control_rep1_CGTTATTTCCGGGACT-1","control_rep1","control",4762,2359,2.43595128097438,0.377992440151197,4857,2398,TRUE,FALSE,FALSE,FALSE,FALSE,TRUE,0.0140632623806596,"singlet",TRUE
"control_rep1_CGTTATTTCTTAGTGA-1","control_rep1","control",838,686,0.71599045346062,0,4525,2550,TRUE,FALSE,FALSE,FALSE,FALSE,TRUE,0.000958619173616171,"singlet",TRUE
"control_rep1_CGTTGCAAGCTTGCTC-1","control_rep1","control",1624,1189,1.53940886699507,0.307881773399015,5553,3138,TRUE,FALSE,FALSE,FALSE,FALSE,TRUE,0.00111266202293336,"singlet",TRUE
"control_rep1_CGTTTCTCAATAGTCT-1","control_rep1","control",576,465,6.59722222222222,0.520833333333333,4592,2461,TRUE,TRUE,FALSE,FALSE,FALSE,FALSE,NA,"not_tested_QC_fail",FALSE
"control_rep1_CGTTTCTCATCAGTAT-1","control_rep1","control",7072,2574,2.06447963800905,0.240384615384615,8007,2692,TRUE,FALSE,FALSE,FALSE,FALSE,TRUE,0.0938504114747047,"singlet",TRUE
"control_rep1_CGTTTCTCATTGCAGC-1","control_rep1","control",9473,3636,1.9951440937401,0.40114008233928,13944,5555,TRUE,FALSE,FALSE,FALSE,FALSE,TRUE,0.448781907558441,"singlet",TRUE
"control_rep1_CGTTTGGAGCGATAGA-1","control_rep1","control",3944,2185,2.33265720081136,0.786004056795132,6665,3295,TRUE,FALSE,FALSE,FALSE,FALSE,TRUE,0.063267856836319,"singlet",TRUE
"control_rep1_CTAAAGCTCACAGCGC-1","control_rep1","control",15907,4096,1.28874080593449,0.169736593952348,16429,4195,TRUE,FALSE,FALSE,FALSE,FALSE,TRUE,0.061535868793726,"singlet",TRUE
"control_rep1_CTAAAGCTCTGTGCAG-1","control_rep1","control",1728,1186,3.53009259259259,0,3357,2021,TRUE,FALSE,FALSE,FALSE,FALSE,TRUE,0.000624064821749926,"singlet",TRUE
"control_rep1_CTAAATGTCCTTTACG-1","control_rep1","control",5622,2361,2.54357879758093,0.64034151547492,10869,4635,TRUE,FALSE,FALSE,FALSE,FALSE,TRUE,0.00893591064959764,"singlet",TRUE
"control_rep1_CTAACCACATGCTCCC-1","control_rep1","control",5879,2550,3.86120088450417,0.561319952372852,6097,2640,TRUE,FALSE,FALSE,FALSE,FALSE,TRUE,0.927228629589081,"doublet",FALSE
"control_rep1_CTAACCCTCCTTAGTT-1","control_rep1","control",2814,1828,1.35039090262971,0.106609808102345,29474,11332,TRUE,FALSE,FALSE,FALSE,FALSE,TRUE,0.00622070580720901,"singlet",TRUE
"control_rep1_CTAACCCTCTTAGCCC-1","control_rep1","control",4886,2364,3.92959476054032,0.593532541956611,5615,2479,TRUE,FALSE,FALSE,FALSE,FALSE,TRUE,0.139383435249329,"singlet",TRUE
"control_rep1_CTAACCTGTGGATTAT-1","control_rep1","control",3000,1822,1.93333333333333,0.433333333333333,5550,3156,TRUE,FALSE,FALSE,FALSE,FALSE,TRUE,0.0859559774398804,"singlet",TRUE
"control_rep1_CTAACCTGTTCACTGT-1","control_rep1","control",2184,1423,1.37362637362637,0.0457875457875458,11352,5602,TRUE,FALSE,FALSE,FALSE,FALSE,TRUE,0.00209377752617002,"singlet",TRUE
"control_rep1_CTAAGGTTCATAATCG-1","control_rep1","control",1005,798,5.57213930348259,0.199004975124378,1498,1050,TRUE,FALSE,FALSE,FALSE,FALSE,TRUE,0.00165834289509803,"singlet",TRUE
"control_rep1_CTAAGGTTCCATTACT-1","control_rep1","control",4169,2100,1.67905972655313,0.0239865675221876,4301,2147,TRUE,FALSE,FALSE,FALSE,FALSE,TRUE,0.182093650102615,"singlet",TRUE
"control_rep1_CTAAGGTTCCGTCCAT-1","control_rep1","control",1925,1425,1.97402597402597,0.207792207792208,7572,4045,TRUE,FALSE,FALSE,FALSE,FALSE,TRUE,0.00575238140299916,"singlet",TRUE
"control_rep1_CTAAGTCAGCCTGATG-1","control_rep1","control",5478,2306,7.64877692588536,0.127783862723622,5710,2375,TRUE,FALSE,FALSE,FALSE,FALSE,TRUE,0.00708947330713272,"singlet",TRUE
"control_rep1_CTAAGTCAGGAGCATA-1","control_rep1","control",7082,3235,1.08726348489127,0.112962439988704,19390,8607,TRUE,FALSE,FALSE,FALSE,FALSE,TRUE,0.533566355705261,"singlet",TRUE
"control_rep1_CTAAGTCAGGCTGTGC-1","control_rep1","control",16696,4721,2.38979396262578,0.0479156684235745,17704,4969,TRUE,FALSE,FALSE,FALSE,FALSE,TRUE,0.991899847984314,"doublet",FALSE
"control_rep1_CTAATCGCAAACTGTT-1","control_rep1","control",5437,2141,1.72889461099871,0.165532462755196,5526,2184,TRUE,FALSE,FALSE,FALSE,FALSE,TRUE,0.0436926335096359,"singlet",TRUE
"control_rep1_CTAATCGCAGATAGAC-1","control_rep1","control",2374,1551,4.80202190395956,0.16849199663016,2640,1667,TRUE,FALSE,FALSE,FALSE,FALSE,TRUE,0.00293984240852296,"singlet",TRUE
"control_rep1_CTAATCGCATTAGCCA-1","control_rep1","control",2139,1399,3.7400654511454,0,3416,2075,TRUE,FALSE,FALSE,FALSE,FALSE,TRUE,0.000776308181229979,"singlet",TRUE
"control_rep1_CTAATGTCATTGCGAC-1","control_rep1","control",5610,2575,1.35472370766488,0.445632798573975,5689,2608,TRUE,FALSE,FALSE,FALSE,FALSE,TRUE,0.392528682947159,"singlet",TRUE
"control_rep1_CTAATTGAGCTGTCAG-1","control_rep1","control",737,582,7.3270013568521,0.407055630936228,1387,879,TRUE,FALSE,FALSE,FALSE,FALSE,TRUE,0.00195385282859206,"singlet",TRUE
"control_rep1_CTACAACAGTCACTAA-1","control_rep1","control",5079,2837,2.97302618625714,0.177200236266982,12957,6680,TRUE,FALSE,FALSE,FALSE,FALSE,TRUE,0.956808686256409,"doublet",FALSE
"control_rep1_CTACCTCAGGCATGAA-1","control_rep1","control",1740,1125,2.70114942528736,0.229885057471264,1897,1175,TRUE,FALSE,FALSE,FALSE,FALSE,TRUE,0.00233194651082158,"singlet",TRUE
"control_rep1_CTACCTCAGGGCTTAT-1","control_rep1","control",719,568,11.2656467315716,0.556328233657858,14295,6325,TRUE,FALSE,FALSE,FALSE,TRUE,FALSE,NA,"not_tested_QC_fail",FALSE
"control_rep1_CTACCTCAGGGTTAGA-1","control_rep1","control",2552,1603,1.29310344827586,0.156739811912226,10284,5306,TRUE,FALSE,FALSE,FALSE,FALSE,TRUE,0.920828819274902,"doublet",FALSE
"control_rep1_CTACCTCAGTCTCACC-1","control_rep1","control",1871,1254,11.4377338321753,0.213789417423838,2006,1305,TRUE,FALSE,FALSE,FALSE,TRUE,FALSE,NA,"not_tested_QC_fail",FALSE
"control_rep1_CTACGAAGTGTTGCTT-1","control_rep1","control",10078,3708,1.06171859495932,0.218297281206589,16064,6314,TRUE,FALSE,FALSE,FALSE,FALSE,TRUE,0.0530262216925621,"singlet",TRUE
"control_rep1_CTACGAAGTTCCGGCT-1","control_rep1","control",5494,2609,1.76556243174372,0.254823443756826,6935,3302,TRUE,FALSE,FALSE,FALSE,FALSE,TRUE,0.712521612644196,"singlet",TRUE
"control_rep1_CTACTAAAGGCGCATC-1","control_rep1","control",1855,1093,3.55795148247978,1.07816711590296,2055,1155,TRUE,FALSE,FALSE,FALSE,FALSE,TRUE,0.00313333258964121,"singlet",TRUE
"control_rep1_CTACTTAGTGGTTAGC-1","control_rep1","control",1331,969,1.27723516153268,0,6666,3641,TRUE,FALSE,FALSE,FALSE,FALSE,TRUE,0.00268092565238476,"singlet",TRUE
"control_rep1_CTAGATTCAATAAGCA-1","control_rep1","control",24538,5280,1.12071073437118,0.220066835112886,27510,6437,TRUE,FALSE,FALSE,FALSE,FALSE,TRUE,0.290028423070908,"singlet",TRUE
"control_rep1_CTAGATTCACTTCATC-1","control_rep1","control",5641,2474,1.52455238432902,0.283637652898422,6000,2550,TRUE,FALSE,FALSE,FALSE,FALSE,TRUE,0.0423080399632454,"singlet",TRUE
"control_rep1_CTAGATTCATAGCGAG-1","control_rep1","control",1603,1203,2.12102308172177,0.436681222707424,6652,3652,TRUE,FALSE,FALSE,FALSE,FALSE,TRUE,0.00367927807383239,"singlet",TRUE
"control_rep1_CTAGCGGGTCACACCC-1","control_rep1","control",3924,2167,2.98165137614679,0.28032619775739,11126,5498,TRUE,FALSE,FALSE,FALSE,FALSE,TRUE,0.0318520106375217,"singlet",TRUE
"control_rep1_CTAGCGGGTGCAATGC-1","control_rep1","control",1045,818,1.81818181818182,0.0956937799043062,6042,3375,TRUE,FALSE,FALSE,FALSE,FALSE,TRUE,0.00255428510718048,"singlet",TRUE
"control_rep1_CTAGCTGAGCATTATG-1","control_rep1","control",1791,1302,1.17252931323283,0.0558347292015634,7944,4254,TRUE,FALSE,FALSE,FALSE,FALSE,TRUE,0.0889079123735428,"singlet",TRUE
"control_rep1_CTAGCTGAGGACCTGC-1","control_rep1","control",16033,3791,2.30774028566082,0.0873199027006799,16349,3863,TRUE,FALSE,FALSE,FALSE,FALSE,TRUE,0.0488201007246971,"singlet",TRUE
"control_rep1_CTAGCTTGTAAGCACC-1","control_rep1","control",4968,2566,3.96537842190016,0.483091787439614,5738,2873,TRUE,FALSE,FALSE,FALSE,FALSE,TRUE,0.692511022090912,"singlet",TRUE
"control_rep1_CTAGCTTGTCAGGCAT-1","control_rep1","control",2484,1402,5.23349436392915,0.201288244766506,2636,1455,TRUE,FALSE,FALSE,FALSE,FALSE,TRUE,0.00854851212352514,"singlet",TRUE
"control_rep1_CTAGCTTGTTTGGGTA-1","control_rep1","control",5584,2462,2.88323782234957,0.0716332378223496,5943,2549,TRUE,FALSE,FALSE,FALSE,FALSE,TRUE,0.429540485143661,"singlet",TRUE
"control_rep1_CTAGGCGGTTGAGCCG-1","control_rep1","control",6881,2853,1.91832582473478,0.0726638569975294,7233,2931,TRUE,FALSE,FALSE,FALSE,FALSE,TRUE,0.147247910499573,"singlet",TRUE
"control_rep1_CTAGTAATCACAGCCA-1","control_rep1","control",3504,2016,3.25342465753425,0.342465753424658,3671,2079,TRUE,FALSE,FALSE,FALSE,FALSE,TRUE,0.484400510787964,"singlet",TRUE
"control_rep1_CTAGTCGAGATAGACG-1","control_rep1","control",14646,4129,0.70326368974464,0.204834084391643,15165,4224,TRUE,FALSE,FALSE,FALSE,FALSE,TRUE,0.0139125548303127,"singlet",TRUE
"control_rep1_CTAGTCGAGCTTCTCA-1","control_rep1","control",2324,1415,2.32358003442341,0,4494,2531,TRUE,FALSE,FALSE,FALSE,FALSE,TRUE,0.000856950122397393,"singlet",TRUE
"control_rep1_CTAGTCGAGTCATTTC-1","control_rep1","control",3132,1755,1.6602809706258,0.542784163473819,3479,1896,TRUE,FALSE,FALSE,FALSE,FALSE,TRUE,0.00776335597038269,"singlet",TRUE
"control_rep1_CTAGTCGAGTGGCGGA-1","control_rep1","control",1694,1173,2.30224321133412,0.531286894923259,6336,3464,TRUE,FALSE,FALSE,FALSE,FALSE,TRUE,0.00103014393243939,"singlet",TRUE
"control_rep1_CTAGTCGAGTTCCTGC-1","control_rep1","control",774,586,10.4651162790698,0.387596899224806,2295,1400,TRUE,FALSE,FALSE,FALSE,TRUE,FALSE,NA,"not_tested_QC_fail",FALSE
"control_rep1_CTAGTTGCAACTAACT-1","control_rep1","control",3715,2071,1.15746971736205,0,16668,7850,TRUE,FALSE,FALSE,FALSE,FALSE,TRUE,0.00139617884997278,"singlet",TRUE
"control_rep1_CTAGTTGCAGTTGCGT-1","control_rep1","control",3354,1802,1.52057245080501,0.0596302921884317,3462,1839,TRUE,FALSE,FALSE,FALSE,FALSE,TRUE,0.0229551624506712,"singlet",TRUE
"control_rep1_CTAGTTGCATTATGCG-1","control_rep1","control",4674,2196,1.58322635857938,0.128369704749679,4914,2263,TRUE,FALSE,FALSE,FALSE,FALSE,TRUE,0.0357935205101967,"singlet",TRUE
"control_rep1_CTATAACCAAGCTACC-1","control_rep1","control",6192,2480,0.613695090439277,0.145348837209302,6328,2541,TRUE,FALSE,FALSE,FALSE,FALSE,TRUE,0.00969785079360008,"singlet",TRUE
"control_rep1_CTATGACAGCATGCAT-1","control_rep1","control",7194,2599,1.47345009730331,0.152905198776758,7367,2655,TRUE,FALSE,FALSE,FALSE,FALSE,TRUE,0.00423444155603647,"singlet",TRUE
"control_rep1_CTATGACAGCTTAGCG-1","control_rep1","control",4856,2562,2.67710049423394,0.823723228995058,7914,4148,TRUE,FALSE,FALSE,FALSE,FALSE,TRUE,0.496199160814285,"singlet",TRUE
"control_rep1_CTATGAGGTTTGTCTA-1","control_rep1","control",1933,1310,0.8277289187791,0,8456,4267,TRUE,FALSE,FALSE,FALSE,FALSE,TRUE,0.00308435480110347,"singlet",TRUE
"control_rep1_CTATGATCAAGCTACC-1","control_rep1","control",1754,1122,2.4515393386545,0.171037628278221,1924,1186,TRUE,FALSE,FALSE,FALSE,FALSE,TRUE,0.01486143656075,"singlet",TRUE
"control_rep1_CTATGATCAGCAATAA-1","control_rep1","control",1865,1175,4.39678284182306,0.697050938337802,2041,1233,TRUE,FALSE,FALSE,FALSE,FALSE,TRUE,0.0082813398912549,"singlet",TRUE
"control_rep1_CTATGGCCAGCAATAA-1","control_rep1","control",4256,2214,2.32612781954887,0.281954887218045,8025,4112,TRUE,FALSE,FALSE,FALSE,FALSE,TRUE,0.219562724232674,"singlet",TRUE
"control_rep1_CTATGGCCAGCCGCTA-1","control_rep1","control",10761,3095,1.08725954836911,0.148685066443639,10975,3162,TRUE,FALSE,FALSE,FALSE,FALSE,TRUE,0.0310253202915192,"singlet",TRUE
"control_rep1_CTATGGCCAGGAAGCC-1","control_rep1","control",2063,1357,4.60494425593795,0.242365487154629,2386,1449,TRUE,FALSE,FALSE,FALSE,FALSE,TRUE,0.0132730817422271,"singlet",TRUE
"control_rep1_CTATGTTTCCACCTTA-1","control_rep1","control",1896,1151,2.74261603375527,0.369198312236287,2170,1223,TRUE,FALSE,FALSE,FALSE,FALSE,TRUE,0.000706896185874939,"singlet",TRUE
"control_rep1_CTATTACTCATAAGCC-1","control_rep1","control",3661,1835,2.13056541928435,0.109259765091505,3777,1878,TRUE,FALSE,FALSE,FALSE,FALSE,TRUE,0.0472501553595066,"singlet",TRUE
"control_rep1_CTATTACTCATGCATA-1","control_rep1","control",4358,2056,2.6158788435062,0.504818724185406,5374,2169,TRUE,FALSE,FALSE,FALSE,FALSE,TRUE,0.00495762517675757,"singlet",TRUE
"control_rep1_CTATTACTCGTTTCGC-1","control_rep1","control",1607,1067,7.90292470441817,0.373366521468575,1811,1129,TRUE,FALSE,FALSE,FALSE,FALSE,TRUE,0.0628948137164116,"singlet",TRUE
"control_rep1_CTATTACTCTAGCTAA-1","control_rep1","control",16154,4613,2.12950352853782,0.0247616689364863,16839,4718,TRUE,FALSE,FALSE,FALSE,FALSE,TRUE,0.0400042943656445,"singlet",TRUE
"control_rep1_CTATTCAGTAGACAAA-1","control_rep1","control",3796,1908,5.08429926238145,0.421496311907271,4026,1983,TRUE,FALSE,FALSE,FALSE,FALSE,TRUE,0.0410925708711147,"singlet",TRUE
"control_rep1_CTATTGAAGCTGTAAC-1","control_rep1","control",9931,3564,2.04410431980667,0.0704863558554023,10410,3661,TRUE,FALSE,FALSE,FALSE,FALSE,TRUE,0.280477344989777,"singlet",TRUE
"control_rep1_CTATTGAAGGAGGACT-1","control_rep1","control",3882,2245,2.31839258114374,0,16286,7716,TRUE,FALSE,FALSE,FALSE,FALSE,TRUE,0.00448596710339189,"singlet",TRUE
"control_rep1_CTATTGAAGGCAGGTG-1","control_rep1","control",20706,5233,1.30879938182169,0.260793972761518,25547,7053,TRUE,FALSE,FALSE,FALSE,FALSE,TRUE,0.0720701962709427,"singlet",TRUE
"control_rep1_CTATTGAAGGGCTTTG-1","control_rep1","control",1731,1031,1.44425187752744,0.0577700751010976,1911,1110,TRUE,FALSE,FALSE,FALSE,FALSE,TRUE,0.00161424046382308,"singlet",TRUE
"control_rep1_CTCAATAAGGAGTCGG-1","control_rep1","control",2500,1450,3.4,0.12,2619,1498,TRUE,FALSE,FALSE,FALSE,FALSE,TRUE,0.0150882229208946,"singlet",TRUE
"control_rep1_CTCAATAAGTTTCCGC-1","control_rep1","control",9811,3500,1.82448272347365,0.142696972785649,10414,3678,TRUE,FALSE,FALSE,FALSE,FALSE,TRUE,0.0674200430512428,"singlet",TRUE
"control_rep1_CTCACACTCCAATTAG-1","control_rep1","control",7288,2700,1.26234906695939,0.178375411635565,7630,2777,TRUE,FALSE,FALSE,FALSE,FALSE,TRUE,0.143136397004128,"singlet",TRUE
"control_rep1_CTCACTCAGGTCGATT-1","control_rep1","control",8186,3319,4.47104813095529,0.34204739799658,13963,5597,TRUE,FALSE,FALSE,FALSE,FALSE,TRUE,0.364993125200272,"singlet",TRUE
"control_rep1_CTCAGGATCCATCAGG-1","control_rep1","control",3185,1855,0.470957613814757,0.156985871271586,9811,5163,TRUE,FALSE,FALSE,FALSE,FALSE,TRUE,0.00268872571177781,"singlet",TRUE
"control_rep1_CTCAGGATCCTTCGTA-1","control_rep1","control",150,130,8.66666666666667,0,1342,775,FALSE,TRUE,TRUE,FALSE,FALSE,FALSE,NA,"not_tested_QC_fail",FALSE
"control_rep1_CTCATCATCACAGACT-1","control_rep1","control",2930,1829,2.04778156996587,0.477815699658703,17741,8124,TRUE,FALSE,FALSE,FALSE,FALSE,TRUE,0.00241901446133852,"singlet",TRUE
"control_rep1_CTCATCATCACCGGTA-1","control_rep1","control",579,461,6.21761658031088,0,1979,650,FALSE,TRUE,FALSE,FALSE,FALSE,FALSE,NA,"not_tested_QC_fail",FALSE
"control_rep1_CTCATCATCGGTTCCT-1","control_rep1","control",4791,2277,1.66979753704863,0.146107284491755,4878,2315,TRUE,FALSE,FALSE,FALSE,FALSE,TRUE,0.00347457150928676,"singlet",TRUE
"control_rep1_CTCATGACATCCCTCA-1","control_rep1","control",5068,2494,2.94001578531965,0.217048145224941,5210,2544,TRUE,FALSE,FALSE,FALSE,FALSE,TRUE,0.00143963925074786,"singlet",TRUE
"control_rep1_CTCATTTAGAAAGCAT-1","control_rep1","control",972,695,1.85185185185185,0,3345,1944,TRUE,FALSE,FALSE,FALSE,FALSE,TRUE,0.0018668674165383,"singlet",TRUE
"control_rep1_CTCATTTAGCGTGCGT-1","control_rep1","control",2493,1548,2.16606498194946,0.0401123144805455,13191,6468,TRUE,FALSE,FALSE,FALSE,FALSE,TRUE,0.0012832498177886,"singlet",TRUE
"control_rep1_CTCATTTAGTTGTCAA-1","control_rep1","control",1202,967,1.83028286189684,0.332778702163062,2229,1497,TRUE,FALSE,FALSE,FALSE,FALSE,TRUE,0.00490176444873214,"singlet",TRUE
"control_rep1_CTCCAAACAGTTGCGT-1","control_rep1","control",9735,3402,1.18130457113508,0.380071905495634,10372,3497,TRUE,FALSE,FALSE,FALSE,FALSE,TRUE,0.128344222903252,"singlet",TRUE
"control_rep1_CTCCAACTCCCTCGCA-1","control_rep1","control",3866,2279,3.15571650284532,0.155199172271081,4056,2349,TRUE,FALSE,FALSE,FALSE,FALSE,TRUE,0.0940249785780907,"singlet",TRUE
"control_rep1_CTCCAACTCGTTTCCA-1","control_rep1","control",2708,1436,4.80059084194978,0.775480059084195,3025,1511,TRUE,FALSE,FALSE,FALSE,FALSE,TRUE,0.00503354333341122,"singlet",TRUE
"control_rep1_CTCCATCAGAATCTCA-1","control_rep1","control",1781,1270,5.5586749017406,0.0561482313307131,1929,1334,TRUE,FALSE,FALSE,FALSE,FALSE,TRUE,0.00131087598856539,"singlet",TRUE
"control_rep1_CTCCATCAGTAACTCA-1","control_rep1","control",16019,4163,3.48960609276484,0.0998813908483676,16068,4187,TRUE,FALSE,FALSE,FALSE,FALSE,TRUE,0.176398456096649,"singlet",TRUE
"control_rep1_CTCCCTGAGCCACATG-1","control_rep1","control",7373,3543,3.87901803879018,0.1356300013563,10103,4836,TRUE,FALSE,FALSE,FALSE,FALSE,TRUE,0.980404913425446,"doublet",FALSE
"control_rep1_CTCCGGACACTTAGGC-1","control_rep1","control",5029,2499,2.88327699343806,0.517001391926824,5334,2599,TRUE,FALSE,FALSE,FALSE,FALSE,TRUE,0.150187358260155,"singlet",TRUE
"control_rep1_CTCCGGACAGGCGATA-1","control_rep1","control",1743,1298,3.38496844520941,0.286861732644865,14438,6909,TRUE,FALSE,FALSE,FALSE,FALSE,TRUE,0.0303723439574242,"singlet",TRUE
"control_rep1_CTCCTAATCTTGCAGG-1","control_rep1","control",15286,4047,1.00745780452702,0.28784508700772,19717,5767,TRUE,FALSE,FALSE,FALSE,FALSE,TRUE,0.0336376465857029,"singlet",TRUE
"control_rep1_CTCCTGAGTATTCGTC-1","control_rep1","control",637,541,2.66875981161695,0.313971742543171,1940,1202,TRUE,FALSE,FALSE,FALSE,FALSE,TRUE,0.00261081545613706,"singlet",TRUE
"control_rep1_CTCCTGAGTTACATCC-1","control_rep1","control",15531,4678,2.17629257613805,0.206039533835555,18521,5539,TRUE,FALSE,FALSE,FALSE,FALSE,TRUE,0.88403981924057,"doublet",FALSE
"control_rep1_CTCCTGAGTTGCACAA-1","control_rep1","control",2849,1691,5.72130572130572,0.0702000702000702,3174,1862,TRUE,FALSE,FALSE,FALSE,FALSE,TRUE,0.00268969498574734,"singlet",TRUE
"control_rep1_CTCGACAAGCCGCTTT-1","control_rep1","control",13123,3666,0.72391983540349,0.0457212527623257,14442,4302,TRUE,FALSE,FALSE,FALSE,FALSE,TRUE,0.0467951856553555,"singlet",TRUE
"control_rep1_CTCGACAAGCCTAATA-1","control_rep1","control",2158,1474,2.36329935125116,0.046339202965709,5070,3024,TRUE,FALSE,FALSE,FALSE,FALSE,TRUE,0.00547139951959252,"singlet",TRUE
"control_rep1_CTCGACAAGCTTACTT-1","control_rep1","control",14448,3918,1.79955703211517,0.179955703211517,14983,4131,TRUE,FALSE,FALSE,FALSE,FALSE,TRUE,0.0766710415482521,"singlet",TRUE
"control_rep1_CTCGACAAGTGAGGTA-1","control_rep1","control",11659,3487,2.34153872544815,0.034308259713526,11836,3541,TRUE,FALSE,FALSE,FALSE,FALSE,TRUE,0.00986785162240267,"singlet",TRUE
"control_rep1_CTCGCTAGTTAGGTTG-1","control_rep1","control",207,184,1.44927536231884,0,726,286,FALSE,TRUE,TRUE,FALSE,FALSE,FALSE,NA,"not_tested_QC_fail",FALSE
"control_rep1_CTCGCTAGTTAGTGAT-1","control_rep1","control",1808,1226,1.38274336283186,0.0553097345132743,2178,1315,TRUE,FALSE,FALSE,FALSE,FALSE,TRUE,0.00902945268899202,"singlet",TRUE
"control_rep1_CTCGCTCCAGCAGGTA-1","control_rep1","control",5855,2953,1.69086251067464,0.22203245089667,22496,10038,TRUE,FALSE,FALSE,FALSE,FALSE,TRUE,0.557355642318726,"singlet",TRUE
"control_rep1_CTCTAAGCAAGGTAAC-1","control_rep1","control",5051,2822,0.989902989507028,0.237576717481687,19318,9075,TRUE,FALSE,FALSE,FALSE,FALSE,TRUE,0.446449130773544,"singlet",TRUE
"control_rep1_CTCTAAGCAATGCCCG-1","control_rep1","control",8891,3471,3.84658643572152,0.157462602631875,9163,3564,TRUE,FALSE,FALSE,FALSE,FALSE,TRUE,0.986073613166809,"doublet",FALSE
"control_rep1_CTCTAGCTCAGGGCCT-1","control_rep1","control",1853,1293,6.47598488936859,0.377765785213168,2596,1608,TRUE,FALSE,FALSE,FALSE,FALSE,TRUE,0.00119699060451239,"singlet",TRUE
"control_rep1_CTCTATGTCACCAATA-1","control_rep1","control",1505,1085,3.58803986710963,0.199335548172757,1797,1233,TRUE,FALSE,FALSE,FALSE,FALSE,TRUE,0.00132418912835419,"singlet",TRUE
"control_rep1_CTCTATGTCATAATCG-1","control_rep1","control",4163,2084,3.43502282008167,0.384338217631516,4447,2163,TRUE,FALSE,FALSE,FALSE,FALSE,TRUE,0.0753893703222275,"singlet",TRUE
"control_rep1_CTCTATGTCATTAGCA-1","control_rep1","control",13909,4049,1.17909267380833,0.0575167157955281,14221,4129,TRUE,FALSE,FALSE,FALSE,FALSE,TRUE,0.035619355738163,"singlet",TRUE
"control_rep1_CTCTATGTCCAGGGAG-1","control_rep1","control",15779,4354,1.22948222320806,0.323214398884593,24690,7936,TRUE,FALSE,FALSE,FALSE,FALSE,TRUE,0.0173180755227804,"singlet",TRUE
"control_rep1_CTCTATGTCCTTCTAG-1","control_rep1","control",565,442,8.84955752212389,0.530973451327434,835,549,FALSE,TRUE,FALSE,FALSE,FALSE,FALSE,NA,"not_tested_QC_fail",FALSE
"control_rep1_CTCTCACAGACAAACG-1","control_rep1","control",3423,1732,3.0382705229331,0.0876424189307625,3523,1767,TRUE,FALSE,FALSE,FALSE,FALSE,TRUE,0.0142462719231844,"singlet",TRUE
"control_rep1_CTCTCACAGGCGGGTA-1","control_rep1","control",1767,1164,4.07470288624788,0.0565930956423316,2175,1260,TRUE,FALSE,FALSE,FALSE,FALSE,TRUE,0.00963093619793653,"singlet",TRUE
"control_rep1_CTCTCACAGGTTTGCG-1","control_rep1","control",3218,1729,1.39838408949658,0,14403,6946,TRUE,FALSE,FALSE,FALSE,FALSE,TRUE,0.00882125925272703,"singlet",TRUE
"control_rep1_CTCTCACAGTTGGGCC-1","control_rep1","control",1827,1260,2.18938149972633,0.0547345374931582,2022,1368,TRUE,FALSE,FALSE,FALSE,FALSE,TRUE,0.00260385521687567,"singlet",TRUE
"control_rep1_CTGAAACTCATAACTG-1","control_rep1","control",2353,1576,3.52741181470463,0.254993625159371,2703,1771,TRUE,FALSE,FALSE,FALSE,FALSE,TRUE,0.00293257902376354,"singlet",TRUE
"control_rep1_CTGAAACTCCAGGTTG-1","control_rep1","control",1198,881,3.58931552587646,2.08681135225376,1405,946,TRUE,FALSE,FALSE,FALSE,FALSE,TRUE,0.00230993144214153,"singlet",TRUE
"control_rep1_CTGAAACTCGGTTACG-1","control_rep1","control",6634,2750,1.95960205004522,0.135664757310823,6804,2810,TRUE,FALSE,FALSE,FALSE,FALSE,TRUE,0.0931694656610489,"singlet",TRUE
"control_rep1_CTGAATATCACTTTAC-1","control_rep1","control",4741,2633,3.31153765028475,0.464037122969838,5340,2966,TRUE,FALSE,FALSE,FALSE,FALSE,TRUE,0.757908701896667,"singlet",TRUE
"control_rep1_CTGAATATCCCGCATT-1","control_rep1","control",11662,3582,1.62064825930372,0.351569199108215,11888,3663,TRUE,FALSE,FALSE,FALSE,FALSE,TRUE,0.355165839195251,"singlet",TRUE
"control_rep1_CTGAATATCCTCCTAA-1","control_rep1","control",1338,896,10.8370702541106,0.597907324364723,1505,949,TRUE,FALSE,FALSE,FALSE,TRUE,FALSE,NA,"not_tested_QC_fail",FALSE
"control_rep1_CTGAATATCTGTTCAT-1","control_rep1","control",1490,1081,5.70469798657718,0.939597315436242,1671,1148,TRUE,FALSE,FALSE,FALSE,FALSE,TRUE,0.00186062883585691,"singlet",TRUE
"control_rep1_CTGACATAGTCCTTCA-1","control_rep1","control",937,718,7.15048025613661,1.81430096051227,1533,1007,TRUE,FALSE,FALSE,FALSE,FALSE,TRUE,0.00292371679097414,"singlet",TRUE
"control_rep1_CTGACCAAGCCACATG-1","control_rep1","control",19165,5803,1.69058178972085,0.266110096530133,25584,8875,TRUE,FALSE,FALSE,FALSE,FALSE,TRUE,0.995356380939484,"doublet",FALSE
"control_rep1_CTGACCAAGGATTGCT-1","control_rep1","control",2602,1497,1.92159877017679,0.26902382782475,9012,4607,TRUE,FALSE,FALSE,FALSE,FALSE,TRUE,0.00372724840417504,"singlet",TRUE
"control_rep1_CTGACCAAGGTGAAAT-1","control_rep1","control",1373,1022,1.01966496722505,0.145666423889294,7192,3926,TRUE,FALSE,FALSE,FALSE,FALSE,TRUE,0.00467086955904961,"singlet",TRUE
"control_rep1_CTGATCACACCTCACC-1","control_rep1","control",21367,4834,2.92507137174147,0.0936022838957271,21816,4940,TRUE,FALSE,FALSE,FALSE,FALSE,TRUE,0.171883851289749,"singlet",TRUE
"control_rep1_CTGCAATAGCACCACA-1","control_rep1","control",355,319,3.09859154929577,0,11126,5176,TRUE,TRUE,TRUE,FALSE,FALSE,FALSE,NA,"not_tested_QC_fail",FALSE
"control_rep1_CTGCAATAGCATTATG-1","control_rep1","control",17291,4012,1.6309062518073,0.144583887571569,19231,4315,TRUE,FALSE,FALSE,FALSE,FALSE,TRUE,0.055100966244936,"singlet",TRUE
"control_rep1_CTGCAATAGGGTGAAC-1","control_rep1","control",7529,3636,2.17824412272546,0.358613361668216,24509,10756,TRUE,FALSE,FALSE,FALSE,FALSE,TRUE,0.99351304769516,"doublet",FALSE
"control_rep1_CTGCAATAGGTGAAGC-1","control_rep1","control",12535,3675,0.765855604307938,0.119664938173115,12732,3733,TRUE,FALSE,FALSE,FALSE,FALSE,TRUE,0.109690591692924,"singlet",TRUE
"control_rep1_CTGCTACTCGATTTAG-1","control_rep1","control",12233,4062,3.18809776833156,0.253412899534047,12422,4124,TRUE,FALSE,FALSE,FALSE,FALSE,TRUE,0.148432537913322,"singlet",TRUE
"control_rep1_CTGCTATGTGTGAGAG-1","control_rep1","control",1605,1072,9.09657320872274,0.186915887850467,1837,1147,TRUE,FALSE,FALSE,FALSE,FALSE,TRUE,0.00369101669639349,"singlet",TRUE
"control_rep1_CTGCTCCCACATAGCC-1","control_rep1","control",4223,2019,2.84158181387639,0.805114847264978,4705,2123,TRUE,FALSE,FALSE,FALSE,FALSE,TRUE,0.151303067803383,"singlet",TRUE
"control_rep1_CTGGACCAGAACAAGT-1","control_rep1","control",5958,2485,2.95401141322591,0.234978180597516,6170,2548,TRUE,FALSE,FALSE,FALSE,FALSE,TRUE,0.0868920683860779,"singlet",TRUE
"control_rep1_CTGGACCAGGGTGAGT-1","control_rep1","control",4816,2186,1.22508305647841,0.332225913621262,4940,2232,TRUE,FALSE,FALSE,FALSE,FALSE,TRUE,0.171461150050163,"singlet",TRUE
"control_rep1_CTGGATGTCATCGTTT-1","control_rep1","control",1956,1327,2.91411042944785,0.153374233128834,3903,2310,TRUE,FALSE,FALSE,FALSE,FALSE,TRUE,0.00220821122638881,"singlet",TRUE
"control_rep1_CTGGATGTCCTTAGGG-1","control_rep1","control",2697,1588,3.29996292176492,0.741564701520208,2913,1659,TRUE,FALSE,FALSE,FALSE,FALSE,TRUE,0.0716043263673782,"singlet",TRUE
"control_rep1_CTGGCTAAGCAAACCT-1","control_rep1","control",2550,1713,2.47058823529412,0.784313725490196,7009,3932,TRUE,FALSE,FALSE,FALSE,FALSE,TRUE,0.00837040599435568,"singlet",TRUE
"control_rep1_CTGGCTAAGCCTCTCG-1","control_rep1","control",3712,2137,5.03771551724138,0.727370689655172,3927,2208,TRUE,FALSE,FALSE,FALSE,FALSE,TRUE,0.0073476517572999,"singlet",TRUE
"control_rep1_CTGGCTAAGGAACGCG-1","control_rep1","control",2512,1614,0.875796178343949,0.0796178343949045,9737,5184,TRUE,FALSE,FALSE,FALSE,FALSE,TRUE,0.00122695858590305,"singlet",TRUE
"control_rep1_CTGGTCAAGCTGTAAC-1","control_rep1","control",2883,1662,2.74020117932709,0,3021,1712,TRUE,FALSE,FALSE,FALSE,FALSE,TRUE,0.0368574112653732,"singlet",TRUE
"control_rep1_CTGGTCAAGGGTGAAC-1","control_rep1","control",3932,1757,4.37436419125127,0.0762970498474059,4114,1819,TRUE,FALSE,FALSE,FALSE,FALSE,TRUE,0.0701158046722412,"singlet",TRUE
"control_rep1_CTGGTTACAATCCTGA-1","control_rep1","control",3539,1896,2.40180842045776,0.0565131393048884,9570,4728,TRUE,FALSE,FALSE,FALSE,FALSE,TRUE,0.00556605681777,"singlet",TRUE
"control_rep1_CTGGTTACATGCAACC-1","control_rep1","control",6700,2644,1.34328358208955,0.119402985074627,6885,2707,TRUE,FALSE,FALSE,FALSE,FALSE,TRUE,0.170116618275642,"singlet",TRUE
"control_rep1_CTGGTTTGTGTTAGCA-1","control_rep1","control",650,522,4.15384615384615,0.153846153846154,997,710,FALSE,FALSE,FALSE,FALSE,FALSE,TRUE,0.000964616541750729,"singlet",TRUE
"control_rep1_CTGTACCTCAATGTGC-1","control_rep1","control",6926,2811,2.84435460583309,0.360958706323997,7423,2958,TRUE,FALSE,FALSE,FALSE,FALSE,TRUE,0.984458923339844,"doublet",FALSE
"control_rep1_CTGTACCTCATTTGTC-1","control_rep1","control",5918,2367,2.28117607299763,0.0337952010814464,6027,2407,TRUE,FALSE,FALSE,FALSE,FALSE,TRUE,0.00350813590921462,"singlet",TRUE
"control_rep1_CTGTATTTCGTTATAG-1","control_rep1","control",10153,2945,0.581109031813257,0.0295479168718605,10779,3273,TRUE,FALSE,FALSE,FALSE,FALSE,TRUE,0.00792326126247644,"singlet",TRUE
"control_rep1_CTGTGTGAGTCACGAT-1","control_rep1","control",9048,3424,3.51458885941645,0.364721485411141,10082,3672,TRUE,FALSE,FALSE,FALSE,FALSE,TRUE,0.960616528987885,"doublet",FALSE
"control_rep1_CTGTGTGAGTCAGTAC-1","control_rep1","control",1198,808,12.3539232053422,0,1361,862,TRUE,FALSE,FALSE,FALSE,TRUE,FALSE,NA,"not_tested_QC_fail",FALSE
"control_rep1_CTGTTAAAGGCTAATC-1","control_rep1","control",3889,2122,4.91128824890717,0.0514271020827976,4434,2276,TRUE,FALSE,FALSE,FALSE,FALSE,TRUE,0.364789426326752,"singlet",TRUE
"control_rep1_CTGTTAAAGTGAGCAA-1","control_rep1","control",2404,1499,1.12312811980033,0.124792013311148,18431,8383,TRUE,FALSE,FALSE,FALSE,FALSE,TRUE,0.00335728167556226,"singlet",TRUE
"control_rep1_CTGTTCATCAAACCGT-1","control_rep1","control",5829,3107,3.10516383599245,0.205867215645908,8441,4264,TRUE,FALSE,FALSE,FALSE,FALSE,TRUE,0.948176324367523,"doublet",FALSE
"control_rep1_CTGTTCATCAAGCTAC-1","control_rep1","control",6012,3134,6.05455755156354,0.332667997338656,16835,7955,TRUE,FALSE,FALSE,FALSE,FALSE,TRUE,0.371422737836838,"singlet",TRUE
"control_rep1_CTGTTGGAGCACAGAA-1","control_rep1","control",8485,3236,1.00176782557454,0.09428403064231,8629,3290,TRUE,FALSE,FALSE,FALSE,FALSE,TRUE,0.00406043650582433,"singlet",TRUE
"control_rep1_CTGTTGGAGCCAAATC-1","control_rep1","control",7657,3034,3.8265639284315,0.104479561185843,7852,3084,TRUE,FALSE,FALSE,FALSE,FALSE,TRUE,0.85288417339325,"doublet",FALSE
"control_rep1_CTGTTGGAGGCAAGTA-1","control_rep1","control",1150,896,3.1304347826087,0.521739130434783,1864,1223,TRUE,FALSE,FALSE,FALSE,FALSE,TRUE,0.00213440041989088,"singlet",TRUE
"control_rep1_CTGTTGGAGGTCCTGA-1","control_rep1","control",4622,2490,2.63954997836434,0.129813933362181,12070,5972,TRUE,FALSE,FALSE,FALSE,FALSE,TRUE,0.244714006781578,"singlet",TRUE
"control_rep1_CTGTTTAGTAATCACG-1","control_rep1","control",804,693,1.49253731343284,0,2229,1468,TRUE,FALSE,FALSE,FALSE,FALSE,TRUE,0.00388768664561212,"singlet",TRUE
"control_rep1_CTTAACAAGTAAAGGT-1","control_rep1","control",1986,1355,1.56092648539778,0.0503524672708963,10507,5143,TRUE,FALSE,FALSE,FALSE,FALSE,TRUE,0.00127430015709251,"singlet",TRUE
"control_rep1_CTTAAGATCGAAGTGA-1","control_rep1","control",3242,1834,1.44972239358421,0.493522516964837,3435,1902,TRUE,FALSE,FALSE,FALSE,FALSE,TRUE,0.00499168457463384,"singlet",TRUE
"control_rep1_CTTAAGGGTAATCGCA-1","control_rep1","control",3497,2139,3.40291678581641,0.257363454389477,6944,3873,TRUE,FALSE,FALSE,FALSE,FALSE,TRUE,0.327353835105896,"singlet",TRUE
"control_rep1_CTTAATGAGCTAATTG-1","control_rep1","control",3973,1775,1.45985401459854,0.176189277623962,4107,1821,TRUE,FALSE,FALSE,FALSE,FALSE,TRUE,0.00251734629273415,"singlet",TRUE
"control_rep1_CTTAATGAGCTTTGGG-1","control_rep1","control",1778,1189,0.899887514060742,0.0562429696287964,9534,4883,TRUE,FALSE,FALSE,FALSE,FALSE,TRUE,0.000818169035483152,"singlet",TRUE
"control_rep1_CTTAATGAGGATCACT-1","control_rep1","control",1288,1032,2.25155279503106,1.16459627329193,6821,3759,TRUE,FALSE,FALSE,FALSE,FALSE,TRUE,0.00261081545613706,"singlet",TRUE
"control_rep1_CTTAATGAGGTTAGCT-1","control_rep1","control",3199,1746,1.43794935917474,0.0312597686777118,3413,1818,TRUE,FALSE,FALSE,FALSE,FALSE,TRUE,0.0190148781985044,"singlet",TRUE
"control_rep1_CTTACCGGTAGGTTGC-1","control_rep1","control",4356,1938,1.90541781450872,0.229568411386593,4800,2029,TRUE,FALSE,FALSE,FALSE,FALSE,TRUE,0.0329535193741322,"singlet",TRUE
"control_rep1_CTTACCGGTGGACCTG-1","control_rep1","control",15163,4110,1.45090021763503,0.0197850029677504,15502,4191,TRUE,FALSE,FALSE,FALSE,FALSE,TRUE,0.0300909131765366,"singlet",TRUE
"control_rep1_CTTACCTCACCTAATG-1","control_rep1","control",6031,2584,1.65809981760902,0.215552976289173,6267,2656,TRUE,FALSE,FALSE,FALSE,FALSE,TRUE,0.105459533631802,"singlet",TRUE
"control_rep1_CTTACTAGTTGGTTCT-1","control_rep1","control",2471,1445,2.38769728854715,0.202347227842979,2663,1507,TRUE,FALSE,FALSE,FALSE,FALSE,TRUE,0.0105879725888371,"singlet",TRUE
"control_rep1_CTTAGGAGTCCGCTGT-1","control_rep1","control",1986,1309,1.15810674723061,0.151057401812689,13687,6545,TRUE,FALSE,FALSE,FALSE,FALSE,TRUE,0.00145259650889784,"singlet",TRUE
"control_rep1_CTTAGGAGTCCTTCTC-1","control_rep1","control",4347,2182,6.87830687830688,0.782148608235565,4472,2238,TRUE,FALSE,FALSE,FALSE,FALSE,TRUE,0.00143488356843591,"singlet",TRUE
"control_rep1_CTTAGGAGTTAGGACC-1","control_rep1","control",5822,2840,2.19855719683957,0.257643421504638,24915,10704,TRUE,FALSE,FALSE,FALSE,FALSE,TRUE,0.992376148700714,"doublet",FALSE
"control_rep1_CTTATTGGTAAGCACC-1","control_rep1","control",2940,1747,4.14965986394558,0.54421768707483,9338,4712,TRUE,FALSE,FALSE,FALSE,FALSE,TRUE,0.259768515825272,"singlet",TRUE
"control_rep1_CTTCAAGCAACAACAA-1","control_rep1","control",3790,1979,0.976253298153034,0.211081794195251,3997,2040,TRUE,FALSE,FALSE,FALSE,FALSE,TRUE,0.342645645141602,"singlet",TRUE
"control_rep1_CTTCAAGCACATAACT-1","control_rep1","control",2023,1359,2.86702916460702,1.3840830449827,3765,2244,TRUE,FALSE,FALSE,FALSE,FALSE,TRUE,0.00676526688039303,"singlet",TRUE
"control_rep1_CTTCAAGCACCTGGTG-1","control_rep1","control",2342,1563,2.47651579846285,0.128095644748079,2734,1768,TRUE,FALSE,FALSE,FALSE,FALSE,TRUE,0.00240125227719545,"singlet",TRUE
"control_rep1_CTTCAAGCATAATCAC-1","control_rep1","control",30518,6336,1.65476112458221,0.514450488236451,30951,6513,TRUE,FALSE,FALSE,FALSE,FALSE,TRUE,0.831031560897827,"doublet",FALSE
"control_rep1_CTTCAATTCGTTTCGC-1","control_rep1","control",2420,1577,6.61157024793388,0.165289256198347,2582,1641,TRUE,FALSE,FALSE,FALSE,FALSE,TRUE,0.00327385845594108,"singlet",TRUE
"control_rep1_CTTCACTCAATTAAGG-1","control_rep1","control",930,724,2.68817204301075,0.10752688172043,2937,1747,TRUE,FALSE,FALSE,FALSE,FALSE,TRUE,0.00218276004306972,"singlet",TRUE
"control_rep1_CTTCACTCACCAAAGG-1","control_rep1","control",3571,2133,1.00812097451694,0.16802016241949,20864,9597,TRUE,FALSE,FALSE,FALSE,FALSE,TRUE,0.00396008789539337,"singlet",TRUE
"control_rep1_CTTCACTCAGCCTAAC-1","control_rep1","control",16523,4609,1.82170308055438,0.3933910306845,24149,7938,TRUE,FALSE,FALSE,FALSE,FALSE,TRUE,0.0515621788799763,"singlet",TRUE
"control_rep1_CTTCACTCAGTAGGTG-1","control_rep1","control",10390,3646,2.77189605389798,0.0481231953801732,10866,3748,TRUE,FALSE,FALSE,FALSE,FALSE,TRUE,0.00916846189647913,"singlet",TRUE
"control_rep1_CTTCAGGAGGTGAAAT-1","control_rep1","control",1570,1037,5.03184713375796,0.191082802547771,1710,1088,TRUE,FALSE,FALSE,FALSE,FALSE,TRUE,0.00468448083847761,"singlet",TRUE
"control_rep1_CTTCAGGAGTTTGTCT-1","control_rep1","control",9680,4271,6.25,0.12396694214876,33890,13234,TRUE,FALSE,FALSE,FALSE,FALSE,TRUE,0.985121011734009,"doublet",FALSE
"control_rep1_CTTCATCCACAATGTT-1","control_rep1","control",28247,6054,1.43732077742769,0.18763054483662,31285,6980,TRUE,FALSE,FALSE,FALSE,FALSE,TRUE,0.133252903819084,"singlet",TRUE
"control_rep1_CTTCGCGTCCTAACGG-1","control_rep1","control",1725,1175,1.79710144927536,0.115942028985507,2317,1498,TRUE,FALSE,FALSE,FALSE,FALSE,TRUE,0.000576860504224896,"singlet",TRUE
"control_rep1_CTTCGCGTCGACAAAG-1","control_rep1","control",461,383,4.98915401301518,0,3800,2042,TRUE,TRUE,TRUE,FALSE,FALSE,FALSE,NA,"not_tested_QC_fail",FALSE
"control_rep1_CTTCTAAGTCACGGAT-1","control_rep1","control",22489,4933,0.729245408866557,0.0622526568544622,22637,5009,TRUE,FALSE,FALSE,FALSE,FALSE,TRUE,0.230373486876488,"singlet",TRUE
"control_rep1_CTTCTCAAGACAAAGT-1","control_rep1","control",3411,1773,4.16300205218411,0.293169158604515,3639,1839,TRUE,FALSE,FALSE,FALSE,FALSE,TRUE,0.0459275506436825,"singlet",TRUE
"control_rep1_CTTCTCAAGCCGCAAC-1","control_rep1","control",2169,1552,1.98248040571692,0.461041954817888,9205,5002,TRUE,FALSE,FALSE,FALSE,FALSE,TRUE,0.00192628824152052,"singlet",TRUE
"control_rep1_CTTCTCAAGCCTAACG-1","control_rep1","control",4798,2626,5.29387244685286,0.270946227594831,5164,2746,TRUE,FALSE,FALSE,FALSE,FALSE,TRUE,0.269231349229813,"singlet",TRUE
"control_rep1_CTTGAACAGGAGCACG-1","control_rep1","control",2907,1745,1.61678706570347,0.103199174406605,3251,1901,TRUE,FALSE,FALSE,FALSE,FALSE,TRUE,0.0418475344777107,"singlet",TRUE
"control_rep1_CTTGAATCAATCCTGA-1","control_rep1","control",3313,1845,0.996076063990341,0.211288862058557,7247,3843,TRUE,FALSE,FALSE,FALSE,FALSE,TRUE,0.00245345267467201,"singlet",TRUE
"control_rep1_CTTGACGAGGACAACA-1","control_rep1","control",32320,6179,1.39542079207921,0.0711633663366337,33993,6740,TRUE,FALSE,FALSE,FALSE,FALSE,TRUE,0.130342379212379,"singlet",TRUE
"control_rep1_CTTGCAACATCATGGC-1","control_rep1","control",2351,1497,1.10591237771161,0.170140365801786,3589,2130,TRUE,FALSE,FALSE,FALSE,FALSE,TRUE,0.00393972732126713,"singlet",TRUE
"control_rep1_CTTGCATGTTACTTCA-1","control_rep1","control",3952,2308,2.7580971659919,0.227732793522267,21970,9752,TRUE,FALSE,FALSE,FALSE,FALSE,TRUE,0.36470165848732,"singlet",TRUE
"control_rep1_CTTGCGCGTAATGGCC-1","control_rep1","control",3398,1907,0.794585050029429,0.264861683343143,13159,6376,TRUE,FALSE,FALSE,FALSE,FALSE,TRUE,0.00323088723234832,"singlet",TRUE
"control_rep1_CTTGCGCGTCAAACTG-1","control_rep1","control",2714,1522,10.5011053795136,0.0736919675755343,3110,1742,TRUE,FALSE,FALSE,FALSE,TRUE,FALSE,NA,"not_tested_QC_fail",FALSE
"control_rep1_CTTGCGCGTGGAGCAA-1","control_rep1","control",3403,1876,1.52806347340582,0.0881575080811049,3512,1924,TRUE,FALSE,FALSE,FALSE,FALSE,TRUE,0.0123264072462916,"singlet",TRUE
"control_rep1_CTTGCTCAGGCGAAAC-1","control_rep1","control",2051,1290,3.36421257922964,0,2204,1345,TRUE,FALSE,FALSE,FALSE,FALSE,TRUE,0.00361225823871791,"singlet",TRUE
"control_rep1_CTTGGACCAGGATGGC-1","control_rep1","control",2793,1519,8.59291084854995,0.393841747225206,2970,1581,TRUE,FALSE,FALSE,FALSE,FALSE,TRUE,0.0295326672494411,"singlet",TRUE
"control_rep1_CTTGGACCATCGCTCC-1","control_rep1","control",10453,4505,2.86998947670525,0.45919831627284,19150,8645,TRUE,FALSE,FALSE,FALSE,FALSE,TRUE,0.996850669384003,"doublet",FALSE
"control_rep1_CTTGTAAAGCCGCAAC-1","control_rep1","control",2896,1810,1.38121546961326,0.207182320441989,11410,5861,TRUE,FALSE,FALSE,FALSE,FALSE,TRUE,0.0551774948835373,"singlet",TRUE
"control_rep1_CTTGTCCAGCCTGGTA-1","control_rep1","control",1815,1194,5.23415977961433,0.606060606060606,2282,1286,TRUE,FALSE,FALSE,FALSE,FALSE,TRUE,0.00417026598006487,"singlet",TRUE
"control_rep1_CTTGTCCAGGCATGAA-1","control_rep1","control",12636,3831,2.08135485913264,0.0158277936055714,12947,3911,TRUE,FALSE,FALSE,FALSE,FALSE,TRUE,0.206699624657631,"singlet",TRUE
"control_rep1_CTTGTTCCAAGGTACG-1","control_rep1","control",2891,1688,2.31753718436527,0.0345901072293324,3021,1739,TRUE,FALSE,FALSE,FALSE,FALSE,TRUE,0.0416394844651222,"singlet",TRUE
"control_rep1_CTTGTTCCAGCCTGCA-1","control_rep1","control",8692,3506,4.06120570639669,0.494707777266452,10800,4288,TRUE,FALSE,FALSE,FALSE,FALSE,TRUE,0.967803835868835,"doublet",FALSE
"control_rep1_CTTGTTCCAGGAACCA-1","control_rep1","control",3884,1958,2.03398558187436,0.154479917610711,4195,2036,TRUE,FALSE,FALSE,FALSE,FALSE,TRUE,0.194877341389656,"singlet",TRUE
"control_rep1_CTTTAGGCAATTAGGA-1","control_rep1","control",3817,1846,0.969347655226618,0.314383023316741,4037,1916,TRUE,FALSE,FALSE,FALSE,FALSE,TRUE,0.00474724732339382,"singlet",TRUE
"control_rep1_CTTTAGGCAGGCCTTG-1","control_rep1","control",5792,2859,4.12638121546961,0.293508287292818,6667,3071,TRUE,FALSE,FALSE,FALSE,FALSE,TRUE,0.98412436246872,"doublet",FALSE
"control_rep1_CTTTAGTTCATTGACA-1","control_rep1","control",1830,1261,3.44262295081967,0.327868852459016,2017,1325,TRUE,FALSE,FALSE,FALSE,FALSE,TRUE,0.000829620810691267,"singlet",TRUE
"control_rep1_CTTTAGTTCCCTCAGT-1","control_rep1","control",1898,1315,5.26870389884088,0.368809272918862,2189,1413,TRUE,FALSE,FALSE,FALSE,FALSE,TRUE,0.0025035107973963,"singlet",TRUE
"control_rep1_CTTTATGGTCACAGCG-1","control_rep1","control",3186,1876,1.4752040175769,0.596359070935342,22254,9716,TRUE,FALSE,FALSE,FALSE,FALSE,TRUE,0.0782058387994766,"singlet",TRUE
"control_rep1_CTTTCTTGTGCGCAAT-1","control_rep1","control",2134,1437,2.34301780693533,0.42174320524836,5644,3266,TRUE,FALSE,FALSE,FALSE,FALSE,TRUE,0.00175381207372993,"singlet",TRUE
"control_rep1_CTTTCTTGTTTCCTCC-1","control_rep1","control",1383,1001,2.02458423716558,0.0723065798987708,2908,1821,TRUE,FALSE,FALSE,FALSE,FALSE,TRUE,0.00146403058897704,"singlet",TRUE
"control_rep1_CTTTGGGAGCAGGCCT-1","control_rep1","control",3914,2190,3.88349514563107,0.383239652529382,4323,2279,TRUE,FALSE,FALSE,FALSE,FALSE,TRUE,0.0176094379276037,"singlet",TRUE
"control_rep1_CTTTGGGAGCCGGTAC-1","control_rep1","control",509,419,6.28683693516699,0.589390962671906,1094,728,FALSE,TRUE,FALSE,FALSE,FALSE,FALSE,NA,"not_tested_QC_fail",FALSE
"control_rep1_CTTTGGGAGCCTCTGT-1","control_rep1","control",3010,1959,1.52823920265781,0,16195,7701,TRUE,FALSE,FALSE,FALSE,FALSE,TRUE,0.00509772356599569,"singlet",TRUE
"control_rep1_CTTTGGGAGGGATGAC-1","control_rep1","control",2426,1399,1.89612530915087,0.494641384995878,2621,1463,TRUE,FALSE,FALSE,FALSE,FALSE,TRUE,0.0565341711044312,"singlet",TRUE
"control_rep1_CTTTGGGAGTGAACGA-1","control_rep1","control",11406,4805,1.35893389444152,0.175346308960196,27108,11470,TRUE,FALSE,FALSE,FALSE,FALSE,TRUE,0.995053708553314,"doublet",FALSE
"control_rep1_GAAACCCGTGATTACG-1","control_rep1","control",2888,1923,3.84349030470914,0.138504155124654,13440,6813,TRUE,FALSE,FALSE,FALSE,FALSE,TRUE,0.69526070356369,"singlet",TRUE
"control_rep1_GAAACTGAGGACTTAC-1","control_rep1","control",4535,2087,1.58765159867696,0.264608599779493,4785,2165,TRUE,FALSE,FALSE,FALSE,FALSE,TRUE,0.150837913155556,"singlet",TRUE
"control_rep1_GAAAGCCAGACAAAGT-1","control_rep1","control",4533,2114,1.34568718288109,0.28678579307302,4621,2148,TRUE,FALSE,FALSE,FALSE,FALSE,TRUE,0.152771338820457,"singlet",TRUE
"control_rep1_GAAAGCCAGTATTGCA-1","control_rep1","control",2317,1428,0.690548122572292,0.0863185153215365,10126,5194,TRUE,FALSE,FALSE,FALSE,FALSE,TRUE,0.00259574525989592,"singlet",TRUE
"control_rep1_GAAAGGCTCTTGACCC-1","control_rep1","control",1550,1127,2.64516129032258,0.0645161290322581,16265,7259,TRUE,FALSE,FALSE,FALSE,FALSE,TRUE,0.000541361048817635,"singlet",TRUE
"control_rep1_GAAAGGCTCTTTAGGA-1","control_rep1","control",2012,1401,2.33598409542744,0.646123260437376,6840,3775,TRUE,FALSE,FALSE,FALSE,FALSE,TRUE,0.0040355259552598,"singlet",TRUE
"control_rep1_GAACACAAGGCGTAAA-1","control_rep1","control",676,568,2.66272189349112,0.29585798816568,937,702,FALSE,FALSE,FALSE,FALSE,FALSE,TRUE,0.00244109705090523,"singlet",TRUE
"control_rep1_GAACCAGCAAGGTCCT-1","control_rep1","control",3767,2099,1.56623307671887,0.185824263339527,25601,10583,TRUE,FALSE,FALSE,FALSE,FALSE,TRUE,0.00311924470588565,"singlet",TRUE
"control_rep1_GAACCAGCAATTGAAG-1","control_rep1","control",3271,1532,5.04432895139101,0.244573524915928,3472,1599,TRUE,FALSE,FALSE,FALSE,FALSE,TRUE,0.00686614774167538,"singlet",TRUE
"control_rep1_GAACCAGCACTAAGTT-1","control_rep1","control",2467,1586,1.21605188488042,0.243210376976084,5089,2897,TRUE,FALSE,FALSE,FALSE,FALSE,TRUE,0.0251386631280184,"singlet",TRUE
"control_rep1_GAACCAGCACTTAACG-1","control_rep1","control",29315,5321,0.910796520552618,0.276309056796862,34244,7408,TRUE,FALSE,FALSE,FALSE,FALSE,TRUE,0.00423353305086493,"singlet",TRUE
"control_rep1_GAACCAGCAGTAGGTG-1","control_rep1","control",5143,2371,2.21660509430294,0.058331713007972,5408,2441,TRUE,FALSE,FALSE,FALSE,FALSE,TRUE,0.0816213339567184,"singlet",TRUE
"control_rep1_GAACCAGCAGTGAACG-1","control_rep1","control",8580,3303,3.27505827505827,0.407925407925408,8922,3385,TRUE,FALSE,FALSE,FALSE,FALSE,TRUE,0.948331415653229,"doublet",FALSE
"control_rep1_GAACCGCTCCCTTGCG-1","control_rep1","control",5265,2806,5.45109211775878,0.341880341880342,5711,2922,TRUE,FALSE,FALSE,FALSE,FALSE,TRUE,0.332721561193466,"singlet",TRUE
"control_rep1_GAACCTTAGTCACTAA-1","control_rep1","control",1686,1241,1.18623962040332,0.118623962040332,3874,2347,TRUE,FALSE,FALSE,FALSE,FALSE,TRUE,0.00464147794991732,"singlet",TRUE
"control_rep1_GAACTTATCATGCATA-1","control_rep1","control",4370,2271,0.549199084668192,0.160183066361556,30613,11873,TRUE,FALSE,FALSE,FALSE,FALSE,TRUE,0.021210627630353,"singlet",TRUE
"control_rep1_GAACTTATCCCAGTAG-1","control_rep1","control",2243,1541,5.0824788230049,0.133749442710655,9999,5293,TRUE,FALSE,FALSE,FALSE,FALSE,TRUE,0.0124043058604002,"singlet",TRUE
"control_rep1_GAACTTATCCTCACAC-1","control_rep1","control",4279,2136,1.07501752745969,0.0934797849964945,16017,7507,TRUE,FALSE,FALSE,FALSE,FALSE,TRUE,0.00322546157985926,"singlet",TRUE
"control_rep1_GAAGCTAAGTCTCACC-1","control_rep1","control",7581,2961,4.60361429890516,0.118717847249703,7814,3035,TRUE,FALSE,FALSE,FALSE,FALSE,TRUE,0.0155338514596224,"singlet",TRUE
"control_rep1_GAAGCTAAGTTTCCTG-1","control_rep1","control",949,705,9.48366701791359,1.58061116965227,1355,804,TRUE,FALSE,FALSE,FALSE,FALSE,TRUE,0.00211119325831532,"singlet",TRUE
"control_rep1_GAAGGAACAACATAAG-1","control_rep1","control",4620,2030,0.974025974025974,0.194805194805195,4811,2097,TRUE,FALSE,FALSE,FALSE,FALSE,TRUE,0.246459558606148,"singlet",TRUE
"control_rep1_GAAGGAACAGCCAGAA-1","control_rep1","control",6503,3236,2.0759649392588,0.138397662617254,15569,7413,TRUE,FALSE,FALSE,FALSE,FALSE,TRUE,0.888707220554352,"doublet",FALSE
"control_rep1_GAAGGATGTGACCTGG-1","control_rep1","control",2187,1445,1.37174211248285,0,18165,8213,TRUE,FALSE,FALSE,FALSE,FALSE,TRUE,0.000522306945640594,"singlet",TRUE
"control_rep1_GAAGGCTAGTCACCAG-1","control_rep1","control",5772,2551,1.71517671517672,0.623700623700624,17500,7573,TRUE,FALSE,FALSE,FALSE,FALSE,TRUE,0.0106927696615458,"singlet",TRUE
"control_rep1_GAAGTAAGTTAGCCAA-1","control_rep1","control",1893,1138,10.459587955626,1.53195985208663,3217,1258,TRUE,FALSE,FALSE,FALSE,TRUE,FALSE,NA,"not_tested_QC_fail",FALSE
"control_rep1_GAAGTATAGGTCCAAT-1","control_rep1","control",4433,2159,2.90999323257388,0.112790435371081,6216,3076,TRUE,FALSE,FALSE,FALSE,FALSE,TRUE,0.0251019280403852,"singlet",TRUE
"control_rep1_GAAGTGATCCCTCAGT-1","control_rep1","control",3215,1852,1.80404354587869,0.186625194401244,3346,1903,TRUE,FALSE,FALSE,FALSE,FALSE,TRUE,0.0642980486154556,"singlet",TRUE
"control_rep1_GAAGTGATCCGCCTAT-1","control_rep1","control",1840,1333,4.83695652173913,0.434782608695652,7755,4260,TRUE,FALSE,FALSE,FALSE,FALSE,TRUE,0.00122360663954169,"singlet",TRUE
"control_rep1_GAAGTGATCTTAGTCT-1","control_rep1","control",1187,937,1.76916596461668,0.4212299915754,2991,1898,TRUE,FALSE,FALSE,FALSE,FALSE,TRUE,0.00202027498744428,"singlet",TRUE
"control_rep1_GAAGTGATCTTGAGGT-1","control_rep1","control",1551,1078,2.90135396518375,0.386847195357834,1842,1155,TRUE,FALSE,FALSE,FALSE,FALSE,TRUE,0.00211807154119015,"singlet",TRUE
"control_rep1_GAATTTGTCATGCGTG-1","control_rep1","control",3572,1956,2.21164613661814,0.0279955207166853,3783,2025,TRUE,FALSE,FALSE,FALSE,FALSE,TRUE,0.215075179934502,"singlet",TRUE
"control_rep1_GAATTTGTCTAAATCG-1","control_rep1","control",5993,2606,2.73652594693809,0.200233605873519,6290,2686,TRUE,FALSE,FALSE,FALSE,FALSE,TRUE,0.266569137573242,"singlet",TRUE
"control_rep1_GACAATACACAACAGG-1","control_rep1","control",3791,2044,2.55869163809021,0.316539171722501,3929,2093,TRUE,FALSE,FALSE,FALSE,FALSE,TRUE,0.276316463947296,"singlet",TRUE
"control_rep1_GACACCGGTCTAGCTT-1","control_rep1","control",12336,4512,5.26913099870298,0.235084306095979,12550,4591,TRUE,FALSE,FALSE,FALSE,FALSE,TRUE,0.989437341690063,"doublet",FALSE
"control_rep1_GACACCGGTGCGCGTA-1","control_rep1","control",2635,1593,4.55407969639469,0.493358633776091,2848,1653,TRUE,FALSE,FALSE,FALSE,FALSE,TRUE,0.196405917406082,"singlet",TRUE
"control_rep1_GACATTATCATTAGCA-1","control_rep1","control",1091,785,4.85792850595784,0,1384,861,TRUE,FALSE,FALSE,FALSE,FALSE,TRUE,0.00176046637352556,"singlet",TRUE
"control_rep1_GACCGAACAAGGTATA-1","control_rep1","control",1072,788,9.32835820895522,0,1287,863,TRUE,FALSE,FALSE,FALSE,FALSE,TRUE,0.000751066545490175,"singlet",TRUE
"control_rep1_GACCGAACACAAAGAC-1","control_rep1","control",6531,2886,2.29673863114378,0.260297044862961,15002,6522,TRUE,FALSE,FALSE,FALSE,FALSE,TRUE,0.0866042822599411,"singlet",TRUE
"control_rep1_GACCGAACACAATGTT-1","control_rep1","control",2763,1460,4.37929786463988,0.180962721679334,2974,1529,TRUE,FALSE,FALSE,FALSE,FALSE,TRUE,0.0169000681489706,"singlet",TRUE
"control_rep1_GACCGAACACCATATG-1","control_rep1","control",8096,3187,5.15069169960474,0.024703557312253,8829,3299,TRUE,FALSE,FALSE,FALSE,FALSE,TRUE,0.292450487613678,"singlet",TRUE
"control_rep1_GACCGAACACCCACCT-1","control_rep1","control",1792,1296,4.6875,0.948660714285714,3892,2354,TRUE,FALSE,FALSE,FALSE,FALSE,TRUE,0.00337541243061423,"singlet",TRUE
"control_rep1_GACCGAACATAATTGC-1","control_rep1","control",5459,2363,2.19820479941381,0.164865359956036,5722,2433,TRUE,FALSE,FALSE,FALSE,FALSE,TRUE,0.231846883893013,"singlet",TRUE
"control_rep1_GACCGTTCAGGTCCTG-1","control_rep1","control",2560,1595,1.8359375,0.2734375,4084,2402,TRUE,FALSE,FALSE,FALSE,FALSE,TRUE,0.0036961929872632,"singlet",TRUE
"control_rep1_GACCTAAGTAATAGCT-1","control_rep1","control",10575,3936,2.63829787234043,0.104018912529551,11705,4440,TRUE,FALSE,FALSE,FALSE,FALSE,TRUE,0.0175556931644678,"singlet",TRUE
"control_rep1_GACCTAAGTCCGGTTC-1","control_rep1","control",857,671,4.08401400233372,0.350058343057176,2021,1263,TRUE,FALSE,FALSE,FALSE,FALSE,TRUE,0.00108573492616415,"singlet",TRUE
"control_rep1_GACCTAGTCCACCTTA-1","control_rep1","control",6602,2668,3.42320508936686,0.0605877006967586,6774,2721,TRUE,FALSE,FALSE,FALSE,FALSE,TRUE,0.0167741924524307,"singlet",TRUE
"control_rep1_GACCTAGTCCTAAATG-1","control_rep1","control",2068,1334,1.40232108317215,0.0483558994197292,11272,5615,TRUE,FALSE,FALSE,FALSE,FALSE,TRUE,0.00117067946121097,"singlet",TRUE
"control_rep1_GACCTCAAGCTTATGA-1","control_rep1","control",1258,956,4.76947535771065,0.158982511923688,7682,4086,TRUE,FALSE,FALSE,FALSE,FALSE,TRUE,0.00201569800265133,"singlet",TRUE
"control_rep1_GACCTGATCAGGAACA-1","control_rep1","control",2691,1720,1.70940170940171,0.111482720178372,4744,2775,TRUE,FALSE,FALSE,FALSE,FALSE,TRUE,0.0660422071814537,"singlet",TRUE
"control_rep1_GACCTGATCATAACCA-1","control_rep1","control",3058,1604,1.63505559189012,0.13080444735121,3205,1650,TRUE,FALSE,FALSE,FALSE,FALSE,TRUE,0.00161018187645823,"singlet",TRUE
"control_rep1_GACCTGATCCCTCTAA-1","control_rep1","control",5759,2424,3.85483590901198,0.746657405799618,6835,2545,TRUE,FALSE,FALSE,FALSE,FALSE,TRUE,0.0457937531173229,"singlet",TRUE
"control_rep1_GACCTGATCCTCGATC-1","control_rep1","control",6587,2967,2.62638530438743,0.136632761499924,17692,8042,TRUE,FALSE,FALSE,FALSE,FALSE,TRUE,0.00876869540661573,"singlet",TRUE
"control_rep1_GACCTGCAGACTCGCA-1","control_rep1","control",4007,1932,3.19440978287996,0.149737958572498,4130,1977,TRUE,FALSE,FALSE,FALSE,FALSE,TRUE,0.0481272675096989,"singlet",TRUE
"control_rep1_GACCTGCAGGACTTAC-1","control_rep1","control",6085,2848,2.44864420706656,0.230073952341824,6745,3164,TRUE,FALSE,FALSE,FALSE,FALSE,TRUE,0.00717213749885559,"singlet",TRUE
"control_rep1_GACCTGCAGTCACCAG-1","control_rep1","control",4631,1928,0.798963506801987,0.215936082919456,4748,1982,TRUE,FALSE,FALSE,FALSE,FALSE,TRUE,0.00195097434334457,"singlet",TRUE
"control_rep1_GACGCAACAACTAACT-1","control_rep1","control",9721,3154,1.70764324657957,0.164592120152248,10379,3258,TRUE,FALSE,FALSE,FALSE,FALSE,TRUE,0.17477448284626,"singlet",TRUE
"control_rep1_GACGCAACAGTACCGT-1","control_rep1","control",3709,2153,4.31383122135346,0.0269614451334592,17891,8135,TRUE,FALSE,FALSE,FALSE,FALSE,TRUE,0.00435214256867766,"singlet",TRUE
"control_rep1_GACGCCTAGGACAACA-1","control_rep1","control",15658,4344,2.86754374760506,0.53008047004726,16777,4470,TRUE,FALSE,FALSE,FALSE,FALSE,TRUE,0.513044953346252,"singlet",TRUE
"control_rep1_GACGTAAAGAAAGGAA-1","control_rep1","control",1518,1088,3.95256916996047,0.197628458498024,1686,1144,TRUE,FALSE,FALSE,FALSE,FALSE,TRUE,0.00169683597050607,"singlet",TRUE
"control_rep1_GACGTAAAGCTTATGA-1","control_rep1","control",2054,1413,3.99221032132425,0.438169425511198,5465,3173,TRUE,FALSE,FALSE,FALSE,FALSE,TRUE,0.00467752711847425,"singlet",TRUE
"control_rep1_GACGTAAAGGTAACGA-1","control_rep1","control",4826,2143,3.68835474513054,0.290095317032739,4977,2195,TRUE,FALSE,FALSE,FALSE,FALSE,TRUE,0.0165956374257803,"singlet",TRUE
"control_rep1_GACGTAAAGTAAACCC-1","control_rep1","control",5856,2566,1.26366120218579,0.239071038251366,6005,2617,TRUE,FALSE,FALSE,FALSE,FALSE,TRUE,0.197314649820328,"singlet",TRUE
"control_rep1_GACTAATGTCAAAGGG-1","control_rep1","control",3115,1964,1.669341894061,0.28892455858748,3291,2027,TRUE,FALSE,FALSE,FALSE,FALSE,TRUE,0.629106223583221,"singlet",TRUE
"control_rep1_GACTCACCAATTGACT-1","control_rep1","control",32297,6408,2.00018577576865,0.161005666160944,33788,6823,TRUE,FALSE,FALSE,FALSE,FALSE,TRUE,0.0184994153678417,"singlet",TRUE
"control_rep1_GACTCACCATAGACTT-1","control_rep1","control",4147,2077,2.84543043163733,0.241138172172655,4328,2137,TRUE,FALSE,FALSE,FALSE,FALSE,TRUE,0.27458655834198,"singlet",TRUE
"control_rep1_GACTCACCATGGCCTG-1","control_rep1","control",8322,3114,8.07498197548666,0.348473924537371,11945,4014,TRUE,FALSE,FALSE,FALSE,FALSE,TRUE,0.0355772525072098,"singlet",TRUE
"control_rep1_GACTTAGGTGGGAACA-1","control_rep1","control",1752,1321,2.85388127853881,0.684931506849315,2270,1580,TRUE,FALSE,FALSE,FALSE,FALSE,TRUE,0.00901390984654427,"singlet",TRUE
"control_rep1_GACTTGGTCACGCCAA-1","control_rep1","control",6374,3174,2.30624411672419,0.0627549419516787,9666,4744,TRUE,FALSE,FALSE,FALSE,FALSE,TRUE,0.400380492210388,"singlet",TRUE
"control_rep1_GACTTGGTCGTTAAGC-1","control_rep1","control",4580,2434,4.47598253275109,0.305676855895196,5466,2785,TRUE,FALSE,FALSE,FALSE,FALSE,TRUE,0.321515381336212,"singlet",TRUE
"control_rep1_GAGAGGCGTAACCTAG-1","control_rep1","control",18272,4727,1.54334500875657,0.262697022767075,19317,4847,TRUE,FALSE,FALSE,FALSE,FALSE,TRUE,0.154440611600876,"singlet",TRUE
"control_rep1_GAGAGGCGTACAATGT-1","control_rep1","control",1739,1215,1.03507763082231,0.115008625646924,9355,4943,TRUE,FALSE,FALSE,FALSE,FALSE,TRUE,0.000566747388802469,"singlet",TRUE
"control_rep1_GAGAGGCGTGATGAGG-1","control_rep1","control",1662,1159,4.9338146811071,0.120336943441637,1835,1222,TRUE,FALSE,FALSE,FALSE,FALSE,TRUE,0.00121765851508826,"singlet",TRUE
"control_rep1_GAGAGGCGTTTCGCCA-1","control_rep1","control",3451,1875,1.33294697189221,0.115908432338453,4351,2364,TRUE,FALSE,FALSE,FALSE,FALSE,TRUE,0.00542210694402456,"singlet",TRUE
"control_rep1_GAGATAAGTGTGTCCC-1","control_rep1","control",18770,5230,1.1933937133724,0.111880660628663,25586,8207,TRUE,FALSE,FALSE,FALSE,FALSE,TRUE,0.268912225961685,"singlet",TRUE
"control_rep1_GAGCAAATCACAGCGC-1","control_rep1","control",2234,1588,1.34288272157565,0.044762757385855,10433,5520,TRUE,FALSE,FALSE,FALSE,FALSE,TRUE,0.242182612419128,"singlet",TRUE
"control_rep1_GAGCAAATCGGGACTC-1","control_rep1","control",3016,1887,1.657824933687,0.0994694960212202,3441,2109,TRUE,FALSE,FALSE,FALSE,FALSE,TRUE,0.183538183569908,"singlet",TRUE
"control_rep1_GAGCAAATCGTAACGT-1","control_rep1","control",2031,1414,2.75726243229936,0.393894633185623,6500,3704,TRUE,FALSE,FALSE,FALSE,FALSE,TRUE,0.00162901496514678,"singlet",TRUE
"control_rep1_GAGCAAGGTTGTGATG-1","control_rep1","control",1102,845,5.53539019963702,1.99637023593466,1274,932,TRUE,FALSE,FALSE,FALSE,FALSE,TRUE,0.00163653283379972,"singlet",TRUE
"control_rep1_GAGCATGCAAGCTACC-1","control_rep1","control",5602,2561,1.60656908247055,0.267761513745091,5743,2609,TRUE,FALSE,FALSE,FALSE,FALSE,TRUE,0.0138363912701607,"singlet",TRUE
"control_rep1_GAGCCACTCATTGCAA-1","control_rep1","control",1998,1370,6.35635635635636,0.05005005005005,9145,4766,TRUE,FALSE,FALSE,FALSE,FALSE,TRUE,0.0585313998162746,"singlet",TRUE
"control_rep1_GAGCCACTCTAATCCT-1","control_rep1","control",2887,1824,2.32074818150329,0.415656390717007,6064,3464,TRUE,FALSE,FALSE,FALSE,FALSE,TRUE,0.0932037308812141,"singlet",TRUE
"control_rep1_GAGCCTTCAAATATCC-1","control_rep1","control",2387,1567,4.10557184750733,0.460829493087558,6386,3278,TRUE,FALSE,FALSE,FALSE,FALSE,TRUE,0.0065571847371757,"singlet",TRUE
"control_rep1_GAGCGAAGTGTTTGCT-1","control_rep1","control",4158,2256,4.64165464165464,0.192400192400192,4409,2328,TRUE,FALSE,FALSE,FALSE,FALSE,TRUE,0.322715193033218,"singlet",TRUE
"control_rep1_GAGCGGTCAGCCTAAC-1","control_rep1","control",5213,2087,1.24688279301746,0.249376558603491,5348,2131,TRUE,FALSE,FALSE,FALSE,FALSE,TRUE,0.00310491141863167,"singlet",TRUE
"control_rep1_GAGCGGTCAGCGCTTG-1","control_rep1","control",2509,1527,3.18852132323635,0.0797130330809087,8093,4300,TRUE,FALSE,FALSE,FALSE,FALSE,TRUE,0.0053088953718543,"singlet",TRUE
"control_rep1_GAGCTAGCAAAGCTAA-1","control_rep1","control",3173,1822,1.60731169240466,0.0630318310746927,14308,6850,TRUE,FALSE,FALSE,FALSE,FALSE,TRUE,0.00382634229026735,"singlet",TRUE
"control_rep1_GAGCTGCTCCTAGTTT-1","control_rep1","control",3597,2072,1.72365860439255,0.444815123714206,11399,5883,TRUE,FALSE,FALSE,FALSE,FALSE,TRUE,0.0361982136964798,"singlet",TRUE
"control_rep1_GAGCTTGTCTAAATCG-1","control_rep1","control",1203,894,1.08063175394846,0.0831255195344971,3610,2165,TRUE,FALSE,FALSE,FALSE,FALSE,TRUE,0.00139101024251431,"singlet",TRUE
"control_rep1_GAGGACTAGACTTACA-1","control_rep1","control",7701,3367,2.10362290611609,0.337618491105051,10359,4646,TRUE,FALSE,FALSE,FALSE,FALSE,TRUE,0.0827236995100975,"singlet",TRUE
"control_rep1_GAGGACTAGTAACTCA-1","control_rep1","control",2915,1593,2.71012006861063,0.240137221269297,3196,1673,TRUE,FALSE,FALSE,FALSE,FALSE,TRUE,0.00597219169139862,"singlet",TRUE
"control_rep1_GAGGACTAGTAGCCAT-1","control_rep1","control",20825,5874,1.62304921968788,0.206482593037215,29908,9782,TRUE,FALSE,FALSE,FALSE,FALSE,TRUE,0.596244275569916,"singlet",TRUE
"control_rep1_GAGGAGGCAAATTCGT-1","control_rep1","control",2974,1840,3.16072629455279,0.437121721587088,3132,1907,TRUE,FALSE,FALSE,FALSE,FALSE,TRUE,0.136581897735596,"singlet",TRUE
"control_rep1_GAGGAGGCAAGGGTTG-1","control_rep1","control",3924,1950,1.12130479102956,0.0764525993883792,4053,2000,TRUE,FALSE,FALSE,FALSE,FALSE,TRUE,0.0761481449007988,"singlet",TRUE
"control_rep1_GAGGCAAGTGAGACTC-1","control_rep1","control",2505,1441,0.63872255489022,0.239520958083832,2711,1552,TRUE,FALSE,FALSE,FALSE,FALSE,TRUE,0.00195018528029323,"singlet",TRUE
"control_rep1_GAGGCAAGTGAGCAAG-1","control_rep1","control",3172,1890,0.94577553593947,0.094577553593947,9891,5168,TRUE,FALSE,FALSE,FALSE,FALSE,TRUE,0.00173323007766157,"singlet",TRUE
"control_rep1_GAGGCAAGTGCTCACC-1","control_rep1","control",2311,1500,3.15880571181307,0.475984422327997,2464,1550,TRUE,FALSE,FALSE,FALSE,FALSE,TRUE,0.0442258827388287,"singlet",TRUE
"control_rep1_GAGGCCTTCAGCAAAG-1","control_rep1","control",2733,1561,1.79290157336261,0.0365898280278083,16867,7682,TRUE,FALSE,FALSE,FALSE,FALSE,TRUE,0.00197071442380548,"singlet",TRUE
"control_rep1_GAGGCCTTCCTGGTCT-1","control_rep1","control",12997,3974,1.89274447949527,0.276986996999308,13558,4095,TRUE,FALSE,FALSE,FALSE,FALSE,TRUE,0.439528167247772,"singlet",TRUE
"control_rep1_GAGGCCTTCGTAATCA-1","control_rep1","control",6090,2915,2.98850574712644,0.180623973727422,6252,2973,TRUE,FALSE,FALSE,FALSE,FALSE,TRUE,0.619260609149933,"singlet",TRUE
"control_rep1_GAGGCTACAAACAACA-1","control_rep1","control",10422,4451,3.713298791019,0.297447706774132,14767,6656,TRUE,FALSE,FALSE,FALSE,FALSE,TRUE,0.992067694664001,"doublet",FALSE
"control_rep1_GAGGCTACACCAGCAT-1","control_rep1","control",980,786,3.77551020408163,0.102040816326531,5204,2898,TRUE,FALSE,FALSE,FALSE,FALSE,TRUE,0.0045800362713635,"singlet",TRUE
"control_rep1_GAGGCTACAGGCTTCG-1","control_rep1","control",4541,2565,1.93789914115834,0.132129486897159,5600,3095,TRUE,FALSE,FALSE,FALSE,FALSE,TRUE,0.227732956409454,"singlet",TRUE
"control_rep1_GAGGCTTGTACCCACC-1","control_rep1","control",12301,3847,2.65832046175108,0.113811885212584,12966,3952,TRUE,FALSE,FALSE,FALSE,FALSE,TRUE,0.103180013597012,"singlet",TRUE
"control_rep1_GAGGCTTGTACCGAAC-1","control_rep1","control",2490,1686,0.883534136546185,0.0401606425702811,8196,4574,TRUE,FALSE,FALSE,FALSE,FALSE,TRUE,0.015453371219337,"singlet",TRUE
"control_rep1_GAGGCTTGTAGGTTTG-1","control_rep1","control",3183,1945,1.06817467797675,0.219918316054037,15698,7595,TRUE,FALSE,FALSE,FALSE,FALSE,TRUE,0.0890901014208794,"singlet",TRUE
"control_rep1_GAGGGAGCAATCCCTT-1","control_rep1","control",4192,2008,1.12118320610687,0.190839694656489,4285,2048,TRUE,FALSE,FALSE,FALSE,FALSE,TRUE,0.171020343899727,"singlet",TRUE
"control_rep1_GAGGTACAGATGGACA-1","control_rep1","control",1270,900,1.10236220472441,0,2149,1390,TRUE,FALSE,FALSE,FALSE,FALSE,TRUE,0.00186475133523345,"singlet",TRUE
"control_rep1_GAGGTACAGGGCTTTG-1","control_rep1","control",7912,2964,1.82002022244692,0.0631951466127401,8315,3053,TRUE,FALSE,FALSE,FALSE,FALSE,TRUE,0.0250271260738373,"singlet",TRUE
"control_rep1_GAGGTACAGTAACAGG-1","control_rep1","control",8004,3103,1.83658170914543,0.124937531234383,8205,3167,TRUE,FALSE,FALSE,FALSE,FALSE,TRUE,0.978038609027863,"doublet",FALSE
"control_rep1_GAGGTAGGTTAACGGC-1","control_rep1","control",6644,2794,2.09211318482842,0.722456351595424,11222,4728,TRUE,FALSE,FALSE,FALSE,FALSE,TRUE,0.00532172294333577,"singlet",TRUE
"control_rep1_GAGGTTAAGGAACGGT-1","control_rep1","control",5790,2792,2.41796200345423,0.120898100172712,6725,3216,TRUE,FALSE,FALSE,FALSE,FALSE,TRUE,0.673096776008606,"singlet",TRUE
"control_rep1_GAGTAACCACGTAATT-1","control_rep1","control",16385,4327,1.94079951174855,0.0549282880683552,17055,4428,TRUE,FALSE,FALSE,FALSE,FALSE,TRUE,0.0581726133823395,"singlet",TRUE
"control_rep1_GAGTAACCATTTAAGC-1","control_rep1","control",3594,1842,2.00333889816361,0.417362270450751,4113,2024,TRUE,FALSE,FALSE,FALSE,FALSE,TRUE,0.00524361990392208,"singlet",TRUE
"control_rep1_GAGTAATAGCATGAAG-1","control_rep1","control",1317,1011,1.97418375094913,0,16854,7097,TRUE,FALSE,FALSE,FALSE,FALSE,TRUE,0.00245755817741156,"singlet",TRUE
"control_rep1_GAGTAATAGGCTGGCT-1","control_rep1","control",1592,1070,8.2286432160804,0.816582914572864,1987,1160,TRUE,FALSE,FALSE,FALSE,FALSE,TRUE,0.00346685177646577,"singlet",TRUE
"control_rep1_GAGTATCTCACTCAAA-1","control_rep1","control",2145,1338,1.11888111888112,0.326340326340326,14033,6666,TRUE,FALSE,FALSE,FALSE,FALSE,TRUE,0.00116460165008903,"singlet",TRUE
"control_rep1_GAGTATCTCCCAGTAG-1","control_rep1","control",3659,2166,3.79885214539492,0.191309100847226,8662,4716,TRUE,FALSE,FALSE,FALSE,FALSE,TRUE,0.604922235012054,"singlet",TRUE
"control_rep1_GAGTCAAAGCTTAGTA-1","control_rep1","control",5507,2461,1.14399854730343,0.236063192300708,5631,2509,TRUE,FALSE,FALSE,FALSE,FALSE,TRUE,0.0105761056765914,"singlet",TRUE
"control_rep1_GAGTCAAAGGCTGTCA-1","control_rep1","control",2541,1611,3.46320346320346,0.0787091696182605,2721,1685,TRUE,FALSE,FALSE,FALSE,FALSE,TRUE,0.00383472885005176,"singlet",TRUE
"control_rep1_GAGTCAAAGTCAGTAC-1","control_rep1","control",3852,1924,3.06334371754932,0.389408099688474,4384,2048,TRUE,FALSE,FALSE,FALSE,FALSE,TRUE,0.00346850603818893,"singlet",TRUE
"control_rep1_GAGTCAAAGTTTAACG-1","control_rep1","control",5034,2636,2.14541120381406,0.337703615415177,8053,4168,TRUE,FALSE,FALSE,FALSE,FALSE,TRUE,0.311572343111038,"singlet",TRUE
"control_rep1_GAGTCATTCTTTGAGA-1","control_rep1","control",13239,4440,1.3218521036332,0.203942895989123,28069,10674,TRUE,FALSE,FALSE,FALSE,FALSE,TRUE,0.992847681045532,"doublet",FALSE
"control_rep1_GAGTGAGGTATACTGG-1","control_rep1","control",3455,1899,0.492040520984081,0.173661360347323,17839,8084,TRUE,FALSE,FALSE,FALSE,FALSE,TRUE,0.00783306173980236,"singlet",TRUE
"control_rep1_GAGTGAGGTGAGAAAC-1","control_rep1","control",32364,5806,0.457298232604128,0.114324558151032,32813,5956,TRUE,FALSE,FALSE,FALSE,FALSE,TRUE,0.0104161165654659,"singlet",TRUE
"control_rep1_GAGTGAGGTGCGCGTA-1","control_rep1","control",4424,2220,1.49186256781193,0.27124773960217,5953,2957,TRUE,FALSE,FALSE,FALSE,FALSE,TRUE,0.0268059298396111,"singlet",TRUE
"control_rep1_GAGTGATCAATGAAGC-1","control_rep1","control",20027,5627,1.71768113047386,0.334548359714386,20552,5730,TRUE,FALSE,FALSE,FALSE,FALSE,TRUE,0.993916571140289,"doublet",FALSE
"control_rep1_GAGTGATCAGCCTGCA-1","control_rep1","control",84408,9734,1.06269547910151,0.104255520803715,112167,19238,FALSE,FALSE,FALSE,FALSE,FALSE,TRUE,0.147862255573273,"singlet",TRUE
"control_rep1_GAGTGATCATCCGTAA-1","control_rep1","control",2038,1300,0.932286555446516,0.14720314033366,5713,3207,TRUE,FALSE,FALSE,FALSE,FALSE,TRUE,0.00188223249278963,"singlet",TRUE
"control_rep1_GAGTGTTTCAAGCTAC-1","control_rep1","control",4279,2115,1.1918672587053,0.280439354989484,4415,2166,TRUE,FALSE,FALSE,FALSE,FALSE,TRUE,0.00229080603457987,"singlet",TRUE
"control_rep1_GAGTGTTTCAATGTCA-1","control_rep1","control",1451,965,12.1295658166782,0.137835975189524,1786,1048,TRUE,FALSE,FALSE,FALSE,TRUE,FALSE,NA,"not_tested_QC_fail",FALSE
"control_rep1_GAGTGTTTCGGGACTC-1","control_rep1","control",3220,1900,1.39751552795031,0.062111801242236,8774,4710,TRUE,FALSE,FALSE,FALSE,FALSE,TRUE,0.547059655189514,"singlet",TRUE
"control_rep1_GAGTGTTTCTCAATTC-1","control_rep1","control",4906,2223,0.815328169588259,0.0611496127191194,5018,2270,TRUE,FALSE,FALSE,FALSE,FALSE,TRUE,0.0189324989914894,"singlet",TRUE
"control_rep1_GAGTTACTCACAGACT-1","control_rep1","control",4459,2140,2.42206772819018,0.179412424310383,4724,2219,TRUE,FALSE,FALSE,FALSE,FALSE,TRUE,0.324666678905487,"singlet",TRUE
"control_rep1_GAGTTACTCCTCATCA-1","control_rep1","control",4767,2318,2.76903713027061,0.356618418292427,5082,2406,TRUE,FALSE,FALSE,FALSE,FALSE,TRUE,0.00543837249279022,"singlet",TRUE
"control_rep1_GAGTTACTCGCACACA-1","control_rep1","control",3691,1963,2.87185044703332,0.0270929287455974,16428,7607,TRUE,FALSE,FALSE,FALSE,FALSE,TRUE,0.00563144218176603,"singlet",TRUE
"control_rep1_GAGTTACTCGGCCATA-1","control_rep1","control",2012,1334,2.08747514910537,0.0497017892644135,11918,5754,TRUE,FALSE,FALSE,FALSE,FALSE,TRUE,0.00188285612966865,"singlet",TRUE
"control_rep1_GAGTTACTCTAATCTC-1","control_rep1","control",1807,1215,7.24958494742667,0.664084117321527,1962,1270,TRUE,FALSE,FALSE,FALSE,FALSE,TRUE,0.00523129012435675,"singlet",TRUE
"control_rep1_GAGTTTGGTCAGTAAT-1","control_rep1","control",9566,3434,2.16391386159314,0.250888563662973,10965,3913,TRUE,FALSE,FALSE,FALSE,FALSE,TRUE,0.0799052193760872,"singlet",TRUE
"control_rep1_GAGTTTGGTGTTTCAC-1","control_rep1","control",5510,2720,2.01451905626134,0.254083484573503,5714,2786,TRUE,FALSE,FALSE,FALSE,FALSE,TRUE,0.456655144691467,"singlet",TRUE
"control_rep1_GATAAAGGTTATGTGG-1","control_rep1","control",2302,1560,1.52041702867072,0.0434404865334492,18504,8080,TRUE,FALSE,FALSE,FALSE,FALSE,TRUE,0.214394986629486,"singlet",TRUE
"control_rep1_GATAACGAGGCAGGTG-1","control_rep1","control",2206,1305,1.94922937443336,0.362647325475975,2395,1366,TRUE,FALSE,FALSE,FALSE,FALSE,TRUE,0.00119112455286086,"singlet",TRUE
"control_rep1_GATAAGCCAACACTTG-1","control_rep1","control",4550,2381,3.18681318681319,0.373626373626374,4718,2439,TRUE,FALSE,FALSE,FALSE,FALSE,TRUE,0.00200513401068747,"singlet",TRUE
"control_rep1_GATAAGCCACAAACTT-1","control_rep1","control",3516,1717,1.27986348122867,0.142207053469852,3630,1758,TRUE,FALSE,FALSE,FALSE,FALSE,TRUE,0.00642692390829325,"singlet",TRUE
"control_rep1_GATAAGCCACCATATG-1","control_rep1","control",2772,1619,2.92207792207792,0.577200577200577,2936,1682,TRUE,FALSE,FALSE,FALSE,FALSE,TRUE,0.061492744833231,"singlet",TRUE
"control_rep1_GATAAGCCACGAACAG-1","control_rep1","control",9677,3928,3.68915986359409,0.217009403740829,25679,10665,TRUE,FALSE,FALSE,FALSE,FALSE,TRUE,0.976884543895721,"doublet",FALSE
"control_rep1_GATAATCGTGTTGCTT-1","control_rep1","control",2142,1331,5.32212885154062,0.373482726423903,2405,1398,TRUE,FALSE,FALSE,FALSE,FALSE,TRUE,0.00537082087248564,"singlet",TRUE
"control_rep1_GATAATCGTGTTTGTC-1","control_rep1","control",1909,1239,4.66212676794133,0.628601361969618,9712,5040,TRUE,FALSE,FALSE,FALSE,FALSE,TRUE,0.00115588051266968,"singlet",TRUE
"control_rep1_GATAATCGTTAAATGC-1","control_rep1","control",2938,1785,0.918992511912866,0.068073519400953,8681,4595,TRUE,FALSE,FALSE,FALSE,FALSE,TRUE,0.00104197440668941,"singlet",TRUE
"control_rep1_GATAATCGTTAGGTTG-1","control_rep1","control",3188,1984,1.78795483061481,0.376411543287327,6429,3658,TRUE,FALSE,FALSE,FALSE,FALSE,TRUE,0.0106276283040643,"singlet",TRUE
"control_rep1_GATAATCGTTCACCCA-1","control_rep1","control",1152,810,9.98263888888889,0.173611111111111,1598,902,TRUE,FALSE,FALSE,FALSE,FALSE,TRUE,0.00211119325831532,"singlet",TRUE
"control_rep1_GATCACTAGGCCAATT-1","control_rep1","control",4339,2033,1.47499423830376,0.230467849734962,4573,2109,TRUE,FALSE,FALSE,FALSE,FALSE,TRUE,0.0134709933772683,"singlet",TRUE
"control_rep1_GATCACTAGGTAAGCA-1","control_rep1","control",5855,2596,1.86165670367208,0.085397096498719,6022,2657,TRUE,FALSE,FALSE,FALSE,FALSE,TRUE,0.02260029502213,"singlet",TRUE
"control_rep1_GATCACTAGGTTAGAG-1","control_rep1","control",1456,1026,4.18956043956044,0.206043956043956,1607,1088,TRUE,FALSE,FALSE,FALSE,FALSE,TRUE,0.00173472973983735,"singlet",TRUE
"control_rep1_GATCAGGCAACCCTAA-1","control_rep1","control",4246,2426,2.1431935939708,0.565237870937353,9680,5150,TRUE,FALSE,FALSE,FALSE,FALSE,TRUE,0.546466648578644,"singlet",TRUE
"control_rep1_GATCAGGCAAGGTGCA-1","control_rep1","control",5722,2433,2.18455085634394,0.174764068507515,6335,2725,TRUE,FALSE,FALSE,FALSE,FALSE,TRUE,0.262824356555939,"singlet",TRUE
"control_rep1_GATCCGTCAACAACAA-1","control_rep1","control",2131,1305,3.42562177381511,0.1407789770061,2314,1363,TRUE,FALSE,FALSE,FALSE,FALSE,TRUE,0.00155563000589609,"singlet",TRUE
"control_rep1_GATCCGTCACCTGTAA-1","control_rep1","control",4552,2658,3.33919156414763,0.241652021089631,24219,10469,TRUE,FALSE,FALSE,FALSE,FALSE,TRUE,0.922810018062592,"doublet",FALSE
"control_rep1_GATCGATTCACAGCGC-1","control_rep1","control",2693,1533,4.64166357222429,0.371333085777943,3046,1605,TRUE,FALSE,FALSE,FALSE,FALSE,TRUE,0.0301550943404436,"singlet",TRUE
"control_rep1_GATCGATTCAGGTTTA-1","control_rep1","control",18057,4674,1.99368665891344,0.0443041479758542,18925,4789,TRUE,FALSE,FALSE,FALSE,FALSE,TRUE,0.0391063243150711,"singlet",TRUE
"control_rep1_GATCGATTCCTCCATA-1","control_rep1","control",4665,2639,5.4876741693462,0.60021436227224,5314,2834,TRUE,FALSE,FALSE,FALSE,FALSE,TRUE,0.477111011743546,"singlet",TRUE
"control_rep1_GATCGCTCAACATAAG-1","control_rep1","control",2043,1313,1.17474302496329,0.293685756240822,15686,7217,TRUE,FALSE,FALSE,FALSE,FALSE,TRUE,0.00122976140119135,"singlet",TRUE
"control_rep1_GATCGCTCAGCAATAA-1","control_rep1","control",8031,2942,1.54401693437928,0.149420993649608,8330,3035,TRUE,FALSE,FALSE,FALSE,FALSE,TRUE,0.390892654657364,"singlet",TRUE
"control_rep1_GATCGCTCATGTCAGC-1","control_rep1","control",6527,3140,6.25095756090087,0.689443848628773,10919,4891,TRUE,FALSE,FALSE,FALSE,FALSE,TRUE,0.031086478382349,"singlet",TRUE
"control_rep1_GATGACTTCAGGCTAT-1","control_rep1","control",3091,1671,1.87641539954707,0.29116790682627,3218,1719,TRUE,FALSE,FALSE,FALSE,FALSE,TRUE,0.109754920005798,"singlet",TRUE
"control_rep1_GATGACTTCAGGTTTA-1","control_rep1","control",2097,1384,5.24558893657606,0.906056270863138,2379,1488,TRUE,FALSE,FALSE,FALSE,FALSE,TRUE,0.00397264352068305,"singlet",TRUE
"control_rep1_GATGACTTCATCCTGC-1","control_rep1","control",2586,1643,6.61252900232019,0.116009280742459,11572,5872,TRUE,FALSE,FALSE,FALSE,FALSE,TRUE,0.00089602149091661,"singlet",TRUE
"control_rep1_GATGAGGGTCGACTAA-1","control_rep1","control",8008,3294,1.5984015984016,0.174825174825175,10943,4690,TRUE,FALSE,FALSE,FALSE,FALSE,TRUE,0.0224659945815802,"singlet",TRUE
"control_rep1_GATGAGGGTGAACAAA-1","control_rep1","control",6024,3044,3.08764940239044,0.149402390438247,12203,6078,TRUE,FALSE,FALSE,FALSE,FALSE,TRUE,0.793858349323273,"doublet",FALSE
"control_rep1_GATGCATTCGTTATAG-1","control_rep1","control",7074,2946,2.2759400621996,0.254452926208651,13401,5791,TRUE,FALSE,FALSE,FALSE,FALSE,TRUE,0.0723797157406807,"singlet",TRUE
"control_rep1_GATGCGACAAGGTCCT-1","control_rep1","control",1439,1042,1.87630298818624,0.138985406532314,1854,1258,TRUE,FALSE,FALSE,FALSE,FALSE,TRUE,0.00171391852200031,"singlet",TRUE
"control_rep1_GATGCGACAGTTATGT-1","control_rep1","control",1037,814,3.66441658630665,0.289296046287367,2117,1345,TRUE,FALSE,FALSE,FALSE,FALSE,TRUE,0.00146698846947402,"singlet",TRUE
"control_rep1_GATGGACAGAAAGCAT-1","control_rep1","control",4271,2231,1.77944275345352,0.398033247483025,4366,2275,TRUE,FALSE,FALSE,FALSE,FALSE,TRUE,0.149556070566177,"singlet",TRUE
"control_rep1_GATGGACAGGCGAAAC-1","control_rep1","control",7389,2652,2.6390580592773,0.0676681553660847,7719,2741,TRUE,FALSE,FALSE,FALSE,FALSE,TRUE,0.0683071687817574,"singlet",TRUE
"control_rep1_GATGGACAGGCGAATA-1","control_rep1","control",5687,2570,1.95181994021452,0,17818,8009,TRUE,FALSE,FALSE,FALSE,FALSE,TRUE,0.214046344161034,"singlet",TRUE
"control_rep1_GATGGACAGTTATGTG-1","control_rep1","control",6191,2669,4.03811985139719,0.403811985139719,6706,2767,TRUE,FALSE,FALSE,FALSE,FALSE,TRUE,0.290166914463043,"singlet",TRUE
"control_rep1_GATGGCTGTTGGGTTA-1","control_rep1","control",14416,4126,1.588512763596,0.208102108768036,14563,4178,TRUE,FALSE,FALSE,FALSE,FALSE,TRUE,0.11455100029707,"singlet",TRUE
"control_rep1_GATTAAGCAAATGCCC-1","control_rep1","control",1376,999,5.88662790697674,0.363372093023256,1682,1156,TRUE,FALSE,FALSE,FALSE,FALSE,TRUE,0.00203113886527717,"singlet",TRUE
"control_rep1_GATTAAGCATGAATAG-1","control_rep1","control",3785,1901,1.98150594451783,0.0264200792602378,3883,1941,TRUE,FALSE,FALSE,FALSE,FALSE,TRUE,0.0278903264552355,"singlet",TRUE
"control_rep1_GATTAAGCATGGAGGC-1","control_rep1","control",2226,1531,2.2911051212938,0.0898472596585804,4376,2624,TRUE,FALSE,FALSE,FALSE,FALSE,TRUE,0.0771811157464981,"singlet",TRUE
"control_rep1_GATTACGGTCCTTTAA-1","control_rep1","control",13859,4146,1.12562233927412,0.173172667580634,14063,4210,TRUE,FALSE,FALSE,FALSE,FALSE,TRUE,0.610153019428253,"singlet",TRUE
"control_rep1_GATTACTCATCTAGCA-1","control_rep1","control",29767,5857,1.16236100379615,0.114220445459737,30706,5994,TRUE,FALSE,FALSE,FALSE,FALSE,TRUE,0.0389729477465153,"singlet",TRUE
"control_rep1_GATTAGCTCGGTTAGT-1","control_rep1","control",2956,1760,1.11637347767253,0.20297699594046,13940,6739,TRUE,FALSE,FALSE,FALSE,FALSE,TRUE,0.00329044810496271,"singlet",TRUE
"control_rep1_GATTAGTGTTGGTGAC-1","control_rep1","control",2424,1491,1.56765676567657,0.247524752475248,4897,2778,TRUE,FALSE,FALSE,FALSE,FALSE,TRUE,0.0207352172583342,"singlet",TRUE
"control_rep1_GATTATGTCAATTACG-1","control_rep1","control",1869,1365,4.76190476190476,0.107009095773141,9297,4817,TRUE,FALSE,FALSE,FALSE,FALSE,TRUE,0.00327021931298077,"singlet",TRUE
"control_rep1_GATTATGTCGCAGGCT-1","control_rep1","control",2584,1574,2.01238390092879,0.232198142414861,4586,2613,TRUE,FALSE,FALSE,FALSE,FALSE,TRUE,0.00123404245823622,"singlet",TRUE
"control_rep1_GATTATGTCGTTAAGC-1","control_rep1","control",7676,3536,1.88900468994268,0.429911412193851,19926,9022,TRUE,FALSE,FALSE,FALSE,FALSE,TRUE,0.996996998786926,"doublet",FALSE
"control_rep1_GATTATGTCGTTATAG-1","control_rep1","control",2254,1447,3.77107364685004,0.0887311446317657,2446,1510,TRUE,FALSE,FALSE,FALSE,FALSE,TRUE,0.0464017689228058,"singlet",TRUE
"control_rep1_GATTATGTCTGTGCAG-1","control_rep1","control",4626,2079,1.34025075659317,0.259403372243839,4857,2155,TRUE,FALSE,FALSE,FALSE,FALSE,TRUE,0.0286803003400564,"singlet",TRUE
"control_rep1_GATTCAATCACGCGGT-1","control_rep1","control",3863,1951,2.66632151177841,0.207092932953663,3961,1995,TRUE,FALSE,FALSE,FALSE,FALSE,TRUE,0.085113100707531,"singlet",TRUE
"control_rep1_GATTCAATCATTACAG-1","control_rep1","control",6229,2457,1.07561406325253,0.192647294910901,6338,2496,TRUE,FALSE,FALSE,FALSE,FALSE,TRUE,0.00712921097874641,"singlet",TRUE
"control_rep1_GATTCAATCTTAGGGT-1","control_rep1","control",6963,2719,1.19201493609077,0.330317391928766,8830,3628,TRUE,FALSE,FALSE,FALSE,FALSE,TRUE,0.0165618881583214,"singlet",TRUE
"control_rep1_GATTCAGGTAACGTGC-1","control_rep1","control",11941,4641,4.24587555481116,0.251235239929654,24929,10000,TRUE,FALSE,FALSE,FALSE,FALSE,TRUE,0.977759778499603,"doublet",FALSE
"control_rep1_GATTCAGGTGCAATGC-1","control_rep1","control",4749,2194,2.04253527058328,0.105285323225942,4833,2230,TRUE,FALSE,FALSE,FALSE,FALSE,TRUE,0.283777445554733,"singlet",TRUE
"control_rep1_GATTCAGGTTAACGGC-1","control_rep1","control",2986,1738,2.98057602143336,0.200937709310114,3110,1783,TRUE,FALSE,FALSE,FALSE,FALSE,TRUE,0.00346182589419186,"singlet",TRUE
"control_rep1_GATTCATCACCAGGTT-1","control_rep1","control",2119,1454,5.56866446436999,0.235960358659745,2289,1529,TRUE,FALSE,FALSE,FALSE,FALSE,TRUE,0.00169601233210415,"singlet",TRUE
"control_rep1_GATTCATCAGAAACGT-1","control_rep1","control",3714,1936,1.05008077544426,0.107700592353258,4325,2246,TRUE,FALSE,FALSE,FALSE,FALSE,TRUE,0.251467347145081,"singlet",TRUE
"control_rep1_GATTCATCAGTAATAG-1","control_rep1","control",2360,1386,1.52542372881356,0.127118644067797,3548,1937,TRUE,FALSE,FALSE,FALSE,FALSE,TRUE,0.00248505524359643,"singlet",TRUE
"control_rep1_GATTCCTGTACCTTAC-1","control_rep1","control",1947,1297,1.07858243451464,0.256805341551104,3835,2314,TRUE,FALSE,FALSE,FALSE,FALSE,TRUE,0.00213781138882041,"singlet",TRUE
"control_rep1_GATTCCTGTTAGCTGA-1","control_rep1","control",7097,2771,1.46540791883895,0.239537832887135,8399,3025,TRUE,FALSE,FALSE,FALSE,FALSE,TRUE,0.0122233917936683,"singlet",TRUE
"control_rep1_GATTCCTGTTGCGGAT-1","control_rep1","control",12755,4020,3.15170521364171,0.0313602508820071,12870,4059,TRUE,FALSE,FALSE,FALSE,FALSE,TRUE,0.02045220695436,"singlet",TRUE
"control_rep1_GATTGCAGTAAGGTTT-1","control_rep1","control",7173,3226,2.99735117802872,0.501882057716437,7365,3285,TRUE,FALSE,FALSE,FALSE,FALSE,TRUE,0.925315856933594,"doublet",FALSE
"control_rep1_GATTGCAGTTAATGAC-1","control_rep1","control",6055,2776,0.97440132122213,0.132122213047069,22541,9759,TRUE,FALSE,FALSE,FALSE,FALSE,TRUE,0.198768988251686,"singlet",TRUE
"control_rep1_GATTGCAGTTGAGCCG-1","control_rep1","control",2327,1487,6.1022776106575,0.128921357971637,2611,1583,TRUE,FALSE,FALSE,FALSE,FALSE,TRUE,0.00263291201554239,"singlet",TRUE
"control_rep1_GATTGCGTCCAAATCA-1","control_rep1","control",1229,913,1.79007323026851,0.081366965012205,5426,2976,TRUE,FALSE,FALSE,FALSE,FALSE,TRUE,0.00084530987078324,"singlet",TRUE
"control_rep1_GATTGCGTCGAAGTAG-1","control_rep1","control",2325,1476,0.731182795698925,0.0860215053763441,13598,6576,TRUE,FALSE,FALSE,FALSE,FALSE,TRUE,0.00107712391763926,"singlet",TRUE
"control_rep1_GATTGGCGTCTATCGT-1","control_rep1","control",9038,4295,2.24607213985395,0.0774507634432397,28174,11667,TRUE,FALSE,FALSE,FALSE,FALSE,TRUE,0.993936002254486,"doublet",FALSE
"control_rep1_GATTGGCGTTGGTTCT-1","control_rep1","control",6922,3347,1.30020225368391,0.130020225368391,16094,7583,TRUE,FALSE,FALSE,FALSE,FALSE,TRUE,0.988865911960602,"doublet",FALSE
"control_rep1_GATTGGTTCCTAAGGT-1","control_rep1","control",3338,1752,2.09706411024566,0.0299580587177951,10338,5174,TRUE,FALSE,FALSE,FALSE,FALSE,TRUE,0.00484636891633272,"singlet",TRUE
"control_rep1_GATTGGTTCGTTAAGC-1","control_rep1","control",2987,1655,0.803481754268497,0.0669568128557081,15168,7175,TRUE,FALSE,FALSE,FALSE,FALSE,TRUE,0.00229099788703024,"singlet",TRUE
"control_rep1_GATTGGTTCTTGGATA-1","control_rep1","control",1634,1117,0.917992656058752,0.122399020807834,10674,5360,TRUE,FALSE,FALSE,FALSE,FALSE,TRUE,0.00218191696330905,"singlet",TRUE
"control_rep1_GATTGTTCACGTGCTG-1","control_rep1","control",5279,2395,2.46258761129002,0.17048683462777,5374,2434,TRUE,FALSE,FALSE,FALSE,FALSE,TRUE,0.0382502861320972,"singlet",TRUE
"control_rep1_GATTGTTCAGGCATGA-1","control_rep1","control",5431,2374,0.736512612778494,0.0736512612778494,5581,2429,TRUE,FALSE,FALSE,FALSE,FALSE,TRUE,0.0488647818565369,"singlet",TRUE
"control_rep1_GATTTGCAGACAGGCG-1","control_rep1","control",1372,975,13.9212827988338,0.510204081632653,11095,5436,TRUE,FALSE,FALSE,FALSE,TRUE,FALSE,NA,"not_tested_QC_fail",FALSE
"control_rep1_GATTTGCAGCCTTAAA-1","control_rep1","control",4772,2148,3.08046940486169,0.0419111483654652,4926,2199,TRUE,FALSE,FALSE,FALSE,FALSE,TRUE,0.00753496447578073,"singlet",TRUE
"control_rep1_GATTTGCAGGAGGGTT-1","control_rep1","control",40117,6330,0.805144951018272,0.132113567814144,40618,6524,TRUE,FALSE,FALSE,FALSE,FALSE,TRUE,0.0870779454708099,"singlet",TRUE
"control_rep1_GATTTGCAGTAGCGCC-1","control_rep1","control",2952,1627,2.30352303523035,0.0338753387533875,3070,1668,TRUE,FALSE,FALSE,FALSE,FALSE,TRUE,0.0815987288951874,"singlet",TRUE
"control_rep1_GATTTGCAGTTAGAGG-1","control_rep1","control",2567,1551,3.73977405531749,0.467471756914686,2707,1600,TRUE,FALSE,FALSE,FALSE,FALSE,TRUE,0.00271733640693128,"singlet",TRUE
"control_rep1_GATTTGCAGTTAGCCG-1","control_rep1","control",1218,844,8.45648604269294,0,1452,910,TRUE,FALSE,FALSE,FALSE,FALSE,TRUE,0.00112926645670086,"singlet",TRUE
"control_rep1_GCAAACAAGTTCCCAC-1","control_rep1","control",2656,1662,2.86144578313253,0,21897,9300,TRUE,FALSE,FALSE,FALSE,FALSE,TRUE,0.00110760750249028,"singlet",TRUE
"control_rep1_GCAAACCGTAATGACT-1","control_rep1","control",3329,1741,2.10273355361971,0.240312406127966,3661,1823,TRUE,FALSE,FALSE,FALSE,FALSE,TRUE,0.0847298577427864,"singlet",TRUE
"control_rep1_GCAAACCGTTGCAATG-1","control_rep1","control",2392,1592,2.4247491638796,0.0836120401337793,2590,1680,TRUE,FALSE,FALSE,FALSE,FALSE,TRUE,0.00213928590528667,"singlet",TRUE
"control_rep1_GCAAACTTCAGGATGA-1","control_rep1","control",25696,6175,2.21046077210461,0.105074719800747,25913,6259,TRUE,FALSE,FALSE,FALSE,FALSE,TRUE,0.292392730712891,"singlet",TRUE
"control_rep1_GCAAACTTCATTGTTC-1","control_rep1","control",2820,1824,5.53191489361702,0.673758865248227,2982,1897,TRUE,FALSE,FALSE,FALSE,FALSE,TRUE,0.0222530756145716,"singlet",TRUE
"control_rep1_GCAAGCCTCACACAGT-1","control_rep1","control",2557,1642,2.42471646460696,0.156433320297223,5558,3167,TRUE,FALSE,FALSE,FALSE,FALSE,TRUE,0.00169000495225191,"singlet",TRUE
"control_rep1_GCAAGCCTCCCTGGAA-1","control_rep1","control",2019,1422,2.47647350173353,0,7956,4153,TRUE,FALSE,FALSE,FALSE,FALSE,TRUE,0.00261081545613706,"singlet",TRUE
"control_rep1_GCAAGCCTCGCTCCAT-1","control_rep1","control",3954,2276,1.82094081942337,0.0252908447142135,18156,8547,TRUE,FALSE,FALSE,FALSE,FALSE,TRUE,0.499505817890167,"singlet",TRUE
"control_rep1_GCAAGTCGTATCTGGA-1","control_rep1","control",1035,701,14.6859903381643,0.0966183574879227,1519,826,TRUE,FALSE,FALSE,FALSE,TRUE,FALSE,NA,"not_tested_QC_fail",FALSE
"control_rep1_GCAAGTCGTCGACTAA-1","control_rep1","control",3483,2090,3.07206431237439,0.258397932816537,14220,6994,TRUE,FALSE,FALSE,FALSE,FALSE,TRUE,0.494165629148483,"singlet",TRUE
"control_rep1_GCAAGTGCAAAGCGCA-1","control_rep1","control",20656,5235,2.92893106119287,0.0145236250968242,21913,5357,TRUE,FALSE,FALSE,FALSE,FALSE,TRUE,0.345245957374573,"singlet",TRUE
"control_rep1_GCAAGTGCAAAGCTCC-1","control_rep1","control",5893,2463,1.78177498727304,0.305447140675378,6038,2514,TRUE,FALSE,FALSE,FALSE,FALSE,TRUE,0.016089990735054,"singlet",TRUE
"control_rep1_GCAAGTGCAAGATTCT-1","control_rep1","control",10318,3862,2.62647799961233,0.717193254506687,17408,6793,TRUE,FALSE,FALSE,FALSE,FALSE,TRUE,0.287631422281265,"singlet",TRUE
"control_rep1_GCAAGTGCATAGACCC-1","control_rep1","control",19268,4908,1.23520863608055,0.269877517126842,24114,6662,TRUE,FALSE,FALSE,FALSE,FALSE,TRUE,0.039399728178978,"singlet",TRUE
"control_rep1_GCAATAGAGGTCCTGA-1","control_rep1","control",1533,1062,3.97912589693412,1.76125244618395,1871,1187,TRUE,FALSE,FALSE,FALSE,FALSE,TRUE,0.00199320679530501,"singlet",TRUE
"control_rep1_GCAATAGAGTGAGGTA-1","control_rep1","control",11867,3652,1.44939748883458,0.202241510069942,14041,4460,TRUE,FALSE,FALSE,FALSE,FALSE,TRUE,0.31620454788208,"singlet",TRUE
"control_rep1_GCAATAGAGTTTCCTG-1","control_rep1","control",2968,1657,2.72911051212938,0.202156334231806,3221,1734,TRUE,FALSE,FALSE,FALSE,FALSE,TRUE,0.0792308449745178,"singlet",TRUE
"control_rep1_GCAATCTAGACTCGCA-1","control_rep1","control",1190,908,3.61344537815126,0.0840336134453782,3890,2213,TRUE,FALSE,FALSE,FALSE,FALSE,TRUE,0.00200765556655824,"singlet",TRUE
"control_rep1_GCAATCTAGCAAGGAC-1","control_rep1","control",3212,1964,4.35865504358655,0.529265255292653,6861,3810,TRUE,FALSE,FALSE,FALSE,FALSE,TRUE,0.341208606958389,"singlet",TRUE
"control_rep1_GCACATTAGACAGGCG-1","control_rep1","control",1126,851,4.1740674955595,0,1304,946,TRUE,FALSE,FALSE,FALSE,FALSE,TRUE,0.002301218919456,"singlet",TRUE
"control_rep1_GCACCTAAGACTAAGG-1","control_rep1","control",2827,1600,3.43119915104351,0.282985496993279,3017,1671,TRUE,FALSE,FALSE,FALSE,FALSE,TRUE,0.0182640049606562,"singlet",TRUE
"control_rep1_GCACCTAAGGATCACT-1","control_rep1","control",3111,1951,1.38219222115076,0.0964320154291225,6862,3848,TRUE,FALSE,FALSE,FALSE,FALSE,TRUE,0.185204282402992,"singlet",TRUE
"control_rep1_GCACGAACAACTCGCG-1","control_rep1","control",4471,2485,3.89174681279356,0.335495414895996,16211,7895,TRUE,FALSE,FALSE,FALSE,FALSE,TRUE,0.452946066856384,"singlet",TRUE
"control_rep1_GCACGAACAAGCTACC-1","control_rep1","control",24486,4918,1.38038062566364,0.220534182798334,24858,5096,TRUE,FALSE,FALSE,FALSE,FALSE,TRUE,0.154442235827446,"singlet",TRUE
"control_rep1_GCACGCTAGAACCTAC-1","control_rep1","control",19342,4931,2.2334815427567,0.00517009616378865,19623,5012,TRUE,FALSE,FALSE,FALSE,FALSE,TRUE,0.202333062887192,"singlet",TRUE
"control_rep1_GCACGCTAGCCTTAAA-1","control_rep1","control",6417,2917,2.68038023998753,0.171419666510831,6688,3006,TRUE,FALSE,FALSE,FALSE,FALSE,TRUE,0.98143345117569,"doublet",FALSE
"control_rep1_GCACGGTTCGCAGGCT-1","control_rep1","control",6461,2820,1.42392818449156,0.123819842129701,6712,2910,TRUE,FALSE,FALSE,FALSE,FALSE,TRUE,0.597000479698181,"singlet",TRUE
"control_rep1_GCACGGTTCTGCAACG-1","control_rep1","control",3866,2358,0.931195033626487,0.232798758406622,4739,2819,TRUE,FALSE,FALSE,FALSE,FALSE,TRUE,0.0763650983572006,"singlet",TRUE
"control_rep1_GCACTAAGTAGTTAAC-1","control_rep1","control",3850,2323,1.24675324675325,0.051948051948052,9573,5180,TRUE,FALSE,FALSE,FALSE,FALSE,TRUE,0.446210443973541,"singlet",TRUE
"control_rep1_GCACTAAGTCACAGAC-1","control_rep1","control",13716,4426,3.1787693205016,0.240594925634296,14691,4559,TRUE,FALSE,FALSE,FALSE,FALSE,TRUE,0.9873948097229,"doublet",FALSE
"control_rep1_GCACTAAGTGATTTGG-1","control_rep1","control",9479,3789,3.05939445089144,0.749024158666526,15586,6176,TRUE,FALSE,FALSE,FALSE,FALSE,TRUE,0.343084752559662,"singlet",TRUE
"control_rep1_GCACTAAGTGCGCAAT-1","control_rep1","control",5300,2543,2.71698113207547,1.09433962264151,6620,2849,TRUE,FALSE,FALSE,FALSE,FALSE,TRUE,0.209034994244576,"singlet",TRUE
"control_rep1_GCACTAAGTTGTCATC-1","control_rep1","control",6600,3287,4.18181818181818,0.106060606060606,24325,10506,TRUE,FALSE,FALSE,FALSE,FALSE,TRUE,0.61202883720398,"singlet",TRUE
"control_rep1_GCACTTACATAAGGAC-1","control_rep1","control",2625,1562,1.67619047619048,0.152380952380952,2797,1652,TRUE,FALSE,FALSE,FALSE,FALSE,TRUE,0.0329167060554028,"singlet",TRUE
"control_rep1_GCAGCAACAATAGTCT-1","control_rep1","control",2923,1798,1.09476565172768,0,7172,3888,TRUE,FALSE,FALSE,FALSE,FALSE,TRUE,0.00044959201477468,"singlet",TRUE
"control_rep1_GCAGCAACACTTAGGC-1","control_rep1","control",18074,4491,1.12869315038176,0.0995905720925086,18170,4543,TRUE,FALSE,FALSE,FALSE,FALSE,TRUE,0.0334962010383606,"singlet",TRUE
"control_rep1_GCAGCCAGTCGCAAAC-1","control_rep1","control",1259,960,5.71882446386021,1.90627482128674,2070,1351,TRUE,FALSE,FALSE,FALSE,FALSE,TRUE,0.000898338621482253,"singlet",TRUE
"control_rep1_GCAGCCAGTGTCCAAA-1","control_rep1","control",6907,2652,1.94006080787607,0.173736788765021,6976,2683,TRUE,FALSE,FALSE,FALSE,FALSE,TRUE,0.153781980276108,"singlet",TRUE
"control_rep1_GCAGCTATCCTCCTAA-1","control_rep1","control",3044,1923,2.20105124835742,0.525624178712221,8913,4855,TRUE,FALSE,FALSE,FALSE,FALSE,TRUE,0.0366003587841988,"singlet",TRUE
"control_rep1_GCAGCTATCGGGACTC-1","control_rep1","control",6550,2538,2.97709923664122,0.900763358778626,7113,2677,TRUE,FALSE,FALSE,FALSE,FALSE,TRUE,0.0533758327364922,"singlet",TRUE
"control_rep1_GCAGGAAGTAATCCCT-1","control_rep1","control",2541,1603,3.26643053915781,0.157418339236521,2653,1648,TRUE,FALSE,FALSE,FALSE,FALSE,TRUE,0.139292791485786,"singlet",TRUE
"control_rep1_GCAGGACCAAACGGGC-1","control_rep1","control",7881,3453,3.01992132978048,0.444106077908895,10696,4618,TRUE,FALSE,FALSE,FALSE,FALSE,TRUE,0.283369213342667,"singlet",TRUE
"control_rep1_GCAGGACCACCTGCTC-1","control_rep1","control",13390,3625,1.36669156086632,0.306198655713219,13999,3728,TRUE,FALSE,FALSE,FALSE,FALSE,TRUE,0.011803193949163,"singlet",TRUE
"control_rep1_GCAGGACCAGTTTCTC-1","control_rep1","control",3856,1873,1.94502074688797,0.0259336099585062,4000,1925,TRUE,FALSE,FALSE,FALSE,FALSE,TRUE,0.0510784573853016,"singlet",TRUE
"control_rep1_GCAGGATAGACTATTG-1","control_rep1","control",2022,1302,1.87932739861523,0.19782393669634,2193,1363,TRUE,FALSE,FALSE,FALSE,FALSE,TRUE,0.00580895040184259,"singlet",TRUE
"control_rep1_GCAGGATAGCGAGGTG-1","control_rep1","control",2559,1366,1.6021883548261,0.703399765533411,2958,1469,TRUE,FALSE,FALSE,FALSE,FALSE,TRUE,0.0052943411283195,"singlet",TRUE
"control_rep1_GCAGGATAGCTTGCTC-1","control_rep1","control",7654,3412,5.36974131173243,0.143715704206951,18796,8248,TRUE,FALSE,FALSE,FALSE,FALSE,TRUE,0.741106569766998,"singlet",TRUE
"control_rep1_GCAGGATAGGAAACTG-1","control_rep1","control",3489,2092,1.60504442533677,0.200630553167097,5759,3240,TRUE,FALSE,FALSE,FALSE,FALSE,TRUE,0.00973579194396734,"singlet",TRUE
"control_rep1_GCAGGCAAGCCTGTGA-1","control_rep1","control",4123,2413,2.3284016492845,0.218287654620422,13256,6750,TRUE,FALSE,FALSE,FALSE,FALSE,TRUE,0.565494894981384,"singlet",TRUE
"control_rep1_GCAGGCAAGGCTAAGA-1","control_rep1","control",6706,3067,2.31136295854459,0.193856248135998,6802,3112,TRUE,FALSE,FALSE,FALSE,FALSE,TRUE,0.99286699295044,"doublet",FALSE
"control_rep1_GCAGGCTTCATAAGCC-1","control_rep1","control",5053,2398,5.00692657827033,0.19790223629527,5305,2470,TRUE,FALSE,FALSE,FALSE,FALSE,TRUE,0.165219828486443,"singlet",TRUE
"control_rep1_GCAGGCTTCCTAAGGT-1","control_rep1","control",928,680,7.75862068965517,0.107758620689655,3213,1850,TRUE,FALSE,FALSE,FALSE,FALSE,TRUE,0.00153263530228287,"singlet",TRUE
"control_rep1_GCAGGTGAGATTGAGG-1","control_rep1","control",3269,1861,2.53900275313552,0.122361578464362,12630,6217,TRUE,FALSE,FALSE,FALSE,FALSE,TRUE,0.0050131450407207,"singlet",TRUE
"control_rep1_GCAGGTGAGGACCTTG-1","control_rep1","control",3927,2076,1.96078431372549,0.127323656735421,4022,2116,TRUE,FALSE,FALSE,FALSE,FALSE,TRUE,0.0110161108896136,"singlet",TRUE
"control_rep1_GCAGGTGAGGATTGCT-1","control_rep1","control",1941,1303,1.39103554868624,0.103039670273055,3584,2185,TRUE,FALSE,FALSE,FALSE,FALSE,TRUE,0.00773236947134137,"singlet",TRUE
"control_rep1_GCAGGTGAGTTTGCGG-1","control_rep1","control",3098,2023,3.9057456423499,0.0645577792123951,10894,5742,TRUE,FALSE,FALSE,FALSE,FALSE,TRUE,0.00813233572989702,"singlet",TRUE
"control_rep1_GCAGGTTGTACTTAGG-1","control_rep1","control",1386,963,4.47330447330447,1.44300144300144,1593,1023,TRUE,FALSE,FALSE,FALSE,FALSE,TRUE,0.00600100122392178,"singlet",TRUE
"control_rep1_GCATATATCGATCAGT-1","control_rep1","control",3873,2014,4.59592047508391,0.619674670797831,4451,2157,TRUE,FALSE,FALSE,FALSE,FALSE,TRUE,0.193714052438736,"singlet",TRUE
"control_rep1_GCATCCTTCACAGCCA-1","control_rep1","control",1416,1034,6.49717514124294,0.494350282485876,3341,1968,TRUE,FALSE,FALSE,FALSE,FALSE,TRUE,0.00211119325831532,"singlet",TRUE
"control_rep1_GCATCCTTCATGAAGG-1","control_rep1","control",3565,1860,0.953716690042076,0.532959326788219,3677,1904,TRUE,FALSE,FALSE,FALSE,FALSE,TRUE,0.207709759473801,"singlet",TRUE
"control_rep1_GCATCCTTCCGCCTCA-1","control_rep1","control",9690,3022,2.02270381836945,0.268317853457172,10419,3187,TRUE,FALSE,FALSE,FALSE,FALSE,TRUE,0.0117012783885002,"singlet",TRUE
"control_rep1_GCATCCTTCCTAATAG-1","control_rep1","control",4940,2392,1.86234817813765,0.0202429149797571,5136,2462,TRUE,FALSE,FALSE,FALSE,FALSE,TRUE,0.448618710041046,"singlet",TRUE
"control_rep1_GCATCCTTCCTTGAGG-1","control_rep1","control",1784,1133,3.69955156950673,0.112107623318386,1974,1191,TRUE,FALSE,FALSE,FALSE,FALSE,TRUE,0.000739531416911632,"singlet",TRUE
"control_rep1_GCATCCTTCTTGAGCG-1","control_rep1","control",1878,1293,2.28966986155485,0.159744408945687,5707,3149,TRUE,FALSE,FALSE,FALSE,FALSE,TRUE,0.00366036454215646,"singlet",TRUE
"control_rep1_GCATGAAAGAGGAGGA-1","control_rep1","control",1855,1141,2.53369272237197,0.161725067385445,2086,1257,TRUE,FALSE,FALSE,FALSE,FALSE,TRUE,0.00395253952592611,"singlet",TRUE
"control_rep1_GCATGAGCAGCTACGT-1","control_rep1","control",5204,2901,3.59338970023059,0.0960799385088393,6234,3470,TRUE,FALSE,FALSE,FALSE,FALSE,TRUE,0.717637479305267,"singlet",TRUE
"control_rep1_GCATGAGCAGTTATCG-1","control_rep1","control",3514,1676,1.6505406943654,0.426863972680706,3744,1750,TRUE,FALSE,FALSE,FALSE,FALSE,TRUE,0.0474958494305611,"singlet",TRUE
"control_rep1_GCATGAGCATAACGGG-1","control_rep1","control",9874,3907,1.22544055094187,0.19242454932145,15482,6621,TRUE,FALSE,FALSE,FALSE,FALSE,TRUE,0.166769370436668,"singlet",TRUE
"control_rep1_GCATGAGCATGGCCCA-1","control_rep1","control",4079,2184,0.612895317479774,0.024515812699191,24445,9908,TRUE,FALSE,FALSE,FALSE,FALSE,TRUE,0.0125382365658879,"singlet",TRUE
"control_rep1_GCATTAGGTCCTAGTT-1","control_rep1","control",4778,2499,3.89284219338635,0.251151109250733,4997,2581,TRUE,FALSE,FALSE,FALSE,FALSE,TRUE,0.4413982629776,"singlet",TRUE
"control_rep1_GCATTAGGTGGACATC-1","control_rep1","control",1033,745,13.5527589545015,0.387221684414327,1392,929,TRUE,FALSE,FALSE,FALSE,TRUE,FALSE,NA,"not_tested_QC_fail",FALSE
"control_rep1_GCATTAGGTTGGTGAC-1","control_rep1","control",4693,2412,3.02578308118474,0.0852333262305561,12546,6132,TRUE,FALSE,FALSE,FALSE,FALSE,TRUE,0.0178757254034281,"singlet",TRUE
"control_rep1_GCATTGCCACACAATT-1","control_rep1","control",2074,1345,2.12150433944069,0,6403,3501,TRUE,FALSE,FALSE,FALSE,FALSE,TRUE,0.00159542611800134,"singlet",TRUE
"control_rep1_GCATTGCCATTATGCG-1","control_rep1","control",2865,1683,0.767888307155323,0.0698080279232112,6879,3703,TRUE,FALSE,FALSE,FALSE,FALSE,TRUE,0.00382368080317974,"singlet",TRUE
"control_rep1_GCATTGCCATTGTTGG-1","control_rep1","control",7193,2884,1.47365494230502,0.0417072153482552,7333,2937,TRUE,FALSE,FALSE,FALSE,FALSE,TRUE,0.00752441352233291,"singlet",TRUE
"control_rep1_GCCAACATCATCCACC-1","control_rep1","control",10680,4523,0.917602996254682,0.102996254681648,39708,14696,TRUE,FALSE,FALSE,FALSE,FALSE,TRUE,0.979120492935181,"doublet",FALSE
"control_rep1_GCCAACATCGTTACAA-1","control_rep1","control",1691,1181,1.65582495564755,0.413956238911886,6483,3616,TRUE,FALSE,FALSE,FALSE,FALSE,TRUE,0.00124682078603655,"singlet",TRUE
"control_rep1_GCCAATAGTTACTTGC-1","control_rep1","control",9430,3654,2.16330858960764,0.148462354188759,9648,3715,TRUE,FALSE,FALSE,FALSE,FALSE,TRUE,0.00648391526192427,"singlet",TRUE
"control_rep1_GCCAATTAGTAGCTTA-1","control_rep1","control",8506,3134,2.21020456148601,0.423230660710087,12890,4865,TRUE,FALSE,FALSE,FALSE,FALSE,TRUE,0.0637491121888161,"singlet",TRUE
"control_rep1_GCCAATTAGTCAATTG-1","control_rep1","control",7155,3326,4.59818308874913,0.111809923130678,22866,9785,TRUE,FALSE,FALSE,FALSE,FALSE,TRUE,0.291215837001801,"singlet",TRUE
"control_rep1_GCCACAATCAAAGGCA-1","control_rep1","control",3442,2121,1.77222545031958,0,18440,8665,TRUE,FALSE,FALSE,FALSE,FALSE,TRUE,0.4248426258564,"singlet",TRUE
"control_rep1_GCCACACAGCAAGACA-1","control_rep1","control",23385,6032,2.176608937353,0.252298481932863,28649,7383,TRUE,FALSE,FALSE,FALSE,FALSE,TRUE,0.702458202838898,"singlet",TRUE
"control_rep1_GCCACACAGGCACAGG-1","control_rep1","control",26096,5541,1.16109748620478,0.306560392397302,31906,7280,TRUE,FALSE,FALSE,FALSE,FALSE,TRUE,0.0074336975812912,"singlet",TRUE
"control_rep1_GCCACTAAGCGGATAA-1","control_rep1","control",2155,1446,2.59860788863109,0.0464037122969838,29656,10642,TRUE,FALSE,FALSE,FALSE,FALSE,TRUE,0.00139360572211444,"singlet",TRUE
"control_rep1_GCCACTAAGGACCTTG-1","control_rep1","control",60781,8796,1.51363090439447,0.0954245570161728,75675,13369,FALSE,FALSE,FALSE,FALSE,FALSE,TRUE,0.0626253113150597,"singlet",TRUE
"control_rep1_GCCACTAAGGTGAAGC-1","control_rep1","control",5908,2449,1.99729180771835,0.592417061611374,6410,2553,TRUE,FALSE,FALSE,FALSE,FALSE,TRUE,0.108116514980793,"singlet",TRUE
"control_rep1_GCCAGGAAGCGGATAA-1","control_rep1","control",15559,4285,1.0219165756154,0.231377337875185,21946,6937,TRUE,FALSE,FALSE,FALSE,FALSE,TRUE,0.0103752966970205,"singlet",TRUE
"control_rep1_GCCAGGAAGGTCGATT-1","control_rep1","control",6569,2612,0.745927842898462,0.137007154818085,6921,2689,TRUE,FALSE,FALSE,FALSE,FALSE,TRUE,0.1105120703578,"singlet",TRUE
"control_rep1_GCCAGGAAGTCATCCC-1","control_rep1","control",3445,1856,1.79970972423803,0.2322206095791,3636,1913,TRUE,FALSE,FALSE,FALSE,FALSE,TRUE,0.00980193726718426,"singlet",TRUE
"control_rep1_GCCAGGTTCCGCCTCA-1","control_rep1","control",3791,2186,1.05513057240834,0.0527565286204168,24712,10487,TRUE,FALSE,FALSE,FALSE,FALSE,TRUE,0.024934658780694,"singlet",TRUE
"control_rep1_GCCATGATCATAGACC-1","control_rep1","control",4105,2149,2.02192448233861,0.316686967113276,4195,2186,TRUE,FALSE,FALSE,FALSE,FALSE,TRUE,0.12970370054245,"singlet",TRUE
"control_rep1_GCCCAAATCAAGCTAC-1","control_rep1","control",6667,3347,6.86965651717414,0.749962501874906,7495,3648,TRUE,FALSE,FALSE,FALSE,FALSE,TRUE,0.605416297912598,"singlet",TRUE
"control_rep1_GCCCAAATCCATCAGG-1","control_rep1","control",1761,1153,2.38500851788756,0,2379,1473,TRUE,FALSE,FALSE,FALSE,FALSE,TRUE,0.00116708804853261,"singlet",TRUE
"control_rep1_GCCCAAATCTAACTGA-1","control_rep1","control",6559,3333,3.8877877725263,0.121969812471413,9216,4755,TRUE,FALSE,FALSE,FALSE,FALSE,TRUE,0.967840194702148,"doublet",FALSE
"control_rep1_GCCCATAAGGCGGGTA-1","control_rep1","control",728,538,12.5,1.92307692307692,1063,620,FALSE,FALSE,FALSE,FALSE,TRUE,FALSE,NA,"not_tested_QC_fail",FALSE
"control_rep1_GCCCTCATCCCTCAGT-1","control_rep1","control",23706,6393,3.50544166033915,0.582131106049101,24026,6563,TRUE,FALSE,FALSE,FALSE,FALSE,TRUE,0.99226188659668,"doublet",FALSE
"control_rep1_GCCGTGAGTTAATGAC-1","control_rep1","control",6279,2784,2.38891543239369,0.0477783086478739,6640,2881,TRUE,FALSE,FALSE,FALSE,FALSE,TRUE,0.588095664978027,"singlet",TRUE
"control_rep1_GCCTAATAGAGGAGGA-1","control_rep1","control",12925,4187,1.09090909090909,0.0541586073500967,13568,4361,TRUE,FALSE,FALSE,FALSE,FALSE,TRUE,0.436499357223511,"singlet",TRUE
"control_rep1_GCCTAATAGCACGATT-1","control_rep1","control",2700,1600,2.74074074074074,0.0740740740740741,2826,1647,TRUE,FALSE,FALSE,FALSE,FALSE,TRUE,0.16308805346489,"singlet",TRUE
"control_rep1_GCCTAATAGTGCTGTG-1","control_rep1","control",4909,2411,0.977795885108984,0.0203707476064372,5941,2949,TRUE,FALSE,FALSE,FALSE,FALSE,TRUE,0.00994048733264208,"singlet",TRUE
"control_rep1_GCCTATTGTGGTGAGA-1","control_rep1","control",2025,1411,2.07407407407407,0.0987654320987654,13703,6477,TRUE,FALSE,FALSE,FALSE,FALSE,TRUE,0.000953577109612525,"singlet",TRUE
"control_rep1_GCCTCAAAGCATGACT-1","control_rep1","control",1253,994,0.877893056664006,0.239425379090184,4662,2633,TRUE,FALSE,FALSE,FALSE,FALSE,TRUE,0.00230001611635089,"singlet",TRUE
"control_rep1_GCCTCAAAGCGCCTTT-1","control_rep1","control",4246,2153,5.81723975506359,0.423928403203015,4679,2344,TRUE,FALSE,FALSE,FALSE,FALSE,TRUE,0.00988305546343327,"singlet",TRUE
"control_rep1_GCCTCAAAGGCGCTTA-1","control_rep1","control",3409,1773,1.67204458785568,0.293341155764154,3522,1818,TRUE,FALSE,FALSE,FALSE,FALSE,TRUE,0.264214307069778,"singlet",TRUE
"control_rep1_GCCTCCATCTTAAGTG-1","control_rep1","control",3133,1674,1.2448132780083,0.0638365783593999,3625,1946,TRUE,FALSE,FALSE,FALSE,FALSE,TRUE,0.000952842412516475,"singlet",TRUE
"control_rep1_GCCTCGACACAACCTA-1","control_rep1","control",960,751,5.41666666666667,0.3125,5867,3196,TRUE,FALSE,FALSE,FALSE,FALSE,TRUE,0.00276089599356055,"singlet",TRUE
"control_rep1_GCCTGACAGCAGGTTT-1","control_rep1","control",3780,2075,1.56084656084656,0.0793650793650794,18895,8576,TRUE,FALSE,FALSE,FALSE,FALSE,TRUE,0.536821246147156,"singlet",TRUE
"control_rep1_GCCTGACAGCCGCTTT-1","control_rep1","control",20647,4778,2.45556255146026,0.0290599118516007,20929,4848,TRUE,FALSE,FALSE,FALSE,FALSE,TRUE,0.13306650519371,"singlet",TRUE
"control_rep1_GCCTGACAGGCGAAAC-1","control_rep1","control",3868,2232,1.13753877973113,0.46535677352637,9102,4853,TRUE,FALSE,FALSE,FALSE,FALSE,TRUE,0.093037948012352,"singlet",TRUE
"control_rep1_GCCTGAGGTAGGTTTG-1","control_rep1","control",3935,2169,2.74459974587039,0.381194409148666,18036,8239,TRUE,FALSE,FALSE,FALSE,FALSE,TRUE,0.990454494953156,"doublet",FALSE
"control_rep1_GCCTGAGGTCACAAAT-1","control_rep1","control",10767,4191,3.91009566267298,0.362217887991084,16539,7030,TRUE,FALSE,FALSE,FALSE,FALSE,TRUE,0.939135253429413,"doublet",FALSE
"control_rep1_GCCTGAGGTCCTAAGA-1","control_rep1","control",3328,1719,4.98798076923077,0.300480769230769,3872,1823,TRUE,FALSE,FALSE,FALSE,FALSE,TRUE,0.0109492391347885,"singlet",TRUE
"control_rep1_GCCTGCTGTCTTTGAC-1","control_rep1","control",4183,2353,8.24766913698303,0.23906287353574,4365,2424,TRUE,FALSE,FALSE,FALSE,FALSE,TRUE,0.113384500145912,"singlet",TRUE
"control_rep1_GCCTGCTGTGATGATT-1","control_rep1","control",4725,2223,2.28571428571429,0.486772486772487,6027,2711,TRUE,FALSE,FALSE,FALSE,FALSE,TRUE,0.113130174577236,"singlet",TRUE
"control_rep1_GCCTGTGCATTAAACC-1","control_rep1","control",6491,3189,2.04899091049145,0.184871360345093,10189,4986,TRUE,FALSE,FALSE,FALSE,FALSE,TRUE,0.993781387805939,"doublet",FALSE
"control_rep1_GCCTTAACATCACAGC-1","control_rep1","control",1118,863,2.86225402504472,0.0894454382826476,2336,1471,TRUE,FALSE,FALSE,FALSE,FALSE,TRUE,0.00179756979923695,"singlet",TRUE
"control_rep1_GCCTTACTCCAGGTCA-1","control_rep1","control",19208,4892,3.87859225322782,0.145772594752187,20600,5013,TRUE,FALSE,FALSE,FALSE,FALSE,TRUE,0.399560183286667,"singlet",TRUE
"control_rep1_GCCTTACTCCATTACT-1","control_rep1","control",7548,3298,1.9872813990461,0.119236883942766,27493,11308,TRUE,FALSE,FALSE,FALSE,FALSE,TRUE,0.030912609770894,"singlet",TRUE
"control_rep1_GCCTTACTCGATCAGT-1","control_rep1","control",2603,1702,4.53323088743757,0.268920476373415,2717,1757,TRUE,FALSE,FALSE,FALSE,FALSE,TRUE,0.0105664199218154,"singlet",TRUE
"control_rep1_GCCTTAGAGCAGCTAT-1","control_rep1","control",11445,3240,0.987330712101354,0.270860637833115,11841,3318,TRUE,FALSE,FALSE,FALSE,FALSE,TRUE,0.0074464026838541,"singlet",TRUE
"control_rep1_GCCTTAGAGTTGGATC-1","control_rep1","control",5097,2526,1.94231901118305,0.274671375318815,5219,2578,TRUE,FALSE,FALSE,FALSE,FALSE,TRUE,0.0113182505592704,"singlet",TRUE
"control_rep1_GCCTTAGAGTTTCCTG-1","control_rep1","control",3650,2240,5.23287671232877,0.273972602739726,6414,3663,TRUE,FALSE,FALSE,FALSE,FALSE,TRUE,0.473817974328995,"singlet",TRUE
"control_rep1_GCCTTGCGTCTTACTA-1","control_rep1","control",2019,1317,0.990589400693413,0.0990589400693413,8897,4615,TRUE,FALSE,FALSE,FALSE,FALSE,TRUE,0.0035624853335321,"singlet",TRUE
"control_rep1_GCCTTTATCAGTATTG-1","control_rep1","control",13501,4345,0.651803570105918,0.133323457521665,13645,4397,TRUE,FALSE,FALSE,FALSE,FALSE,TRUE,0.986881852149963,"doublet",FALSE
"control_rep1_GCCTTTATCCCTCACG-1","control_rep1","control",3792,2055,7.51582278481013,0.105485232067511,4123,2145,TRUE,FALSE,FALSE,FALSE,FALSE,TRUE,0.182830184698105,"singlet",TRUE
"control_rep1_GCCTTTATCCGCACAA-1","control_rep1","control",44385,7290,2.22147121775375,0.360482144868762,60783,13264,FALSE,FALSE,FALSE,FALSE,FALSE,TRUE,0.0786640793085098,"singlet",TRUE
"control_rep1_GCCTTTATCGCGCTAA-1","control_rep1","control",2421,1549,1.44568360181743,0.123915737298637,7444,4114,TRUE,FALSE,FALSE,FALSE,FALSE,TRUE,0.000729910098016262,"singlet",TRUE
"control_rep1_GCCTTTGGTAATTAGC-1","control_rep1","control",4590,2155,2.57080610021786,0.0217864923747277,4728,2201,TRUE,FALSE,FALSE,FALSE,FALSE,TRUE,0.0481528788805008,"singlet",TRUE
"control_rep1_GCCTTTGGTCAGTAAT-1","control_rep1","control",3016,1839,2.6525198938992,0.397877984084881,3245,1932,TRUE,FALSE,FALSE,FALSE,FALSE,TRUE,0.137189775705338,"singlet",TRUE
"control_rep1_GCCTTTGGTGGAAGGC-1","control_rep1","control",878,710,1.70842824601367,0.113895216400911,5403,2889,TRUE,FALSE,FALSE,FALSE,FALSE,TRUE,0.000856603961437941,"singlet",TRUE
"control_rep1_GCGAAGCCAATCGCAC-1","control_rep1","control",3494,2000,1.80309101316543,0.314825414997138,5623,3116,TRUE,FALSE,FALSE,FALSE,FALSE,TRUE,0.00513085583224893,"singlet",TRUE
"control_rep1_GCGAGTGAGGCGCACT-1","control_rep1","control",1701,1223,1.05820105820106,0.117577895355673,2901,1856,TRUE,FALSE,FALSE,FALSE,FALSE,TRUE,0.00375891895964742,"singlet",TRUE
"control_rep1_GCGATATTCGGTTACG-1","control_rep1","control",3250,1954,3.32307692307692,0.215384615384615,3527,2074,TRUE,FALSE,FALSE,FALSE,FALSE,TRUE,0.0675367191433907,"singlet",TRUE
"control_rep1_GCGATATTCTGTGCAG-1","control_rep1","control",5170,2258,1.72147001934236,0.715667311411992,5467,2333,TRUE,FALSE,FALSE,FALSE,FALSE,TRUE,0.06194281950593,"singlet",TRUE
"control_rep1_GCGATTAGTTAGTGAT-1","control_rep1","control",10446,3501,2.69002488991001,0.172314761631246,11237,3612,TRUE,FALSE,FALSE,FALSE,FALSE,TRUE,0.1959458142519,"singlet",TRUE
"control_rep1_GCGATTTAGTAAAGGT-1","control_rep1","control",2166,1401,2.67774699907664,0.277008310249307,2312,1458,TRUE,FALSE,FALSE,FALSE,FALSE,TRUE,0.0783804729580879,"singlet",TRUE
"control_rep1_GCGCAAACAACTAGAA-1","control_rep1","control",3809,2026,1.33893410343922,0.315043318456288,4494,2376,TRUE,FALSE,FALSE,FALSE,FALSE,TRUE,0.0739206969738007,"singlet",TRUE
"control_rep1_GCGCAAACAAGGTAAC-1","control_rep1","control",2672,1645,1.75898203592814,0.0748502994011976,8549,4528,TRUE,FALSE,FALSE,FALSE,FALSE,TRUE,0.0701717063784599,"singlet",TRUE
"control_rep1_GCGCAAACACCTCAGG-1","control_rep1","control",11386,3625,3.17934305287195,0.412787633936413,12076,3733,TRUE,FALSE,FALSE,FALSE,FALSE,TRUE,0.273222982883453,"singlet",TRUE
"control_rep1_GCGCAAACATAATTGC-1","control_rep1","control",18705,4854,1.23496391339214,0.278000534616413,27880,8599,TRUE,FALSE,FALSE,FALSE,FALSE,TRUE,0.00724665075540543,"singlet",TRUE
"control_rep1_GCGCAAACATCACTTC-1","control_rep1","control",3490,1913,3.49570200573066,0.114613180515759,3599,1958,TRUE,FALSE,FALSE,FALSE,FALSE,TRUE,0.113714627921581,"singlet",TRUE
"control_rep1_GCGCAAACATCAGCAC-1","control_rep1","control",11950,3932,1.84937238493724,0.0334728033472803,12101,3978,TRUE,FALSE,FALSE,FALSE,FALSE,TRUE,0.146335437893867,"singlet",TRUE
"control_rep1_GCGCCTTGTAGGTTAT-1","control_rep1","control",4818,2005,0.99626400996264,0.394354503943545,11546,4972,TRUE,FALSE,FALSE,FALSE,FALSE,TRUE,0.00485297758132219,"singlet",TRUE
"control_rep1_GCGCCTTGTATTGCAG-1","control_rep1","control",1772,1248,1.69300225733634,0,9980,5139,TRUE,FALSE,FALSE,FALSE,FALSE,TRUE,0.00216141156852245,"singlet",TRUE
"control_rep1_GCGCCTTGTTTATGGG-1","control_rep1","control",1754,1203,4.10490307867731,0.228050171037628,1892,1268,TRUE,FALSE,FALSE,FALSE,FALSE,TRUE,0.0029244867619127,"singlet",TRUE
"control_rep1_GCGCGATTCCTAAGTA-1","control_rep1","control",3021,1802,5.36246276067527,0.628930817610063,3192,1866,TRUE,FALSE,FALSE,FALSE,FALSE,TRUE,0.182305112481117,"singlet",TRUE
"control_rep1_GCGCGATTCCTCCATA-1","control_rep1","control",11205,4160,1.94556001784917,0.33913431503793,17017,6939,TRUE,FALSE,FALSE,FALSE,FALSE,TRUE,0.419002085924149,"singlet",TRUE
"control_rep1_GCGCTAGGTGGTTAGC-1","control_rep1","control",4800,2242,1.35416666666667,0.0625,4973,2303,TRUE,FALSE,FALSE,FALSE,FALSE,TRUE,0.163263380527496,"singlet",TRUE
"control_rep1_GCGGAACCAAGGATTA-1","control_rep1","control",26787,5886,1.38126703251577,0.42931272632247,34551,8773,TRUE,FALSE,FALSE,FALSE,FALSE,TRUE,0.0065495977178216,"singlet",TRUE
"control_rep1_GCGGAACCAGAAACGT-1","control_rep1","control",17889,4287,0.82173402649673,0.0559002739113422,18252,4372,TRUE,FALSE,FALSE,FALSE,FALSE,TRUE,0.023227022960782,"singlet",TRUE
"control_rep1_GCGGATACACAATACT-1","control_rep1","control",2959,1706,3.24433930381886,0.168976005407232,3159,1772,TRUE,FALSE,FALSE,FALSE,FALSE,TRUE,0.092115618288517,"singlet",TRUE
"control_rep1_GCGGATACAGCAACAG-1","control_rep1","control",1677,1195,1.37149672033393,0.119260584376863,3472,2113,TRUE,FALSE,FALSE,FALSE,FALSE,TRUE,0.00191162643022835,"singlet",TRUE
"control_rep1_GCGGTTATCAAAGGCA-1","control_rep1","control",4681,2210,1.58085879085665,0.0640888698995941,4858,2273,TRUE,FALSE,FALSE,FALSE,FALSE,TRUE,0.568536460399628,"singlet",TRUE
"control_rep1_GCGGTTGGTCACACCC-1","control_rep1","control",12338,4433,2.28562165667045,0.348516777435565,12861,4582,TRUE,FALSE,FALSE,FALSE,FALSE,TRUE,0.992346405982971,"doublet",FALSE
"control_rep1_GCGGTTGGTGACATAT-1","control_rep1","control",35799,6643,1.13410989133775,0.0893879717310539,46705,11330,TRUE,FALSE,FALSE,FALSE,FALSE,TRUE,0.165401324629784,"singlet",TRUE
"control_rep1_GCGGTTGGTGGATGTC-1","control_rep1","control",6391,2925,2.22187451103114,0.140823032389297,7388,3375,TRUE,FALSE,FALSE,FALSE,FALSE,TRUE,0.214420229196548,"singlet",TRUE
"control_rep1_GCGGTTGGTGTTTGAG-1","control_rep1","control",5322,2799,2.10447200300639,0.131529500187899,13077,6380,TRUE,FALSE,FALSE,FALSE,FALSE,TRUE,0.277653604745865,"singlet",TRUE
"control_rep1_GCGGTTGGTTTACTTG-1","control_rep1","control",16198,4413,2.02494135078405,0.111124830225954,16520,4518,TRUE,FALSE,FALSE,FALSE,FALSE,TRUE,0.566941201686859,"singlet",TRUE
"control_rep1_GCGTAACGTAGCTGCG-1","control_rep1","control",9119,3765,2.47834192345652,0.493475161750192,16030,6941,TRUE,FALSE,FALSE,FALSE,FALSE,TRUE,0.970974266529083,"doublet",FALSE
"control_rep1_GCGTGCTAGCAACATC-1","control_rep1","control",1659,1215,3.91802290536468,0.241109101868596,3288,2055,TRUE,FALSE,FALSE,FALSE,FALSE,TRUE,0.00290800258517265,"singlet",TRUE
"control_rep1_GCGTGCTAGCTGGAAA-1","control_rep1","control",5111,2598,2.07395812952455,0.0391312854627274,22099,9725,TRUE,FALSE,FALSE,FALSE,FALSE,TRUE,0.158578962087631,"singlet",TRUE
"control_rep1_GCGTTTCTCCGGTTGA-1","control_rep1","control",2361,1406,1.143583227446,0.0423549343498518,7956,4203,TRUE,FALSE,FALSE,FALSE,FALSE,TRUE,0.00103014393243939,"singlet",TRUE
"control_rep1_GCTAACCCAACCGCCA-1","control_rep1","control",2400,1531,2.70833333333333,0.583333333333333,10153,5233,TRUE,FALSE,FALSE,FALSE,FALSE,TRUE,0.00288993283174932,"singlet",TRUE
"control_rep1_GCTAACCCAATAGCCC-1","control_rep1","control",2145,1328,4.52214452214452,0.932400932400932,2378,1398,TRUE,FALSE,FALSE,FALSE,FALSE,TRUE,0.00204461067914963,"singlet",TRUE
"control_rep1_GCTAACCCAGAGGCTA-1","control_rep1","control",3995,2251,2.37797246558198,0.500625782227785,6747,3624,TRUE,FALSE,FALSE,FALSE,FALSE,TRUE,0.141512140631676,"singlet",TRUE
"control_rep1_GCTAACCCAGTCTATG-1","control_rep1","control",3540,2175,1.38418079096045,0.112994350282486,12383,6418,TRUE,FALSE,FALSE,FALSE,FALSE,TRUE,0.57402753829956,"singlet",TRUE
"control_rep1_GCTAACCCATAGACCC-1","control_rep1","control",2728,1707,11.1803519061584,1.17302052785924,3278,1809,TRUE,FALSE,FALSE,FALSE,TRUE,FALSE,NA,"not_tested_QC_fail",FALSE
"control_rep1_GCTAAGAAGGCGCATC-1","control_rep1","control",7506,3264,1.86517452704503,0.0932587263522515,8706,3763,TRUE,FALSE,FALSE,FALSE,FALSE,TRUE,0.157697454094887,"singlet",TRUE
"control_rep1_GCTAAGAAGGGTGAGT-1","control_rep1","control",1519,1029,0.592495062541145,0.197498354180382,4751,2734,TRUE,FALSE,FALSE,FALSE,FALSE,TRUE,0.000692703062668443,"singlet",TRUE
"control_rep1_GCTAAGAAGTTATTCC-1","control_rep1","control",1660,1150,7.10843373493976,0.120481927710843,11785,5740,TRUE,FALSE,FALSE,FALSE,FALSE,TRUE,0.00290368520654738,"singlet",TRUE
"control_rep1_GCTAAGCGTCATTGAG-1","control_rep1","control",1830,1207,1.14754098360656,0.0546448087431694,17508,7818,TRUE,FALSE,FALSE,FALSE,FALSE,TRUE,0.000985604827292264,"singlet",TRUE
"control_rep1_GCTAAGCGTGATCAGC-1","control_rep1","control",3586,1995,2.59341885108756,0.0557724484104852,17813,8096,TRUE,FALSE,FALSE,FALSE,FALSE,TRUE,0.00684465887024999,"singlet",TRUE
"control_rep1_GCTAAGCGTTTGCGCC-1","control_rep1","control",3560,1958,4.80337078651685,0.0280898876404494,3724,2015,TRUE,FALSE,FALSE,FALSE,FALSE,TRUE,0.0249328557401896,"singlet",TRUE
"control_rep1_GCTAAGCGTTTGGCTT-1","control_rep1","control",1809,1173,4.25649530127142,0.221116639027087,1994,1246,TRUE,FALSE,FALSE,FALSE,FALSE,TRUE,0.00260411039926112,"singlet",TRUE
"control_rep1_GCTAAGTTCCATCAGG-1","control_rep1","control",2265,1538,2.86975717439294,0.132450331125828,2510,1643,TRUE,FALSE,FALSE,FALSE,FALSE,TRUE,0.00494868541136384,"singlet",TRUE
"control_rep1_GCTAATATCAAAGGCA-1","control_rep1","control",11157,3722,1.25481760329838,0.0358519315228108,11713,3827,TRUE,FALSE,FALSE,FALSE,FALSE,TRUE,0.0991540476679802,"singlet",TRUE
"control_rep1_GCTAATATCAATACGC-1","control_rep1","control",7140,2729,2.38095238095238,0.126050420168067,7332,2803,TRUE,FALSE,FALSE,FALSE,FALSE,TRUE,0.0790965706110001,"singlet",TRUE
"control_rep1_GCTAGCGGTAATCCCT-1","control_rep1","control",6206,2836,1.5146632291331,0.0966806316467934,34335,12868,TRUE,FALSE,FALSE,FALSE,FALSE,TRUE,0.0119573175907135,"singlet",TRUE
"control_rep1_GCTAGCGGTGACATGC-1","control_rep1","control",7256,2656,1.8329658213892,0.110253583241455,7506,2737,TRUE,FALSE,FALSE,FALSE,FALSE,TRUE,0.0060673919506371,"singlet",TRUE
"control_rep1_GCTAGCGGTGATGATT-1","control_rep1","control",13964,4016,1.56831853337153,0.443998854196505,27252,9365,TRUE,FALSE,FALSE,FALSE,FALSE,TRUE,0.029168026521802,"singlet",TRUE
"control_rep1_GCTAGCTCAAAGCGGC-1","control_rep1","control",1135,863,3.9647577092511,0.26431718061674,4204,2435,TRUE,FALSE,FALSE,FALSE,FALSE,TRUE,0.00143915531225502,"singlet",TRUE
"control_rep1_GCTAGCTCAACACCTA-1","control_rep1","control",4688,1954,3.15699658703072,0.0853242320819113,4822,2002,TRUE,FALSE,FALSE,FALSE,FALSE,TRUE,0.0192263815551996,"singlet",TRUE
"control_rep1_GCTAGCTCAATTAACC-1","control_rep1","control",1131,872,4.59770114942529,1.23784261715296,1962,1244,TRUE,FALSE,FALSE,FALSE,FALSE,TRUE,0.00258583226241171,"singlet",TRUE
"control_rep1_GCTAGCTCATAATTGC-1","control_rep1","control",14984,4470,2.20902295782168,0.120128136679124,15434,4579,TRUE,FALSE,FALSE,FALSE,FALSE,TRUE,0.19451804459095,"singlet",TRUE
"control_rep1_GCTAGTGTCAGGCTAT-1","control_rep1","control",756,578,8.86243386243386,0.264550264550265,1170,773,FALSE,FALSE,FALSE,FALSE,FALSE,TRUE,0.00273240357637405,"singlet",TRUE
"control_rep1_GCTATAGGTGCATTAG-1","control_rep1","control",1007,761,5.16385302879841,0.496524329692155,5011,2694,TRUE,FALSE,FALSE,FALSE,FALSE,TRUE,0.00205722870305181,"singlet",TRUE
"control_rep1_GCTATAGGTTGTTGTC-1","control_rep1","control",3551,1812,1.40805406927626,0.0281610813855252,3659,1855,TRUE,FALSE,FALSE,FALSE,FALSE,TRUE,0.00243216892704368,"singlet",TRUE
"control_rep1_GCTATCCTCATTGTCT-1","control_rep1","control",3990,2202,2.83208020050125,0.37593984962406,4204,2268,TRUE,FALSE,FALSE,FALSE,FALSE,TRUE,0.0142364045605063,"singlet",TRUE
"control_rep1_GCTATCCTCTACTAAG-1","control_rep1","control",6037,2498,1.4908066920656,0.14908066920656,6234,2556,TRUE,FALSE,FALSE,FALSE,FALSE,TRUE,0.0383901633322239,"singlet",TRUE
"control_rep1_GCTATTGCAACTCGCG-1","control_rep1","control",3870,1809,2.22222222222222,0.0516795865633075,4028,1865,TRUE,FALSE,FALSE,FALSE,FALSE,TRUE,0.00620866101235151,"singlet",TRUE
"control_rep1_GCTATTGCACACAATT-1","control_rep1","control",1182,799,7.69881556683587,1.01522842639594,2700,925,TRUE,FALSE,FALSE,FALSE,FALSE,TRUE,0.00162710598669946,"singlet",TRUE
"control_rep1_GCTATTGCACCAGGTT-1","control_rep1","control",2464,1583,5.84415584415584,0.405844155844156,2759,1684,TRUE,FALSE,FALSE,FALSE,FALSE,TRUE,0.0255589354783297,"singlet",TRUE
"control_rep1_GCTCAACCAATATAGG-1","control_rep1","control",5653,2508,1.68052361577923,0.106138333628162,5866,2588,TRUE,FALSE,FALSE,FALSE,FALSE,TRUE,0.0849194526672363,"singlet",TRUE
"control_rep1_GCTCACAAGAACAAGT-1","control_rep1","control",3126,1960,1.31158029430582,0.255918106206014,6172,3521,TRUE,FALSE,FALSE,FALSE,FALSE,TRUE,0.0152278430759907,"singlet",TRUE
"control_rep1_GCTCACAAGCACGATT-1","control_rep1","control",13244,3814,0.981576562971912,0.0604047115675023,13450,3882,TRUE,FALSE,FALSE,FALSE,FALSE,TRUE,0.0130758294835687,"singlet",TRUE
"control_rep1_GCTCACAAGCGGATTT-1","control_rep1","control",3378,1750,2.45707519242155,0.207223208999408,3503,1803,TRUE,FALSE,FALSE,FALSE,FALSE,TRUE,0.00212598568759859,"singlet",TRUE
"control_rep1_GCTCACAAGTAACCAC-1","control_rep1","control",1563,1165,3.39091490722969,0.383877159309021,4517,2686,TRUE,FALSE,FALSE,FALSE,FALSE,TRUE,0.00178075826261193,"singlet",TRUE
"control_rep1_GCTCACAAGTCATTTC-1","control_rep1","control",1976,1352,7.13562753036437,0,2237,1447,TRUE,FALSE,FALSE,FALSE,FALSE,TRUE,0.00153675046749413,"singlet",TRUE
"control_rep1_GCTCGATCAAACTGTT-1","control_rep1","control",951,762,3.15457413249211,0.315457413249211,4427,2477,TRUE,FALSE,FALSE,FALSE,FALSE,TRUE,0.0019854863639921,"singlet",TRUE
"control_rep1_GCTCGATCAACTAGAA-1","control_rep1","control",1283,922,5.68978955572876,1.63678877630553,1586,1001,TRUE,FALSE,FALSE,FALSE,FALSE,TRUE,0.00148965278640389,"singlet",TRUE
"control_rep1_GCTCTGGCACCAGGTT-1","control_rep1","control",4474,2383,1.29637907912383,0.134108180599017,24953,10665,TRUE,FALSE,FALSE,FALSE,FALSE,TRUE,0.00317663932219148,"singlet",TRUE
"control_rep1_GCTCTGGCAGCAAATA-1","control_rep1","control",9857,3419,1.21740894795577,0.0405802982651923,10051,3490,TRUE,FALSE,FALSE,FALSE,FALSE,TRUE,0.139218971133232,"singlet",TRUE
"control_rep1_GCTCTGGCAGGCGAGT-1","control_rep1","control",5458,2682,4.69036277024551,0.311469402711616,16828,7869,TRUE,FALSE,FALSE,FALSE,FALSE,TRUE,0.0925072431564331,"singlet",TRUE
"control_rep1_GCTCTGGCAGGTTCAC-1","control_rep1","control",2615,1589,6.50095602294455,3.40344168260038,3018,1676,TRUE,FALSE,FALSE,FALSE,FALSE,TRUE,0.00316595355980098,"singlet",TRUE
"control_rep1_GCTGACCAGCCATCAG-1","control_rep1","control",1490,1074,1.0738255033557,0.335570469798658,5482,3145,TRUE,FALSE,FALSE,FALSE,FALSE,TRUE,0.00289475824683905,"singlet",TRUE
"control_rep1_GCTGACCAGGCCAATT-1","control_rep1","control",4941,2599,5.62639141874115,0.526209269378668,5374,2766,TRUE,FALSE,FALSE,FALSE,FALSE,TRUE,0.330718964338303,"singlet",TRUE
"control_rep1_GCTGAGGAGAATCGCT-1","control_rep1","control",8337,3983,2.77078085642317,0.131941945543961,10695,5179,TRUE,FALSE,FALSE,FALSE,FALSE,TRUE,0.842369496822357,"doublet",FALSE
"control_rep1_GCTGAGGAGTAAGTGG-1","control_rep1","control",5490,2435,1.03825136612022,0.0546448087431694,5581,2472,TRUE,FALSE,FALSE,FALSE,FALSE,TRUE,0.0176475383341312,"singlet",TRUE
"control_rep1_GCTGATCCAATGCGCT-1","control_rep1","control",3523,2055,5.56344024978711,0.567697984672154,3810,2150,TRUE,FALSE,FALSE,FALSE,FALSE,TRUE,0.188812166452408,"singlet",TRUE
"control_rep1_GCTGCAATCGAGCTAT-1","control_rep1","control",2605,1617,2.41842610364683,0.230326295585413,16441,7725,TRUE,FALSE,FALSE,FALSE,FALSE,TRUE,0.00115901837125421,"singlet",TRUE
"control_rep1_GCTGCAATCGCTAGAT-1","control_rep1","control",19370,5057,3.56737222509035,0.0567888487351575,27861,8948,TRUE,FALSE,FALSE,FALSE,FALSE,TRUE,0.266038239002228,"singlet",TRUE
"control_rep1_GCTGCATCATCCCTCA-1","control_rep1","control",15887,4820,3.16611065651161,0.490967457669793,20076,6374,TRUE,FALSE,FALSE,FALSE,FALSE,TRUE,0.288237571716309,"singlet",TRUE
"control_rep1_GCTGGATGTCATCCTG-1","control_rep1","control",774,627,2.84237726098191,0.129198966408269,3544,2034,TRUE,FALSE,FALSE,FALSE,FALSE,TRUE,0.00291002751328051,"singlet",TRUE
"control_rep1_GCTGGATGTTGTAACG-1","control_rep1","control",11290,3629,1.08060230292294,0.115146147032772,11399,3666,TRUE,FALSE,FALSE,FALSE,FALSE,TRUE,0.04218715056777,"singlet",TRUE
"control_rep1_GCTGGTTCAACTCGCG-1","control_rep1","control",1496,1113,2.87433155080214,0.53475935828877,2372,1569,TRUE,FALSE,FALSE,FALSE,FALSE,TRUE,0.00189125537872314,"singlet",TRUE
"control_rep1_GCTGGTTCAATCTCTC-1","control_rep1","control",3030,1877,2.24422442244224,0.165016501650165,11496,5944,TRUE,FALSE,FALSE,FALSE,FALSE,TRUE,0.00125849130563438,"singlet",TRUE
"control_rep1_GCTGGTTCAGTAAAGC-1","control_rep1","control",49746,7640,0.985003819402565,0.182929280746191,61997,12673,FALSE,FALSE,FALSE,FALSE,FALSE,TRUE,0.0988492295145988,"singlet",TRUE
"control_rep1_GCTGTAAGTAGCTAAT-1","control_rep1","control",2527,1539,3.95726157499011,1.46418678274634,2993,1707,TRUE,FALSE,FALSE,FALSE,FALSE,TRUE,0.130727529525757,"singlet",TRUE
"control_rep1_GCTGTGCAGAGCCGCT-1","control_rep1","control",7823,2805,3.74536622778985,0.230090758021219,8007,2867,TRUE,FALSE,FALSE,FALSE,FALSE,TRUE,0.0032548529561609,"singlet",TRUE
"control_rep1_GCTGTGCAGCATTAGC-1","control_rep1","control",2187,1386,0.914494741655235,0.137174211248285,3000,1798,TRUE,FALSE,FALSE,FALSE,FALSE,TRUE,0.0030497801490128,"singlet",TRUE
"control_rep1_GCTTAAATCATGCTAA-1","control_rep1","control",4874,2683,2.58514567090685,0.0820681165367255,16345,7904,TRUE,FALSE,FALSE,FALSE,FALSE,TRUE,0.950424373149872,"doublet",FALSE
"control_rep1_GCTTAAATCCTCCATA-1","control_rep1","control",1724,1253,3.48027842227378,0.232018561484919,3137,1955,TRUE,FALSE,FALSE,FALSE,FALSE,TRUE,0.00369101669639349,"singlet",TRUE
"control_rep1_GCTTAAATCCTCGATC-1","control_rep1","control",3902,2132,3.5366478728857,0.256278831368529,4365,2261,TRUE,FALSE,FALSE,FALSE,FALSE,TRUE,0.180440947413445,"singlet",TRUE
"control_rep1_GCTTAAATCGTTAGTA-1","control_rep1","control",1276,961,3.6833855799373,0.391849529780564,2025,1332,TRUE,FALSE,FALSE,FALSE,FALSE,TRUE,0.00130437803454697,"singlet",TRUE
"control_rep1_GCTTAAATCTTAGTCT-1","control_rep1","control",4634,2625,5.63228312473025,0.345274061286146,6902,3761,TRUE,FALSE,FALSE,FALSE,FALSE,TRUE,0.0162175241857767,"singlet",TRUE
"control_rep1_GCTTAACAGGTGAAGC-1","control_rep1","control",2948,1378,1.28900949796472,0,3152,1442,TRUE,FALSE,FALSE,FALSE,FALSE,TRUE,0.00142432097345591,"singlet",TRUE
"control_rep1_GCTTAACAGTTGGCCA-1","control_rep1","control",4412,2115,3.08250226654578,0.0906618313689937,4550,2167,TRUE,FALSE,FALSE,FALSE,FALSE,TRUE,0.0953050777316093,"singlet",TRUE
"control_rep1_GCTTACCTCACTAGGT-1","control_rep1","control",1203,920,1.91188694929343,0,11480,5480,TRUE,FALSE,FALSE,FALSE,FALSE,TRUE,0.00154499104246497,"singlet",TRUE
"control_rep1_GCTTACCTCATGGTGT-1","control_rep1","control",7143,2860,2.29595408091838,0.153996920061599,7423,2941,TRUE,FALSE,FALSE,FALSE,FALSE,TRUE,0.0108059896156192,"singlet",TRUE
"control_rep1_GCTTACCTCTCACATT-1","control_rep1","control",9928,3353,1.96414182111201,0.130942788074134,10639,3459,TRUE,FALSE,FALSE,FALSE,FALSE,TRUE,0.0872798189520836,"singlet",TRUE
"control_rep1_GCTTAGTAGCAAGGTA-1","control_rep1","control",3662,1875,2.10267613326051,0.382304751501912,3981,1991,TRUE,FALSE,FALSE,FALSE,FALSE,TRUE,0.107639662921429,"singlet",TRUE
"control_rep1_GCTTAGTAGGGTTAGA-1","control_rep1","control",1469,1125,2.58679373723622,0.068073519400953,13535,6569,TRUE,FALSE,FALSE,FALSE,FALSE,TRUE,0.00337776611559093,"singlet",TRUE
"control_rep1_GCTTATCGTGGACCTG-1","control_rep1","control",3536,1975,4.21380090497738,0.339366515837104,4134,2071,TRUE,FALSE,FALSE,FALSE,FALSE,TRUE,0.077976182103157,"singlet",TRUE
"control_rep1_GCTTATCGTTGTTGGA-1","control_rep1","control",6984,2814,2.80641466208476,0.0143184421534937,7210,2888,TRUE,FALSE,FALSE,FALSE,FALSE,TRUE,0.0545234531164169,"singlet",TRUE
"control_rep1_GCTTCGCGTCATGCAA-1","control_rep1","control",1206,904,1.32669983416252,0,3484,2057,TRUE,FALSE,FALSE,FALSE,FALSE,TRUE,0.000741354655474424,"singlet",TRUE
"control_rep1_GCTTGACCACTAAGAA-1","control_rep1","control",3483,1770,1.26327878265863,0.200976169968418,3687,1832,TRUE,FALSE,FALSE,FALSE,FALSE,TRUE,0.00374208064749837,"singlet",TRUE
"control_rep1_GCTTGACCACTGACCG-1","control_rep1","control",5174,2452,2.68650947042907,0.0579822187862389,5298,2505,TRUE,FALSE,FALSE,FALSE,FALSE,TRUE,0.0746703147888184,"singlet",TRUE
"control_rep1_GCTTGACCATTTAAGC-1","control_rep1","control",13383,4600,1.35246207875663,0.134498991257566,31495,11814,TRUE,FALSE,FALSE,FALSE,FALSE,TRUE,0.998261511325836,"doublet",FALSE
"control_rep1_GCTTGTTGTGATGATT-1","control_rep1","control",1880,1298,2.28723404255319,0.0531914893617021,8984,4811,TRUE,FALSE,FALSE,FALSE,FALSE,TRUE,0.000668610911816359,"singlet",TRUE
"control_rep1_GCTTGTTGTGGTGAGA-1","control_rep1","control",1342,1027,2.38450074515648,0.14903129657228,4626,2748,TRUE,FALSE,FALSE,FALSE,FALSE,TRUE,0.00187044451013207,"singlet",TRUE
"control_rep1_GCTTTATTCACCTGTC-1","control_rep1","control",4710,2241,2.56900212314225,0.0636942675159236,4831,2285,TRUE,FALSE,FALSE,FALSE,FALSE,TRUE,0.00976916868239641,"singlet",TRUE
"control_rep1_GCTTTATTCGAAGTGA-1","control_rep1","control",4786,2282,3.71918094442123,0.188048474717927,5250,2419,TRUE,FALSE,FALSE,FALSE,FALSE,TRUE,0.0240338258445263,"singlet",TRUE
"control_rep1_GCTTTCATCAGCCAAT-1","control_rep1","control",4096,2260,1.0986328125,0.2685546875,15693,7474,TRUE,FALSE,FALSE,FALSE,FALSE,TRUE,0.292280226945877,"singlet",TRUE
"control_rep1_GCTTTCATCCGCACAA-1","control_rep1","control",1432,1005,3.84078212290503,0.977653631284916,1597,1058,TRUE,FALSE,FALSE,FALSE,FALSE,TRUE,0.00383880035951734,"singlet",TRUE
"control_rep1_GCTTTGTGTTGCGGAT-1","control_rep1","control",10671,3612,0.834036172804798,0.093711929528629,12181,4288,TRUE,FALSE,FALSE,FALSE,FALSE,TRUE,0.244677975773811,"singlet",TRUE
"control_rep1_GGAAACTCACGAATTT-1","control_rep1","control",13190,3871,1.73616376042456,0.242608036391205,14094,3982,TRUE,FALSE,FALSE,FALSE,FALSE,TRUE,0.33426433801651,"singlet",TRUE
"control_rep1_GGAAACTCATTAGGCC-1","control_rep1","control",3001,1724,1.33288903698767,0.0999666777740753,12577,6162,TRUE,FALSE,FALSE,FALSE,FALSE,TRUE,0.00814675260335207,"singlet",TRUE
"control_rep1_GGAACAATCAACCAAC-1","control_rep1","control",6493,3042,1.87894655783151,0.292622824580317,11229,5384,TRUE,FALSE,FALSE,FALSE,FALSE,TRUE,0.340893298387527,"singlet",TRUE
"control_rep1_GGAACAATCATGCGTG-1","control_rep1","control",3024,1843,2.57936507936508,0.42989417989418,22359,9748,TRUE,FALSE,FALSE,FALSE,FALSE,TRUE,0.647881269454956,"singlet",TRUE
"control_rep1_GGAACAATCCTCCATA-1","control_rep1","control",8013,3108,3.40696368401348,0.386871334082117,9100,3226,TRUE,FALSE,FALSE,FALSE,FALSE,TRUE,0.391986042261124,"singlet",TRUE
"control_rep1_GGAACAATCCTCGATC-1","control_rep1","control",5064,2001,1.22432859399684,0.0592417061611374,5354,2082,TRUE,FALSE,FALSE,FALSE,FALSE,TRUE,0.0159534458070993,"singlet",TRUE
"control_rep1_GGAACCTGTCACAGAC-1","control_rep1","control",5022,2614,2.40939864595779,0.0995619275189168,7688,3947,TRUE,FALSE,FALSE,FALSE,FALSE,TRUE,0.78563529253006,"doublet",FALSE
"control_rep1_GGAACCTGTCCGGTTC-1","control_rep1","control",6113,2859,16.8002617372812,0.703418943235727,12993,5336,TRUE,FALSE,FALSE,FALSE,TRUE,FALSE,NA,"not_tested_QC_fail",FALSE
"control_rep1_GGAACCTGTTGGCGTG-1","control_rep1","control",2018,1365,0.941526263627354,0,20104,8830,TRUE,FALSE,FALSE,FALSE,FALSE,TRUE,0.00231814361177385,"singlet",TRUE
"control_rep1_GGAACTAAGACAAACG-1","control_rep1","control",2108,1453,1.89753320683112,0.142314990512334,9024,4815,TRUE,FALSE,FALSE,FALSE,FALSE,TRUE,0.0057933870702982,"singlet",TRUE
"control_rep1_GGAACTAAGCATTAGC-1","control_rep1","control",8974,3966,3.61043013149097,0.735457989748161,23773,10160,TRUE,FALSE,FALSE,FALSE,FALSE,TRUE,0.464150667190552,"singlet",TRUE
"control_rep1_GGAACTAAGGACCTGC-1","control_rep1","control",7375,3136,2.92881355932203,1.05762711864407,9633,4251,TRUE,FALSE,FALSE,FALSE,FALSE,TRUE,0.994476616382599,"doublet",FALSE
"control_rep1_GGAACTAAGTGAACCT-1","control_rep1","control",1766,1233,4.86976217440544,0.169875424688562,10475,5429,TRUE,FALSE,FALSE,FALSE,FALSE,TRUE,0.0006722864927724,"singlet",TRUE
"control_rep1_GGAAGCTAGTCAATCA-1","control_rep1","control",1978,1362,2.47724974721941,0.151668351870576,9563,4925,TRUE,FALSE,FALSE,FALSE,FALSE,TRUE,0.00321494066156447,"singlet",TRUE
"control_rep1_GGAAGCTAGTGACCTG-1","control_rep1","control",3344,1708,3.67822966507177,0.0598086124401914,3665,1784,TRUE,FALSE,FALSE,FALSE,FALSE,TRUE,0.0541544295847416,"singlet",TRUE
"control_rep1_GGAAGTATCCGGTTGA-1","control_rep1","control",3405,1916,2.40822320117474,0.0587371512481645,7699,3953,TRUE,FALSE,FALSE,FALSE,FALSE,TRUE,0.00367600214667618,"singlet",TRUE
"control_rep1_GGAATCTTCAAGTGTC-1","control_rep1","control",1964,1205,7.28105906313646,1.06924643584521,2655,1323,TRUE,FALSE,FALSE,FALSE,FALSE,TRUE,0.00225522788241506,"singlet",TRUE
"control_rep1_GGACAGCCACAATGTT-1","control_rep1","control",3720,2015,16.4516129032258,0.241935483870968,7359,3874,TRUE,FALSE,FALSE,FALSE,TRUE,FALSE,NA,"not_tested_QC_fail",FALSE
"control_rep1_GGACAGCCAGCACGAA-1","control_rep1","control",6224,2766,1.94408740359897,0.208868894601542,6322,2806,TRUE,FALSE,FALSE,FALSE,FALSE,TRUE,0.930091202259064,"doublet",FALSE
"control_rep1_GGACAGCCATCATGGC-1","control_rep1","control",2576,1580,2.91149068322981,0.116459627329193,2718,1634,TRUE,FALSE,FALSE,FALSE,FALSE,TRUE,0.00268857344053686,"singlet",TRUE
"control_rep1_GGACATAAGCTCCCTG-1","control_rep1","control",1680,1188,2.55952380952381,0.654761904761905,3581,2175,TRUE,FALSE,FALSE,FALSE,FALSE,TRUE,0.00298992334865034,"singlet",TRUE
"control_rep1_GGACATAAGGTCAAAG-1","control_rep1","control",2372,1524,1.01180438448567,0.0421585160202361,6393,3535,TRUE,FALSE,FALSE,FALSE,FALSE,TRUE,0.115561798214912,"singlet",TRUE
"control_rep1_GGACCGAAGGACCGCT-1","control_rep1","control",11407,3758,2.15657052686947,0.0613658280003507,11728,3841,TRUE,FALSE,FALSE,FALSE,FALSE,TRUE,0.407532095909119,"singlet",TRUE
"control_rep1_GGACCGAAGGGTGAGT-1","control_rep1","control",3512,1849,2.50569476082005,0.142369020501139,3711,1918,TRUE,FALSE,FALSE,FALSE,FALSE,TRUE,0.00490368576720357,"singlet",TRUE
"control_rep1_GGACCGAAGGTCCTAG-1","control_rep1","control",19734,5627,1.80399310834093,0.233100233100233,28964,9720,TRUE,FALSE,FALSE,FALSE,FALSE,TRUE,0.419376522302628,"singlet",TRUE
"control_rep1_GGACCGAAGTCATGCG-1","control_rep1","control",1062,686,20.8097928436911,0.282485875706215,1232,751,FALSE,FALSE,FALSE,FALSE,TRUE,FALSE,NA,"not_tested_QC_fail",FALSE
"control_rep1_GGACCTCAGTAGCGCC-1","control_rep1","control",996,638,20.8835341365462,1.60642570281124,2461,1175,TRUE,FALSE,FALSE,FALSE,TRUE,FALSE,NA,"not_tested_QC_fail",FALSE
"control_rep1_GGACCTCAGTTTCCTG-1","control_rep1","control",5086,2834,3.28352339756193,0.5505308690523,9295,5030,TRUE,FALSE,FALSE,FALSE,FALSE,TRUE,0.986590504646301,"doublet",FALSE
"control_rep1_GGACGGATCCCAGTAG-1","control_rep1","control",1585,1115,5.11041009463722,0.126182965299685,2739,1731,TRUE,FALSE,FALSE,FALSE,FALSE,TRUE,0.000769580015912652,"singlet",TRUE
"control_rep1_GGACGGATCCGCAACA-1","control_rep1","control",5917,2833,2.65337164103431,0.574615514618895,6095,2897,TRUE,FALSE,FALSE,FALSE,FALSE,TRUE,0.441898733377457,"singlet",TRUE
"control_rep1_GGACTAAAGGACGTAA-1","control_rep1","control",6132,2721,1.7938682322244,0.293542074363992,12431,5544,TRUE,FALSE,FALSE,FALSE,FALSE,TRUE,0.390282571315765,"singlet",TRUE
"control_rep1_GGAGCAAGTATTCGTC-1","control_rep1","control",94998,10728,1.19055138002905,0.187372365734015,155879,25162,FALSE,FALSE,FALSE,FALSE,FALSE,TRUE,0.286622405052185,"singlet",TRUE
"control_rep1_GGAGCAAGTCAAGTAT-1","control_rep1","control",2537,1409,4.72999605833662,0.0394166338194718,2673,1463,TRUE,FALSE,FALSE,FALSE,FALSE,TRUE,0.00409023882821202,"singlet",TRUE
"control_rep1_GGAGCATAGTGTTGCG-1","control_rep1","control",3606,1902,1.74708818635607,0,3981,2072,TRUE,FALSE,FALSE,FALSE,FALSE,TRUE,0.201233834028244,"singlet",TRUE
"control_rep1_GGAGGTTAGCTTACTT-1","control_rep1","control",5343,2432,2.37694179300019,0.318173310874041,5818,2536,TRUE,FALSE,FALSE,FALSE,FALSE,TRUE,0.207518324255943,"singlet",TRUE
"control_rep1_GGAGTCTGTCCTAATC-1","control_rep1","control",3948,2001,1.87436676798379,0.0253292806484296,4133,2059,TRUE,FALSE,FALSE,FALSE,FALSE,TRUE,0.0235186778008938,"singlet",TRUE
"control_rep1_GGAGTCTGTCTTGCAT-1","control_rep1","control",2892,1440,0.760719225449516,0.276625172890733,3003,1486,TRUE,FALSE,FALSE,FALSE,FALSE,TRUE,0.0049429782666266,"singlet",TRUE
"control_rep1_GGAGTCTGTTCACTGT-1","control_rep1","control",4783,2247,3.13610704578716,0.0627221409157433,10816,5243,TRUE,FALSE,FALSE,FALSE,FALSE,TRUE,0.00639974186196923,"singlet",TRUE
"control_rep1_GGAGTGAGTACGGTAC-1","control_rep1","control",1186,829,2.69814502529511,1.26475548060708,1396,894,TRUE,FALSE,FALSE,FALSE,FALSE,TRUE,0.0042003127746284,"singlet",TRUE
"control_rep1_GGAGTGAGTCAAAGGG-1","control_rep1","control",7565,3080,2.19431592861864,0.436219431592862,12712,5132,TRUE,FALSE,FALSE,FALSE,FALSE,TRUE,0.260668903589249,"singlet",TRUE
"control_rep1_GGAGTGAGTGTGAGGA-1","control_rep1","control",3067,1578,1.89109879360939,0.554287577437235,3174,1615,TRUE,FALSE,FALSE,FALSE,FALSE,TRUE,0.00348216970451176,"singlet",TRUE
"control_rep1_GGATAACCAAGGAATC-1","control_rep1","control",21031,5332,3.86096714374019,0.152156340640008,22389,5457,TRUE,FALSE,FALSE,FALSE,FALSE,TRUE,0.39252382516861,"singlet",TRUE
"control_rep1_GGATAACCAGTTGCGT-1","control_rep1","control",3438,2142,2.03606748109366,0.261780104712042,9112,4942,TRUE,FALSE,FALSE,FALSE,FALSE,TRUE,0.880957067012787,"doublet",FALSE
"control_rep1_GGATACTTCAAGCCTG-1","control_rep1","control",3655,1770,2.7359781121751,0.574555403556772,4029,1867,TRUE,FALSE,FALSE,FALSE,FALSE,TRUE,0.0488229095935822,"singlet",TRUE
"control_rep1_GGATACTTCGCCTGTT-1","control_rep1","control",12429,3900,3.26655402687264,0.136776892750825,13389,4021,TRUE,FALSE,FALSE,FALSE,FALSE,TRUE,0.0518506355583668,"singlet",TRUE
"control_rep1_GGATATTGTAGTTAAC-1","control_rep1","control",7192,3085,1.69632925472747,0.139043381535039,7640,3270,TRUE,FALSE,FALSE,FALSE,FALSE,TRUE,0.689305365085602,"singlet",TRUE
"control_rep1_GGATATTGTCGAAGTC-1","control_rep1","control",1332,982,1.12612612612613,0.225225225225225,8596,4499,TRUE,FALSE,FALSE,FALSE,FALSE,TRUE,0.0018165506189689,"singlet",TRUE
"control_rep1_GGATATTGTTAGGACC-1","control_rep1","control",28627,5696,0.859328605861599,0.0943165543018828,31826,6903,TRUE,FALSE,FALSE,FALSE,FALSE,TRUE,0.015085163526237,"singlet",TRUE
"control_rep1_GGATGAATCCTAAGAC-1","control_rep1","control",7818,3113,1.44538245075467,0.0639549756971092,8170,3198,TRUE,FALSE,FALSE,FALSE,FALSE,TRUE,0.381935685873032,"singlet",TRUE
"control_rep1_GGATGAATCCTGAATA-1","control_rep1","control",2481,1543,0.927045546150746,0.120918984280532,13162,6299,TRUE,FALSE,FALSE,FALSE,FALSE,TRUE,0.00129328912589699,"singlet",TRUE
"control_rep1_GGATGGCCAAAGGTAC-1","control_rep1","control",1535,1088,1.43322475570033,0.130293159609121,5886,3258,TRUE,FALSE,FALSE,FALSE,FALSE,TRUE,0.00211385078728199,"singlet",TRUE
"control_rep1_GGATGTAAGAAACTGG-1","control_rep1","control",9417,3441,3.23882340448126,0.48847828395455,9968,3537,TRUE,FALSE,FALSE,FALSE,FALSE,TRUE,0.535039782524109,"singlet",TRUE
"control_rep1_GGATGTAAGACACCGC-1","control_rep1","control",2736,1649,2.33918128654971,0.43859649122807,2854,1688,TRUE,FALSE,FALSE,FALSE,FALSE,TRUE,0.0756548717617989,"singlet",TRUE
"control_rep1_GGATGTAAGAGAAGGG-1","control_rep1","control",1701,1183,1.70487948265726,0.0587889476778366,9500,4634,TRUE,FALSE,FALSE,FALSE,FALSE,TRUE,0.000687541789375246,"singlet",TRUE
"control_rep1_GGATGTAAGTTTGGTA-1","control_rep1","control",1685,1215,1.48367952522255,0,17776,7984,TRUE,FALSE,FALSE,FALSE,FALSE,TRUE,0.00388779351487756,"singlet",TRUE
"control_rep1_GGATTATGTAGGTGTC-1","control_rep1","control",3709,2037,2.48045295227824,0.0808843354003775,14866,7208,TRUE,FALSE,FALSE,FALSE,FALSE,TRUE,0.00189720804337412,"singlet",TRUE
"control_rep1_GGATTATGTCATAACG-1","control_rep1","control",776,622,4.38144329896907,0.902061855670103,1171,822,TRUE,FALSE,FALSE,FALSE,FALSE,TRUE,0.00128962425515056,"singlet",TRUE
"control_rep1_GGATTATGTTAAGCCA-1","control_rep1","control",5829,2997,3.92863269857608,0.377423228684165,6226,3106,TRUE,FALSE,FALSE,FALSE,FALSE,TRUE,0.989222645759583,"doublet",FALSE
"control_rep1_GGATTCAGTAAAGCGG-1","control_rep1","control",7608,3271,1.36698212407992,0.10515247108307,7931,3362,TRUE,FALSE,FALSE,FALSE,FALSE,TRUE,0.98797219991684,"doublet",FALSE
"control_rep1_GGATTGCGTTGTGACA-1","control_rep1","control",9279,3470,0.969932104752667,0.0215540467722815,14291,6030,TRUE,FALSE,FALSE,FALSE,FALSE,TRUE,0.987262666225433,"doublet",FALSE
"control_rep1_GGATTTATCATCCTCA-1","control_rep1","control",4486,2592,1.89478377173428,0.111457868925546,17265,8183,TRUE,FALSE,FALSE,FALSE,FALSE,TRUE,0.346981137990952,"singlet",TRUE
"control_rep1_GGATTTATCTAGCTAA-1","control_rep1","control",5354,2592,9.6189764661935,0.168098617855809,6105,2702,TRUE,FALSE,FALSE,FALSE,FALSE,TRUE,0.0207721516489983,"singlet",TRUE
"control_rep1_GGCAAATCAAACAACA-1","control_rep1","control",5728,2585,2.14734636871508,0.314245810055866,5928,2646,TRUE,FALSE,FALSE,FALSE,FALSE,TRUE,0.0183284487575293,"singlet",TRUE
"control_rep1_GGCAAGCCATTATGCG-1","control_rep1","control",2854,1719,2.76804484933427,0.0700770847932726,3063,1834,TRUE,FALSE,FALSE,FALSE,FALSE,TRUE,0.0216293502599001,"singlet",TRUE
"control_rep1_GGCAGGATCCGCACAA-1","control_rep1","control",6004,2471,2.88141239173884,0.149900066622252,6279,2546,TRUE,FALSE,FALSE,FALSE,FALSE,TRUE,0.0746499598026276,"singlet",TRUE
"control_rep1_GGCAGGATCGTTAAGC-1","control_rep1","control",948,699,8.33333333333333,0.632911392405063,1301,783,FALSE,FALSE,FALSE,FALSE,FALSE,TRUE,0.00243889656849205,"singlet",TRUE
"control_rep1_GGCATGGAGCCACAAT-1","control_rep1","control",16000,5150,3.8375,0.44375,25471,8980,TRUE,FALSE,FALSE,FALSE,FALSE,TRUE,0.427168130874634,"singlet",TRUE
"control_rep1_GGCATGGAGGACCGCT-1","control_rep1","control",2642,1619,7.15367146101438,0.0757002271006813,3165,1743,TRUE,FALSE,FALSE,FALSE,FALSE,TRUE,0.171043172478676,"singlet",TRUE
"control_rep1_GGCATGGAGGCTGGCT-1","control_rep1","control",3746,1977,2.88307528029899,0.400427122263748,3845,2019,TRUE,FALSE,FALSE,FALSE,FALSE,TRUE,0.0076225008815527,"singlet",TRUE
"control_rep1_GGCATTAGTTGTGACA-1","control_rep1","control",1411,1115,1.48830616583983,0.141743444365698,10645,5294,TRUE,FALSE,FALSE,FALSE,FALSE,TRUE,0.0061024334281683,"singlet",TRUE
"control_rep1_GGCATTGTCTAAGTGC-1","control_rep1","control",568,455,5.1056338028169,0.352112676056338,5093,2736,TRUE,TRUE,FALSE,FALSE,FALSE,FALSE,NA,"not_tested_QC_fail",FALSE
"control_rep1_GGCCAACTCCTTAGTT-1","control_rep1","control",2338,1630,2.95124037639008,0.470487596236099,10037,5354,TRUE,FALSE,FALSE,FALSE,FALSE,TRUE,0.134407743811607,"singlet",TRUE
"control_rep1_GGCCAACTCGCTAAAC-1","control_rep1","control",3053,1631,3.24271208647232,0.687848018342614,3563,1773,TRUE,FALSE,FALSE,FALSE,FALSE,TRUE,0.0311776883900166,"singlet",TRUE
"control_rep1_GGCCAACTCGCTAAGT-1","control_rep1","control",3104,1897,4.7680412371134,0.322164948453608,3328,1975,TRUE,FALSE,FALSE,FALSE,FALSE,TRUE,0.0399050116539001,"singlet",TRUE
"control_rep1_GGCCGTTAGGCATGAA-1","control_rep1","control",2438,1671,1.14848236259229,0.0410172272354389,12619,6396,TRUE,FALSE,FALSE,FALSE,FALSE,TRUE,0.00158971606288105,"singlet",TRUE
"control_rep1_GGCCGTTAGGTCCGTA-1","control_rep1","control",3963,2161,2.52334090335604,0.403734544536967,4154,2218,TRUE,FALSE,FALSE,FALSE,FALSE,TRUE,0.143519476056099,"singlet",TRUE
"control_rep1_GGCCGTTAGTAAGTGG-1","control_rep1","control",15810,3809,1.03731815306768,0.164452877925364,17300,4144,TRUE,FALSE,FALSE,FALSE,FALSE,TRUE,0.00582642992958426,"singlet",TRUE
"control_rep1_GGCCTAATCATAACTG-1","control_rep1","control",39010,6777,1.3560625480646,0.24352730069213,41222,7265,TRUE,FALSE,FALSE,FALSE,FALSE,TRUE,0.102846808731556,"singlet",TRUE
"control_rep1_GGCCTAATCCTCACAC-1","control_rep1","control",7045,2696,1.6749467707594,0.269694819020582,7326,2773,TRUE,FALSE,FALSE,FALSE,FALSE,TRUE,0.0815981924533844,"singlet",TRUE
"control_rep1_GGCCTAATCCTTCGTA-1","control_rep1","control",3980,1786,2.76381909547739,0.351758793969849,4510,1890,TRUE,FALSE,FALSE,FALSE,FALSE,TRUE,0.00535626476630569,"singlet",TRUE
"control_rep1_GGCCTCTGTGCGCAAT-1","control_rep1","control",3406,1991,0.352319436288902,0.176159718144451,28757,11336,TRUE,FALSE,FALSE,FALSE,FALSE,TRUE,0.00204063998535275,"singlet",TRUE
"control_rep1_GGCCTCTGTGGAAGGC-1","control_rep1","control",3706,1916,2.26659471127901,0.134916351861846,8881,4464,TRUE,FALSE,FALSE,FALSE,FALSE,TRUE,0.00238077132962644,"singlet",TRUE
"control_rep1_GGCCTCTGTTATAGCG-1","control_rep1","control",2545,1665,5.57956777996071,0.235756385068762,2768,1751,TRUE,FALSE,FALSE,FALSE,FALSE,TRUE,0.00287801958620548,"singlet",TRUE
"control_rep1_GGCCTCTGTTGAAGCC-1","control_rep1","control",2990,1838,5.11705685618729,0.468227424749164,3351,1995,TRUE,FALSE,FALSE,FALSE,FALSE,TRUE,0.377693921327591,"singlet",TRUE
"control_rep1_GGCCTTCGTAGGTTTG-1","control_rep1","control",3301,1989,1.06028476219327,0.0605877006967586,22582,9534,TRUE,FALSE,FALSE,FALSE,FALSE,TRUE,0.00450141075998545,"singlet",TRUE
"control_rep1_GGCCTTCGTCCTAACT-1","control_rep1","control",2094,1321,1.38490926456543,0,9055,4765,TRUE,FALSE,FALSE,FALSE,FALSE,TRUE,0.0014947789022699,"singlet",TRUE
"control_rep1_GGCCTTCGTGACATAT-1","control_rep1","control",2484,1605,2.17391304347826,0.0805152979066023,9891,4987,TRUE,FALSE,FALSE,FALSE,FALSE,TRUE,0.00199296954087913,"singlet",TRUE
"control_rep1_GGCCTTCGTTTACGTC-1","control_rep1","control",11676,4880,4.23090099349092,0.179856115107914,15695,6853,TRUE,FALSE,FALSE,FALSE,FALSE,TRUE,0.882206976413727,"doublet",FALSE
"control_rep1_GGCGATACACCCACAG-1","control_rep1","control",1365,958,8.86446886446886,1.39194139194139,1541,1022,TRUE,FALSE,FALSE,FALSE,FALSE,TRUE,0.00124084274284542,"singlet",TRUE
"control_rep1_GGCGATACACGTGCTG-1","control_rep1","control",17046,4367,2.00633579725449,0.0175994368180218,17106,4393,TRUE,FALSE,FALSE,FALSE,FALSE,TRUE,0.15651561319828,"singlet",TRUE
"control_rep1_GGCGGTAAGAGGATAT-1","control_rep1","control",6405,3153,3.49726775956284,0,12995,6453,TRUE,FALSE,FALSE,FALSE,FALSE,TRUE,0.956672072410583,"doublet",FALSE
"control_rep1_GGCGGTAAGGGTCTAT-1","control_rep1","control",3523,1962,0.99347147317627,0.170309395401646,11266,5730,TRUE,FALSE,FALSE,FALSE,FALSE,TRUE,0.953592598438263,"doublet",FALSE
"control_rep1_GGCGGTTTCGATCAGT-1","control_rep1","control",20597,5938,2.15565373598097,0.179637811331747,22087,6164,TRUE,FALSE,FALSE,FALSE,FALSE,TRUE,0.907148957252502,"doublet",FALSE
"control_rep1_GGCGGTTTCGCTTGCT-1","control_rep1","control",8423,3189,2.67125727175591,0.142467054493648,8563,3244,TRUE,FALSE,FALSE,FALSE,FALSE,TRUE,0.566310942173004,"singlet",TRUE
"control_rep1_GGCGTTATCGAAGTGA-1","control_rep1","control",4130,2182,2.03389830508475,0.0484261501210654,4240,2232,TRUE,FALSE,FALSE,FALSE,FALSE,TRUE,0.25397652387619,"singlet",TRUE
"control_rep1_GGCTAGTGTGATGGCT-1","control_rep1","control",10114,3690,1.39410717816887,0.247182123788808,14902,5986,TRUE,FALSE,FALSE,FALSE,FALSE,TRUE,0.39372792840004,"singlet",TRUE
"control_rep1_GGCTAGTGTGGACATC-1","control_rep1","control",8985,3145,1.24652198107958,0,9181,3202,TRUE,FALSE,FALSE,FALSE,FALSE,TRUE,0.137753367424011,"singlet",TRUE
"control_rep1_GGCTATGTCATGGTTA-1","control_rep1","control",734,573,6.53950953678474,0,2660,1553,TRUE,FALSE,FALSE,FALSE,FALSE,TRUE,0.00142828864045441,"singlet",TRUE
"control_rep1_GGCTATGTCCGGGACT-1","control_rep1","control",2180,1424,1.05504587155963,0.18348623853211,16803,7680,TRUE,FALSE,FALSE,FALSE,FALSE,TRUE,0.00200147996656597,"singlet",TRUE
"control_rep1_GGCTATGTCCTCCATA-1","control_rep1","control",9441,3488,1.6735515305582,0.137697277830738,9723,3582,TRUE,FALSE,FALSE,FALSE,FALSE,TRUE,0.700530409812927,"singlet",TRUE
"control_rep1_GGCTATTAGTGTGATC-1","control_rep1","control",1656,1148,2.05314009661836,0.0603864734299517,17364,7612,TRUE,FALSE,FALSE,FALSE,FALSE,TRUE,0.00072452292079106,"singlet",TRUE
"control_rep1_GGCTCAATCTCAATGA-1","control_rep1","control",4533,2482,4.65475402603133,0.661813368630046,4860,2561,TRUE,FALSE,FALSE,FALSE,FALSE,TRUE,0.234787181019783,"singlet",TRUE
"control_rep1_GGCTCACAGGAAGTAT-1","control_rep1","control",1217,923,4.60147904683648,0.0821692686935086,20623,8256,TRUE,FALSE,FALSE,FALSE,FALSE,TRUE,0.00386040657758713,"singlet",TRUE
"control_rep1_GGCTCACAGGCCTTAG-1","control_rep1","control",39614,7147,1.68627252991367,0.179229565305195,48686,11159,TRUE,FALSE,FALSE,FALSE,FALSE,TRUE,0.0769361257553101,"singlet",TRUE
"control_rep1_GGCTCACAGGTCGAGG-1","control_rep1","control",2474,1629,0.444624090541633,0,18405,8484,TRUE,FALSE,FALSE,FALSE,FALSE,TRUE,0.00223275134339929,"singlet",TRUE
"control_rep1_GGCTGAGAGCGTGCGT-1","control_rep1","control",2898,1699,4.45134575569358,0.20703933747412,4745,2596,TRUE,FALSE,FALSE,FALSE,FALSE,TRUE,0.0964076966047287,"singlet",TRUE
"control_rep1_GGCTGAGAGTAAGAAC-1","control_rep1","control",4828,2768,2.52692626346313,0.869925434962717,16632,7872,TRUE,FALSE,FALSE,FALSE,FALSE,TRUE,0.925951540470123,"doublet",FALSE
"control_rep1_GGCTGAGAGTGAGGGT-1","control_rep1","control",29219,5788,0.763202026078921,0.157431808070091,41850,10521,TRUE,FALSE,FALSE,FALSE,FALSE,TRUE,0.00693858554586768,"singlet",TRUE
"control_rep1_GGCTGGTTCAGGATGA-1","control_rep1","control",7077,2903,2.48692948989685,0.324996467429702,7444,2987,TRUE,FALSE,FALSE,FALSE,FALSE,TRUE,0.829359471797943,"doublet",FALSE
"control_rep1_GGCTGGTTCCAATTAG-1","control_rep1","control",3940,2007,1.7005076142132,0.050761421319797,4103,2059,TRUE,FALSE,FALSE,FALSE,FALSE,TRUE,0.0121975112706423,"singlet",TRUE
"control_rep1_GGCTGGTTCCTAAGGT-1","control_rep1","control",2705,1710,2.07024029574861,0.0739371534195934,11101,5636,TRUE,FALSE,FALSE,FALSE,FALSE,TRUE,0.00149167131166905,"singlet",TRUE
"control_rep1_GGCTGGTTCGGGACCT-1","control_rep1","control",7193,3004,2.07145836229668,0.305852912553872,12287,5328,TRUE,FALSE,FALSE,FALSE,FALSE,TRUE,0.12911631166935,"singlet",TRUE
"control_rep1_GGCTGGTTCGTTCACC-1","control_rep1","control",3163,1819,9.76920644957319,0.094846664558963,3349,1878,TRUE,FALSE,FALSE,FALSE,FALSE,TRUE,0.207394123077393,"singlet",TRUE
"control_rep1_GGCTTAAGTACTTCAC-1","control_rep1","control",1717,1271,2.03843913803145,0,7277,4017,TRUE,FALSE,FALSE,FALSE,FALSE,TRUE,0.00273194233886898,"singlet",TRUE
"control_rep1_GGCTTAAGTTTATGGG-1","control_rep1","control",5704,2406,2.0687237026648,0.262973352033661,6067,2497,TRUE,FALSE,FALSE,FALSE,FALSE,TRUE,0.136602118611336,"singlet",TRUE
"control_rep1_GGCTTCAAGCAGGTTT-1","control_rep1","control",3864,2307,3.59730848861284,0.5175983436853,15330,7570,TRUE,FALSE,FALSE,FALSE,FALSE,TRUE,0.126976951956749,"singlet",TRUE
"control_rep1_GGCTTCAAGGTAACGA-1","control_rep1","control",8440,3379,2.8436018957346,0.758293838862559,12467,5048,TRUE,FALSE,FALSE,FALSE,FALSE,TRUE,0.268604218959808,"singlet",TRUE
"control_rep1_GGCTTCAAGGTCGAGG-1","control_rep1","control",8157,3210,1.81439254627927,0.171631727350742,8333,3270,TRUE,FALSE,FALSE,FALSE,FALSE,TRUE,0.444465726613998,"singlet",TRUE
"control_rep1_GGCTTCAAGTAGCGGG-1","control_rep1","control",1430,988,3.35664335664336,0.0699300699300699,1649,1097,TRUE,FALSE,FALSE,FALSE,FALSE,TRUE,0.00251557375304401,"singlet",TRUE
"control_rep1_GGGAATATCAAATCGC-1","control_rep1","control",10211,3479,2.41895994515718,0.10772696112036,10491,3551,TRUE,FALSE,FALSE,FALSE,FALSE,TRUE,0.153686940670013,"singlet",TRUE
"control_rep1_GGGAATATCAATACGC-1","control_rep1","control",16526,4483,1.54907418613095,0.187583202226794,16817,4556,TRUE,FALSE,FALSE,FALSE,FALSE,TRUE,0.0287927184253931,"singlet",TRUE
"control_rep1_GGGAATATCGACAAAG-1","control_rep1","control",6167,2622,1.11885844008432,0.421598832495541,6280,2681,TRUE,FALSE,FALSE,FALSE,FALSE,TRUE,0.00520962988957763,"singlet",TRUE
"control_rep1_GGGAATATCGATTTGA-1","control_rep1","control",1038,824,1.54142581888247,0,4304,2506,TRUE,FALSE,FALSE,FALSE,FALSE,TRUE,0.00193472893442959,"singlet",TRUE
"control_rep1_GGGAATATCTACTAAG-1","control_rep1","control",4231,2269,3.61616639092413,0.307255967856299,4457,2340,TRUE,FALSE,FALSE,FALSE,FALSE,TRUE,0.264077037572861,"singlet",TRUE
"control_rep1_GGGAATATCTTGGATA-1","control_rep1","control",3300,1733,3.87878787878788,0.181818181818182,3436,1778,TRUE,FALSE,FALSE,FALSE,FALSE,TRUE,0.0153875770047307,"singlet",TRUE
"control_rep1_GGGAGTAGTGCTGGTG-1","control_rep1","control",5794,2499,2.08836727649292,0.138073869520193,5932,2546,TRUE,FALSE,FALSE,FALSE,FALSE,TRUE,0.288925886154175,"singlet",TRUE
"control_rep1_GGGAGTAGTTTATCTG-1","control_rep1","control",1979,1308,1.51591712986357,0.151591712986357,15661,7451,TRUE,FALSE,FALSE,FALSE,FALSE,TRUE,0.00174199417233467,"singlet",TRUE
"control_rep1_GGGATTAAGATACTTG-1","control_rep1","control",2667,1589,1.46231721034871,0.0749906261717285,3443,2017,TRUE,FALSE,FALSE,FALSE,FALSE,TRUE,0.00097719207406044,"singlet",TRUE
"control_rep1_GGGATTAAGGTCCACA-1","control_rep1","control",2970,1543,1.98653198653199,0.235690235690236,3104,1592,TRUE,FALSE,FALSE,FALSE,FALSE,TRUE,0.0058443583548069,"singlet",TRUE
"control_rep1_GGGCAATAGGATAAAC-1","control_rep1","control",15007,3978,0.932897980942227,0.379822749383621,19388,5899,TRUE,FALSE,FALSE,FALSE,FALSE,TRUE,0.0505650490522385,"singlet",TRUE
"control_rep1_GGGCATTGTGGACCTG-1","control_rep1","control",6744,2808,2.66903914590747,0.0148279952550415,7007,2888,TRUE,FALSE,FALSE,FALSE,FALSE,TRUE,0.012382734566927,"singlet",TRUE
"control_rep1_GGGCCTAGTGACCTGG-1","control_rep1","control",2554,1638,5.09005481597494,0.156617071260767,2832,1767,TRUE,FALSE,FALSE,FALSE,FALSE,TRUE,0.00453594606369734,"singlet",TRUE
"control_rep1_GGGCCTAGTTGACTTC-1","control_rep1","control",5112,2158,2.26917057902973,0.312989045383412,5400,2241,TRUE,FALSE,FALSE,FALSE,FALSE,TRUE,0.00920493341982365,"singlet",TRUE
"control_rep1_GGGCGAATCATGGTTA-1","control_rep1","control",7220,2623,1.77285318559557,0.0969529085872576,7294,2654,TRUE,FALSE,FALSE,FALSE,FALSE,TRUE,0.0516027063131332,"singlet",TRUE
"control_rep1_GGGCTAACACCCTCAC-1","control_rep1","control",5019,2723,2.25144451085874,0.0199242877067145,21783,9682,TRUE,FALSE,FALSE,FALSE,FALSE,TRUE,0.0569907613098621,"singlet",TRUE
"control_rep1_GGGCTAACACTTCATC-1","control_rep1","control",3417,2004,7.14076675446298,0.175592625109745,11525,5854,TRUE,FALSE,FALSE,FALSE,FALSE,TRUE,0.00123860675375909,"singlet",TRUE
"control_rep1_GGGTATTTCCGTAAAC-1","control_rep1","control",3548,1729,5.27057497181511,0.028184892897407,3724,1784,TRUE,FALSE,FALSE,FALSE,FALSE,TRUE,0.0140846678987145,"singlet",TRUE
"control_rep1_GGGTATTTCGAAGTGA-1","control_rep1","control",5732,2756,2.14584787159805,0.907187718073971,5832,2800,TRUE,FALSE,FALSE,FALSE,FALSE,TRUE,0.340604901313782,"singlet",TRUE
"control_rep1_GGGTCAACAACTAACT-1","control_rep1","control",1288,989,3.1055900621118,0.46583850931677,8994,4744,TRUE,FALSE,FALSE,FALSE,FALSE,TRUE,0.00172566529363394,"singlet",TRUE
"control_rep1_GGGTCAACAGTAGGAT-1","control_rep1","control",1418,1044,2.53878702397743,0.211565585331453,8902,4631,TRUE,FALSE,FALSE,FALSE,FALSE,TRUE,0.00141084147617221,"singlet",TRUE
"control_rep1_GGGTCACTCAAGGACA-1","control_rep1","control",3314,1757,2.53470126735063,0.875075437537719,3507,1823,TRUE,FALSE,FALSE,FALSE,FALSE,TRUE,0.0649743676185608,"singlet",TRUE
"control_rep1_GGGTCACTCTGTGAGT-1","control_rep1","control",11659,3762,1.46667810275324,0.248734882923064,13234,4323,TRUE,FALSE,FALSE,FALSE,FALSE,TRUE,0.192151740193367,"singlet",TRUE
"control_rep1_GGGTGAAGTAATGGCC-1","control_rep1","control",2415,1419,4.1407867494824,0.124223602484472,2558,1478,TRUE,FALSE,FALSE,FALSE,FALSE,TRUE,0.00876413751393557,"singlet",TRUE
"control_rep1_GGGTGAAGTCATAAGT-1","control_rep1","control",13045,4150,3.219624377156,0.0076657723265619,13141,4196,TRUE,FALSE,FALSE,FALSE,FALSE,TRUE,0.643163919448853,"singlet",TRUE
"control_rep1_GGGTGAAGTGTCACGG-1","control_rep1","control",2142,1441,5.32212885154062,0,9469,5045,TRUE,FALSE,FALSE,FALSE,FALSE,TRUE,0.0805489122867584,"singlet",TRUE
"control_rep1_GGGTGTTGTGTGCAAC-1","control_rep1","control",5594,2464,0.911691097604576,0.286020736503396,5727,2519,TRUE,FALSE,FALSE,FALSE,FALSE,TRUE,0.0356622971594334,"singlet",TRUE
"control_rep1_GGGTTTCCACTAGGTC-1","control_rep1","control",6797,2921,2.86891275562748,0.117698984846256,7086,3003,TRUE,FALSE,FALSE,FALSE,FALSE,TRUE,0.00810560584068298,"singlet",TRUE
"control_rep1_GGGTTTCCATGGAGGC-1","control_rep1","control",5911,2449,2.2162070715615,0.135340889866351,6000,2485,TRUE,FALSE,FALSE,FALSE,FALSE,TRUE,0.2076386064291,"singlet",TRUE
"control_rep1_GGGTTTGTCCGGTTGA-1","control_rep1","control",27449,6241,1.10750847025393,0.193085358300849,29291,7009,TRUE,FALSE,FALSE,FALSE,FALSE,TRUE,0.377976983785629,"singlet",TRUE
"control_rep1_GGGTTTGTCTAATCTC-1","control_rep1","control",2741,1654,2.00656694636994,0.510762495439621,3055,1781,TRUE,FALSE,FALSE,FALSE,FALSE,TRUE,0.0095417769625783,"singlet",TRUE
"control_rep1_GGTAACCGTCACAAAT-1","control_rep1","control",23202,5744,3.02991121455047,0.0430997327816568,24187,5882,TRUE,FALSE,FALSE,FALSE,FALSE,TRUE,0.128657057881355,"singlet",TRUE
"control_rep1_GGTAACTTCCTTGAGG-1","control_rep1","control",2182,1285,3.02474793767186,0.137488542621448,2424,1363,TRUE,FALSE,FALSE,FALSE,FALSE,TRUE,0.00350438896566629,"singlet",TRUE
"control_rep1_GGTAACTTCGATTATG-1","control_rep1","control",5254,2308,1.38941758660069,0.209364293871336,5376,2355,TRUE,FALSE,FALSE,FALSE,FALSE,TRUE,0.0380249582231045,"singlet",TRUE
"control_rep1_GGTAAGGGTAAATTGC-1","control_rep1","control",4498,2588,1.57847932414406,0.0889284126278346,11422,5919,TRUE,FALSE,FALSE,FALSE,FALSE,TRUE,0.011735737323761,"singlet",TRUE
"control_rep1_GGTAAGGGTAGGTTGC-1","control_rep1","control",3892,2215,1.51593011305242,0.0513874614594039,34036,12759,TRUE,FALSE,FALSE,FALSE,FALSE,TRUE,0.00141489144880325,"singlet",TRUE
"control_rep1_GGTAAGGGTTAGTTGG-1","control_rep1","control",6696,2664,1.56810035842294,0.0149342891278375,6900,2719,TRUE,FALSE,FALSE,FALSE,FALSE,TRUE,0.0783563330769539,"singlet",TRUE
"control_rep1_GGTAAGGGTTGCTTCG-1","control_rep1","control",15910,4385,1.82903834066625,0.201131363922062,16381,4485,TRUE,FALSE,FALSE,FALSE,FALSE,TRUE,0.179571598768234,"singlet",TRUE
"control_rep1_GGTACAAAGACTAAGG-1","control_rep1","control",8066,3547,3.2358046119514,0.458715596330275,8538,3687,TRUE,FALSE,FALSE,FALSE,FALSE,TRUE,0.984677076339722,"doublet",FALSE
"control_rep1_GGTACAAAGACTTATG-1","control_rep1","control",1773,1195,2.53807106598985,1.24083474337281,1914,1246,TRUE,FALSE,FALSE,FALSE,FALSE,TRUE,0.0148634314537048,"singlet",TRUE
"control_rep1_GGTACAAAGTTACCGG-1","control_rep1","control",3668,1862,2.37186477644493,0.463467829880044,5651,2799,TRUE,FALSE,FALSE,FALSE,FALSE,TRUE,0.0170083027333021,"singlet",TRUE
"control_rep1_GGTACCGGTCTTGCTG-1","control_rep1","control",4056,2097,3.15581854043393,0.02465483234714,4236,2203,TRUE,FALSE,FALSE,FALSE,FALSE,TRUE,0.06796745210886,"singlet",TRUE
"control_rep1_GGTACCGGTGTTGCTT-1","control_rep1","control",7841,2637,1.95128172426986,0.216809080474429,8522,2742,TRUE,FALSE,FALSE,FALSE,FALSE,TRUE,0.0286860261112452,"singlet",TRUE
"control_rep1_GGTACCGGTGTTTGTC-1","control_rep1","control",4236,2271,0.967894239848914,0.590179414542021,4352,2322,TRUE,FALSE,FALSE,FALSE,FALSE,TRUE,0.17937795817852,"singlet",TRUE
"control_rep1_GGTACTTAGCTCGCTT-1","control_rep1","control",5343,2832,6.26988583192963,0.355605465094516,5832,2966,TRUE,FALSE,FALSE,FALSE,FALSE,TRUE,0.136592254042625,"singlet",TRUE
"control_rep1_GGTACTTAGGTTAGCT-1","control_rep1","control",5215,2615,5.61840843720038,1.34228187919463,5733,2716,TRUE,FALSE,FALSE,FALSE,FALSE,TRUE,0.356592684984207,"singlet",TRUE
"control_rep1_GGTATGTTCATCCTCA-1","control_rep1","control",3597,2259,0.806227411731999,0.166805671392827,13186,6672,TRUE,FALSE,FALSE,FALSE,FALSE,TRUE,0.845796406269073,"doublet",FALSE
"control_rep1_GGTATGTTCCTAGTTT-1","control_rep1","control",5746,2703,1.53150017403411,0.0348068221371389,22577,9657,TRUE,FALSE,FALSE,FALSE,FALSE,TRUE,0.0105714211240411,"singlet",TRUE
"control_rep1_GGTATTTCATAGCTTG-1","control_rep1","control",4996,2402,2.22177742193755,0.140112089671737,5207,2462,TRUE,FALSE,FALSE,FALSE,FALSE,TRUE,0.318291068077087,"singlet",TRUE
"control_rep1_GGTCAAGCAAACATAG-1","control_rep1","control",5253,2315,1.0850942318675,0.0190367409099562,5422,2403,TRUE,FALSE,FALSE,FALSE,FALSE,TRUE,0.0268103070557117,"singlet",TRUE
"control_rep1_GGTCAAGCAAGTCGCT-1","control_rep1","control",4225,2138,2.10650887573965,0.284023668639053,8944,4396,TRUE,FALSE,FALSE,FALSE,FALSE,TRUE,0.00613897060975432,"singlet",TRUE
"control_rep1_GGTCAAGCATAGCAGG-1","control_rep1","control",5438,2773,6.5097462302317,0.459727841118058,10006,4864,TRUE,FALSE,FALSE,FALSE,FALSE,TRUE,0.357451856136322,"singlet",TRUE
"control_rep1_GGTCAATTCAATTGGC-1","control_rep1","control",2339,1524,1.36810602821719,0.171013253527148,3673,2269,TRUE,FALSE,FALSE,FALSE,FALSE,TRUE,0.00307750352658331,"singlet",TRUE
"control_rep1_GGTCAATTCTCAATAG-1","control_rep1","control",11561,3419,3.07066862728138,0.0605483954675201,11615,3446,TRUE,FALSE,FALSE,FALSE,FALSE,TRUE,0.00556261371821165,"singlet",TRUE
"control_rep1_GGTCAATTCTGGCTTC-1","control_rep1","control",6954,3169,2.99108426804717,0.100661489790049,8138,3807,TRUE,FALSE,FALSE,FALSE,FALSE,TRUE,0.0104618212208152,"singlet",TRUE
"control_rep1_GGTCAGGAGCTGCACA-1","control_rep1","control",9290,2981,1.63616792249731,0.0430570505920344,9501,3044,TRUE,FALSE,FALSE,FALSE,FALSE,TRUE,0.043472982943058,"singlet",TRUE
"control_rep1_GGTCATTAGCCGCTAA-1","control_rep1","control",2858,1752,7.03289013296011,0,7785,4107,TRUE,FALSE,FALSE,FALSE,FALSE,TRUE,0.00424807518720627,"singlet",TRUE
"control_rep1_GGTCATTAGGTCGATT-1","control_rep1","control",1928,1304,4.71991701244813,0.155601659751037,2201,1381,TRUE,FALSE,FALSE,FALSE,FALSE,TRUE,0.0593674667179585,"singlet",TRUE
"control_rep1_GGTCCATCATCCATCT-1","control_rep1","control",20911,5150,2.11372005164746,0.583424991631199,23510,5921,TRUE,FALSE,FALSE,FALSE,FALSE,TRUE,0.0243082512170076,"singlet",TRUE
"control_rep1_GGTCCGTAGTAACGGA-1","control_rep1","control",8313,3741,1.82846144592806,0.180440274269217,24256,10481,TRUE,FALSE,FALSE,FALSE,FALSE,TRUE,0.995687544345856,"doublet",FALSE
"control_rep1_GGTCCGTAGTCCTGAG-1","control_rep1","control",1089,808,4.13223140495868,1.10192837465565,1358,927,TRUE,FALSE,FALSE,FALSE,FALSE,TRUE,0.00364655675366521,"singlet",TRUE
"control_rep1_GGTCCTGCATAGGCGA-1","control_rep1","control",3228,2060,0.836431226765799,0.123915737298637,5929,3471,TRUE,FALSE,FALSE,FALSE,FALSE,TRUE,0.00308964657597244,"singlet",TRUE
"control_rep1_GGTCGGTTCAGGAACA-1","control_rep1","control",3781,2029,3.0944194657498,0.0528960592435864,11024,5644,TRUE,FALSE,FALSE,FALSE,FALSE,TRUE,0.00366415595635772,"singlet",TRUE
"control_rep1_GGTCGGTTCGAGCTAT-1","control_rep1","control",3355,1948,1.34128166915052,0.238450074515648,3761,2076,TRUE,FALSE,FALSE,FALSE,FALSE,TRUE,0.0065559521317482,"singlet",TRUE
"control_rep1_GGTCTTGAGAATGACG-1","control_rep1","control",5021,2686,3.1467835092611,0.338577972515435,20067,9144,TRUE,FALSE,FALSE,FALSE,FALSE,TRUE,0.336609244346619,"singlet",TRUE
"control_rep1_GGTCTTGAGCCTGAGC-1","control_rep1","control",6091,2492,1.44475455590215,0.295517977343622,6424,2575,TRUE,FALSE,FALSE,FALSE,FALSE,TRUE,0.0453208908438683,"singlet",TRUE
"control_rep1_GGTCTTGAGTAAGAAC-1","control_rep1","control",17462,4639,1.62638872981331,0.0572672087962433,18173,4758,TRUE,FALSE,FALSE,FALSE,FALSE,TRUE,0.329964458942413,"singlet",TRUE
"control_rep1_GGTGAGCCATCCTAGA-1","control_rep1","control",13301,4743,1.43598225697316,0.120291707390422,14934,5355,TRUE,FALSE,FALSE,FALSE,FALSE,TRUE,0.80109167098999,"doublet",FALSE
"control_rep1_GGTGAGGTCTTGCAAA-1","control_rep1","control",23359,5565,1.60109593732608,0.158397191660602,24044,5775,TRUE,FALSE,FALSE,FALSE,FALSE,TRUE,0.565834224224091,"singlet",TRUE
"control_rep1_GGTGAGTAGCAACAAG-1","control_rep1","control",13834,3871,2.37819864102935,0.0650571056816539,13993,3925,TRUE,FALSE,FALSE,FALSE,FALSE,TRUE,0.00624928483739495,"singlet",TRUE
"control_rep1_GGTGAGTAGGACCTTG-1","control_rep1","control",3044,1769,7.75295663600526,0.722733245729304,3451,1859,TRUE,FALSE,FALSE,FALSE,FALSE,TRUE,0.0136653492227197,"singlet",TRUE
"control_rep1_GGTGAGTAGGTAGCTT-1","control_rep1","control",2187,1226,15.9122085048011,0.228623685413809,2363,1285,TRUE,FALSE,FALSE,FALSE,TRUE,FALSE,NA,"not_tested_QC_fail",FALSE
"control_rep1_GGTGATTTCAAGCTAC-1","control_rep1","control",2617,1625,1.60489109667558,0,14031,6722,TRUE,FALSE,FALSE,FALSE,FALSE,TRUE,0.000733286666218191,"singlet",TRUE
"control_rep1_GGTGATTTCAGGGCCT-1","control_rep1","control",2252,1354,2.39786856127886,0.266429840142096,2439,1417,TRUE,FALSE,FALSE,FALSE,FALSE,TRUE,0.00168917095288634,"singlet",TRUE
"control_rep1_GGTGCTGGTAGTTAAC-1","control_rep1","control",7010,2752,2.66761768901569,0.0570613409415121,7228,2821,TRUE,FALSE,FALSE,FALSE,FALSE,TRUE,0.0615329667925835,"singlet",TRUE
"control_rep1_GGTGCTGGTAGTTGGC-1","control_rep1","control",3715,2129,2.58411843876178,0.107671601615074,3833,2186,TRUE,FALSE,FALSE,FALSE,FALSE,TRUE,0.0162732619792223,"singlet",TRUE
"control_rep1_GGTGCTGGTCAGTAAT-1","control_rep1","control",4128,2334,4.53003875968992,0.145348837209302,4219,2375,TRUE,FALSE,FALSE,FALSE,FALSE,TRUE,0.0323598422110081,"singlet",TRUE
"control_rep1_GGTGCTTCAACTAACT-1","control_rep1","control",8196,3151,1.45192776964373,0.292825768667643,18659,7711,TRUE,FALSE,FALSE,FALSE,FALSE,TRUE,0.0754824355244637,"singlet",TRUE
"control_rep1_GGTGTCCAGGCAACAA-1","control_rep1","control",2126,1379,2.8692380056444,0.0470366886171214,3474,2089,TRUE,FALSE,FALSE,FALSE,FALSE,TRUE,0.000978527590632439,"singlet",TRUE
"control_rep1_GGTGTCCAGTGGACAA-1","control_rep1","control",4365,2166,1.44329896907216,0.11454753722795,4562,2233,TRUE,FALSE,FALSE,FALSE,FALSE,TRUE,0.0203284826129675,"singlet",TRUE
"control_rep1_GGTGTGACAACTGGGA-1","control_rep1","control",4627,1953,0.734817376269721,0.0432245515452777,4811,2013,TRUE,FALSE,FALSE,FALSE,FALSE,TRUE,0.00735595868900418,"singlet",TRUE
"control_rep1_GGTGTTGTCAATCATG-1","control_rep1","control",9373,3731,1.20559052597888,0.106689427077777,18424,7913,TRUE,FALSE,FALSE,FALSE,FALSE,TRUE,0.298416078090668,"singlet",TRUE
"control_rep1_GGTTAATGTAATCGTG-1","control_rep1","control",2442,1325,1.43325143325143,0.0819000819000819,2564,1367,TRUE,FALSE,FALSE,FALSE,FALSE,TRUE,0.00313732237555087,"singlet",TRUE
"control_rep1_GGTTACCCAGGAACAT-1","control_rep1","control",3105,1903,2.89855072463768,0.193236714975845,4452,2608,TRUE,FALSE,FALSE,FALSE,FALSE,TRUE,0.00296553014777601,"singlet",TRUE
"control_rep1_GGTTACCCATTGTCCT-1","control_rep1","control",4655,2472,3.95273899033298,0.300751879699248,9126,4607,TRUE,FALSE,FALSE,FALSE,FALSE,TRUE,0.423219919204712,"singlet",TRUE
"control_rep1_GGTTACTAGCCTAATA-1","control_rep1","control",42187,7787,1.68298290942707,0.177779884798635,48002,10058,TRUE,FALSE,FALSE,FALSE,FALSE,TRUE,0.121985428035259,"singlet",TRUE
"control_rep1_GGTTAGCGTGCATCGG-1","control_rep1","control",1806,1327,3.32225913621262,0.44296788482835,6531,3583,TRUE,FALSE,FALSE,FALSE,FALSE,TRUE,0.0225796811282635,"singlet",TRUE
"control_rep1_GGTTAGCGTTAACGAT-1","control_rep1","control",5094,2697,2.15940321947389,0.215940321947389,18873,8661,TRUE,FALSE,FALSE,FALSE,FALSE,TRUE,0.541327893733978,"singlet",TRUE
"control_rep1_GGTTATATCGCATTAA-1","control_rep1","control",26920,5812,1.59732540861813,0.0222882615156018,46313,13637,TRUE,FALSE,FALSE,FALSE,FALSE,TRUE,0.0513441413640976,"singlet",TRUE
"control_rep1_GGTTATGGTATTCGTC-1","control_rep1","control",811,657,1.47965474722565,0,2263,1376,TRUE,FALSE,FALSE,FALSE,FALSE,TRUE,0.00221802783198655,"singlet",TRUE
"control_rep1_GGTTATGGTTAGAGCC-1","control_rep1","control",1491,1087,3.35345405767941,1.07310529845741,1795,1163,TRUE,FALSE,FALSE,FALSE,FALSE,TRUE,0.00415937136858702,"singlet",TRUE
"control_rep1_GGTTCTTGTTGGTGAC-1","control_rep1","control",843,657,8.18505338078292,0.355871886120996,1242,853,TRUE,FALSE,FALSE,FALSE,FALSE,TRUE,0.00398669438436627,"singlet",TRUE
"control_rep1_GGTTGACGTAATAGCT-1","control_rep1","control",2585,1764,2.321083172147,0.2321083172147,9995,5269,TRUE,FALSE,FALSE,FALSE,FALSE,TRUE,0.0831717997789383,"singlet",TRUE
"control_rep1_GGTTGACGTGTCCAAA-1","control_rep1","control",3454,1935,1.01331789229878,0.202663578459757,6623,3614,TRUE,FALSE,FALSE,FALSE,FALSE,TRUE,0.00259298249147832,"singlet",TRUE
"control_rep1_GGTTGAGCACATTGCA-1","control_rep1","control",10498,3335,0.695370546770813,0.200038102495713,14161,5118,TRUE,FALSE,FALSE,FALSE,FALSE,TRUE,0.0170980058610439,"singlet",TRUE
"control_rep1_GGTTGCTCACAAACTT-1","control_rep1","control",5554,2787,8.49837954627296,0.936262153402953,5807,2886,TRUE,FALSE,FALSE,FALSE,FALSE,TRUE,0.0281998738646507,"singlet",TRUE
"control_rep1_GGTTGCTCAGCAAGAT-1","control_rep1","control",827,673,2.90205562273277,0.120918984280532,2676,1646,TRUE,FALSE,FALSE,FALSE,FALSE,TRUE,0.00236718216910958,"singlet",TRUE
"control_rep1_GGTTGCTCATGAGTTT-1","control_rep1","control",5321,2379,0.939672993798158,0.206728058635595,5928,2670,TRUE,FALSE,FALSE,FALSE,FALSE,TRUE,0.211381822824478,"singlet",TRUE
"control_rep1_GGTTGGTGTCGAAGTC-1","control_rep1","control",2707,1710,0.775766531215368,0.18470631695604,13896,6892,TRUE,FALSE,FALSE,FALSE,FALSE,TRUE,0.00120766938198358,"singlet",TRUE
"control_rep1_GGTTTAATCGATTTGA-1","control_rep1","control",5669,2821,3.45739989416123,0.0176397953783736,9737,4806,TRUE,FALSE,FALSE,FALSE,FALSE,TRUE,0.0127620231360197,"singlet",TRUE
"control_rep1_GGTTTAATCTGTAAGC-1","control_rep1","control",512,436,3.7109375,0,7038,3516,TRUE,TRUE,FALSE,FALSE,FALSE,FALSE,NA,"not_tested_QC_fail",FALSE
"control_rep1_GGTTTCCTCCCGCAAA-1","control_rep1","control",6553,3384,2.02960476117809,0.442545399053868,21927,9950,TRUE,FALSE,FALSE,FALSE,FALSE,TRUE,0.545950949192047,"singlet",TRUE
"control_rep1_GGTTTCCTCGATTTAG-1","control_rep1","control",4291,2429,1.46818923327896,0.0466091820088557,5783,3192,TRUE,FALSE,FALSE,FALSE,FALSE,TRUE,0.223375797271729,"singlet",TRUE
"control_rep1_GGTTTCTGTATTCGTC-1","control_rep1","control",1687,1195,1.3633669235329,0.1185536455246,3842,2352,TRUE,FALSE,FALSE,FALSE,FALSE,TRUE,0.00259112333878875,"singlet",TRUE
"control_rep1_GGTTTGTAGAATCGCT-1","control_rep1","control",1539,1072,0.844704353476283,0,10052,4925,TRUE,FALSE,FALSE,FALSE,FALSE,TRUE,0.00162164866924286,"singlet",TRUE
"control_rep1_GGTTTGTAGGAATAAC-1","control_rep1","control",1770,1248,2.7683615819209,0.621468926553672,5231,2881,TRUE,FALSE,FALSE,FALSE,FALSE,TRUE,0.00373177882283926,"singlet",TRUE
"control_rep1_GGTTTGTAGGACCGCT-1","control_rep1","control",8325,2914,1.18918918918919,0.12012012012012,8436,2957,TRUE,FALSE,FALSE,FALSE,FALSE,TRUE,0.973411798477173,"doublet",FALSE
"control_rep1_GGTTTGTAGTTACCGG-1","control_rep1","control",3420,1902,2.95321637426901,0,3689,1968,TRUE,FALSE,FALSE,FALSE,FALSE,TRUE,0.00369265838526189,"singlet",TRUE
"control_rep1_GGTTTGTAGTTAGTGC-1","control_rep1","control",3173,1747,3.37220296249606,0.409706901985503,6666,3348,TRUE,FALSE,FALSE,FALSE,FALSE,TRUE,0.00176856631878763,"singlet",TRUE
"control_rep1_GTAAAGCCAAGGCCAA-1","control_rep1","control",6100,2874,2.52459016393443,0.950819672131147,7155,3398,TRUE,FALSE,FALSE,FALSE,FALSE,TRUE,0.262290209531784,"singlet",TRUE
"control_rep1_GTAAAGCCAATAATCC-1","control_rep1","control",1720,1216,1.51162790697674,0.116279069767442,2138,1445,TRUE,FALSE,FALSE,FALSE,FALSE,TRUE,0.000698304211255163,"singlet",TRUE
"control_rep1_GTAAAGCCAGGGAGGA-1","control_rep1","control",7044,3457,1.91652470187394,0.269733106189665,10437,5167,TRUE,FALSE,FALSE,FALSE,FALSE,TRUE,0.953712284564972,"doublet",FALSE
"control_rep1_GTAAGCAAGACTATTG-1","control_rep1","control",12452,4017,1.42948923867652,0.297141021522647,13333,4178,TRUE,FALSE,FALSE,FALSE,FALSE,TRUE,0.93155425786972,"doublet",FALSE
"control_rep1_GTAAGCAAGAGAGGCT-1","control_rep1","control",11685,3699,0.735986307231493,0.0342319212665811,11780,3734,TRUE,FALSE,FALSE,FALSE,FALSE,TRUE,0.201318174600601,"singlet",TRUE
"control_rep1_GTAAGCAAGCGGGCAA-1","control_rep1","control",780,575,11.5384615384615,0.897435897435897,985,639,FALSE,FALSE,FALSE,FALSE,TRUE,FALSE,NA,"not_tested_QC_fail",FALSE
"control_rep1_GTAAGCAAGGGCTTAT-1","control_rep1","control",3652,1921,2.026286966046,0.0821467688937568,3784,1986,TRUE,FALSE,FALSE,FALSE,FALSE,TRUE,0.143351390957832,"singlet",TRUE
"control_rep1_GTAAGCAAGTTTGAGC-1","control_rep1","control",7622,3431,2.19102597743374,0.183678824455523,8858,3881,TRUE,FALSE,FALSE,FALSE,FALSE,TRUE,0.98893678188324,"doublet",FALSE
"control_rep1_GTAAGCTTCACTAGGT-1","control_rep1","control",951,742,2.41850683491062,0.630914826498423,2507,1558,TRUE,FALSE,FALSE,FALSE,FALSE,TRUE,0.00224466342478991,"singlet",TRUE
"control_rep1_GTAAGCTTCATTTGCT-1","control_rep1","control",632,519,3.32278481012658,0.474683544303797,5586,2860,TRUE,FALSE,FALSE,FALSE,FALSE,TRUE,0.0019854863639921,"singlet",TRUE
"control_rep1_GTAAGCTTCCTTAGTT-1","control_rep1","control",4654,2052,4.40481306403094,0.537172324881822,5321,2167,TRUE,FALSE,FALSE,FALSE,FALSE,TRUE,0.00996346119791269,"singlet",TRUE
"control_rep1_GTAAGCTTCGGTTCCT-1","control_rep1","control",2373,1628,2.10703750526759,0.210703750526759,8129,4407,TRUE,FALSE,FALSE,FALSE,FALSE,TRUE,0.367846935987473,"singlet",TRUE
"control_rep1_GTAAGGTCAATCATGT-1","control_rep1","control",2920,1693,2.36301369863014,0.342465753424658,3032,1742,TRUE,FALSE,FALSE,FALSE,FALSE,TRUE,0.00190938974265009,"singlet",TRUE
"control_rep1_GTAAGGTCAATGCCTA-1","control_rep1","control",2084,1324,2.92706333973129,0.0959692898272553,5085,2909,TRUE,FALSE,FALSE,FALSE,FALSE,TRUE,0.00195449823513627,"singlet",TRUE
"control_rep1_GTACAATGTAATGACT-1","control_rep1","control",961,774,2.39334027055151,0.104058272632674,1946,1304,TRUE,FALSE,FALSE,FALSE,FALSE,TRUE,0.000909105816390365,"singlet",TRUE
"control_rep1_GTACAATGTCAAAGGG-1","control_rep1","control",2460,1592,1.82926829268293,0.203252032520325,2574,1645,TRUE,FALSE,FALSE,FALSE,FALSE,TRUE,0.343393862247467,"singlet",TRUE
"control_rep1_GTACAATGTGATGGCT-1","control_rep1","control",14931,4591,0.930949032214855,0.174134351349541,17242,5638,TRUE,FALSE,FALSE,FALSE,FALSE,TRUE,0.240419790148735,"singlet",TRUE
"control_rep1_GTACAATGTTAGCCAA-1","control_rep1","control",2039,1464,2.25600784698382,0.245218244237371,4717,2859,TRUE,FALSE,FALSE,FALSE,FALSE,TRUE,0.085358202457428,"singlet",TRUE
"control_rep1_GTACACCCACGGTACT-1","control_rep1","control",14519,3769,3.25091259728631,0.172188167229148,14913,3867,TRUE,FALSE,FALSE,FALSE,FALSE,TRUE,0.0171580109745264,"singlet",TRUE
"control_rep1_GTACACCCAGCTTACA-1","control_rep1","control",16256,4126,2.68208661417323,0.246062992125984,17480,4270,TRUE,FALSE,FALSE,FALSE,FALSE,TRUE,0.0233074296265841,"singlet",TRUE
"control_rep1_GTACACCCATAATGAG-1","control_rep1","control",21755,4912,1.66398529073776,0.307975178119972,21882,4959,TRUE,FALSE,FALSE,FALSE,FALSE,TRUE,0.514520168304443,"singlet",TRUE
"control_rep1_GTACCGGGTCCTAATC-1","control_rep1","control",5444,2202,2.35121234386481,0.293901542983101,5688,2270,TRUE,FALSE,FALSE,FALSE,FALSE,TRUE,0.0100364182144403,"singlet",TRUE
"control_rep1_GTACCGGGTGATGAAA-1","control_rep1","control",5713,2549,2.15298442149484,0.0350078767722738,5874,2602,TRUE,FALSE,FALSE,FALSE,FALSE,TRUE,0.281171351671219,"singlet",TRUE
"control_rep1_GTACCGGGTGATTTGG-1","control_rep1","control",6757,3011,2.48631049282226,0.325588278821962,7109,3138,TRUE,FALSE,FALSE,FALSE,FALSE,TRUE,0.978432178497314,"doublet",FALSE
"control_rep1_GTACCGGGTGTGTGGT-1","control_rep1","control",2049,1320,2.44021473889702,0.244021473889702,2274,1411,TRUE,FALSE,FALSE,FALSE,FALSE,TRUE,0.00352593907155097,"singlet",TRUE
"control_rep1_GTACCTTGTTAGAGCC-1","control_rep1","control",1740,1171,1.55172413793103,0.0574712643678161,3252,1992,TRUE,FALSE,FALSE,FALSE,FALSE,TRUE,0.00272155227139592,"singlet",TRUE
"control_rep1_GTACGTAGTCACTCGC-1","control_rep1","control",2981,1935,1.00637370010064,0.134183160013418,3854,2416,TRUE,FALSE,FALSE,FALSE,FALSE,TRUE,0.00585070392116904,"singlet",TRUE
"control_rep1_GTACGTAGTGCTTTAC-1","control_rep1","control",2722,1735,3.67376928728876,0.293901542983101,3055,1831,TRUE,FALSE,FALSE,FALSE,FALSE,TRUE,0.156835004687309,"singlet",TRUE
"control_rep1_GTACGTAGTGTCCAGG-1","control_rep1","control",6181,2556,2.21646982688885,0.420643908752629,7200,2700,TRUE,FALSE,FALSE,FALSE,FALSE,TRUE,0.0226718727499247,"singlet",TRUE
"control_rep1_GTACTAATCGGCTAGC-1","control_rep1","control",6113,2375,1.32504498609521,0.245378701128742,6493,2477,TRUE,FALSE,FALSE,FALSE,FALSE,TRUE,0.00393645605072379,"singlet",TRUE
"control_rep1_GTACTAGGTTAAATGC-1","control_rep1","control",2460,1497,0.691056910569106,0.0813008130081301,11394,5765,TRUE,FALSE,FALSE,FALSE,FALSE,TRUE,0.0021386060398072,"singlet",TRUE
"control_rep1_GTACTAGGTTCCTCCT-1","control_rep1","control",24517,5226,1.53362972631235,0.220255333034221,24702,5298,TRUE,FALSE,FALSE,FALSE,FALSE,TRUE,0.0276770573109388,"singlet",TRUE
"control_rep1_GTACTTAAGGACAACA-1","control_rep1","control",11740,3537,1.5076660988075,0.110732538330494,12411,3641,TRUE,FALSE,FALSE,FALSE,FALSE,TRUE,0.0788326933979988,"singlet",TRUE
"control_rep1_GTACTTAAGGAGCACG-1","control_rep1","control",1531,1013,2.80862181580666,0.522534291312867,1706,1079,TRUE,FALSE,FALSE,FALSE,FALSE,TRUE,0.000906040717381984,"singlet",TRUE
"control_rep1_GTACTTCGTACTTCAC-1","control_rep1","control",5274,2931,2.29427379598028,0.265453166477057,12531,6461,TRUE,FALSE,FALSE,FALSE,FALSE,TRUE,0.183060348033905,"singlet",TRUE
"control_rep1_GTACTTCGTCCTAATC-1","control_rep1","control",7349,2908,1.4287658184787,0.068036467546605,7582,2981,TRUE,FALSE,FALSE,FALSE,FALSE,TRUE,0.686616837978363,"singlet",TRUE
"control_rep1_GTACTTCGTGATGAGG-1","control_rep1","control",1504,977,11.7686170212766,0.0664893617021277,1853,1173,TRUE,FALSE,FALSE,FALSE,TRUE,FALSE,NA,"not_tested_QC_fail",FALSE
"control_rep1_GTACTTCGTTTGAGGC-1","control_rep1","control",3928,2204,2.95315682281059,0.814663951120163,8880,4100,TRUE,FALSE,FALSE,FALSE,FALSE,TRUE,0.090187557041645,"singlet",TRUE
"control_rep1_GTAGCCATCTAGCTTT-1","control_rep1","control",1590,1127,4.08805031446541,0,2275,1489,TRUE,FALSE,FALSE,FALSE,FALSE,TRUE,0.0017678770236671,"singlet",TRUE
"control_rep1_GTAGCGCTCCCTGGAA-1","control_rep1","control",2880,1651,4.82638888888889,0.555555555555556,3331,1742,TRUE,FALSE,FALSE,FALSE,FALSE,TRUE,0.00404742965474725,"singlet",TRUE
"control_rep1_GTAGCGCTCTAGCTTT-1","control_rep1","control",4812,2346,1.33000831255195,0.124688279301746,4893,2380,TRUE,FALSE,FALSE,FALSE,FALSE,TRUE,0.00668669724836946,"singlet",TRUE
"control_rep1_GTAGCGCTCTCCATAT-1","control_rep1","control",2814,1545,3.98009950248756,0.248756218905473,3133,1683,TRUE,FALSE,FALSE,FALSE,FALSE,TRUE,0.00517010223120451,"singlet",TRUE
"control_rep1_GTAGCTGTCGGTACGC-1","control_rep1","control",3020,1687,2.31788079470199,0.0662251655629139,3128,1722,TRUE,FALSE,FALSE,FALSE,FALSE,TRUE,0.0107875084504485,"singlet",TRUE
"control_rep1_GTAGGAGGTGCTAGAC-1","control_rep1","control",63908,8911,0.943543844276147,0.203417412530513,75703,13000,FALSE,FALSE,FALSE,FALSE,FALSE,TRUE,0.249588370323181,"singlet",TRUE
"control_rep1_GTAGGAGGTGGATTAT-1","control_rep1","control",2355,1547,1.10403397027601,0.29723991507431,8410,4532,TRUE,FALSE,FALSE,FALSE,FALSE,TRUE,0.00145315413828939,"singlet",TRUE
"control_rep1_GTAGGAGGTGTCCAAA-1","control_rep1","control",2740,1517,3.86861313868613,0.291970802919708,2963,1589,TRUE,FALSE,FALSE,FALSE,FALSE,TRUE,0.00419397931545973,"singlet",TRUE
"control_rep1_GTAGGATCACAAAGAC-1","control_rep1","control",1370,952,6.64233576642336,0.583941605839416,1532,1012,TRUE,FALSE,FALSE,FALSE,FALSE,TRUE,0.0026781796477735,"singlet",TRUE
"control_rep1_GTAGGATCATCCCTCA-1","control_rep1","control",6655,2834,3.0954169797145,0.225394440270473,6935,2904,TRUE,FALSE,FALSE,FALSE,FALSE,TRUE,0.113868340849876,"singlet",TRUE
"control_rep1_GTAGGATCATTGCAGC-1","control_rep1","control",8897,3418,1.83207822861639,0.2360346184107,9259,3564,TRUE,FALSE,FALSE,FALSE,FALSE,TRUE,0.422976583242416,"singlet",TRUE
"control_rep1_GTAGGCGAGCAACATC-1","control_rep1","control",9570,3261,1.02403343782654,0.313479623824451,9861,3338,TRUE,FALSE,FALSE,FALSE,FALSE,TRUE,0.503677368164062,"singlet",TRUE
"control_rep1_GTAGGCGAGGGTGGAT-1","control_rep1","control",6279,2902,7.03933747412008,0.573339703774486,13015,5474,TRUE,FALSE,FALSE,FALSE,FALSE,TRUE,0.0453218929469585,"singlet",TRUE
"control_rep1_GTAGGCGAGTTAGGCT-1","control_rep1","control",2420,1547,7.1900826446281,0.909090909090909,2723,1632,TRUE,FALSE,FALSE,FALSE,FALSE,TRUE,0.00356997456401587,"singlet",TRUE
"control_rep1_GTAGGTGCAGGTTCAC-1","control_rep1","control",9639,3148,0.881834215167548,0.155617802676626,9953,3232,TRUE,FALSE,FALSE,FALSE,FALSE,TRUE,0.0103029403835535,"singlet",TRUE
"control_rep1_GTAGGTGCATCGTTCT-1","control_rep1","control",6733,2570,2.30209416307738,0.0297044408139017,6862,2614,TRUE,FALSE,FALSE,FALSE,FALSE,TRUE,0.0048955581150949,"singlet",TRUE
"control_rep1_GTAGTTATCATAATCG-1","control_rep1","control",4493,2354,2.24794124193189,0.111284219897619,10244,5073,TRUE,FALSE,FALSE,FALSE,FALSE,TRUE,0.0401362031698227,"singlet",TRUE
"control_rep1_GTAGTTATCATTACAG-1","control_rep1","control",2778,1646,7.2354211663067,0.827933765298776,3017,1770,TRUE,FALSE,FALSE,FALSE,FALSE,TRUE,0.00329212821088731,"singlet",TRUE
"control_rep1_GTAGTTATCGAAGTGA-1","control_rep1","control",1706,1145,1.93434935521688,0.234466588511137,6014,3319,TRUE,FALSE,FALSE,FALSE,FALSE,TRUE,0.0682431161403656,"singlet",TRUE
"control_rep1_GTAGTTTCACATTAAC-1","control_rep1","control",5239,2321,1.52700897117771,0.324489406375262,5684,2489,TRUE,FALSE,FALSE,FALSE,FALSE,TRUE,0.425466537475586,"singlet",TRUE
"control_rep1_GTAGTTTCATAAGGAC-1","control_rep1","control",3804,1968,2.39221871713985,0.184016824395373,3899,2009,TRUE,FALSE,FALSE,FALSE,FALSE,TRUE,0.318292438983917,"singlet",TRUE
"control_rep1_GTATCGCCACGTAAGG-1","control_rep1","control",22082,6933,2.85753102074088,0.22642876551037,48915,16123,FALSE,FALSE,FALSE,FALSE,FALSE,TRUE,0.997926235198975,"doublet",FALSE
"control_rep1_GTATCGCCAGCCGCTA-1","control_rep1","control",3839,1947,1.25032560562647,0.338629851523834,3953,1988,TRUE,FALSE,FALSE,FALSE,FALSE,TRUE,0.121314086019993,"singlet",TRUE
"control_rep1_GTATGTTCAGTTAGCC-1","control_rep1","control",6084,2721,1.66009204470743,0.0986193293885602,6219,2764,TRUE,FALSE,FALSE,FALSE,FALSE,TRUE,0.00198989524506032,"singlet",TRUE
"control_rep1_GTATGTTCATGAGCAG-1","control_rep1","control",8593,3202,2.31583847317584,0.349121377865705,8901,3343,TRUE,FALSE,FALSE,FALSE,FALSE,TRUE,0.269611120223999,"singlet",TRUE
"control_rep1_GTATTCAAGAACAAGT-1","control_rep1","control",3106,1538,0.965872504829362,0.354153251770766,3225,1584,TRUE,FALSE,FALSE,FALSE,FALSE,TRUE,0.00566615629941225,"singlet",TRUE
"control_rep1_GTATTGCAGTCCTGAG-1","control_rep1","control",13171,4133,2.03477336572774,0.265735327613697,13888,4233,TRUE,FALSE,FALSE,FALSE,FALSE,TRUE,0.183586329221725,"singlet",TRUE
"control_rep1_GTATTGTCATGAGCAG-1","control_rep1","control",1365,1014,0.805860805860806,0.0732600732600733,4621,2688,TRUE,FALSE,FALSE,FALSE,FALSE,TRUE,0.00289992685429752,"singlet",TRUE
"control_rep1_GTCAAACTCCCTCTAA-1","control_rep1","control",6500,3015,1.66153846153846,0.215384615384615,6595,3050,TRUE,FALSE,FALSE,FALSE,FALSE,TRUE,0.734897553920746,"singlet",TRUE
"control_rep1_GTCAAACTCGGTTTGG-1","control_rep1","control",9254,3693,1.82623730278798,0.075642965204236,20379,8881,TRUE,FALSE,FALSE,FALSE,FALSE,TRUE,0.990045845508575,"doublet",FALSE
"control_rep1_GTCAAACTCGTTTCGC-1","control_rep1","control",8526,3652,5.36007506450856,0.29322073657049,12226,5477,TRUE,FALSE,FALSE,FALSE,FALSE,TRUE,0.660731971263885,"singlet",TRUE
"control_rep1_GTCAGGCTCCGCAAGC-1","control_rep1","control",26211,5717,2.59433062454695,0.175498836366411,31416,7064,TRUE,FALSE,FALSE,FALSE,FALSE,TRUE,0.0320061556994915,"singlet",TRUE
"control_rep1_GTCAGGCTCGGCCATA-1","control_rep1","control",3115,1736,1.54093097913323,0.0321027287319422,19590,8670,TRUE,FALSE,FALSE,FALSE,FALSE,TRUE,0.010131411254406,"singlet",TRUE
"control_rep1_GTCAGGCTCTTGTTCG-1","control_rep1","control",3056,1979,3.37041884816754,0.163612565445026,10460,5583,TRUE,FALSE,FALSE,FALSE,FALSE,TRUE,0.170739755034447,"singlet",TRUE
"control_rep1_GTCATCACATTGTGAT-1","control_rep1","control",1522,1022,3.87647831800263,1.64257555847569,1767,1091,TRUE,FALSE,FALSE,FALSE,FALSE,TRUE,0.00185662158764899,"singlet",TRUE
"control_rep1_GTCATCACATTGTGTG-1","control_rep1","control",3889,2159,2.72563641038827,0.154281306248393,4092,2235,TRUE,FALSE,FALSE,FALSE,FALSE,TRUE,0.035894051194191,"singlet",TRUE
"control_rep1_GTCATCCTCATCAGTA-1","control_rep1","control",3054,1842,0.654878847413229,0.0654878847413229,17399,8143,TRUE,FALSE,FALSE,FALSE,FALSE,TRUE,0.0584481060504913,"singlet",TRUE
"control_rep1_GTCATCCTCCTTCTAG-1","control_rep1","control",3432,2024,1.25291375291375,0,20459,8724,TRUE,FALSE,FALSE,FALSE,FALSE,TRUE,0.0105742951855063,"singlet",TRUE
"control_rep1_GTCATCCTCTCAATGA-1","control_rep1","control",2474,1489,6.8714632174616,0.606305578011318,2647,1540,TRUE,FALSE,FALSE,FALSE,FALSE,TRUE,0.00104705442208797,"singlet",TRUE
"control_rep1_GTCATGAGTAATCGCA-1","control_rep1","control",4762,2382,1.95296094078118,0.419991600167997,4956,2458,TRUE,FALSE,FALSE,FALSE,FALSE,TRUE,0.00459557538852096,"singlet",TRUE
"control_rep1_GTCATGAGTACTTCAC-1","control_rep1","control",6651,2637,1.53360396932792,0,6800,2696,TRUE,FALSE,FALSE,FALSE,FALSE,TRUE,0.0334209650754929,"singlet",TRUE
"control_rep1_GTCATGAGTGTTTGAG-1","control_rep1","control",2811,1665,3.09498399146211,0.391319815012451,2973,1728,TRUE,FALSE,FALSE,FALSE,FALSE,TRUE,0.318894773721695,"singlet",TRUE
"control_rep1_GTCATGAGTTTGGGTA-1","control_rep1","control",4392,2360,3.62021857923497,0.0683060109289618,26328,10863,TRUE,FALSE,FALSE,FALSE,FALSE,TRUE,0.00806545838713646,"singlet",TRUE
"control_rep1_GTCATGCCACCTGTAA-1","control_rep1","control",1215,896,7.48971193415638,1.23456790123457,1407,958,TRUE,FALSE,FALSE,FALSE,FALSE,TRUE,0.0015390143962577,"singlet",TRUE
"control_rep1_GTCATTAAGGCACAGG-1","control_rep1","control",2883,1593,1.87304890738814,0.17343045438779,2991,1632,TRUE,FALSE,FALSE,FALSE,FALSE,TRUE,0.003343116492033,"singlet",TRUE
"control_rep1_GTCATTAAGGTCCTAG-1","control_rep1","control",3136,1770,6.9515306122449,0.191326530612245,3594,1867,TRUE,FALSE,FALSE,FALSE,FALSE,TRUE,0.00840506516396999,"singlet",TRUE
"control_rep1_GTCATTAAGGTGTTAC-1","control_rep1","control",8459,3231,1.53682468376877,0.0945738266934626,8865,3330,TRUE,FALSE,FALSE,FALSE,FALSE,TRUE,0.273388713598251,"singlet",TRUE
"control_rep1_GTCCAAGTCATTACTC-1","control_rep1","control",11294,4703,3.72764299628121,0.327607579245617,15879,6653,TRUE,FALSE,FALSE,FALSE,FALSE,TRUE,0.851258456707001,"doublet",FALSE
"control_rep1_GTCCAAGTCCCTGGAA-1","control_rep1","control",6665,2889,2.62565641410353,0.0300075018754689,6803,2944,TRUE,FALSE,FALSE,FALSE,FALSE,TRUE,0.0950394049286842,"singlet",TRUE
"control_rep1_GTCCAAGTCCGTTAAA-1","control_rep1","control",1588,1218,2.07808564231738,0.377833753148615,8869,4598,TRUE,FALSE,FALSE,FALSE,FALSE,TRUE,0.00132909161038697,"singlet",TRUE
"control_rep1_GTCCAAGTCCTTGTTG-1","control_rep1","control",5877,3047,1.20809937042709,0.0850774204526119,23181,10443,TRUE,FALSE,FALSE,FALSE,FALSE,TRUE,0.497430235147476,"singlet",TRUE
"control_rep1_GTCCATTGTCCTTCAG-1","control_rep1","control",6041,2421,1.83744413176626,0.033107101473266,6141,2460,TRUE,FALSE,FALSE,FALSE,FALSE,TRUE,0.0107710342854261,"singlet",TRUE
"control_rep1_GTCCATTGTGGACCTG-1","control_rep1","control",19349,4827,1.06982272985684,0.0775233862215102,21257,5501,TRUE,FALSE,FALSE,FALSE,FALSE,TRUE,0.335282891988754,"singlet",TRUE
"control_rep1_GTCCATTGTTGTCATC-1","control_rep1","control",5322,2878,3.25065764750094,0.263059000375799,21727,9763,TRUE,FALSE,FALSE,FALSE,FALSE,TRUE,0.388036906719208,"singlet",TRUE
"control_rep1_GTCCGTAAGCCGCAGT-1","control_rep1","control",3091,1804,5.24102232287286,0.161759948236817,3343,1875,TRUE,FALSE,FALSE,FALSE,FALSE,TRUE,0.462579846382141,"singlet",TRUE
"control_rep1_GTCCTCAGTGCGCAAT-1","control_rep1","control",4715,2171,1.93001060445387,0.148462354188759,4893,2236,TRUE,FALSE,FALSE,FALSE,FALSE,TRUE,0.310836404561996,"singlet",TRUE
"control_rep1_GTCGAAGCAGTAGGAT-1","control_rep1","control",5289,2134,0.831915295897145,0.264700321421819,5564,2204,TRUE,FALSE,FALSE,FALSE,FALSE,TRUE,0.0657724961638451,"singlet",TRUE
"control_rep1_GTCGAAGCATAATCGT-1","control_rep1","control",2452,1532,3.54812398042414,0.938009787928222,2728,1606,TRUE,FALSE,FALSE,FALSE,FALSE,TRUE,0.0467913560569286,"singlet",TRUE
"control_rep1_GTCGAGGAGCATGTTA-1","control_rep1","control",4914,2296,1.85185185185185,0.447700447700448,5218,2377,TRUE,FALSE,FALSE,FALSE,FALSE,TRUE,0.00538898771628737,"singlet",TRUE
"control_rep1_GTCGAGGAGGGCCACT-1","control_rep1","control",2895,1580,1.6580310880829,0.138169257340242,3078,1641,TRUE,FALSE,FALSE,FALSE,FALSE,TRUE,0.0313609689474106,"singlet",TRUE
"control_rep1_GTCGAGGAGTTAGTTG-1","control_rep1","control",2161,1376,1.4345210550671,0.0462748727441,8917,4710,TRUE,FALSE,FALSE,FALSE,FALSE,TRUE,0.00134655344299972,"singlet",TRUE
"control_rep1_GTCGGTTCAATGCGCT-1","control_rep1","control",3794,1997,2.39852398523985,0.158144438587243,4036,2073,TRUE,FALSE,FALSE,FALSE,FALSE,TRUE,0.197008937597275,"singlet",TRUE
"control_rep1_GTCGGTTCAATTGCGC-1","control_rep1","control",10681,3695,1.16093998689261,0.205973223480947,11177,3827,TRUE,FALSE,FALSE,FALSE,FALSE,TRUE,0.236918091773987,"singlet",TRUE
"control_rep1_GTCGGTTCACTAAGCC-1","control_rep1","control",3230,1722,1.45510835913313,0.464396284829721,3337,1760,TRUE,FALSE,FALSE,FALSE,FALSE,TRUE,0.0536655709147453,"singlet",TRUE
"control_rep1_GTCGGTTCATAACGGG-1","control_rep1","control",2229,1534,1.30103185284881,0.179452669358457,5646,3261,TRUE,FALSE,FALSE,FALSE,FALSE,TRUE,0.00294418958947062,"singlet",TRUE
"control_rep1_GTCGGTTCATTATGGT-1","control_rep1","control",3631,1881,2.478656017626,0.440649958689066,3842,1953,TRUE,FALSE,FALSE,FALSE,FALSE,TRUE,0.102124333381653,"singlet",TRUE
"control_rep1_GTCTAACAGGTAAGGC-1","control_rep1","control",2345,1514,2.26012793176972,0.767590618336887,2485,1579,TRUE,FALSE,FALSE,FALSE,FALSE,TRUE,0.210987195372581,"singlet",TRUE
"control_rep1_GTCTAATCAGGTTACC-1","control_rep1","control",23151,5696,2.53984709083841,0.298043281067772,28991,8065,TRUE,FALSE,FALSE,FALSE,FALSE,TRUE,0.484148740768433,"singlet",TRUE
"control_rep1_GTCTAATCATAAAGCA-1","control_rep1","control",1123,871,4.80854853072128,0.0890471950133571,11847,5791,TRUE,FALSE,FALSE,FALSE,FALSE,TRUE,0.00441295932978392,"singlet",TRUE
"control_rep1_GTCTAATCATCACTTC-1","control_rep1","control",2057,1453,1.26397666504618,0.145843461351483,4846,2908,TRUE,FALSE,FALSE,FALSE,FALSE,TRUE,0.00356100802309811,"singlet",TRUE
"control_rep1_GTCTAGCCAAGCTTTG-1","control_rep1","control",4028,2097,3.5253227408143,0.422045680238332,4167,2153,TRUE,FALSE,FALSE,FALSE,FALSE,TRUE,0.248379990458488,"singlet",TRUE
"control_rep1_GTCTAGCCAATTGACT-1","control_rep1","control",9759,3423,1.46531406906445,0.14345732144687,9944,3484,TRUE,FALSE,FALSE,FALSE,FALSE,TRUE,0.0693026706576347,"singlet",TRUE
"control_rep1_GTCTAGCCACAGGAAT-1","control_rep1","control",4135,2041,2.75695284159613,0.556227327690447,4287,2102,TRUE,FALSE,FALSE,FALSE,FALSE,TRUE,0.0875852555036545,"singlet",TRUE
"control_rep1_GTCTAGCCAGCATTAT-1","control_rep1","control",6711,3401,2.3841454328714,0.134108180599017,18159,8640,TRUE,FALSE,FALSE,FALSE,FALSE,TRUE,0.992629408836365,"doublet",FALSE
"control_rep1_GTCTAGCCATAGCTTG-1","control_rep1","control",2302,1385,4.73501303214596,0.260642919200695,2470,1442,TRUE,FALSE,FALSE,FALSE,FALSE,TRUE,0.0138661451637745,"singlet",TRUE
"control_rep1_GTCTATGCAATGCCCG-1","control_rep1","control",13257,4534,3.74141962736667,0.92026853737648,18530,6461,TRUE,FALSE,FALSE,FALSE,FALSE,TRUE,0.969673335552216,"doublet",FALSE
"control_rep1_GTCTATGCATTAAGTC-1","control_rep1","control",12063,3983,1.51703556329271,0.0828981182127166,12716,4168,TRUE,FALSE,FALSE,FALSE,FALSE,TRUE,0.542189300060272,"singlet",TRUE
"control_rep1_GTCTTGCTCGCGACAC-1","control_rep1","control",5551,2735,2.64817150063052,0.0540443163393983,15511,7172,TRUE,FALSE,FALSE,FALSE,FALSE,TRUE,0.0167970862239599,"singlet",TRUE
"control_rep1_GTCTTGCTCGCTTCTA-1","control_rep1","control",4167,2073,0.719942404607631,0,11131,5492,TRUE,FALSE,FALSE,FALSE,FALSE,TRUE,0.021004106849432,"singlet",TRUE
"control_rep1_GTCTTGCTCTCGACCT-1","control_rep1","control",12789,4320,1.79060129799046,0.179842051763234,20321,7826,TRUE,FALSE,FALSE,FALSE,FALSE,TRUE,0.470134824514389,"singlet",TRUE
"control_rep1_GTCTTTAGTCCAAATG-1","control_rep1","control",6022,2664,1.21222185320492,0.149452009299236,6192,2723,TRUE,FALSE,FALSE,FALSE,FALSE,TRUE,0.324286758899689,"singlet",TRUE
"control_rep1_GTCTTTAGTCTCAGCC-1","control_rep1","control",2582,1666,1.47172734314485,0.426026336173509,18449,8386,TRUE,FALSE,FALSE,FALSE,FALSE,TRUE,0.00099810236133635,"singlet",TRUE
"control_rep1_GTCTTTAGTGGCTTCC-1","control_rep1","control",5496,2645,3.11135371179039,0.254730713245997,5735,2720,TRUE,FALSE,FALSE,FALSE,FALSE,TRUE,0.62762051820755,"singlet",TRUE
"control_rep1_GTCTTTAGTGTCCAAA-1","control_rep1","control",3429,1875,0.904053659959172,0.145815106445028,3528,1915,TRUE,FALSE,FALSE,FALSE,FALSE,TRUE,0.288662612438202,"singlet",TRUE
"control_rep1_GTCTTTAGTTTGCGCC-1","control_rep1","control",2093,1458,5.63784042044912,0.812231247013856,5820,3272,TRUE,FALSE,FALSE,FALSE,FALSE,TRUE,0.00709097366780043,"singlet",TRUE
"control_rep1_GTCTTTAGTTTGTGGA-1","control_rep1","control",4962,2408,3.16404675534059,0.0806126561870214,5319,2490,TRUE,FALSE,FALSE,FALSE,FALSE,TRUE,0.0911760702729225,"singlet",TRUE
"control_rep1_GTCTTTGTCTTCAATC-1","control_rep1","control",6499,2615,2.63117402677335,0.0307739652254193,6781,2697,TRUE,FALSE,FALSE,FALSE,FALSE,TRUE,0.00503074284642935,"singlet",TRUE
"control_rep1_GTGAACAAGCACCACA-1","control_rep1","control",3941,2117,2.66429840142096,0.177619893428064,4075,2179,TRUE,FALSE,FALSE,FALSE,FALSE,TRUE,0.370111495256424,"singlet",TRUE
"control_rep1_GTGAACAAGGCCATCA-1","control_rep1","control",5990,2747,9.39899833055092,0.317195325542571,18793,7500,TRUE,FALSE,FALSE,FALSE,FALSE,TRUE,0.983608901500702,"doublet",FALSE
"control_rep1_GTGAACAAGGGTGAAC-1","control_rep1","control",2184,1511,1.51098901098901,0.274725274725275,3150,2018,TRUE,FALSE,FALSE,FALSE,FALSE,TRUE,0.0494513213634491,"singlet",TRUE
"control_rep1_GTGAACAAGGTCCTAG-1","control_rep1","control",5293,2394,1.81371622898167,0.207821651237483,5447,2450,TRUE,FALSE,FALSE,FALSE,FALSE,TRUE,0.262598514556885,"singlet",TRUE
"control_rep1_GTGAACAAGGTTTACA-1","control_rep1","control",5251,2226,0.666539706722529,0.0952199581032184,5410,2279,TRUE,FALSE,FALSE,FALSE,FALSE,TRUE,0.00346208573319018,"singlet",TRUE
"control_rep1_GTGAATCTCAGCTAAC-1","control_rep1","control",1965,1315,2.23918575063613,0.152671755725191,5384,3007,TRUE,FALSE,FALSE,FALSE,FALSE,TRUE,0.00132162135560066,"singlet",TRUE
"control_rep1_GTGAATCTCCGCCTCA-1","control_rep1","control",2983,1853,4.96144820650352,1.03922225947033,3150,1915,TRUE,FALSE,FALSE,FALSE,FALSE,TRUE,0.115195050835609,"singlet",TRUE
"control_rep1_GTGAATCTCCTAATGA-1","control_rep1","control",4451,2413,0.80880700966075,0.247135475174118,4794,2569,TRUE,FALSE,FALSE,FALSE,FALSE,TRUE,0.0125315487384796,"singlet",TRUE
"control_rep1_GTGAATCTCGGTTACG-1","control_rep1","control",22684,5159,0.859636748368894,0.216011285487568,23977,5548,TRUE,FALSE,FALSE,FALSE,FALSE,TRUE,0.0934935212135315,"singlet",TRUE
"control_rep1_GTGAATCTCTTTGACT-1","control_rep1","control",17936,4356,1.34366636931311,0.273193577163247,19044,4480,TRUE,FALSE,FALSE,FALSE,FALSE,TRUE,0.15128917992115,"singlet",TRUE
"control_rep1_GTGAGCGAGAACCTAC-1","control_rep1","control",5303,2686,2.22515557231756,0.0188572506128606,18645,8401,TRUE,FALSE,FALSE,FALSE,FALSE,TRUE,0.0187817458063364,"singlet",TRUE
"control_rep1_GTGAGCGAGGTTAGCT-1","control_rep1","control",3237,1887,4.17052826691381,0.617856039542787,3653,1975,TRUE,FALSE,FALSE,FALSE,FALSE,TRUE,0.0504768490791321,"singlet",TRUE
"control_rep1_GTGAGGAGTTATCCTA-1","control_rep1","control",14069,4149,1.29362428033265,0.0426469542966806,14397,4225,TRUE,FALSE,FALSE,FALSE,FALSE,TRUE,0.239210143685341,"singlet",TRUE
"control_rep1_GTGATCAGTTCACCAT-1","control_rep1","control",8013,3005,1.72220142268813,0.499188818170473,8160,3054,TRUE,FALSE,FALSE,FALSE,FALSE,TRUE,0.126151442527771,"singlet",TRUE
"control_rep1_GTGATGAAGCAGGCCT-1","control_rep1","control",5611,2692,0.588130458028872,0.08911067545892,22377,9799,TRUE,FALSE,FALSE,FALSE,FALSE,TRUE,0.00783035345375538,"singlet",TRUE
"control_rep1_GTGCAAGCAAAGGTAC-1","control_rep1","control",1865,1342,2.46648793565684,0.0536193029490617,8102,4421,TRUE,FALSE,FALSE,FALSE,FALSE,TRUE,0.00344824139028788,"singlet",TRUE
"control_rep1_GTGCAAGCACTGGCTG-1","control_rep1","control",1341,1038,2.83370618941089,0.0745712155108128,5465,3130,TRUE,FALSE,FALSE,FALSE,FALSE,TRUE,0.0027198288589716,"singlet",TRUE
"control_rep1_GTGCAAGCATCATGGC-1","control_rep1","control",1845,1250,4.39024390243902,0.650406504065041,1983,1301,TRUE,FALSE,FALSE,FALSE,FALSE,TRUE,0.0497675500810146,"singlet",TRUE
"control_rep1_GTGCACGGTTAGCAGC-1","control_rep1","control",12712,3994,3.85462555066079,0.141598489616111,13293,4102,TRUE,FALSE,FALSE,FALSE,FALSE,TRUE,0.148761972784996,"singlet",TRUE
"control_rep1_GTGCACGGTTCCGCAC-1","control_rep1","control",5434,2459,2.92602134707398,0.423260949576739,5555,2507,TRUE,FALSE,FALSE,FALSE,FALSE,TRUE,0.384065002202988,"singlet",TRUE
"control_rep1_GTGCATTAGCAATAGG-1","control_rep1","control",2464,1560,0.730519480519481,0.284090909090909,10023,5230,TRUE,FALSE,FALSE,FALSE,FALSE,TRUE,0.00169925205409527,"singlet",TRUE
"control_rep1_GTGCATTAGCGGCTGT-1","control_rep1","control",8411,2972,2.4491737011057,0.0237783854476281,8688,3049,TRUE,FALSE,FALSE,FALSE,FALSE,TRUE,0.00422037485986948,"singlet",TRUE
"control_rep1_GTGCATTAGCTCATAA-1","control_rep1","control",9541,3099,1.66649198197254,0.0314432449428781,9651,3149,TRUE,FALSE,FALSE,FALSE,FALSE,TRUE,0.04645886272192,"singlet",TRUE
"control_rep1_GTGCATTAGGAGCATA-1","control_rep1","control",3697,1973,1.48769272383013,0.351636461996213,7332,3783,TRUE,FALSE,FALSE,FALSE,FALSE,TRUE,0.0656162053346634,"singlet",TRUE
"control_rep1_GTGCATTAGGCCGGAA-1","control_rep1","control",7419,2824,1.44224288987734,0.22914139371883,7666,2894,TRUE,FALSE,FALSE,FALSE,FALSE,TRUE,0.0256806686520576,"singlet",TRUE
"control_rep1_GTGCCTTTCCTCAGTC-1","control_rep1","control",3974,1881,2.94413688978359,0,4147,1946,TRUE,FALSE,FALSE,FALSE,FALSE,TRUE,0.00482864677906036,"singlet",TRUE
"control_rep1_GTGCGGTTCGCACACA-1","control_rep1","control",7628,2845,0.825904562139486,0.131095962244363,8101,3085,TRUE,FALSE,FALSE,FALSE,FALSE,TRUE,0.0190776064991951,"singlet",TRUE
"control_rep1_GTGCTCAAGGACAATG-1","control_rep1","control",3640,2102,4.80769230769231,0.412087912087912,4092,2247,TRUE,FALSE,FALSE,FALSE,FALSE,TRUE,0.215968087315559,"singlet",TRUE
"control_rep1_GTGCTCCGTAATCCCT-1","control_rep1","control",2523,1515,2.37812128418549,0.0396353547364249,2888,1706,TRUE,FALSE,FALSE,FALSE,FALSE,TRUE,0.00337069295346737,"singlet",TRUE
"control_rep1_GTGCTCCGTCCAAATG-1","control_rep1","control",31049,6000,0.850268929756192,0.0934007536474605,31225,6082,TRUE,FALSE,FALSE,FALSE,FALSE,TRUE,0.12396164983511,"singlet",TRUE
"control_rep1_GTGCTCCGTTAACAGT-1","control_rep1","control",17976,4823,1.47418780596351,0.155763239875389,32424,10771,TRUE,FALSE,FALSE,FALSE,FALSE,TRUE,0.98730057477951,"doublet",FALSE
"control_rep1_GTGCTCCGTTATGTGG-1","control_rep1","control",2291,1462,1.1348756001746,0.13094718463553,14048,6702,TRUE,FALSE,FALSE,FALSE,FALSE,TRUE,0.00176099105738103,"singlet",TRUE
"control_rep1_GTGCTCCGTTCATCTA-1","control_rep1","control",2530,1596,2.4901185770751,0.0790513833992095,2642,1650,TRUE,FALSE,FALSE,FALSE,FALSE,TRUE,0.409208983182907,"singlet",TRUE
"control_rep1_GTGCTGGGTCTAACAG-1","control_rep1","control",5408,2588,1.8491124260355,0.0739644970414201,5510,2627,TRUE,FALSE,FALSE,FALSE,FALSE,TRUE,0.160635963082314,"singlet",TRUE
"control_rep1_GTGCTTACACGAACAG-1","control_rep1","control",6727,2563,0.936524453694069,0.0445964025568604,6909,2626,TRUE,FALSE,FALSE,FALSE,FALSE,TRUE,0.122037164866924,"singlet",TRUE
"control_rep1_GTGCTTACAGCAACCT-1","control_rep1","control",8895,3681,2.47329960652052,0.415964024732996,12807,5378,TRUE,FALSE,FALSE,FALSE,FALSE,TRUE,0.820668041706085,"doublet",FALSE
"control_rep1_GTGCTTACAGGCTAGA-1","control_rep1","control",3327,1722,1.77336940186354,0.120228434024647,4029,2094,TRUE,FALSE,FALSE,FALSE,FALSE,TRUE,0.00328527740202844,"singlet",TRUE
"control_rep1_GTGCTTCTCAGGCCTA-1","control_rep1","control",14989,4186,2.081526452732,0.113416505437321,15557,4294,TRUE,FALSE,FALSE,FALSE,FALSE,TRUE,0.145767256617546,"singlet",TRUE
"control_rep1_GTGCTTCTCATCACTT-1","control_rep1","control",3960,2090,3.03030303030303,0.101010101010101,4096,2138,TRUE,FALSE,FALSE,FALSE,FALSE,TRUE,0.0446383096277714,"singlet",TRUE
"control_rep1_GTGCTTCTCCTCGATC-1","control_rep1","control",7488,3183,2.63087606837607,0.360576923076923,7686,3247,TRUE,FALSE,FALSE,FALSE,FALSE,TRUE,0.00673136254772544,"singlet",TRUE
"control_rep1_GTGCTTCTCGGTTACG-1","control_rep1","control",12307,4300,2.33200617534736,0.666287478670675,12833,4482,TRUE,FALSE,FALSE,FALSE,FALSE,TRUE,0.776433289051056,"doublet",FALSE
"control_rep1_GTGCTTCTCTAAATCG-1","control_rep1","control",3220,1627,1.42857142857143,0.093167701863354,3361,1682,TRUE,FALSE,FALSE,FALSE,FALSE,TRUE,0.057072676718235,"singlet",TRUE
"control_rep1_GTGCTTCTCTGCAACG-1","control_rep1","control",2260,1448,2.47787610619469,0.309734513274336,2382,1493,TRUE,FALSE,FALSE,FALSE,FALSE,TRUE,0.00226849177852273,"singlet",TRUE
"control_rep1_GTGGACACAGGATAAC-1","control_rep1","control",3193,1729,6.79611650485437,0.845599749451926,3649,1809,TRUE,FALSE,FALSE,FALSE,FALSE,TRUE,0.0315724164247513,"singlet",TRUE
"control_rep1_GTGGACACAGGCTGTT-1","control_rep1","control",3645,1911,1.61865569272977,0.0823045267489712,19464,8760,TRUE,FALSE,FALSE,FALSE,FALSE,TRUE,0.00221471162512898,"singlet",TRUE
"control_rep1_GTGGACACATAATGTC-1","control_rep1","control",16054,4252,2.47913292637349,0.0249159088077738,16648,4349,TRUE,FALSE,FALSE,FALSE,FALSE,TRUE,0.0584544204175472,"singlet",TRUE
"control_rep1_GTGGTTAGTTTACCGT-1","control_rep1","control",2781,1824,1.94174757281553,0.25170801869831,3034,1953,TRUE,FALSE,FALSE,FALSE,FALSE,TRUE,0.0542826652526855,"singlet",TRUE
"control_rep1_GTGGTTAGTTTACTTG-1","control_rep1","control",1858,1309,1.82992465016146,1.07642626480086,2288,1515,TRUE,FALSE,FALSE,FALSE,FALSE,TRUE,0.00254985713399947,"singlet",TRUE
"control_rep1_GTGTCCAAGCCGCTAA-1","control_rep1","control",11565,3722,1.1240812797233,0.00864677907479464,11671,3764,TRUE,FALSE,FALSE,FALSE,FALSE,TRUE,0.0457937307655811,"singlet",TRUE
"control_rep1_GTGTCCAAGTGCTGTG-1","control_rep1","control",11074,3797,0.857865270001806,0.0722412858948889,11246,3877,TRUE,FALSE,FALSE,FALSE,FALSE,TRUE,0.0872640907764435,"singlet",TRUE
"control_rep1_GTGTCCAAGTTGTCAA-1","control_rep1","control",18367,4916,0.936462133173627,0.206892796863941,21708,6150,TRUE,FALSE,FALSE,FALSE,FALSE,TRUE,0.675672829151154,"singlet",TRUE
"control_rep1_GTGTGAGCAAACATAG-1","control_rep1","control",2679,1611,2.87420679357969,0.335946248600224,2811,1664,TRUE,FALSE,FALSE,FALSE,FALSE,TRUE,0.00601347768679261,"singlet",TRUE
"control_rep1_GTGTGAGCAACTCGCG-1","control_rep1","control",16929,4619,1.23456790123457,0.129954515919428,17188,4747,TRUE,FALSE,FALSE,FALSE,FALSE,TRUE,0.571602523326874,"singlet",TRUE
"control_rep1_GTGTGAGCATTGTTGG-1","control_rep1","control",5191,2312,0.943941437102678,0.0963205548063957,5289,2355,TRUE,FALSE,FALSE,FALSE,FALSE,TRUE,0.0151520883664489,"singlet",TRUE
"control_rep1_GTGTTACAGCTGGACC-1","control_rep1","control",8738,3484,2.01419089036393,0.0915541313801785,9089,3613,TRUE,FALSE,FALSE,FALSE,FALSE,TRUE,0.0243912246078253,"singlet",TRUE
"control_rep1_GTGTTCCTCGGTTAGT-1","control_rep1","control",1802,1270,4.16204217536071,0,1952,1334,TRUE,FALSE,FALSE,FALSE,FALSE,TRUE,0.0016687884926796,"singlet",TRUE
"control_rep1_GTTAACCAGTTGGGCC-1","control_rep1","control",3356,1923,1.72824791418355,0,19309,8759,TRUE,FALSE,FALSE,FALSE,FALSE,TRUE,0.00121036823838949,"singlet",TRUE
"control_rep1_GTTAACGGTATTCGCT-1","control_rep1","control",25510,5138,2.0188161505292,0.0588004704037632,26768,5508,TRUE,FALSE,FALSE,FALSE,FALSE,TRUE,0.020608015358448,"singlet",TRUE
"control_rep1_GTTAAGCTCACTCGCT-1","control_rep1","control",10102,3391,2.9301128489408,0.227677687586617,10484,3488,TRUE,FALSE,FALSE,FALSE,FALSE,TRUE,0.208496600389481,"singlet",TRUE
"control_rep1_GTTAAGCTCATTGCAA-1","control_rep1","control",7955,3045,2.25015713387806,0.0251414204902577,8101,3098,TRUE,FALSE,FALSE,FALSE,FALSE,TRUE,0.114296339452267,"singlet",TRUE
"control_rep1_GTTAAGCTCGGTTACG-1","control_rep1","control",10910,4135,2.10815765352887,0.348304307974335,13679,5106,TRUE,FALSE,FALSE,FALSE,FALSE,TRUE,0.99446314573288,"doublet",FALSE
"control_rep1_GTTAAGCTCGTTACTT-1","control_rep1","control",4255,1946,1.29259694477086,0.188014101057579,4607,2026,TRUE,FALSE,FALSE,FALSE,FALSE,TRUE,0.0043703461997211,"singlet",TRUE
"control_rep1_GTTAAGCTCTCCATAT-1","control_rep1","control",4282,2330,2.70901447921532,0.373657169546941,4482,2396,TRUE,FALSE,FALSE,FALSE,FALSE,TRUE,0.00358953769318759,"singlet",TRUE
"control_rep1_GTTAAGTGTACCGTTT-1","control_rep1","control",2003,1329,3.04543185222167,0.0998502246630055,2164,1382,TRUE,FALSE,FALSE,FALSE,FALSE,TRUE,0.0406878814101219,"singlet",TRUE
"control_rep1_GTTAAGTGTGCATCGG-1","control_rep1","control",2412,1606,0.953565505804312,0.207296849087894,2779,1796,TRUE,FALSE,FALSE,FALSE,FALSE,TRUE,0.191098719835281,"singlet",TRUE
"control_rep1_GTTAAGTGTGTTTGTC-1","control_rep1","control",1927,1361,0.674623767514271,0.103788271925272,17674,8085,TRUE,FALSE,FALSE,FALSE,FALSE,TRUE,0.00249216100201011,"singlet",TRUE
"control_rep1_GTTAAGTGTTCAAGCA-1","control_rep1","control",5840,2706,3.18493150684932,0.136986301369863,6476,2827,TRUE,FALSE,FALSE,FALSE,FALSE,TRUE,0.0198784656822681,"singlet",TRUE
"control_rep1_GTTAAGTGTTGCTGGG-1","control_rep1","control",3374,2051,1.57083580320095,0.0889152341434499,14149,7021,TRUE,FALSE,FALSE,FALSE,FALSE,TRUE,0.633890390396118,"singlet",TRUE
"control_rep1_GTTACCTGTTAGGCGT-1","control_rep1","control",3433,1795,1.51471016603554,0.0873871249635887,3577,1848,TRUE,FALSE,FALSE,FALSE,FALSE,TRUE,0.147632777690887,"singlet",TRUE
"control_rep1_GTTACGCCAACACCTA-1","control_rep1","control",1098,844,2.36794171220401,0.182149362477231,2617,1626,TRUE,FALSE,FALSE,FALSE,FALSE,TRUE,0.00171768956352025,"singlet",TRUE
"control_rep1_GTTACGCCACAAACTT-1","control_rep1","control",4965,2438,1.59113796576032,0.161127895266868,15585,7357,TRUE,FALSE,FALSE,FALSE,FALSE,TRUE,0.00152647076174617,"singlet",TRUE
"control_rep1_GTTACGCCACAGAAAC-1","control_rep1","control",7640,3368,3.50785340314136,0.56282722513089,8771,3783,TRUE,FALSE,FALSE,FALSE,FALSE,TRUE,0.687781035900116,"singlet",TRUE
"control_rep1_GTTACGCCACCTCAGG-1","control_rep1","control",6059,2536,1.71645486053804,0.0660174946360786,6251,2602,TRUE,FALSE,FALSE,FALSE,FALSE,TRUE,0.00972189102321863,"singlet",TRUE
"control_rep1_GTTACGCCATCGTTCT-1","control_rep1","control",6452,2743,0.867947923124613,0.201487910725356,6564,2797,TRUE,FALSE,FALSE,FALSE,FALSE,TRUE,0.395268529653549,"singlet",TRUE
"control_rep1_GTTACGTAGTAAGGGC-1","control_rep1","control",1480,1001,8.71621621621622,0.743243243243243,1770,1078,TRUE,FALSE,FALSE,FALSE,FALSE,TRUE,0.00225203158333898,"singlet",TRUE
"control_rep1_GTTACGTAGTGAACCT-1","control_rep1","control",3271,1843,3.3934576582085,1.19229593396515,3779,1997,TRUE,FALSE,FALSE,FALSE,FALSE,TRUE,0.216863751411438,"singlet",TRUE
"control_rep1_GTTACGTAGTGACCTG-1","control_rep1","control",15877,4299,1.57460477420168,0.0377905145808402,16301,4432,TRUE,FALSE,FALSE,FALSE,FALSE,TRUE,0.202646225690842,"singlet",TRUE
"control_rep1_GTTACTAAGGAGTCGG-1","control_rep1","control",2511,1668,3.26563122262047,0.796495420151334,10018,5070,TRUE,FALSE,FALSE,FALSE,FALSE,TRUE,0.0034646678250283,"singlet",TRUE
"control_rep1_GTTACTCGTACTGAAT-1","control_rep1","control",2097,1355,7.96375774916547,0.0953743443013829,2235,1419,TRUE,FALSE,FALSE,FALSE,FALSE,TRUE,0.00227662012912333,"singlet",TRUE
"control_rep1_GTTACTCGTTAATGAC-1","control_rep1","control",8861,3087,1.51224466764474,0.654553662114885,10300,3583,TRUE,FALSE,FALSE,FALSE,FALSE,TRUE,0.110925406217575,"singlet",TRUE
"control_rep1_GTTAGACTCACCTGTC-1","control_rep1","control",5249,2356,4.49609449418937,0.723947418555915,5438,2411,TRUE,FALSE,FALSE,FALSE,FALSE,TRUE,0.408635318279266,"singlet",TRUE
"control_rep1_GTTAGACTCCTCGATC-1","control_rep1","control",1499,1118,1.9346230820547,0.266844563042028,7120,3872,TRUE,FALSE,FALSE,FALSE,FALSE,TRUE,0.00221047340892255,"singlet",TRUE
"control_rep1_GTTAGGCGTGTGCACG-1","control_rep1","control",3173,1741,1.35518436810589,0.157579577686732,3275,1781,TRUE,FALSE,FALSE,FALSE,FALSE,TRUE,0.0105031607672572,"singlet",TRUE
"control_rep1_GTTCACCTCACTAGGT-1","control_rep1","control",1025,784,3.1219512195122,0.195121951219512,4656,2642,TRUE,FALSE,FALSE,FALSE,FALSE,TRUE,0.00297371880151331,"singlet",TRUE
"control_rep1_GTTCACCTCATGGCTG-1","control_rep1","control",2759,1653,1.55853570134107,0.326205146792316,13114,6431,TRUE,FALSE,FALSE,FALSE,FALSE,TRUE,0.00237788050435483,"singlet",TRUE
"control_rep1_GTTCATTTCGTGCTTC-1","control_rep1","control",20680,4911,2.11315280464217,0.135396518375242,21266,5017,TRUE,FALSE,FALSE,FALSE,FALSE,TRUE,0.202701717615128,"singlet",TRUE
"control_rep1_GTTCCCAGTGCTTTAC-1","control_rep1","control",1436,1096,1.81058495821727,0.348189415041783,4747,2770,TRUE,FALSE,FALSE,FALSE,FALSE,TRUE,0.00125764962285757,"singlet",TRUE
"control_rep1_GTTCCTGGTCTTTGAC-1","control_rep1","control",1462,983,2.1203830369357,0.136798905608755,1897,1216,TRUE,FALSE,FALSE,FALSE,FALSE,TRUE,0.00173552357591689,"singlet",TRUE
"control_rep1_GTTCCTTCACTATGGC-1","control_rep1","control",3445,2191,2.17706821480406,0.377358490566038,6046,3540,TRUE,FALSE,FALSE,FALSE,FALSE,TRUE,0.0803148224949837,"singlet",TRUE
"control_rep1_GTTCGCTTCTTGCATT-1","control_rep1","control",4138,2144,3.79410343160947,0.459159014016433,5546,2721,TRUE,FALSE,FALSE,FALSE,FALSE,TRUE,0.0061625693924725,"singlet",TRUE
"control_rep1_GTTCTCATCTTAGTCT-1","control_rep1","control",2054,1372,1.46056475170399,0.0486854917234664,9383,4733,TRUE,FALSE,FALSE,FALSE,FALSE,TRUE,0.000869648298248649,"singlet",TRUE
"control_rep1_GTTCTTGTCGCGCTAA-1","control_rep1","control",5787,3040,2.74753758424054,0.276481769483325,12522,6280,TRUE,FALSE,FALSE,FALSE,FALSE,TRUE,0.996756255626678,"doublet",FALSE
"control_rep1_GTTGCATAGGAACACA-1","control_rep1","control",4309,2244,1.27639823624971,0.0232072406590856,15537,7403,TRUE,FALSE,FALSE,FALSE,FALSE,TRUE,0.0209106411784887,"singlet",TRUE
"control_rep1_GTTGCGGGTTTAGCTC-1","control_rep1","control",4024,2000,4.22465208747515,1.66500994035785,4519,2091,TRUE,FALSE,FALSE,FALSE,FALSE,TRUE,0.00468748994171619,"singlet",TRUE
"control_rep1_GTTGCTGAGCAAACCT-1","control_rep1","control",28117,6369,2.96973361311662,0.295195077710993,48407,13369,TRUE,FALSE,FALSE,FALSE,FALSE,TRUE,0.041487380862236,"singlet",TRUE
"control_rep1_GTTGGAGCAACTAGAA-1","control_rep1","control",1907,1153,1.25852123754588,0.262191924488726,8436,4284,TRUE,FALSE,FALSE,FALSE,FALSE,TRUE,0.00174614088609815,"singlet",TRUE
"control_rep1_GTTGGAGCATCACAGC-1","control_rep1","control",29028,6189,1.34008543475265,0.15157778696431,35044,8310,TRUE,FALSE,FALSE,FALSE,FALSE,TRUE,0.16772273182869,"singlet",TRUE
"control_rep1_GTTGGCCAGGACACTT-1","control_rep1","control",2011,1371,2.68523122824465,0.0497265042267529,5346,3098,TRUE,FALSE,FALSE,FALSE,FALSE,TRUE,0.00169620930682868,"singlet",TRUE
"control_rep1_GTTGGCCAGGATGATG-1","control_rep1","control",2604,1519,1.45929339477727,0.0768049155145929,14576,6685,TRUE,FALSE,FALSE,FALSE,FALSE,TRUE,0.00325940269976854,"singlet",TRUE
"control_rep1_GTTGGCCAGGTTTACA-1","control_rep1","control",2328,1614,3.22164948453608,0.945017182130584,8210,4363,TRUE,FALSE,FALSE,FALSE,FALSE,TRUE,0.00267006759531796,"singlet",TRUE
"control_rep1_GTTGGCGGTAAACAAG-1","control_rep1","control",15922,5156,2.6190177113428,0.590378093204371,31933,11154,TRUE,FALSE,FALSE,FALSE,FALSE,TRUE,0.988307416439056,"doublet",FALSE
"control_rep1_GTTGGCGGTACAAAGA-1","control_rep1","control",1340,962,3.65671641791045,1.41791044776119,1516,1034,TRUE,FALSE,FALSE,FALSE,FALSE,TRUE,0.0021677662152797,"singlet",TRUE
"control_rep1_GTTGGCGGTTTGCAGA-1","control_rep1","control",7106,2652,3.64480720517872,0.140726146918097,7555,2749,TRUE,FALSE,FALSE,FALSE,FALSE,TRUE,0.0712557062506676,"singlet",TRUE
"control_rep1_GTTGTTGCATTGTGAT-1","control_rep1","control",27213,5909,1.41843971631206,0.146988571638555,29966,6907,TRUE,FALSE,FALSE,FALSE,FALSE,TRUE,0.145866066217422,"singlet",TRUE
"control_rep1_GTTTAACCAATCCTGA-1","control_rep1","control",3141,1547,0.827761859280484,0.413880929640242,3247,1590,TRUE,FALSE,FALSE,FALSE,FALSE,TRUE,0.0633831396698952,"singlet",TRUE
"control_rep1_GTTTAACCACAAAGGT-1","control_rep1","control",12453,4035,2.87480928290372,0.0883321288043042,13107,4154,TRUE,FALSE,FALSE,FALSE,FALSE,TRUE,0.430775135755539,"singlet",TRUE
"control_rep1_GTTTACCGTCGACTAA-1","control_rep1","control",2627,1501,2.2459078797107,0.837457175485344,2803,1561,TRUE,FALSE,FALSE,FALSE,FALSE,TRUE,0.0577385649085045,"singlet",TRUE
"control_rep1_GTTTACCGTTATCGAG-1","control_rep1","control",18473,5139,1.55361879499811,0.259838683484004,29151,9835,TRUE,FALSE,FALSE,FALSE,FALSE,TRUE,0.997290790081024,"doublet",FALSE
"control_rep1_GTTTAGCAGCAAACCT-1","control_rep1","control",26623,5306,1.10055215415242,0.292979754347744,28242,5746,TRUE,FALSE,FALSE,FALSE,FALSE,TRUE,0.0119694983586669,"singlet",TRUE
"control_rep1_GTTTAGCAGCGCATTG-1","control_rep1","control",2689,1791,2.08255857195984,0.111565637783563,10844,5730,TRUE,FALSE,FALSE,FALSE,FALSE,TRUE,0.0448631979525089,"singlet",TRUE
"control_rep1_GTTTAGCAGCGGGCAA-1","control_rep1","control",5277,2505,3.0130756111427,0.303202577221906,5624,2591,TRUE,FALSE,FALSE,FALSE,FALSE,TRUE,0.0047728163190186,"singlet",TRUE
"control_rep1_GTTTAGCAGTGCACGC-1","control_rep1","control",1238,955,2.34248788368336,0.646203554119548,2225,1479,TRUE,FALSE,FALSE,FALSE,FALSE,TRUE,0.00159826397430152,"singlet",TRUE
"control_rep1_GTTTAGCAGTTTGGTA-1","control_rep1","control",1138,831,6.41476274165202,0.615114235500879,1378,900,TRUE,FALSE,FALSE,FALSE,FALSE,TRUE,0.00195967126637697,"singlet",TRUE
"control_rep1_GTTTATCTCATTATGG-1","control_rep1","control",6008,2983,5.54260985352863,0.466045272969374,11012,5087,TRUE,FALSE,FALSE,FALSE,FALSE,TRUE,0.165434047579765,"singlet",TRUE
"control_rep1_GTTTATCTCGCATCCT-1","control_rep1","control",1799,1206,4.50250138966092,0.111172873818788,1960,1293,TRUE,FALSE,FALSE,FALSE,FALSE,TRUE,0.00255802483297884,"singlet",TRUE
"control_rep1_GTTTATCTCTGGTCCT-1","control_rep1","control",1835,1238,9.31880108991826,1.03542234332425,3644,1691,TRUE,FALSE,FALSE,FALSE,FALSE,TRUE,0.00321508734486997,"singlet",TRUE
"control_rep1_GTTTCAGCAATCCCTT-1","control_rep1","control",2094,1324,7.78414517669532,1.33715377268386,2453,1406,TRUE,FALSE,FALSE,FALSE,FALSE,TRUE,0.00403730291873217,"singlet",TRUE
"control_rep1_GTTTCAGCACCCACAG-1","control_rep1","control",1211,900,5.69777043765483,0.74318744838976,2246,1338,TRUE,FALSE,FALSE,FALSE,FALSE,TRUE,0.00217241677455604,"singlet",TRUE
"control_rep1_GTTTCAGCATAATCGT-1","control_rep1","control",13564,3552,1.50398112651135,0.213801238572692,15008,3681,TRUE,FALSE,FALSE,FALSE,FALSE,TRUE,0.0302592050284147,"singlet",TRUE
"control_rep1_GTTTCCTCAAGCTTAT-1","control_rep1","control",2046,1384,5.18084066471163,0.0488758553274682,2284,1491,TRUE,FALSE,FALSE,FALSE,FALSE,TRUE,0.00309100677259266,"singlet",TRUE
"control_rep1_GTTTCCTCAATGAAGC-1","control_rep1","control",4359,2071,2.79880706584079,0.275292498279422,4528,2135,TRUE,FALSE,FALSE,FALSE,FALSE,TRUE,0.254082560539246,"singlet",TRUE
"control_rep1_GTTTCCTCACGTAATT-1","control_rep1","control",2334,1495,3.12767780634105,0.0856898029134533,11478,5722,TRUE,FALSE,FALSE,FALSE,FALSE,TRUE,0.0215034205466509,"singlet",TRUE
"control_rep1_GTTTCTAGTCCTAGTT-1","control_rep1","control",1363,1055,1.39398385913426,0.146735143066764,6256,3490,TRUE,FALSE,FALSE,FALSE,FALSE,TRUE,0.00716709299013019,"singlet",TRUE
"control_rep1_GTTTCTAGTTAGTGAT-1","control_rep1","control",2604,1621,1.95852534562212,0.422427035330261,2799,1689,TRUE,FALSE,FALSE,FALSE,FALSE,TRUE,0.0579318106174469,"singlet",TRUE
"control_rep1_GTTTGTAAGACTCGCA-1","control_rep1","control",4473,2189,2.45919964229823,0.380058126537,4758,2268,TRUE,FALSE,FALSE,FALSE,FALSE,TRUE,0.186243206262589,"singlet",TRUE
"control_rep1_GTTTGTAAGCAGCTAT-1","control_rep1","control",4645,2277,3.07857911733046,0.193756727664155,8236,4054,TRUE,FALSE,FALSE,FALSE,FALSE,TRUE,0.0184524394571781,"singlet",TRUE
"control_rep1_GTTTGTAAGCTATATG-1","control_rep1","control",3021,1890,2.4495200264813,0.397219463753724,8759,4784,TRUE,FALSE,FALSE,FALSE,FALSE,TRUE,0.075611062347889,"singlet",TRUE
"control_rep1_GTTTGTAAGGAGGGTT-1","control_rep1","control",6893,3276,1.81343391846801,0.217612070216161,9529,4549,TRUE,FALSE,FALSE,FALSE,FALSE,TRUE,0.988686084747314,"doublet",FALSE
"control_rep1_GTTTGTAAGGGATGAC-1","control_rep1","control",2607,1616,1.5343306482547,0.345224395857307,10223,5358,TRUE,FALSE,FALSE,FALSE,FALSE,TRUE,0.00618869531899691,"singlet",TRUE
"control_rep1_GTTTGTCGTAACTACG-1","control_rep1","control",6661,2963,2.16183756192764,0.330280738627834,6816,3016,TRUE,FALSE,FALSE,FALSE,FALSE,TRUE,0.475043028593063,"singlet",TRUE
"control_rep1_GTTTGTCGTACTGATG-1","control_rep1","control",2111,1350,6.15821885362388,0.284225485551871,2419,1430,TRUE,FALSE,FALSE,FALSE,FALSE,TRUE,0.0612147450447083,"singlet",TRUE
"control_rep1_GTTTGTTTCTTGCTAT-1","control_rep1","control",8427,3248,1.68505992642696,0.201732526403228,10224,4132,TRUE,FALSE,FALSE,FALSE,FALSE,TRUE,0.891505718231201,"doublet",FALSE
"control_rep1_TAAACAGCACCTCAGG-1","control_rep1","control",3425,1793,3.76642335766423,0.671532846715328,4355,2088,TRUE,FALSE,FALSE,FALSE,FALSE,TRUE,0.0156002547591925,"singlet",TRUE
"control_rep1_TAAAGCCTCACACAGT-1","control_rep1","control",5848,2564,2.20588235294118,0.444596443228454,6272,2654,TRUE,FALSE,FALSE,FALSE,FALSE,TRUE,0.357067495584488,"singlet",TRUE
"control_rep1_TAAAGCCTCATAACCA-1","control_rep1","control",2710,1772,5.71955719557196,1.25461254612546,3623,2166,TRUE,FALSE,FALSE,FALSE,FALSE,TRUE,0.0622930638492107,"singlet",TRUE
"control_rep1_TAACAAGCACAACAAA-1","control_rep1","control",6782,3108,2.62459451489236,0.486582129165438,10388,4654,TRUE,FALSE,FALSE,FALSE,FALSE,TRUE,0.0342351421713829,"singlet",TRUE
"control_rep1_TAACAAGCATCACTTC-1","control_rep1","control",5295,2587,3.890462700661,0.188857412653447,5630,2726,TRUE,FALSE,FALSE,FALSE,FALSE,TRUE,0.321758031845093,"singlet",TRUE
"control_rep1_TAACCAGGTTCGGGAT-1","control_rep1","control",1874,1290,0.907150480256137,0.106723585912487,2981,1873,TRUE,FALSE,FALSE,FALSE,FALSE,TRUE,0.00259112333878875,"singlet",TRUE
"control_rep1_TAACCGGTCAATGTCA-1","control_rep1","control",14605,4741,2.19103046901746,0.136939404313591,20251,7103,TRUE,FALSE,FALSE,FALSE,FALSE,TRUE,0.992507517337799,"doublet",FALSE
"control_rep1_TAACCGGTCATGCTTT-1","control_rep1","control",4170,1794,1.07913669064748,0.0239808153477218,4271,1835,TRUE,FALSE,FALSE,FALSE,FALSE,TRUE,0.00140228529926389,"singlet",TRUE
"control_rep1_TAACCGGTCGGGCCAT-1","control_rep1","control",30137,5884,2.03736271028968,0.0431363440289345,31390,6021,TRUE,FALSE,FALSE,FALSE,FALSE,TRUE,0.0353772342205048,"singlet",TRUE
"control_rep1_TAACCGGTCTTGATGA-1","control_rep1","control",3687,1964,3.87849199891511,0.732302685109845,4778,2247,TRUE,FALSE,FALSE,FALSE,FALSE,TRUE,0.0561452694237232,"singlet",TRUE
"control_rep1_TAACCGGTCTTGTCCA-1","control_rep1","control",8796,3344,2.58071850841291,0.0909504320145521,9164,3421,TRUE,FALSE,FALSE,FALSE,FALSE,TRUE,0.0646806135773659,"singlet",TRUE
"control_rep1_TAAGCCAGTTAGGTTG-1","control_rep1","control",2498,1550,2.32185748598879,0.200160128102482,8461,4489,TRUE,FALSE,FALSE,FALSE,FALSE,TRUE,0.00174938049167395,"singlet",TRUE
"control_rep1_TAAGCCAGTTCACTGT-1","control_rep1","control",4041,1889,1.13833209601584,0.123731749566939,4398,1986,TRUE,FALSE,FALSE,FALSE,FALSE,TRUE,0.0423400178551674,"singlet",TRUE
"control_rep1_TAAGCCTAGTAAGTCC-1","control_rep1","control",2319,1475,3.88098318240621,0.517464424320828,2475,1533,TRUE,FALSE,FALSE,FALSE,FALSE,TRUE,0.00734877586364746,"singlet",TRUE
"control_rep1_TAAGCCTAGTAGCTTA-1","control_rep1","control",6251,3486,2.01567749160134,0.783874580067189,16568,8206,TRUE,FALSE,FALSE,FALSE,FALSE,TRUE,0.988880038261414,"doublet",FALSE
"control_rep1_TAAGCCTAGTCTTGAA-1","control_rep1","control",2751,1614,0.69065794256634,0,16768,7802,TRUE,FALSE,FALSE,FALSE,FALSE,TRUE,0.00192245258949697,"singlet",TRUE
"control_rep1_TAAGCTATCCCTTGCG-1","control_rep1","control",2603,1732,4.37956204379562,0.614675374567806,10382,5425,TRUE,FALSE,FALSE,FALSE,FALSE,TRUE,0.00196886877529323,"singlet",TRUE
"control_rep1_TAAGCTATCTTGACCC-1","control_rep1","control",1933,1454,2.01758923952406,0,14722,6947,TRUE,FALSE,FALSE,FALSE,FALSE,TRUE,0.00222745048813522,"singlet",TRUE
"control_rep1_TAAGCTGGTCACACCC-1","control_rep1","control",4946,2326,4.40760210270926,0.343712090578245,5046,2364,TRUE,FALSE,FALSE,FALSE,FALSE,TRUE,0.0385971292853355,"singlet",TRUE
"control_rep1_TAAGGACCATTGCGGT-1","control_rep1","control",1703,1151,1.05695830886671,0.176159718144451,5528,3104,TRUE,FALSE,FALSE,FALSE,FALSE,TRUE,0.00252129836007953,"singlet",TRUE
"control_rep1_TAAGGCTTCCAGGAAA-1","control_rep1","control",2269,1210,1.27809607756721,0.264433671220802,2402,1256,TRUE,FALSE,FALSE,FALSE,FALSE,TRUE,0.00186289544217288,"singlet",TRUE
"control_rep1_TAAGGCTTCCCTCTAA-1","control_rep1","control",2267,1451,0.749889722099691,0.220555800617556,17075,7846,TRUE,FALSE,FALSE,FALSE,FALSE,TRUE,0.00308232335373759,"singlet",TRUE
"control_rep1_TAAGTAGCAAGGTAAC-1","control_rep1","control",7286,2733,3.19791380730167,0.356848751029371,9002,3221,TRUE,FALSE,FALSE,FALSE,FALSE,TRUE,0.349475413560867,"singlet",TRUE
"control_rep1_TAAGTAGCAAGTCGCT-1","control_rep1","control",5938,2346,1.56618390030313,0.151566183900303,6134,2424,TRUE,FALSE,FALSE,FALSE,FALSE,TRUE,0.025943772867322,"singlet",TRUE
"control_rep1_TAAGTGCTCATGGCCA-1","control_rep1","control",8016,3211,0.998003992015968,0.149700598802395,8238,3331,TRUE,FALSE,FALSE,FALSE,FALSE,TRUE,0.991491377353668,"doublet",FALSE
"control_rep1_TAAGTGCTCTAAATCG-1","control_rep1","control",2024,1362,1.48221343873518,0,16873,7836,TRUE,FALSE,FALSE,FALSE,FALSE,TRUE,0.000678365642670542,"singlet",TRUE
"control_rep1_TAATCACCAACCTGGT-1","control_rep1","control",776,585,14.1752577319588,0.902061855670103,1378,864,TRUE,FALSE,FALSE,FALSE,TRUE,FALSE,NA,"not_tested_QC_fail",FALSE
"control_rep1_TAATCACCAATATACC-1","control_rep1","control",1708,1161,2.81030444964871,0.117096018735363,3296,1992,TRUE,FALSE,FALSE,FALSE,FALSE,TRUE,0.00246023898944259,"singlet",TRUE
"control_rep1_TAATCACCAGCTCAAC-1","control_rep1","control",1673,1230,4.60251046025105,0.896592946802152,5686,3228,TRUE,FALSE,FALSE,FALSE,FALSE,TRUE,0.00262572336941957,"singlet",TRUE
"control_rep1_TAATCACCAGGAAGCC-1","control_rep1","control",1745,1261,1.26074498567335,0.0573065902578797,7305,4096,TRUE,FALSE,FALSE,FALSE,FALSE,TRUE,0.00259112333878875,"singlet",TRUE
"control_rep1_TAATCACCATGGTTAT-1","control_rep1","control",19445,5065,1.36281820519414,0.354847004371304,22249,6002,TRUE,FALSE,FALSE,FALSE,FALSE,TRUE,0.206051647663116,"singlet",TRUE
"control_rep1_TAATCACCATTATGCG-1","control_rep1","control",6159,2805,2.64653352817016,0.259782432213022,12733,5582,TRUE,FALSE,FALSE,FALSE,FALSE,TRUE,0.0412110798060894,"singlet",TRUE
"control_rep1_TAATCCGCAACCCTAA-1","control_rep1","control",28691,5787,1.97622947962776,0.135931128228364,29429,5901,TRUE,FALSE,FALSE,FALSE,FALSE,TRUE,0.153132781386375,"singlet",TRUE
"control_rep1_TAATCCGCATTGTCCT-1","control_rep1","control",3539,1926,0.960723368183103,0.0282565696524442,21045,9096,TRUE,FALSE,FALSE,FALSE,FALSE,TRUE,0.00256644911132753,"singlet",TRUE
"control_rep1_TAATGGACAGCTACGT-1","control_rep1","control",6264,2663,5.82694763729246,0.510855683269476,12602,5137,TRUE,FALSE,FALSE,FALSE,FALSE,TRUE,0.0035037430934608,"singlet",TRUE
"control_rep1_TAATGGACATAATCCG-1","control_rep1","control",2150,1321,1.11627906976744,0.232558139534884,17899,7905,TRUE,FALSE,FALSE,FALSE,FALSE,TRUE,0.00501716369763017,"singlet",TRUE
"control_rep1_TAATGGACATAATTGC-1","control_rep1","control",1058,842,2.83553875236295,1.60680529300567,3778,2241,TRUE,FALSE,FALSE,FALSE,FALSE,TRUE,0.00262699346058071,"singlet",TRUE
"control_rep1_TAATGGACATGACTAT-1","control_rep1","control",3551,1895,2.81610813855252,0.140805406927626,3707,1947,TRUE,FALSE,FALSE,FALSE,FALSE,TRUE,0.00697679258882999,"singlet",TRUE
"control_rep1_TAATTGCCAGTTTACG-1","control_rep1","control",1628,1168,3.86977886977887,0.552825552825553,1822,1244,TRUE,FALSE,FALSE,FALSE,FALSE,TRUE,0.00147481833118945,"singlet",TRUE
"control_rep1_TACAACATCATTGTCT-1","control_rep1","control",2784,1566,1.97557471264368,0.610632183908046,2922,1620,TRUE,FALSE,FALSE,FALSE,FALSE,TRUE,0.00778647651895881,"singlet",TRUE
"control_rep1_TACAACATCGTTACTT-1","control_rep1","control",5278,2320,7.63546798029557,0.227358848048503,5381,2360,TRUE,FALSE,FALSE,FALSE,FALSE,TRUE,0.0160508453845978,"singlet",TRUE
"control_rep1_TACAATGTCAATGAGG-1","control_rep1","control",5981,2540,1.80571810733991,0.0835980605249958,6122,2594,TRUE,FALSE,FALSE,FALSE,FALSE,TRUE,0.0291384719312191,"singlet",TRUE
"control_rep1_TACAATGTCCTGGCTT-1","control_rep1","control",2325,1347,2.58064516129032,0.344086021505376,2451,1400,TRUE,FALSE,FALSE,FALSE,FALSE,TRUE,0.00109103776048869,"singlet",TRUE
"control_rep1_TACAATGTCGATCAGT-1","control_rep1","control",6646,2629,1.6250376166115,0.225699668973819,14291,6127,TRUE,FALSE,FALSE,FALSE,FALSE,TRUE,0.0505092069506645,"singlet",TRUE
"control_rep1_TACAATGTCGGTACGC-1","control_rep1","control",2534,1387,1.53906866614049,0.315706393054459,2678,1441,TRUE,FALSE,FALSE,FALSE,FALSE,TRUE,0.00304164295084774,"singlet",TRUE
"control_rep1_TACAGGTTCCTAGTTT-1","control_rep1","control",1754,1235,3.42075256556442,0,1905,1299,TRUE,FALSE,FALSE,FALSE,FALSE,TRUE,0.00157714658416808,"singlet",TRUE
"control_rep1_TACATCAAGTATTGGC-1","control_rep1","control",2165,1285,14.5034642032333,0.415704387990762,2650,1379,TRUE,FALSE,FALSE,FALSE,TRUE,FALSE,NA,"not_tested_QC_fail",FALSE
"control_rep1_TACATCAAGTTACCGG-1","control_rep1","control",2807,1853,4.91628072675454,0.356252226576416,28384,10845,TRUE,FALSE,FALSE,FALSE,FALSE,TRUE,0.0386017002165318,"singlet",TRUE
"control_rep1_TACCAAATCAAGTGTC-1","control_rep1","control",8377,3544,2.48298913692253,0.0835621344156619,13802,6220,TRUE,FALSE,FALSE,FALSE,FALSE,TRUE,0.53417581319809,"singlet",TRUE
"control_rep1_TACCAAATCACGCCAA-1","control_rep1","control",23188,5761,1.79834397101949,0.573572537519407,34470,10198,TRUE,FALSE,FALSE,FALSE,FALSE,TRUE,0.0923290774226189,"singlet",TRUE
"control_rep1_TACCCGGCAAACTGTT-1","control_rep1","control",2405,1661,3.07692307692308,0.623700623700624,7734,4328,TRUE,FALSE,FALSE,FALSE,FALSE,TRUE,0.0294413082301617,"singlet",TRUE
"control_rep1_TACCCGGCAACTGGCT-1","control_rep1","control",3314,1750,2.86662643331322,0.0603500301750151,3435,1799,TRUE,FALSE,FALSE,FALSE,FALSE,TRUE,0.00697711342945695,"singlet",TRUE
"control_rep1_TACCCGGCAATAGCAA-1","control_rep1","control",2272,1436,3.30105633802817,0.440140845070423,2475,1522,TRUE,FALSE,FALSE,FALSE,FALSE,TRUE,0.470205962657928,"singlet",TRUE
"control_rep1_TACCCGGCAGCACCAT-1","control_rep1","control",3872,2223,2.66012396694215,0.232438016528926,4059,2294,TRUE,FALSE,FALSE,FALSE,FALSE,TRUE,0.187907546758652,"singlet",TRUE
"control_rep1_TACCCGGCAGTTTGTG-1","control_rep1","control",3111,1871,1.63934426229508,0,17676,8335,TRUE,FALSE,FALSE,FALSE,FALSE,TRUE,0.00317015312612057,"singlet",TRUE
"control_rep1_TACCGAAGTACGCGCA-1","control_rep1","control",2232,1468,4.97311827956989,0.0896057347670251,2379,1534,TRUE,FALSE,FALSE,FALSE,FALSE,TRUE,0.0621027573943138,"singlet",TRUE
"control_rep1_TACCGAAGTAGTTGGC-1","control_rep1","control",5846,2342,1.96715703044817,0.0513171399247349,5923,2380,TRUE,FALSE,FALSE,FALSE,FALSE,TRUE,0.180715873837471,"singlet",TRUE
"control_rep1_TACCGCAAGCCTGGTA-1","control_rep1","control",3014,1943,1.26078301260783,0.13271400132714,17547,8181,TRUE,FALSE,FALSE,FALSE,FALSE,TRUE,0.0592393316328526,"singlet",TRUE
"control_rep1_TACCGCAAGCCTGTTC-1","control_rep1","control",14905,4623,3.62294532036229,0.29520295202952,16515,4893,TRUE,FALSE,FALSE,FALSE,FALSE,TRUE,0.985790252685547,"doublet",FALSE
"control_rep1_TACCGCAAGTGAACAG-1","control_rep1","control",3314,1583,1.78032589016295,0.150875075437538,3682,1672,TRUE,FALSE,FALSE,FALSE,FALSE,TRUE,0.00213748193345964,"singlet",TRUE
"control_rep1_TACCGTTGTATTGTGG-1","control_rep1","control",5358,3029,4.03135498320269,0.447928331466965,14998,7224,TRUE,FALSE,FALSE,FALSE,FALSE,TRUE,0.49911180138588,"singlet",TRUE
"control_rep1_TACCGTTGTTAAGGTT-1","control_rep1","control",5482,2486,1.13097409704487,0.127690623859905,5784,2570,TRUE,FALSE,FALSE,FALSE,FALSE,TRUE,0.585567831993103,"singlet",TRUE
"control_rep1_TACCGTTGTTGGGTTA-1","control_rep1","control",4423,2259,5.7653176576984,0.180872710829754,4665,2328,TRUE,FALSE,FALSE,FALSE,FALSE,TRUE,0.576634109020233,"singlet",TRUE
"control_rep1_TACCTCATCCTCAGTC-1","control_rep1","control",1337,1005,4.33807030665669,1.19670905011219,1528,1063,TRUE,FALSE,FALSE,FALSE,FALSE,TRUE,0.00209636869840324,"singlet",TRUE
"control_rep1_TACCTGCTCGAGCAAA-1","control_rep1","control",12547,4300,2.84530166573683,0.390531601179565,18330,6692,TRUE,FALSE,FALSE,FALSE,FALSE,TRUE,0.985179245471954,"doublet",FALSE
"control_rep1_TACCTTAGTCGACTAA-1","control_rep1","control",3575,1891,0.811188811188811,0.167832167832168,20508,9086,TRUE,FALSE,FALSE,FALSE,FALSE,TRUE,0.00379595579579473,"singlet",TRUE
"control_rep1_TACCTTTAGGATCACT-1","control_rep1","control",13206,4472,1.74920490686052,0.628502195971528,23795,9016,TRUE,FALSE,FALSE,FALSE,FALSE,TRUE,0.331903219223022,"singlet",TRUE
"control_rep1_TACCTTTAGGCTACAT-1","control_rep1","control",13743,4143,1.88459579422251,0.029105726551699,14139,4231,TRUE,FALSE,FALSE,FALSE,FALSE,TRUE,0.0158506128937006,"singlet",TRUE
"control_rep1_TACCTTTAGTTTAACG-1","control_rep1","control",1065,803,1.22065727699531,0.375586854460094,4566,2592,TRUE,FALSE,FALSE,FALSE,FALSE,TRUE,0.00137623294722289,"singlet",TRUE
"control_rep1_TACGCACCAACTGGCT-1","control_rep1","control",30928,6158,1.17046042421107,0.268365235385411,34924,7682,TRUE,FALSE,FALSE,FALSE,FALSE,TRUE,0.0164981987327337,"singlet",TRUE
"control_rep1_TACGCACCAAGCTAAA-1","control_rep1","control",7379,3264,3.53706464290554,0.447215069792655,7483,3309,TRUE,FALSE,FALSE,FALSE,FALSE,TRUE,0.994011342525482,"doublet",FALSE
"control_rep1_TACGCACCAGTCTAGC-1","control_rep1","control",1252,878,5.75079872204473,0.159744408945687,3951,2292,TRUE,FALSE,FALSE,FALSE,FALSE,TRUE,0.00206554285250604,"singlet",TRUE
"control_rep1_TACGCTTGTTGGATAT-1","control_rep1","control",1797,1343,2.28158041179744,0.1669449081803,4823,2931,TRUE,FALSE,FALSE,FALSE,FALSE,TRUE,0.00273240357637405,"singlet",TRUE
"control_rep1_TACGGATTCCTGATTT-1","control_rep1","control",2202,1266,3.67847411444142,0.181653042688465,2329,1314,TRUE,FALSE,FALSE,FALSE,FALSE,TRUE,0.00401192018762231,"singlet",TRUE
"control_rep1_TACGGATTCTCATCAT-1","control_rep1","control",3338,1915,2.03714799281007,0.179748352306771,3439,1963,TRUE,FALSE,FALSE,FALSE,FALSE,TRUE,0.404219299554825,"singlet",TRUE
"control_rep1_TACGGTTAGGCACAGG-1","control_rep1","control",21145,4895,1.56538188697092,0.151336013241901,21602,4993,TRUE,FALSE,FALSE,FALSE,FALSE,TRUE,0.124139167368412,"singlet",TRUE
"control_rep1_TACGGTTAGGGTGAAC-1","control_rep1","control",1580,1130,5.82278481012658,0.443037974683544,2068,1310,TRUE,FALSE,FALSE,FALSE,FALSE,TRUE,0.00179031677544117,"singlet",TRUE
"control_rep1_TACGGTTAGGTGAGAC-1","control_rep1","control",21027,5108,1.25077281590336,0.0332905312217625,21152,5157,TRUE,FALSE,FALSE,FALSE,FALSE,TRUE,0.144556447863579,"singlet",TRUE
"control_rep1_TACGGTTAGTAAGAAC-1","control_rep1","control",6397,3042,1.42254181647647,0.0156323276535876,14262,6817,TRUE,FALSE,FALSE,FALSE,FALSE,TRUE,0.99224865436554,"doublet",FALSE
"control_rep1_TACGTAATCCGGGACT-1","control_rep1","control",30467,6538,2.84241966718088,0.121442872616273,37779,9077,TRUE,FALSE,FALSE,FALSE,FALSE,TRUE,0.104696929454803,"singlet",TRUE
"control_rep1_TACGTAATCCGTTAAA-1","control_rep1","control",1047,834,3.34288443170965,0.286532951289398,2994,1811,TRUE,FALSE,FALSE,FALSE,FALSE,TRUE,0.00318733998574317,"singlet",TRUE
"control_rep1_TACGTTAAGCTTAGTA-1","control_rep1","control",3240,1824,2.16049382716049,0.493827160493827,10812,5428,TRUE,FALSE,FALSE,FALSE,FALSE,TRUE,0.00884480495005846,"singlet",TRUE
"control_rep1_TACTAAGTCGCAACAT-1","control_rep1","control",34158,6362,1.05978101762398,0.281046899701388,43579,9978,TRUE,FALSE,FALSE,FALSE,FALSE,TRUE,0.0145260812714696,"singlet",TRUE
"control_rep1_TACTCAAAGCCGCAGT-1","control_rep1","control",3741,2039,3.68885324779471,0.106923282544774,4241,2140,TRUE,FALSE,FALSE,FALSE,FALSE,TRUE,0.136418983340263,"singlet",TRUE
"control_rep1_TACTCAAAGCTTCTCA-1","control_rep1","control",1029,769,7.77453838678329,0.485908649173955,1229,833,TRUE,FALSE,FALSE,FALSE,FALSE,TRUE,0.00209313118830323,"singlet",TRUE
"control_rep1_TACTCAAAGGAATAAC-1","control_rep1","control",4860,2225,3.02469135802469,0.226337448559671,5319,2318,TRUE,FALSE,FALSE,FALSE,FALSE,TRUE,0.0884698927402496,"singlet",TRUE
"control_rep1_TACTCAAAGGACTTAC-1","control_rep1","control",1486,1111,2.89367429340511,0.134589502018843,6741,3785,TRUE,FALSE,FALSE,FALSE,FALSE,TRUE,0.00197478896006942,"singlet",TRUE
"control_rep1_TACTCAAAGTAGCGCC-1","control_rep1","control",6820,2704,2.65395894428152,0.32258064516129,7591,2809,TRUE,FALSE,FALSE,FALSE,FALSE,TRUE,0.10356780141592,"singlet",TRUE
"control_rep1_TACTCAAAGTTTAACG-1","control_rep1","control",4227,2379,7.26283416134374,0.118287201324817,16761,7874,TRUE,FALSE,FALSE,FALSE,FALSE,TRUE,0.742946803569794,"singlet",TRUE
"control_rep1_TACTCGCTCCTCGATC-1","control_rep1","control",4965,2501,5.07552870090634,0.281973816717019,5060,2540,TRUE,FALSE,FALSE,FALSE,FALSE,TRUE,0.293527573347092,"singlet",TRUE
"control_rep1_TACTCGCTCTGCAACG-1","control_rep1","control",3977,2116,2.01156650741765,0.125722906713603,6183,3280,TRUE,FALSE,FALSE,FALSE,FALSE,TRUE,0.0177143979817629,"singlet",TRUE
"control_rep1_TACTGACAGGGTTAGA-1","control_rep1","control",10296,3187,2.04933954933955,0.0194250194250194,10634,3297,TRUE,FALSE,FALSE,FALSE,FALSE,TRUE,0.0159055106341839,"singlet",TRUE
"control_rep1_TACTGAGGTGTCCAAA-1","control_rep1","control",1091,714,1.46654445462878,0.0916590284142988,2542,1487,TRUE,FALSE,FALSE,FALSE,FALSE,TRUE,0.00560204591602087,"singlet",TRUE
"control_rep1_TACTGGCCAATGCCCG-1","control_rep1","control",1971,1320,3.34855403348554,0,13220,6327,TRUE,FALSE,FALSE,FALSE,FALSE,TRUE,0.00250975578092039,"singlet",TRUE
"control_rep1_TACTGGCCACTAAGCC-1","control_rep1","control",2649,1721,4.34126085315213,0.0377500943752359,6238,3541,TRUE,FALSE,FALSE,FALSE,FALSE,TRUE,0.17037607729435,"singlet",TRUE
"control_rep1_TACTGGCCAGAAACGT-1","control_rep1","control",2811,1682,3.69975097829954,0.391319815012451,5571,3050,TRUE,FALSE,FALSE,FALSE,FALSE,TRUE,0.0730198994278908,"singlet",TRUE
"control_rep1_TACTGGCCAGTTTGTG-1","control_rep1","control",4217,2157,3.20132795826417,0.118567702157932,4447,2217,TRUE,FALSE,FALSE,FALSE,FALSE,TRUE,0.0837971866130829,"singlet",TRUE
"control_rep1_TACTTCGTCACTTTAC-1","control_rep1","control",26717,5407,1.57577572332223,0.2208331773777,27828,5526,TRUE,FALSE,FALSE,FALSE,FALSE,TRUE,0.0796405896544456,"singlet",TRUE
"control_rep1_TACTTCGTCAGGCCTA-1","control_rep1","control",4574,2399,2.03323130738959,0.0218627022299956,16005,7513,TRUE,FALSE,FALSE,FALSE,FALSE,TRUE,0.372435390949249,"singlet",TRUE
"control_rep1_TACTTCGTCATGCGTG-1","control_rep1","control",1046,828,2.58126195028681,0,15570,6534,TRUE,FALSE,FALSE,FALSE,FALSE,TRUE,0.00110428826883435,"singlet",TRUE
"control_rep1_TACTTCGTCCAGGTTG-1","control_rep1","control",2075,1278,5.73493975903614,0.0481927710843374,5985,3214,TRUE,FALSE,FALSE,FALSE,FALSE,TRUE,0.00108876393642277,"singlet",TRUE
"control_rep1_TACTTGTTCTTAGTCT-1","control_rep1","control",8670,3141,1.11880046136101,0.13840830449827,9930,3639,TRUE,FALSE,FALSE,FALSE,FALSE,TRUE,0.445310235023499,"singlet",TRUE
"control_rep1_TAGACCAGTACCTTAC-1","control_rep1","control",1441,1000,3.19222761970854,0.277585010409438,1662,1090,TRUE,FALSE,FALSE,FALSE,FALSE,TRUE,0.00196286709979177,"singlet",TRUE
"control_rep1_TAGACCAGTTAGCCAA-1","control_rep1","control",3057,1720,3.72914622178606,0.098135426889107,3197,1770,TRUE,FALSE,FALSE,FALSE,FALSE,TRUE,0.00206704926677048,"singlet",TRUE
"control_rep1_TAGACCAGTTATAGCG-1","control_rep1","control",4162,2232,1.70591061989428,0.240269101393561,7310,3842,TRUE,FALSE,FALSE,FALSE,FALSE,TRUE,0.0436293035745621,"singlet",TRUE
"control_rep1_TAGACCAGTTGTCCAT-1","control_rep1","control",6118,2631,2.2883295194508,0.17979731938542,6317,2701,TRUE,FALSE,FALSE,FALSE,FALSE,TRUE,0.0219365153461695,"singlet",TRUE
"control_rep1_TAGAGCCGTGTTTGCT-1","control_rep1","control",3934,1973,2.13523131672598,0.0762582613116421,5501,2779,TRUE,FALSE,FALSE,FALSE,FALSE,TRUE,0.0707213133573532,"singlet",TRUE
"control_rep1_TAGAGCCGTTTCGCCA-1","control_rep1","control",4549,2186,4.15475928775555,0.021982853374368,4636,2221,TRUE,FALSE,FALSE,FALSE,FALSE,TRUE,0.0810679197311401,"singlet",TRUE
"control_rep1_TAGCAGGCATGAATCT-1","control_rep1","control",20459,5452,2.09687668018965,0.127083435163009,21963,6041,TRUE,FALSE,FALSE,FALSE,FALSE,TRUE,0.101879946887493,"singlet",TRUE
"control_rep1_TAGCATATCTTGAGGT-1","control_rep1","control",6724,2512,0.817965496728138,0.104104699583581,7073,2593,TRUE,FALSE,FALSE,FALSE,FALSE,TRUE,0.00231915316544473,"singlet",TRUE
"control_rep1_TAGCCTCTCAATTACG-1","control_rep1","control",6333,2751,1.56324017053529,0.189483657034581,10585,4936,TRUE,FALSE,FALSE,FALSE,FALSE,TRUE,0.0696859881281853,"singlet",TRUE
"control_rep1_TAGCCTCTCGCCTAAG-1","control_rep1","control",2932,1578,2.18281036834925,0.068212824010914,3076,1630,TRUE,FALSE,FALSE,FALSE,FALSE,TRUE,0.020247794687748,"singlet",TRUE
"control_rep1_TAGCCTGAGTAAACCC-1","control_rep1","control",9310,3111,1.72932330827068,0.0429645542427497,9426,3167,TRUE,FALSE,FALSE,FALSE,FALSE,TRUE,0.156571432948112,"singlet",TRUE
"control_rep1_TAGCCTTGTCAGGCAT-1","control_rep1","control",4930,2647,1.25760649087221,0.324543610547667,9021,4509,TRUE,FALSE,FALSE,FALSE,FALSE,TRUE,0.263086944818497,"singlet",TRUE
"control_rep1_TAGCGCGGTGGGTACT-1","control_rep1","control",2995,1889,1.73622704507513,0,22413,9240,TRUE,FALSE,FALSE,FALSE,FALSE,TRUE,0.00267410208471119,"singlet",TRUE
"control_rep1_TAGCGGCTCGCAACAT-1","control_rep1","control",1616,1091,2.5990099009901,0.123762376237624,1829,1155,TRUE,FALSE,FALSE,FALSE,FALSE,TRUE,0.00148325623013079,"singlet",TRUE
"control_rep1_TAGCGGCTCGCACACA-1","control_rep1","control",1809,1184,0.829187396351575,0.0552791597567717,1965,1267,TRUE,FALSE,FALSE,FALSE,FALSE,TRUE,0.000670834328047931,"singlet",TRUE
"control_rep1_TAGCGGCTCGCATTAA-1","control_rep1","control",400,353,0.5,0.5,1320,844,TRUE,TRUE,TRUE,FALSE,FALSE,FALSE,NA,"not_tested_QC_fail",FALSE
"control_rep1_TAGCTAGGTATTGGTG-1","control_rep1","control",1566,1107,7.53512132822478,0.446998722860792,2155,1421,TRUE,FALSE,FALSE,FALSE,FALSE,TRUE,0.00379420327953994,"singlet",TRUE
"control_rep1_TAGCTTAAGACAGGTA-1","control_rep1","control",18987,5236,3.01258755990941,0.268604834887028,20661,5371,TRUE,FALSE,FALSE,FALSE,FALSE,TRUE,0.355272650718689,"singlet",TRUE
"control_rep1_TAGCTTAAGCAACATC-1","control_rep1","control",6390,2478,2.95774647887324,0.156494522691706,6934,2570,TRUE,FALSE,FALSE,FALSE,FALSE,TRUE,0.129048317670822,"singlet",TRUE
"control_rep1_TAGCTTGCACTGACCG-1","control_rep1","control",10727,3623,3.28143935862776,0.093222709051925,11686,3746,TRUE,FALSE,FALSE,FALSE,FALSE,TRUE,0.284232676029205,"singlet",TRUE
"control_rep1_TAGGAACCAAGGGTTG-1","control_rep1","control",13340,3842,0.742128935532234,0.2023988005997,13393,3866,TRUE,FALSE,FALSE,FALSE,FALSE,TRUE,0.0207498371601105,"singlet",TRUE
"control_rep1_TAGGAGGGTAACCACA-1","control_rep1","control",956,709,6.06694560669456,0.523012552301255,1282,820,TRUE,FALSE,FALSE,FALSE,FALSE,TRUE,0.00161133357323706,"singlet",TRUE
"control_rep1_TAGGAGGGTGTTGCTT-1","control_rep1","control",8131,3026,3.52970114377075,0.0368958307711229,8453,3124,TRUE,FALSE,FALSE,FALSE,FALSE,TRUE,0.182036742568016,"singlet",TRUE
"control_rep1_TAGGAGGGTTATGTGG-1","control_rep1","control",4749,2217,1.32659507264687,0.189513581806696,5035,2297,TRUE,FALSE,FALSE,FALSE,FALSE,TRUE,0.318976581096649,"singlet",TRUE
"control_rep1_TAGGCTAGTGCGCATG-1","control_rep1","control",1410,976,2.76595744680851,0.709219858156028,1641,1048,TRUE,FALSE,FALSE,FALSE,FALSE,TRUE,0.00282669859007001,"singlet",TRUE
"control_rep1_TAGGCTAGTTGTCATC-1","control_rep1","control",5905,3104,1.52413209144793,0.186282811176969,37083,13989,TRUE,FALSE,FALSE,FALSE,FALSE,TRUE,0.788070619106293,"doublet",FALSE
"control_rep1_TAGGCTGTCCTAAATG-1","control_rep1","control",2047,1303,4.68978993649243,0.341963849535906,2253,1359,TRUE,FALSE,FALSE,FALSE,FALSE,TRUE,0.263892084360123,"singlet",TRUE
"control_rep1_TAGGCTTAGCCACATG-1","control_rep1","control",3165,1807,2.05371248025276,0.252764612954186,5640,3091,TRUE,FALSE,FALSE,FALSE,FALSE,TRUE,0.00575962662696838,"singlet",TRUE
"control_rep1_TAGGCTTAGGACAACA-1","control_rep1","control",2426,1450,0.577081615828524,0.12366034624897,13533,6511,TRUE,FALSE,FALSE,FALSE,FALSE,TRUE,0.0043219500221312,"singlet",TRUE
"control_rep1_TAGGTGCGTGAGGTAG-1","control_rep1","control",1716,1270,1.45687645687646,0.116550116550117,5815,3365,TRUE,FALSE,FALSE,FALSE,FALSE,TRUE,0.00570803973823786,"singlet",TRUE
"control_rep1_TAGGTGCGTTCCTGTG-1","control_rep1","control",11613,3692,1.33471109962973,0.146387668991647,12184,3802,TRUE,FALSE,FALSE,FALSE,FALSE,TRUE,0.32602071762085,"singlet",TRUE
"control_rep1_TAGGTGCGTTGAGCCG-1","control_rep1","control",1272,986,1.02201257861635,0.157232704402516,5383,3089,TRUE,FALSE,FALSE,FALSE,FALSE,TRUE,0.0015326893189922,"singlet",TRUE
"control_rep1_TAGGTTGGTATCTGGA-1","control_rep1","control",17142,4660,2.01843425504609,0.0583362501458406,17815,4778,TRUE,FALSE,FALSE,FALSE,FALSE,TRUE,0.44894751906395,"singlet",TRUE
"control_rep1_TAGGTTGGTCAAAGGG-1","control_rep1","control",36670,6431,1.06353967821107,0.18271066266703,39903,7649,TRUE,FALSE,FALSE,FALSE,FALSE,TRUE,0.0550450347363949,"singlet",TRUE
"control_rep1_TAGTAACGTTTGGCTT-1","control_rep1","control",5291,2932,2.87280287280287,0.17010017010017,19050,9025,TRUE,FALSE,FALSE,FALSE,FALSE,TRUE,0.335554778575897,"singlet",TRUE
"control_rep1_TAGTAAGCAGTTATGT-1","control_rep1","control",2627,1462,2.05557670346403,0.152264940997335,2801,1521,TRUE,FALSE,FALSE,FALSE,FALSE,TRUE,0.00424608681350946,"singlet",TRUE
"control_rep1_TAGTACGGTCCCGGAA-1","control_rep1","control",4461,2370,7.06119704102219,0.605245460659045,4774,2454,TRUE,FALSE,FALSE,FALSE,FALSE,TRUE,0.0169380493462086,"singlet",TRUE
"control_rep1_TAGTACGGTTAAGTGT-1","control_rep1","control",1851,1127,15.8833063209076,1.08049702863317,2574,1252,TRUE,FALSE,FALSE,FALSE,TRUE,FALSE,NA,"not_tested_QC_fail",FALSE
"control_rep1_TAGTACGGTTGTTGGA-1","control_rep1","control",825,692,1.09090909090909,0.363636363636364,1394,1003,TRUE,FALSE,FALSE,FALSE,FALSE,TRUE,0.00146276724990457,"singlet",TRUE
"control_rep1_TAGTAGGAGCTTTGGG-1","control_rep1","control",2099,1277,1.38161029061458,0.28585040495474,2236,1336,TRUE,FALSE,FALSE,FALSE,FALSE,TRUE,0.0106140552088618,"singlet",TRUE
"control_rep1_TAGTAGGAGGAGGCAT-1","control_rep1","control",2527,1491,7.2417886822319,0.237435694499406,2879,1668,TRUE,FALSE,FALSE,FALSE,FALSE,TRUE,0.0196429751813412,"singlet",TRUE
"control_rep1_TAGTCAATCGAGCAAA-1","control_rep1","control",14438,4049,0.748026042388142,0.277046682365979,16403,4809,TRUE,FALSE,FALSE,FALSE,FALSE,TRUE,0.0847857892513275,"singlet",TRUE
"control_rep1_TAGTGAGAGCTGTAAC-1","control_rep1","control",1866,1301,3.37620578778135,0.214362272240086,2002,1362,TRUE,FALSE,FALSE,FALSE,FALSE,TRUE,0.00249072001315653,"singlet",TRUE
"control_rep1_TAGTGAGAGTTATGGC-1","control_rep1","control",1785,1158,2.74509803921569,0.560224089635854,1948,1218,TRUE,FALSE,FALSE,FALSE,FALSE,TRUE,0.00767893297597766,"singlet",TRUE
"control_rep1_TAGTGAGAGTTCCCGT-1","control_rep1","control",2171,1383,2.11883924458775,0.0460617227084293,10128,5184,TRUE,FALSE,FALSE,FALSE,FALSE,TRUE,0.000765982549637556,"singlet",TRUE
"control_rep1_TAGTGGCGTACGGTAC-1","control_rep1","control",11529,3670,3.09653916211293,0.242865816636308,11928,3759,TRUE,FALSE,FALSE,FALSE,FALSE,TRUE,0.022538848221302,"singlet",TRUE
"control_rep1_TAGTGGCGTGTTAAAC-1","control_rep1","control",27681,5187,0.588851558830967,0.144503450019869,29099,5312,TRUE,FALSE,FALSE,FALSE,FALSE,TRUE,0.0119463764131069,"singlet",TRUE
"control_rep1_TAGTTGTCAAGGAATC-1","control_rep1","control",4243,1895,1.06057035116663,0.117841150129625,4329,1925,TRUE,FALSE,FALSE,FALSE,FALSE,TRUE,0.0018913452513516,"singlet",TRUE
"control_rep1_TAGTTTGAGGAGGTTA-1","control_rep1","control",9851,3136,1.35011673941732,0.395898893513349,10645,3247,TRUE,FALSE,FALSE,FALSE,FALSE,TRUE,0.0116441827267408,"singlet",TRUE
"control_rep1_TATAACCCAAATTGCT-1","control_rep1","control",1410,1017,4.25531914893617,0.0709219858156028,5529,3096,TRUE,FALSE,FALSE,FALSE,FALSE,TRUE,0.00321641098707914,"singlet",TRUE
"control_rep1_TATAACCCATTATGAC-1","control_rep1","control",1342,994,1.93740685543964,0.3725782414307,2516,1613,TRUE,FALSE,FALSE,FALSE,FALSE,TRUE,0.00262699346058071,"singlet",TRUE
"control_rep1_TATAGCCAGCCAGTAT-1","control_rep1","control",3748,2162,1.94770544290288,0.080042689434365,30168,11326,TRUE,FALSE,FALSE,FALSE,FALSE,TRUE,0.00274230423383415,"singlet",TRUE
"control_rep1_TATAGCCAGCGGCTGT-1","control_rep1","control",1528,1084,0.719895287958115,0.130890052356021,8139,4378,TRUE,FALSE,FALSE,FALSE,FALSE,TRUE,0.000958956719841808,"singlet",TRUE
"control_rep1_TATATCCTCTGTGCCT-1","control_rep1","control",1393,999,8.47092605886576,0.287150035893754,3724,2181,TRUE,FALSE,FALSE,FALSE,FALSE,TRUE,0.00143815239425749,"singlet",TRUE
"control_rep1_TATCACAAGCGGATTT-1","control_rep1","control",1415,999,5.01766784452297,0.565371024734982,1612,1068,TRUE,FALSE,FALSE,FALSE,FALSE,TRUE,0.0102602262049913,"singlet",TRUE
"control_rep1_TATCACAAGGTGAAGC-1","control_rep1","control",17594,4910,1.50051153802433,0.306922814595885,27154,9234,TRUE,FALSE,FALSE,FALSE,FALSE,TRUE,0.156870976090431,"singlet",TRUE
"control_rep1_TATCCAGCATTTAAGC-1","control_rep1","control",12722,4065,2.42886338626002,0.369438767489388,14417,4202,TRUE,FALSE,FALSE,FALSE,FALSE,TRUE,0.122690230607986,"singlet",TRUE
"control_rep1_TATCCGGAGCATGAAG-1","control_rep1","control",1341,1011,2.83370618941089,0.372856077554064,2133,1316,TRUE,FALSE,FALSE,FALSE,FALSE,TRUE,0.00253001134842634,"singlet",TRUE
"control_rep1_TATCCGGAGTCACCAG-1","control_rep1","control",2398,1564,4.75396163469558,0.375312760633862,2655,1649,TRUE,FALSE,FALSE,FALSE,FALSE,TRUE,0.00957954209297895,"singlet",TRUE
"control_rep1_TATCCGGAGTTGCGTG-1","control_rep1","control",4296,2411,2.53724394785847,0.186219739292365,23126,10171,TRUE,FALSE,FALSE,FALSE,FALSE,TRUE,0.389936685562134,"singlet",TRUE
"control_rep1_TATCGAGGTGGATTAT-1","control_rep1","control",4270,2035,2.17798594847775,0.444964871194379,5640,2335,TRUE,FALSE,FALSE,FALSE,FALSE,TRUE,0.125164672732353,"singlet",TRUE
"control_rep1_TATCGCACATTATGCG-1","control_rep1","control",5055,2253,1.26607319485658,0.138476755687438,5169,2296,TRUE,FALSE,FALSE,FALSE,FALSE,TRUE,0.0465481877326965,"singlet",TRUE
"control_rep1_TATCGCGAGCCAGTAT-1","control_rep1","control",8626,3420,2.73591467655924,0.243450034778576,9083,3538,TRUE,FALSE,FALSE,FALSE,FALSE,TRUE,0.977632820606232,"doublet",FALSE
"control_rep1_TATCGCGAGGACAATG-1","control_rep1","control",8373,3448,1.44512122297862,0.214976710856324,8530,3513,TRUE,FALSE,FALSE,FALSE,FALSE,TRUE,0.993843197822571,"doublet",FALSE
"control_rep1_TATGAAGCAATACTGT-1","control_rep1","control",2582,1682,1.00697134004648,0.0387296669248644,17174,7939,TRUE,FALSE,FALSE,FALSE,FALSE,TRUE,0.000523266207892448,"singlet",TRUE
"control_rep1_TATGAAGCATAACGGG-1","control_rep1","control",2464,1710,1.05519480519481,0.121753246753247,7612,4344,TRUE,FALSE,FALSE,FALSE,FALSE,TRUE,0.00314894621260464,"singlet",TRUE
"control_rep1_TATGAAGCATCAGCAC-1","control_rep1","control",12177,4261,2.14338507021434,0.427034573376037,12409,4328,TRUE,FALSE,FALSE,FALSE,FALSE,TRUE,0.381295174360275,"singlet",TRUE
"control_rep1_TATGACATCCAAACAC-1","control_rep1","control",4557,2311,2.30414746543779,0.0877770463023919,14314,6750,TRUE,FALSE,FALSE,FALSE,FALSE,TRUE,0.445482850074768,"singlet",TRUE
"control_rep1_TATGACTCAACATAAG-1","control_rep1","control",1168,893,4.53767123287671,0.513698630136986,11988,5858,TRUE,FALSE,FALSE,FALSE,FALSE,TRUE,0.00115720904432237,"singlet",TRUE
"control_rep1_TATGACTCAAGCCACT-1","control_rep1","control",1473,1044,5.56687033265445,0.339443312966735,1618,1099,TRUE,FALSE,FALSE,FALSE,FALSE,TRUE,0.00161283020861447,"singlet",TRUE
"control_rep1_TATGACTCACCAGCAT-1","control_rep1","control",1848,1317,4.92424242424242,0.487012987012987,3510,2197,TRUE,FALSE,FALSE,FALSE,FALSE,TRUE,0.00277984351851046,"singlet",TRUE
"control_rep1_TATGACTCAGCAAGGC-1","control_rep1","control",2150,1363,4.7906976744186,0.0930232558139535,2360,1430,TRUE,FALSE,FALSE,FALSE,FALSE,TRUE,0.000824277056381106,"singlet",TRUE
"control_rep1_TATGCATCAATATACC-1","control_rep1","control",3342,1809,2.09455415918612,0.418910831837223,3537,1868,TRUE,FALSE,FALSE,FALSE,FALSE,TRUE,0.083712749183178,"singlet",TRUE
"control_rep1_TATGCATCACAAAGCG-1","control_rep1","control",1540,1092,4.35064935064935,0.324675324675325,1724,1154,TRUE,FALSE,FALSE,FALSE,FALSE,TRUE,0.00562622724100947,"singlet",TRUE
"control_rep1_TATGGATGTATTACCC-1","control_rep1","control",2434,1522,1.39687756778965,0,14301,6795,TRUE,FALSE,FALSE,FALSE,FALSE,TRUE,0.00072918290970847,"singlet",TRUE
"control_rep1_TATGGATGTTCATTTG-1","control_rep1","control",1025,803,3.02439024390244,0.48780487804878,1296,943,TRUE,FALSE,FALSE,FALSE,FALSE,TRUE,0.00170688319485635,"singlet",TRUE
"control_rep1_TATGGCCCACAGGAAT-1","control_rep1","control",2933,1808,3.61404705080123,0.681895669962496,3564,2080,TRUE,FALSE,FALSE,FALSE,FALSE,TRUE,0.00557050574570894,"singlet",TRUE
"control_rep1_TATGGCCCACTAGCGT-1","control_rep1","control",11882,3699,1.93570106042754,0.00841609156707625,12391,3796,TRUE,FALSE,FALSE,FALSE,FALSE,TRUE,0.148294046521187,"singlet",TRUE
"control_rep1_TATGGCCCACTTCATC-1","control_rep1","control",4514,2290,5.56047851129818,0.310146211785556,4776,2384,TRUE,FALSE,FALSE,FALSE,FALSE,TRUE,0.461567640304565,"singlet",TRUE
"control_rep1_TATGGCCCAGGCTTCG-1","control_rep1","control",22005,4826,0.958872983412861,0.231765507839127,23682,5370,TRUE,FALSE,FALSE,FALSE,FALSE,TRUE,0.0372142195701599,"singlet",TRUE
"control_rep1_TATGGCCCATTCAGCA-1","control_rep1","control",33294,6339,1.37261969123566,0.231272902024389,37814,8089,TRUE,FALSE,FALSE,FALSE,FALSE,TRUE,0.0100925536826253,"singlet",TRUE
"control_rep1_TATGGGCGTCACCTAT-1","control_rep1","control",3989,2128,1.27851591877664,0.150413637503134,8576,4310,TRUE,FALSE,FALSE,FALSE,FALSE,TRUE,0.121968798339367,"singlet",TRUE
"control_rep1_TATGGGCGTCATCCTG-1","control_rep1","control",5802,2752,1.1203033436746,0,8468,4093,TRUE,FALSE,FALSE,FALSE,FALSE,TRUE,0.521177589893341,"singlet",TRUE
"control_rep1_TATGGTCAGAGCCGCT-1","control_rep1","control",4240,2155,3.16037735849057,0.0943396226415094,4396,2224,TRUE,FALSE,FALSE,FALSE,FALSE,TRUE,0.145440742373466,"singlet",TRUE
"control_rep1_TATGGTCAGCGATAAG-1","control_rep1","control",1767,1090,2.49009620826259,0.452744765138653,1971,1146,TRUE,FALSE,FALSE,FALSE,FALSE,TRUE,0.00126006861682981,"singlet",TRUE
"control_rep1_TATGGTCAGGAGCATA-1","control_rep1","control",9886,3066,1.15314586283633,0.262998179243374,10813,3189,TRUE,FALSE,FALSE,FALSE,FALSE,TRUE,0.0182490218430758,"singlet",TRUE
"control_rep1_TATGTGATCCGTTATT-1","control_rep1","control",6279,2741,1.68816690555821,0.0318522057652492,6375,2784,TRUE,FALSE,FALSE,FALSE,FALSE,TRUE,0.0129103939980268,"singlet",TRUE
"control_rep1_TATGTGATCCTCACAC-1","control_rep1","control",35265,6443,1.38947965404792,0.343116404366936,38512,7545,TRUE,FALSE,FALSE,FALSE,FALSE,TRUE,0.00545396469533443,"singlet",TRUE
"control_rep1_TATGTGATCGACCTGA-1","control_rep1","control",3205,1789,2.40249609984399,0.062402496099844,3373,1849,TRUE,FALSE,FALSE,FALSE,FALSE,TRUE,0.075256422162056,"singlet",TRUE
"control_rep1_TATTAGCCAAACAACA-1","control_rep1","control",1961,1292,1.93778684344722,0.101988781234064,5903,3305,TRUE,FALSE,FALSE,FALSE,FALSE,TRUE,0.00141634605824947,"singlet",TRUE
"control_rep1_TATTAGCCAGGCTAGA-1","control_rep1","control",2643,1589,2.4214907302308,0.264850548618994,2810,1652,TRUE,FALSE,FALSE,FALSE,FALSE,TRUE,0.0357332080602646,"singlet",TRUE
"control_rep1_TATTAGCCAGTAAGTA-1","control_rep1","control",6878,3274,1.01773771445188,0.436173306193661,19706,8991,TRUE,FALSE,FALSE,FALSE,FALSE,TRUE,0.839197158813477,"doublet",FALSE
"control_rep1_TATTAGGTCAAATCGC-1","control_rep1","control",2280,1466,1.14035087719298,0.043859649122807,11761,5592,TRUE,FALSE,FALSE,FALSE,FALSE,TRUE,0.00165869749616832,"singlet",TRUE
"control_rep1_TATTAGGTCATAAGCC-1","control_rep1","control",8390,3210,3.3134684147795,0.0357568533969011,9320,3433,TRUE,FALSE,FALSE,FALSE,FALSE,TRUE,0.438112676143646,"singlet",TRUE
"control_rep1_TATTCGTTCATGGTTA-1","control_rep1","control",14410,4235,1.38792505204719,0.152671755725191,15465,4583,TRUE,FALSE,FALSE,FALSE,FALSE,TRUE,0.508896470069885,"singlet",TRUE
"control_rep1_TATTCGTTCCGCACAA-1","control_rep1","control",3075,1483,2.4390243902439,0.032520325203252,3231,1551,TRUE,FALSE,FALSE,FALSE,FALSE,TRUE,0.02490109577775,"singlet",TRUE
"control_rep1_TATTCGTTCCTCATCA-1","control_rep1","control",668,490,15.4191616766467,0.29940119760479,7714,3746,TRUE,TRUE,FALSE,FALSE,TRUE,FALSE,NA,"not_tested_QC_fail",FALSE
"control_rep1_TATTGACCAATATACC-1","control_rep1","control",5678,2460,2.11342021838676,0.140894681225784,5811,2506,TRUE,FALSE,FALSE,FALSE,FALSE,TRUE,0.014812576584518,"singlet",TRUE
"control_rep1_TATTGACCACATTGCA-1","control_rep1","control",3380,1665,1.30177514792899,0.266272189349112,3523,1713,TRUE,FALSE,FALSE,FALSE,FALSE,TRUE,0.00760031118988991,"singlet",TRUE
"control_rep1_TATTTGCTCCTAGTCC-1","control_rep1","control",2962,1786,4.65901417960837,0.641458474004051,3260,1881,TRUE,FALSE,FALSE,FALSE,FALSE,TRUE,0.220979288220406,"singlet",TRUE
"control_rep1_TATTTGGAGGCATTAC-1","control_rep1","control",1053,771,1.23456790123457,0.189933523266857,3221,1959,TRUE,FALSE,FALSE,FALSE,FALSE,TRUE,0.00127910287119448,"singlet",TRUE
"control_rep1_TATTTGGAGTCAATCA-1","control_rep1","control",2807,1599,1.85251157819736,0,3040,1665,TRUE,FALSE,FALSE,FALSE,FALSE,TRUE,0.0089485589414835,"singlet",TRUE
"control_rep1_TCAAACCAGAGGAGTC-1","control_rep1","control",2780,1418,1.51079136690647,0.215827338129496,2902,1470,TRUE,FALSE,FALSE,FALSE,FALSE,TRUE,0.0186395701020956,"singlet",TRUE
"control_rep1_TCAAACCAGCGGTTAT-1","control_rep1","control",2636,1618,2.08649468892261,0.151745068285281,7329,3779,TRUE,FALSE,FALSE,FALSE,FALSE,TRUE,0.00241237017326057,"singlet",TRUE
"control_rep1_TCAAACCAGGCTAGAA-1","control_rep1","control",2602,1690,4.61183704842429,1.30668716372022,5329,2629,TRUE,FALSE,FALSE,FALSE,FALSE,TRUE,0.00223084865137935,"singlet",TRUE
"control_rep1_TCAACAATCAATCTCT-1","control_rep1","control",2875,1672,1.46086956521739,0.208695652173913,3090,1737,TRUE,FALSE,FALSE,FALSE,FALSE,TRUE,0.00371802924200892,"singlet",TRUE
"control_rep1_TCAACAATCGATCAGT-1","control_rep1","control",1163,850,5.07308684436801,0.171969045571797,1388,914,TRUE,FALSE,FALSE,FALSE,FALSE,TRUE,0.00133607059251517,"singlet",TRUE
"control_rep1_TCAACAATCTGCAAGT-1","control_rep1","control",553,448,8.1374321880651,0.180831826401447,2081,1255,TRUE,TRUE,FALSE,FALSE,FALSE,FALSE,NA,"not_tested_QC_fail",FALSE
"control_rep1_TCAACAATCTGTGCCT-1","control_rep1","control",4083,2254,13.0541268674994,0.0734753857457752,9295,4813,TRUE,FALSE,FALSE,FALSE,TRUE,FALSE,NA,"not_tested_QC_fail",FALSE
"control_rep1_TCAAGAACACAGGAAT-1","control_rep1","control",6084,3096,1.57790927021696,0.0986193293885602,33285,13110,TRUE,FALSE,FALSE,FALSE,FALSE,TRUE,0.878693580627441,"doublet",FALSE
"control_rep1_TCAAGAACACCAAAGG-1","control_rep1","control",1990,1377,1.95979899497487,0.351758793969849,2133,1431,TRUE,FALSE,FALSE,FALSE,FALSE,TRUE,0.0293161440640688,"singlet",TRUE
"control_rep1_TCAAGAACATGCTATG-1","control_rep1","control",7501,3534,1.639781362485,0.0933208905479269,22635,9671,TRUE,FALSE,FALSE,FALSE,FALSE,TRUE,0.995639085769653,"doublet",FALSE
"control_rep1_TCAAGACTCATGGTGT-1","control_rep1","control",8329,3307,2.49729859526954,0.0840437027254172,8882,3411,TRUE,FALSE,FALSE,FALSE,FALSE,TRUE,0.139642581343651,"singlet",TRUE
"control_rep1_TCAAGACTCGCTCCAT-1","control_rep1","control",3520,1884,1.78977272727273,0.0284090909090909,15665,7456,TRUE,FALSE,FALSE,FALSE,FALSE,TRUE,0.00143018178641796,"singlet",TRUE
"control_rep1_TCAAGCTAGAATCGCT-1","control_rep1","control",1292,967,4.95356037151703,0.309597523219814,1481,1046,TRUE,FALSE,FALSE,FALSE,FALSE,TRUE,0.00214739050716162,"singlet",TRUE
"control_rep1_TCAAGCTAGGCGGATG-1","control_rep1","control",3862,2097,3.10719834282755,0,19504,8586,TRUE,FALSE,FALSE,FALSE,FALSE,TRUE,0.00229996140114963,"singlet",TRUE
"control_rep1_TCAAGCTAGTGATTCA-1","control_rep1","control",782,638,3.32480818414322,0.51150895140665,1069,793,FALSE,FALSE,FALSE,FALSE,FALSE,TRUE,0.00294135510921478,"singlet",TRUE
"control_rep1_TCAAGCTAGTTATGTG-1","control_rep1","control",1013,789,2.07305034550839,0.0987166831194472,6030,3286,TRUE,FALSE,FALSE,FALSE,FALSE,TRUE,0.00231193308718503,"singlet",TRUE
"control_rep1_TCAAGGAAGTTATGTG-1","control_rep1","control",800,653,2.5,0,3157,1879,TRUE,FALSE,FALSE,FALSE,FALSE,TRUE,0.00324242631904781,"singlet",TRUE
"control_rep1_TCAAGGTTCAATAGCC-1","control_rep1","control",6057,3093,4.09443618953277,0.247647350173353,6331,3184,TRUE,FALSE,FALSE,FALSE,FALSE,TRUE,0.255916029214859,"singlet",TRUE
"control_rep1_TCAAGTATCAATCATG-1","control_rep1","control",3004,1496,1.56458055925433,0.099866844207723,3124,1545,TRUE,FALSE,FALSE,FALSE,FALSE,TRUE,0.0025119069032371,"singlet",TRUE
"control_rep1_TCAAGTATCCAATTAG-1","control_rep1","control",5315,2428,1.56161806208843,0.0376293508936971,5506,2484,TRUE,FALSE,FALSE,FALSE,FALSE,TRUE,0.0123177142813802,"singlet",TRUE
"control_rep1_TCAATCGCACGTAAGG-1","control_rep1","control",1954,1258,8.13715455475947,0.307062436028659,3979,2321,TRUE,FALSE,FALSE,FALSE,FALSE,TRUE,0.00286736316047609,"singlet",TRUE
"control_rep1_TCACCTGGTTACTTCA-1","control_rep1","control",8828,4069,2.41277752605347,0.237879474399638,18758,8701,TRUE,FALSE,FALSE,FALSE,FALSE,TRUE,0.993404805660248,"doublet",FALSE
"control_rep1_TCACCTGGTTTCCTCC-1","control_rep1","control",3498,1969,3.31618067467124,0.314465408805031,3637,2019,TRUE,FALSE,FALSE,FALSE,FALSE,TRUE,0.0493917427957058,"singlet",TRUE
"control_rep1_TCACGGATCGTCATTT-1","control_rep1","control",9094,3167,3.34286342643501,0.0219925225423356,9328,3236,TRUE,FALSE,FALSE,FALSE,FALSE,TRUE,0.149076506495476,"singlet",TRUE
"control_rep1_TCACTGACAAGGTACG-1","control_rep1","control",5421,2240,1.78933776056078,0.0922339051835455,5543,2290,TRUE,FALSE,FALSE,FALSE,FALSE,TRUE,0.00300658051855862,"singlet",TRUE
"control_rep1_TCACTGACACAGGGAC-1","control_rep1","control",2990,1755,0.434782608695652,0.100334448160535,21128,8909,TRUE,FALSE,FALSE,FALSE,FALSE,TRUE,0.00229179044254124,"singlet",TRUE
"control_rep1_TCACTGACATAGCAGG-1","control_rep1","control",1933,1344,3.36264873254009,0,2768,1770,TRUE,FALSE,FALSE,FALSE,FALSE,TRUE,0.00364543963223696,"singlet",TRUE
"control_rep1_TCAGCAAGTCTCACTG-1","control_rep1","control",1973,1466,2.07805372529143,0.304105423213381,7884,4439,TRUE,FALSE,FALSE,FALSE,FALSE,TRUE,0.00163417006842792,"singlet",TRUE
"control_rep1_TCAGCAAGTGGTGAGA-1","control_rep1","control",39078,7101,1.10036337581248,0.225190644352321,47976,10277,TRUE,FALSE,FALSE,FALSE,FALSE,TRUE,0.0115423779934645,"singlet",TRUE
"control_rep1_TCAGCCTTCCTGGTCT-1","control_rep1","control",2437,1554,2.87238407878539,0,10034,5253,TRUE,FALSE,FALSE,FALSE,FALSE,TRUE,0.00151813728734851,"singlet",TRUE
"control_rep1_TCAGCCTTCGTTAACA-1","control_rep1","control",8687,2895,2.57856567284448,0.24174053182917,9857,3018,TRUE,FALSE,FALSE,FALSE,FALSE,TRUE,0.0805418565869331,"singlet",TRUE
"control_rep1_TCAGCGATCAAGCCTG-1","control_rep1","control",13160,3683,1.69452887537994,0.174772036474164,14537,4280,TRUE,FALSE,FALSE,FALSE,FALSE,TRUE,0.0334863401949406,"singlet",TRUE
"control_rep1_TCAGGAGCACTAAGCC-1","control_rep1","control",5308,2388,1.50715900527506,0.697061039939714,5500,2456,TRUE,FALSE,FALSE,FALSE,FALSE,TRUE,0.30779367685318,"singlet",TRUE
"control_rep1_TCAGGTCCAACTAGGG-1","control_rep1","control",3033,1826,1.18694362017804,0.0659413122321134,18144,7845,TRUE,FALSE,FALSE,FALSE,FALSE,TRUE,0.00143163371831179,"singlet",TRUE
"control_rep1_TCAGGTCCACAAACTT-1","control_rep1","control",12616,4124,2.56024096385542,0.33291058972733,22503,8336,TRUE,FALSE,FALSE,FALSE,FALSE,TRUE,0.112246640026569,"singlet",TRUE
"control_rep1_TCAGTAATCGGGACTC-1","control_rep1","control",6702,2718,1.2235153685467,0.402864816472695,7067,2820,TRUE,FALSE,FALSE,FALSE,FALSE,TRUE,0.159604161977768,"singlet",TRUE
"control_rep1_TCAGTAGGTACCCACC-1","control_rep1","control",2604,1680,6.91244239631336,0.384024577572965,5078,2937,TRUE,FALSE,FALSE,FALSE,FALSE,TRUE,0.085772767663002,"singlet",TRUE
"control_rep1_TCAGTGAGTCGAAGTC-1","control_rep1","control",27694,5230,0.935220625406225,0.115548494258684,29759,5641,TRUE,FALSE,FALSE,FALSE,FALSE,TRUE,0.00205813837237656,"singlet",TRUE
"control_rep1_TCAGTGAGTTAAGGTT-1","control_rep1","control",1904,1146,1.78571428571429,0.210084033613445,2032,1200,TRUE,FALSE,FALSE,FALSE,FALSE,TRUE,0.00547621166333556,"singlet",TRUE
"control_rep1_TCAGTGAGTTACTTCA-1","control_rep1","control",2337,1422,0.984167736414206,0,15078,7032,TRUE,FALSE,FALSE,FALSE,FALSE,TRUE,0.00110086263157427,"singlet",TRUE
"control_rep1_TCAGTGAGTTAGGACC-1","control_rep1","control",8376,3555,2.82951289398281,0.358166189111748,14725,6179,TRUE,FALSE,FALSE,FALSE,FALSE,TRUE,0.974133551120758,"doublet",FALSE
"control_rep1_TCATAACCAAGCGATG-1","control_rep1","control",2700,1710,1.44444444444444,0.148148148148148,5540,3200,TRUE,FALSE,FALSE,FALSE,FALSE,TRUE,0.0139699829742312,"singlet",TRUE
"control_rep1_TCATAACCATTAAGTC-1","control_rep1","control",9423,3601,1.94205666985037,0.0848986522338958,18547,7831,TRUE,FALSE,FALSE,FALSE,FALSE,TRUE,0.90774255990982,"doublet",FALSE
"control_rep1_TCATAACCATTTAAGC-1","control_rep1","control",2849,1668,4.63320463320463,0.245700245700246,3038,1730,TRUE,FALSE,FALSE,FALSE,FALSE,TRUE,0.309353679418564,"singlet",TRUE
"control_rep1_TCATCCATCTGTGCCT-1","control_rep1","control",2931,1661,2.93415216649608,0.170590242238144,3268,1779,TRUE,FALSE,FALSE,FALSE,FALSE,TRUE,0.00458840047940612,"singlet",TRUE
"control_rep1_TCATGAGGTGTTTGAG-1","control_rep1","control",1966,1127,1.32248219735504,0.356052899287894,2112,1173,TRUE,FALSE,FALSE,FALSE,FALSE,TRUE,0.00220450130291283,"singlet",TRUE
"control_rep1_TCATGCCTCACGAATC-1","control_rep1","control",3532,1770,2.32163080407701,0.113250283125708,3674,1823,TRUE,FALSE,FALSE,FALSE,FALSE,TRUE,0.0164273306727409,"singlet",TRUE
"control_rep1_TCATGCCTCCTCATCA-1","control_rep1","control",2660,1576,11.8045112781955,0.112781954887218,2827,1638,TRUE,FALSE,FALSE,FALSE,TRUE,FALSE,NA,"not_tested_QC_fail",FALSE
"control_rep1_TCATGCCTCTCAATTC-1","control_rep1","control",1349,1011,5.41141586360267,0.22238695329874,2583,1656,TRUE,FALSE,FALSE,FALSE,FALSE,TRUE,0.00215869420208037,"singlet",TRUE
"control_rep1_TCATTACTCAGGTTTA-1","control_rep1","control",5171,2740,4.06111003674338,0.0580158576677625,8558,4468,TRUE,FALSE,FALSE,FALSE,FALSE,TRUE,0.410824596881866,"singlet",TRUE
"control_rep1_TCATTACTCGGTTTGG-1","control_rep1","control",2307,1387,1.43042912873862,0,9409,4845,TRUE,FALSE,FALSE,FALSE,FALSE,TRUE,0.00476135779172182,"singlet",TRUE
"control_rep1_TCATTGCGTTGCGCGA-1","control_rep1","control",2453,1353,3.30207908683245,0.285364859355891,2726,1427,TRUE,FALSE,FALSE,FALSE,FALSE,TRUE,0.0219115056097507,"singlet",TRUE
"control_rep1_TCATTGTTCCCGTTAC-1","control_rep1","control",1164,899,5.06872852233677,0.0859106529209622,15369,6927,TRUE,FALSE,FALSE,FALSE,FALSE,TRUE,0.000605250825174153,"singlet",TRUE
"control_rep1_TCCACAACAATGAAGC-1","control_rep1","control",11175,3848,1.53914988814318,0.384787472035794,12431,4461,TRUE,FALSE,FALSE,FALSE,FALSE,TRUE,0.428756177425385,"singlet",TRUE
"control_rep1_TCCACAACAGGGAGCT-1","control_rep1","control",3080,1762,2.62987012987013,1.52597402597403,4806,2495,TRUE,FALSE,FALSE,FALSE,FALSE,TRUE,0.0130929900333285,"singlet",TRUE
"control_rep1_TCCAGCAAGAACCTGT-1","control_rep1","control",4813,2428,2.07770621234158,0.0207770621234157,9525,4806,TRUE,FALSE,FALSE,FALSE,FALSE,TRUE,0.00592896388843656,"singlet",TRUE
"control_rep1_TCCAGGATCAGGTCCA-1","control_rep1","control",4707,2370,1.59337157425112,0.191204588910134,4860,2425,TRUE,FALSE,FALSE,FALSE,FALSE,TRUE,0.0405980609357357,"singlet",TRUE
"control_rep1_TCCAGGATCATGCTCC-1","control_rep1","control",4242,2086,4.62046204620462,0.117868929750118,4633,2170,TRUE,FALSE,FALSE,FALSE,FALSE,TRUE,0.0563933849334717,"singlet",TRUE
"control_rep1_TCCAGGATCCTTAAGA-1","control_rep1","control",5669,2730,1.79925912859411,0.123478567648615,14457,6854,TRUE,FALSE,FALSE,FALSE,FALSE,TRUE,0.449435532093048,"singlet",TRUE
"control_rep1_TCCAGGTCAGTAGGAT-1","control_rep1","control",11180,4252,3.11270125223614,0.161001788908766,40723,14730,TRUE,FALSE,FALSE,FALSE,FALSE,TRUE,0.887245655059814,"doublet",FALSE
"control_rep1_TCCAGGTCATCCTAGA-1","control_rep1","control",3333,1691,1.38013801380138,0.09000900090009,3445,1735,TRUE,FALSE,FALSE,FALSE,FALSE,TRUE,0.0400779284536839,"singlet",TRUE
"control_rep1_TCCATAAAGGCGCATC-1","control_rep1","control",12232,3854,1.52877697841727,0.245258338783519,18653,6652,TRUE,FALSE,FALSE,FALSE,FALSE,TRUE,0.0029164447914809,"singlet",TRUE
"control_rep1_TCCATATTCCTCACTA-1","control_rep1","control",2523,1600,1.66468489892985,0,5459,3155,TRUE,FALSE,FALSE,FALSE,FALSE,TRUE,0.000731299165636301,"singlet",TRUE
"control_rep1_TCCATATTCGGTCAAT-1","control_rep1","control",3757,1839,1.59701889805696,0.0266169816342827,3947,1908,TRUE,FALSE,FALSE,FALSE,FALSE,TRUE,0.119435854256153,"singlet",TRUE
"control_rep1_TCCATGCTCATAAGCC-1","control_rep1","control",2746,1528,1.67516387472688,0.473415877640204,2901,1582,TRUE,FALSE,FALSE,FALSE,FALSE,TRUE,0.00161590438801795,"singlet",TRUE
"control_rep1_TCCATGCTCCATCAGG-1","control_rep1","control",6230,2867,3.16211878009631,0.256821829855538,11596,5330,TRUE,FALSE,FALSE,FALSE,FALSE,TRUE,0.357606291770935,"singlet",TRUE
"control_rep1_TCCATGCTCGTTATCT-1","control_rep1","control",2499,1272,1.4405762304922,0.040016006402561,2671,1331,TRUE,FALSE,FALSE,FALSE,FALSE,TRUE,0.00239631813019514,"singlet",TRUE
"control_rep1_TCCATGCTCTATTGTC-1","control_rep1","control",1905,1274,2.51968503937008,0.31496062992126,7704,4136,TRUE,FALSE,FALSE,FALSE,FALSE,TRUE,0.00511281751096249,"singlet",TRUE
"control_rep1_TCCATGCTCTTCAATC-1","control_rep1","control",10359,4467,3.90964378801043,0.106187855970654,23459,9976,TRUE,FALSE,FALSE,FALSE,FALSE,TRUE,0.964045822620392,"doublet",FALSE
"control_rep1_TCCATTGTCCGCCTCA-1","control_rep1","control",5150,2557,3.66990291262136,0.233009708737864,5400,2636,TRUE,FALSE,FALSE,FALSE,FALSE,TRUE,0.67018336057663,"singlet",TRUE
"control_rep1_TCCATTGTCGTTACTT-1","control_rep1","control",3511,2033,2.42096268869268,0.398746795784677,5928,3142,TRUE,FALSE,FALSE,FALSE,FALSE,TRUE,0.179393783211708,"singlet",TRUE
"control_rep1_TCCCGGACACAAGCCT-1","control_rep1","control",8521,2783,2.67574228376951,0.117357117709189,8621,2826,TRUE,FALSE,FALSE,FALSE,FALSE,TRUE,0.0242192950099707,"singlet",TRUE
"control_rep1_TCCCGGACATCTTGAG-1","control_rep1","control",8227,2969,3.2211012519752,0.109395891576516,8777,3081,TRUE,FALSE,FALSE,FALSE,FALSE,TRUE,0.0540085323154926,"singlet",TRUE
"control_rep1_TCCCGTTAGGAAGCTA-1","control_rep1","control",3312,1656,1.60024154589372,0.271739130434783,3476,1712,TRUE,FALSE,FALSE,FALSE,FALSE,TRUE,0.00435510417446494,"singlet",TRUE
"control_rep1_TCCCGTTAGGGTGAAC-1","control_rep1","control",18840,4617,0.955414012738854,0.180467091295117,21772,5857,TRUE,FALSE,FALSE,FALSE,FALSE,TRUE,0.0707206279039383,"singlet",TRUE
"control_rep1_TCCCTCACAAGCTAAA-1","control_rep1","control",4765,2557,1.95173137460651,0.167890870933893,9165,4725,TRUE,FALSE,FALSE,FALSE,FALSE,TRUE,0.00894891750067472,"singlet",TRUE
"control_rep1_TCCCTCACACCTGCCT-1","control_rep1","control",6470,3364,6.69242658423493,0.386398763523957,12387,6055,TRUE,FALSE,FALSE,FALSE,FALSE,TRUE,0.28182315826416,"singlet",TRUE
"control_rep1_TCCCTCACAGTACCGT-1","control_rep1","control",5768,2685,5.75589459084605,1.19625520110957,6134,2777,TRUE,FALSE,FALSE,FALSE,FALSE,TRUE,0.313218593597412,"singlet",TRUE
"control_rep1_TCCGGAATCAGGGCCT-1","control_rep1","control",4367,2301,1.67162811999084,0.0228990153423403,31433,11759,TRUE,FALSE,FALSE,FALSE,FALSE,TRUE,0.0117384810000658,"singlet",TRUE
"control_rep1_TCCGGAATCCCTGGAA-1","control_rep1","control",1374,971,1.89228529839884,0,2252,1437,TRUE,FALSE,FALSE,FALSE,FALSE,TRUE,0.00167399039492011,"singlet",TRUE
"control_rep1_TCCGGTAAGAGGAGGA-1","control_rep1","control",3414,2057,1.49384885764499,0.0585823081429408,20299,9211,TRUE,FALSE,FALSE,FALSE,FALSE,TRUE,0.849035143852234,"doublet",FALSE
"control_rep1_TCCGGTAAGCTTAGTA-1","control_rep1","control",7650,3221,1.67320261437909,0.901960784313726,11141,4745,TRUE,FALSE,FALSE,FALSE,FALSE,TRUE,0.787864685058594,"doublet",FALSE
"control_rep1_TCCGGTTTCCTCATGC-1","control_rep1","control",5129,2521,2.90504971729382,0.233963735620979,5213,2547,TRUE,FALSE,FALSE,FALSE,FALSE,TRUE,0.00461694039404392,"singlet",TRUE
"control_rep1_TCCTAGTGTAATCGTG-1","control_rep1","control",1962,1309,3.31294597349643,0.407747196738022,2291,1439,TRUE,FALSE,FALSE,FALSE,FALSE,TRUE,0.0202992018312216,"singlet",TRUE
"control_rep1_TCCTAGTGTTAGAGGG-1","control_rep1","control",2725,1687,1.21100917431193,0.477064220183486,4223,2470,TRUE,FALSE,FALSE,FALSE,FALSE,TRUE,0.0143140163272619,"singlet",TRUE
"control_rep1_TCCTAGTGTTAGTACG-1","control_rep1","control",2716,1599,4.89690721649485,0.257731958762887,3197,1734,TRUE,FALSE,FALSE,FALSE,FALSE,TRUE,0.0219804588705301,"singlet",TRUE
"control_rep1_TCCTAGTGTTCAAGAT-1","control_rep1","control",2060,1345,1.11650485436893,0.242718446601942,15762,7429,TRUE,FALSE,FALSE,FALSE,FALSE,TRUE,0.00318058300763369,"singlet",TRUE
"control_rep1_TCCTAGTGTTTGAGCA-1","control_rep1","control",13628,3885,1.44555327267391,0.388905195186381,20140,6669,TRUE,FALSE,FALSE,FALSE,FALSE,TRUE,0.0151532124727964,"singlet",TRUE
"control_rep1_TCCTCAATCATGCTCC-1","control_rep1","control",1739,1256,0.97757331799885,0.230017251293847,7749,4232,TRUE,FALSE,FALSE,FALSE,FALSE,TRUE,0.00349738076329231,"singlet",TRUE
"control_rep1_TCCTCAATCCTCATGC-1","control_rep1","control",11720,4175,2.76450511945392,0.213310580204778,12133,4268,TRUE,FALSE,FALSE,FALSE,FALSE,TRUE,0.993148267269135,"doublet",FALSE
"control_rep1_TCCTCACAGCACAGGG-1","control_rep1","control",1912,1298,3.92259414225941,0.209205020920502,2040,1348,TRUE,FALSE,FALSE,FALSE,FALSE,TRUE,0.00618981244042516,"singlet",TRUE
"control_rep1_TCCTCTAAGTCACTCC-1","control_rep1","control",2729,1748,4.83693660681568,0.0732869182850861,18254,8066,TRUE,FALSE,FALSE,FALSE,FALSE,TRUE,0.00383769161999226,"singlet",TRUE
"control_rep1_TCCTCTAAGTGAGAGC-1","control_rep1","control",5337,2212,0.861907438635938,0.299793891699457,5537,2274,TRUE,FALSE,FALSE,FALSE,FALSE,TRUE,0.0104439919814467,"singlet",TRUE
"control_rep1_TCCTGGTTCAGCACGC-1","control_rep1","control",3206,1799,2.21459762944479,0.124766063630692,5169,2849,TRUE,FALSE,FALSE,FALSE,FALSE,TRUE,0.00184579042252153,"singlet",TRUE
"control_rep1_TCCTGGTTCGCTCCAT-1","control_rep1","control",1254,996,2.07336523125997,0.0797448165869219,5481,3076,TRUE,FALSE,FALSE,FALSE,FALSE,TRUE,0.00126987113617361,"singlet",TRUE
"control_rep1_TCCTGTTCAATTAACC-1","control_rep1","control",2354,1556,2.2090059473237,0.339847068819031,12444,6334,TRUE,FALSE,FALSE,FALSE,FALSE,TRUE,0.00191132270265371,"singlet",TRUE
"control_rep1_TCCTGTTCACATGCTA-1","control_rep1","control",1071,787,7.93650793650794,0.466853408029879,1259,847,TRUE,FALSE,FALSE,FALSE,FALSE,TRUE,0.00101347640156746,"singlet",TRUE
"control_rep1_TCCTGTTCAGCAACCT-1","control_rep1","control",752,522,19.4148936170213,0.265957446808511,9626,4448,TRUE,FALSE,FALSE,FALSE,TRUE,FALSE,NA,"not_tested_QC_fail",FALSE
"control_rep1_TCCTGTTCAGCGCTTG-1","control_rep1","control",2463,1592,3.49167681688997,0.365408038976857,2580,1651,TRUE,FALSE,FALSE,FALSE,FALSE,TRUE,0.0845389664173126,"singlet",TRUE
"control_rep1_TCCTGTTCATATTGAC-1","control_rep1","control",8701,3498,1.88484082289392,0.080450522928399,9799,3963,TRUE,FALSE,FALSE,FALSE,FALSE,TRUE,0.327487885951996,"singlet",TRUE
"control_rep1_TCCTTAGTCAACAAGG-1","control_rep1","control",19095,6292,5.4255040586541,0.460853626603823,27510,9721,TRUE,FALSE,FALSE,FALSE,FALSE,TRUE,0.944984316825867,"doublet",FALSE
"control_rep1_TCCTTAGTCCATAAGC-1","control_rep1","control",3386,1763,2.03780271707029,0.0886001181334908,3560,1821,TRUE,FALSE,FALSE,FALSE,FALSE,TRUE,0.0273398868739605,"singlet",TRUE
"control_rep1_TCCTTAGTCCCTGGTT-1","control_rep1","control",1622,1035,6.90505548705302,0.061652281134402,1981,1128,TRUE,FALSE,FALSE,FALSE,FALSE,TRUE,0.00323028839193285,"singlet",TRUE
"control_rep1_TCCTTAGTCGCAGGCT-1","control_rep1","control",10386,3463,1.29019834392451,0.221451954554208,10744,3548,TRUE,FALSE,FALSE,FALSE,FALSE,TRUE,0.0224800948053598,"singlet",TRUE
"control_rep1_TCCTTCAAGCGATAAG-1","control_rep1","control",10826,3369,1.23776094587105,0.212451505634583,17013,6277,TRUE,FALSE,FALSE,FALSE,FALSE,TRUE,0.0674999430775642,"singlet",TRUE
"control_rep1_TCCTTCAAGCTCCCTG-1","control_rep1","control",1878,1327,2.71565495207668,0.266240681576145,3066,1957,TRUE,FALSE,FALSE,FALSE,FALSE,TRUE,0.00151652202475816,"singlet",TRUE
"control_rep1_TCCTTCAAGCTGAGGG-1","control_rep1","control",1958,1310,2.04290091930541,0.102145045965271,2865,1800,TRUE,FALSE,FALSE,FALSE,FALSE,TRUE,0.00102574680931866,"singlet",TRUE
"control_rep1_TCCTTGCAGGAAGCAC-1","control_rep1","control",7757,2708,0.721928580636844,0.206265308753384,7915,2763,TRUE,FALSE,FALSE,FALSE,FALSE,TRUE,0.0162455216050148,"singlet",TRUE
"control_rep1_TCGACAAGTTAGGCTA-1","control_rep1","control",4768,2410,3.08305369127517,0.209731543624161,5100,2494,TRUE,FALSE,FALSE,FALSE,FALSE,TRUE,0.00474533019587398,"singlet",TRUE
"control_rep1_TCGATTAAGCCTTAAA-1","control_rep1","control",1699,1208,1.70688640376692,0.176574455562095,14966,6895,TRUE,FALSE,FALSE,FALSE,FALSE,TRUE,0.0160309299826622,"singlet",TRUE
"control_rep1_TCGATTAAGGGCCACT-1","control_rep1","control",924,620,1.94805194805195,0,2530,1473,TRUE,FALSE,FALSE,FALSE,FALSE,TRUE,0.00203668279573321,"singlet",TRUE
"control_rep1_TCGCATTGTAGGATCC-1","control_rep1","control",2794,1797,4.50966356478168,0.322118826055834,2974,1859,TRUE,FALSE,FALSE,FALSE,FALSE,TRUE,0.00574019039049745,"singlet",TRUE
"control_rep1_TCGCGAGGTATCTGGA-1","control_rep1","control",6201,2747,2.37058538945331,0.354781486856959,10688,4537,TRUE,FALSE,FALSE,FALSE,FALSE,TRUE,0.0372674763202667,"singlet",TRUE
"control_rep1_TCGCGAGGTGTGCACG-1","control_rep1","control",4380,2048,1.32420091324201,1.00456621004566,4637,2127,TRUE,FALSE,FALSE,FALSE,FALSE,TRUE,0.00340758473612368,"singlet",TRUE
"control_rep1_TCGCGCACAGTCTAAT-1","control_rep1","control",7795,3164,1.94996792815908,0.346375881975625,10051,4236,TRUE,FALSE,FALSE,FALSE,FALSE,TRUE,0.96922755241394,"doublet",FALSE
"control_rep1_TCGCTAACAGGCGATA-1","control_rep1","control",4076,2129,3.04219823356232,0.245338567222767,4414,2243,TRUE,FALSE,FALSE,FALSE,FALSE,TRUE,0.524328291416168,"singlet",TRUE
"control_rep1_TCGGTAAGTCGACTAA-1","control_rep1","control",711,610,2.39099859353024,0,9161,4558,TRUE,FALSE,FALSE,FALSE,FALSE,TRUE,0.00337776611559093,"singlet",TRUE
"control_rep1_TCGGTAAGTTAACACG-1","control_rep1","control",4315,2424,2.6882966396292,0.48667439165701,38297,13799,TRUE,FALSE,FALSE,FALSE,FALSE,TRUE,0.695362508296967,"singlet",TRUE
"control_rep1_TCGGTAAGTTCCAGGG-1","control_rep1","control",3411,2016,1.40721196130167,0.439753737906772,3625,2133,TRUE,FALSE,FALSE,FALSE,FALSE,TRUE,0.0589232631027699,"singlet",TRUE
"control_rep1_TCGGTTACAGTAGCCT-1","control_rep1","control",3275,1767,8.70229007633588,0.824427480916031,3626,1869,TRUE,FALSE,FALSE,FALSE,FALSE,TRUE,0.128928825259209,"singlet",TRUE
"control_rep1_TCGGTTCTCATTAGCA-1","control_rep1","control",509,419,3.53634577603143,0.196463654223969,6447,2957,TRUE,TRUE,FALSE,FALSE,FALSE,FALSE,NA,"not_tested_QC_fail",FALSE
"control_rep1_TCGGTTCTCCGCCAAA-1","control_rep1","control",9497,3425,2.57976203011477,0,9873,3507,TRUE,FALSE,FALSE,FALSE,FALSE,TRUE,0.0977536216378212,"singlet",TRUE
"control_rep1_TCGGTTTGTATCTGGA-1","control_rep1","control",17999,4783,1.49452747374854,0.0722262347908217,18912,4895,TRUE,FALSE,FALSE,FALSE,FALSE,TRUE,0.155975118279457,"singlet",TRUE
"control_rep1_TCGGTTTGTTGCATCT-1","control_rep1","control",6046,2571,2.19980152166722,0.0992391663910023,6261,2628,TRUE,FALSE,FALSE,FALSE,FALSE,TRUE,0.0203638728708029,"singlet",TRUE
"control_rep1_TCGTAATCAAGCTAAA-1","control_rep1","control",4280,2162,2.07943925233645,0.257009345794392,4427,2211,TRUE,FALSE,FALSE,FALSE,FALSE,TRUE,0.372375816106796,"singlet",TRUE
"control_rep1_TCGTCAACAATCCCTT-1","control_rep1","control",4183,2175,5.09203920631126,0.693282333253646,4337,2236,TRUE,FALSE,FALSE,FALSE,FALSE,TRUE,0.0724469423294067,"singlet",TRUE
"control_rep1_TCGTCAACATGTCAGC-1","control_rep1","control",1662,1192,1.92539109506619,0.180505415162455,2949,1865,TRUE,FALSE,FALSE,FALSE,FALSE,TRUE,0.00716709299013019,"singlet",TRUE
"control_rep1_TCGTGCTTCAGCCAAT-1","control_rep1","control",3508,1867,6.75598631698974,0.513112884834664,4589,1997,TRUE,FALSE,FALSE,FALSE,FALSE,TRUE,0.0237308796495199,"singlet",TRUE
"control_rep1_TCGTGCTTCCGGTTAG-1","control_rep1","control",6628,2469,1.56910078455039,0.0905250452625226,7666,2787,TRUE,FALSE,FALSE,FALSE,FALSE,TRUE,0.0221759285777807,"singlet",TRUE
"control_rep1_TCGTTAAAGCACTTGG-1","control_rep1","control",6299,2361,1.76218447372599,0.190506429591999,6848,2461,TRUE,FALSE,FALSE,FALSE,FALSE,TRUE,0.00586472963914275,"singlet",TRUE
"control_rep1_TCGTTAAAGTCTTGAA-1","control_rep1","control",7289,3372,1.87954451913843,0.50761421319797,7928,3587,TRUE,FALSE,FALSE,FALSE,FALSE,TRUE,0.474696904420853,"singlet",TRUE
"control_rep1_TCGTTAAAGTTTAACG-1","control_rep1","control",20013,4943,1.87378204167291,0.00499675211112777,20740,5048,TRUE,FALSE,FALSE,FALSE,FALSE,TRUE,0.0976625308394432,"singlet",TRUE
"control_rep1_TCGTTACGTCAGGCCA-1","control_rep1","control",3522,2207,5.33787620670074,0.56785917092561,10255,5488,TRUE,FALSE,FALSE,FALSE,FALSE,TRUE,0.294926911592484,"singlet",TRUE
"control_rep1_TCGTTACGTTTGCTGT-1","control_rep1","control",1671,1206,3.94973070017953,0.239377618192699,10612,5432,TRUE,FALSE,FALSE,FALSE,FALSE,TRUE,0.00140692759305239,"singlet",TRUE
"control_rep1_TCGTTATTCCCGCAAA-1","control_rep1","control",9400,3254,2.35106382978723,0.287234042553192,10042,3363,TRUE,FALSE,FALSE,FALSE,FALSE,TRUE,0.155777484178543,"singlet",TRUE
"control_rep1_TCTAACCGTAATGGCC-1","control_rep1","control",4737,2785,2.95545704032088,0.633312222925903,10703,5554,TRUE,FALSE,FALSE,FALSE,FALSE,TRUE,0.217705607414246,"singlet",TRUE
"control_rep1_TCTAACCGTACTGAAT-1","control_rep1","control",2071,1206,2.26943505552873,0.144857556735876,2347,1315,TRUE,FALSE,FALSE,FALSE,FALSE,TRUE,0.00265275407582521,"singlet",TRUE
"control_rep1_TCTAACCGTAGCAGCT-1","control_rep1","control",2504,1509,1.15814696485623,0.0399361022364217,8016,4235,TRUE,FALSE,FALSE,FALSE,FALSE,TRUE,0.00186182116158307,"singlet",TRUE
"control_rep1_TCTAACCGTATTCGTC-1","control_rep1","control",10594,3440,1.19879176892581,0.132150273739853,11304,3743,TRUE,FALSE,FALSE,FALSE,FALSE,TRUE,0.00837796926498413,"singlet",TRUE
"control_rep1_TCTAACCGTGCATTTC-1","control_rep1","control",16080,4882,2.53731343283582,0.435323383084577,22217,7354,TRUE,FALSE,FALSE,FALSE,FALSE,TRUE,0.270963728427887,"singlet",TRUE
"control_rep1_TCTAACCGTTCCGCAC-1","control_rep1","control",8485,3300,4.19563936358279,0.212139068945197,8880,3456,TRUE,FALSE,FALSE,FALSE,FALSE,TRUE,0.0278928875923157,"singlet",TRUE
"control_rep1_TCTAACTTCCGGTATG-1","control_rep1","control",5412,2847,3.58462675535846,0.90539541759054,6097,3124,TRUE,FALSE,FALSE,FALSE,FALSE,TRUE,0.764036774635315,"doublet",FALSE
"control_rep1_TCTAACTTCTTGGATA-1","control_rep1","control",10469,3933,2.33069061037348,0.362976406533575,14310,5236,TRUE,FALSE,FALSE,FALSE,FALSE,TRUE,0.387908279895782,"singlet",TRUE
"control_rep1_TCTAAGGGTCCGTAGG-1","control_rep1","control",4914,2668,2.25885225885226,0.325600325600326,14455,7108,TRUE,FALSE,FALSE,FALSE,FALSE,TRUE,0.350514888763428,"singlet",TRUE
"control_rep1_TCTAATCTCACAGGAA-1","control_rep1","control",2248,1459,6.27224199288256,0.266903914590747,2554,1549,TRUE,FALSE,FALSE,FALSE,FALSE,TRUE,0.0848323255777359,"singlet",TRUE
"control_rep1_TCTAATCTCCTTAAGA-1","control_rep1","control",3598,2161,2.8627015008338,0.0555864369093941,19402,8767,TRUE,FALSE,FALSE,FALSE,FALSE,TRUE,0.0847342014312744,"singlet",TRUE
"control_rep1_TCTAATCTCCTTAGGG-1","control_rep1","control",1612,1063,3.66004962779156,0.0620347394540943,1789,1120,TRUE,FALSE,FALSE,FALSE,FALSE,TRUE,0.00131946499459445,"singlet",TRUE
"control_rep1_TCTAATCTCCTTTACG-1","control_rep1","control",17968,4830,5.16473731077471,0.0389581478183437,18663,4944,TRUE,FALSE,FALSE,FALSE,FALSE,TRUE,0.28184586763382,"singlet",TRUE
"control_rep1_TCTACCTCAAACATAG-1","control_rep1","control",6723,2695,2.98973672467648,0.208240368882939,7429,2798,TRUE,FALSE,FALSE,FALSE,FALSE,TRUE,0.0847521349787712,"singlet",TRUE
"control_rep1_TCTACCTCAAAGGTAC-1","control_rep1","control",4303,2554,3.78805484545666,0.116198001394376,29461,11873,TRUE,FALSE,FALSE,FALSE,FALSE,TRUE,0.412316054105759,"singlet",TRUE
"control_rep1_TCTACCTCAACTAGAA-1","control_rep1","control",18150,4332,0.815426997245179,0.220385674931129,18802,4457,TRUE,FALSE,FALSE,FALSE,FALSE,TRUE,0.060997013002634,"singlet",TRUE
"control_rep1_TCTACCTCAATTAGGA-1","control_rep1","control",2851,1692,5.26131182041389,0.210452472816556,2981,1743,TRUE,FALSE,FALSE,FALSE,FALSE,TRUE,0.0135416882112622,"singlet",TRUE
"control_rep1_TCTACTAGTGTTCCCA-1","control_rep1","control",2732,1854,2.12298682284041,0.402635431918009,4552,2809,TRUE,FALSE,FALSE,FALSE,FALSE,TRUE,0.510118126869202,"singlet",TRUE
"control_rep1_TCTAGCACACCTAAGC-1","control_rep1","control",7077,3420,5.21407376006783,0.226084499081532,12260,5889,TRUE,FALSE,FALSE,FALSE,FALSE,TRUE,0.74330347776413,"singlet",TRUE
"control_rep1_TCTAGCCTCATCCTGC-1","control_rep1","control",5916,2817,2.67072346179851,0.0845165652467884,6030,2865,TRUE,FALSE,FALSE,FALSE,FALSE,TRUE,0.0186067707836628,"singlet",TRUE
"control_rep1_TCTAGCCTCGATTATG-1","control_rep1","control",2394,1595,2.00501253132832,0.208855472013367,2559,1651,TRUE,FALSE,FALSE,FALSE,FALSE,TRUE,0.00650171004235744,"singlet",TRUE
"control_rep1_TCTAGCCTCGTTAGCG-1","control_rep1","control",10896,3622,2.67070484581498,0.156020558002937,11131,3696,TRUE,FALSE,FALSE,FALSE,FALSE,TRUE,0.0637611523270607,"singlet",TRUE
"control_rep1_TCTAGCGAGCGCCTTT-1","control_rep1","control",2413,1470,1.86489846663904,0.0828843762950684,18751,8443,TRUE,FALSE,FALSE,FALSE,FALSE,TRUE,0.000852459808811545,"singlet",TRUE
"control_rep1_TCTAGCGAGTTAACCA-1","control_rep1","control",10470,3357,0.840496657115568,0.210124164278892,10775,3435,TRUE,FALSE,FALSE,FALSE,FALSE,TRUE,0.103586457669735,"singlet",TRUE
"control_rep1_TCTATGTTCATGGTTA-1","control_rep1","control",4907,2226,0.978194416140208,0.122274302017526,5127,2299,TRUE,FALSE,FALSE,FALSE,FALSE,TRUE,0.156804621219635,"singlet",TRUE
"control_rep1_TCTATGTTCCACCTGT-1","control_rep1","control",3991,2112,4.73565522425457,0.250563768479078,14201,6848,TRUE,FALSE,FALSE,FALSE,FALSE,TRUE,0.00616504112258554,"singlet",TRUE
"control_rep1_TCTATGTTCCGGTTGA-1","control_rep1","control",3603,1994,3.49708576186511,0.277546489036914,3856,2083,TRUE,FALSE,FALSE,FALSE,FALSE,TRUE,0.0251966081559658,"singlet",TRUE
"control_rep1_TCTATGTTCGAAGTAG-1","control_rep1","control",10750,3803,2.07441860465116,0.437209302325581,19076,7109,TRUE,FALSE,FALSE,FALSE,FALSE,TRUE,0.0326729603111744,"singlet",TRUE
"control_rep1_TCTCAAGCATGTCAAT-1","control_rep1","control",6547,2462,1.6037879945013,0.397128455781274,7173,2565,TRUE,FALSE,FALSE,FALSE,FALSE,TRUE,0.092565543949604,"singlet",TRUE
"control_rep1_TCTCAATTCCGTGACA-1","control_rep1","control",1921,1343,3.43571056741281,0.416449765747007,2172,1419,TRUE,FALSE,FALSE,FALSE,FALSE,TRUE,0.013088321313262,"singlet",TRUE
"control_rep1_TCTCAATTCGCTTCTA-1","control_rep1","control",2439,1663,5.74005740057401,0.697006970069701,2581,1741,TRUE,FALSE,FALSE,FALSE,FALSE,TRUE,0.0137474201619625,"singlet",TRUE
"control_rep1_TCTCACCAGGAGCACG-1","control_rep1","control",21861,5671,1.11614290288642,0.137230684781117,43133,13961,TRUE,FALSE,FALSE,FALSE,FALSE,TRUE,0.889701187610626,"doublet",FALSE
"control_rep1_TCTCACCAGGCGCTTA-1","control_rep1","control",12799,4170,1.60950074224549,0.203140870380498,13099,4250,TRUE,FALSE,FALSE,FALSE,FALSE,TRUE,0.995147168636322,"doublet",FALSE
"control_rep1_TCTCACCAGGGTTAGA-1","control_rep1","control",1795,1332,2.17270194986072,0.222841225626741,2429,1658,TRUE,FALSE,FALSE,FALSE,FALSE,TRUE,0.00236824993044138,"singlet",TRUE
"control_rep1_TCTCCTCGTCGCGCAA-1","control_rep1","control",11911,3938,2.89648224330451,0.142725211988918,15713,5550,TRUE,FALSE,FALSE,FALSE,FALSE,TRUE,0.162089556455612,"singlet",TRUE
"control_rep1_TCTCGCCCATAGACTT-1","control_rep1","control",1720,1224,3.13953488372093,0.232558139534884,2925,1860,TRUE,FALSE,FALSE,FALSE,FALSE,TRUE,0.00286483811214566,"singlet",TRUE
"control_rep1_TCTCGCCCATCACTTC-1","control_rep1","control",2282,1488,4.95179666958808,0.175284837861525,2454,1548,TRUE,FALSE,FALSE,FALSE,FALSE,TRUE,0.0327141880989075,"singlet",TRUE
"control_rep1_TCTCGCCCATTGTGGC-1","control_rep1","control",3082,1736,2.56327060350422,0.259571706683971,3195,1777,TRUE,FALSE,FALSE,FALSE,FALSE,TRUE,0.361595332622528,"singlet",TRUE
"control_rep1_TCTGGCTTCTTGTTCG-1","control_rep1","control",1283,950,3.50740452065472,0.701480904130943,1455,1011,TRUE,FALSE,FALSE,FALSE,FALSE,TRUE,0.00181669078301638,"singlet",TRUE
"control_rep1_TCTGTGACAGCTCATA-1","control_rep1","control",7315,3164,1.47641831852358,0.0136705399863295,28434,11327,TRUE,FALSE,FALSE,FALSE,FALSE,TRUE,0.173885554075241,"singlet",TRUE
"control_rep1_TCTGTGACAGGTATTT-1","control_rep1","control",1933,1353,4.24211070874289,0.569063631660631,2088,1405,TRUE,FALSE,FALSE,FALSE,FALSE,TRUE,0.000943326158449054,"singlet",TRUE
"control_rep1_TCTTAGCGTACCGTTT-1","control_rep1","control",858,689,6.41025641025641,0.34965034965035,2670,1619,TRUE,FALSE,FALSE,FALSE,FALSE,TRUE,0.00211761589162052,"singlet",TRUE
"control_rep1_TCTTAGCGTGAACAAA-1","control_rep1","control",8259,2917,0.847560237316866,0.0847560237316866,8362,2960,TRUE,FALSE,FALSE,FALSE,FALSE,TRUE,0.0429136604070663,"singlet",TRUE
"control_rep1_TCTTAGTTCATGCGTG-1","control_rep1","control",10487,3329,1.34452178888147,0.286068465719462,13720,4738,TRUE,FALSE,FALSE,FALSE,FALSE,TRUE,0.0042725307866931,"singlet",TRUE
"control_rep1_TCTTAGTTCCAAATCA-1","control_rep1","control",6718,2377,1.29502828222685,0.35724918130396,7264,2520,TRUE,FALSE,FALSE,FALSE,FALSE,TRUE,0.00525264674797654,"singlet",TRUE
"control_rep1_TCTTAGTTCGCTCACT-1","control_rep1","control",4016,1901,3.53585657370518,0.323705179282869,4317,1982,TRUE,FALSE,FALSE,FALSE,FALSE,TRUE,0.0208970904350281,"singlet",TRUE
"control_rep1_TCTTAGTTCTCGCCTG-1","control_rep1","control",4518,2099,6.48517042939354,0.708277999114653,6825,2794,TRUE,FALSE,FALSE,FALSE,FALSE,TRUE,0.0334858521819115,"singlet",TRUE
"control_rep1_TCTTCAAGTAGCTGGT-1","control_rep1","control",2145,1343,1.77156177156177,0.186480186480186,2353,1408,TRUE,FALSE,FALSE,FALSE,FALSE,TRUE,0.00462619261816144,"singlet",TRUE
"control_rep1_TCTTGTCCACCGGTAT-1","control_rep1","control",17920,5401,1.77455357142857,0.0669642857142857,28338,10098,TRUE,FALSE,FALSE,FALSE,FALSE,TRUE,0.99548077583313,"doublet",FALSE
"control_rep1_TCTTGTCCATCCTGAA-1","control_rep1","control",11278,3972,2.17237098776379,0.283738251463025,11462,4027,TRUE,FALSE,FALSE,FALSE,FALSE,TRUE,0.231653273105621,"singlet",TRUE
"control_rep1_TCTTTGTAGACAACAG-1","control_rep1","control",1888,1305,2.91313559322034,0.0529661016949153,8123,4402,TRUE,FALSE,FALSE,FALSE,FALSE,TRUE,0.0028179595246911,"singlet",TRUE
"control_rep1_TCTTTGTAGCCTCTGT-1","control_rep1","control",590,501,3.22033898305085,0.169491525423729,1736,1100,TRUE,FALSE,FALSE,FALSE,FALSE,TRUE,0.00272808922454715,"singlet",TRUE
"control_rep1_TGAAACTGTAACAGGG-1","control_rep1","control",1140,870,5.6140350877193,0.263157894736842,19151,7641,TRUE,FALSE,FALSE,FALSE,FALSE,TRUE,0.00141613301821053,"singlet",TRUE
"control_rep1_TGAAACTGTTAAGCCA-1","control_rep1","control",5634,2921,2.94639687610934,0.745473908413205,15776,7135,TRUE,FALSE,FALSE,FALSE,FALSE,TRUE,0.11820674687624,"singlet",TRUE
"control_rep1_TGAACAACAACTAGAA-1","control_rep1","control",2966,1979,1.58462575859744,0.134861766689144,15806,7752,TRUE,FALSE,FALSE,FALSE,FALSE,TRUE,0.257362633943558,"singlet",TRUE
"control_rep1_TGAACAACACCTAAGC-1","control_rep1","control",1905,1228,2.57217847769029,0.57742782152231,2078,1286,TRUE,FALSE,FALSE,FALSE,FALSE,TRUE,0.00457729818299413,"singlet",TRUE
"control_rep1_TGAACAACATAACGGG-1","control_rep1","control",19310,4629,1.60020714655619,0.0466079751424133,20272,4758,TRUE,FALSE,FALSE,FALSE,FALSE,TRUE,0.102720431983471,"singlet",TRUE
"control_rep1_TGAACAACATTAGCGC-1","control_rep1","control",3482,1815,2.2400919012062,0.143595634692705,3607,1865,TRUE,FALSE,FALSE,FALSE,FALSE,TRUE,0.157451570034027,"singlet",TRUE
"control_rep1_TGAAGCAAGAACAAGT-1","control_rep1","control",1920,1246,3.64583333333333,0,2071,1300,TRUE,FALSE,FALSE,FALSE,FALSE,TRUE,0.0093493377789855,"singlet",TRUE
"control_rep1_TGAAGCAAGACTATTG-1","control_rep1","control",3587,1721,2.28603289657095,0.0557568999163646,3684,1760,TRUE,FALSE,FALSE,FALSE,FALSE,TRUE,0.00730205234140158,"singlet",TRUE
"control_rep1_TGAAGCAAGACTCGCA-1","control_rep1","control",3858,1967,1.99585277345775,0.0259201658890617,4081,2047,TRUE,FALSE,FALSE,FALSE,FALSE,TRUE,0.13475102186203,"singlet",TRUE
"control_rep1_TGAAGCAAGCTTTGTT-1","control_rep1","control",1162,862,0.946643717728055,0.172117039586919,15644,7177,TRUE,FALSE,FALSE,FALSE,FALSE,TRUE,0.00211375928483903,"singlet",TRUE
"control_rep1_TGAAGCAAGGCGAAAC-1","control_rep1","control",2522,1675,0.674068199841396,0.0793021411578113,5873,3432,TRUE,FALSE,FALSE,FALSE,FALSE,TRUE,0.0010958198690787,"singlet",TRUE
"control_rep1_TGAAGGATCACGTTAA-1","control_rep1","control",1592,1168,1.0678391959799,0.125628140703518,2751,1778,TRUE,FALSE,FALSE,FALSE,FALSE,TRUE,0.00096351612592116,"singlet",TRUE
"control_rep1_TGAAGGATCCTGGTCT-1","control_rep1","control",6077,2838,1.64554879052164,0.18101036695738,6196,2881,TRUE,FALSE,FALSE,FALSE,FALSE,TRUE,0.479938238859177,"singlet",TRUE
"control_rep1_TGAAGGATCGCTCCAT-1","control_rep1","control",4571,2222,1.96893458761759,0.328155764602931,4738,2289,TRUE,FALSE,FALSE,FALSE,FALSE,TRUE,0.0619743503630161,"singlet",TRUE
"control_rep1_TGAAGGATCGTTACAA-1","control_rep1","control",14428,4393,1.95453285278625,0.0762406431937899,15402,4560,TRUE,FALSE,FALSE,FALSE,FALSE,TRUE,0.441005170345306,"singlet",TRUE
"control_rep1_TGAAGTGAGCTTATGA-1","control_rep1","control",6756,3049,2.79751332149201,2.07223208999408,10289,4536,TRUE,FALSE,FALSE,FALSE,FALSE,TRUE,0.0105726225301623,"singlet",TRUE
"control_rep1_TGAAGTGAGTGAAGTG-1","control_rep1","control",3966,2477,1.26071608673727,1.10943015632879,10668,5405,TRUE,FALSE,FALSE,FALSE,FALSE,TRUE,0.158907413482666,"singlet",TRUE
"control_rep1_TGACCAAGTTTAGCTC-1","control_rep1","control",4893,2689,2.59554465563049,0.040874718986307,18609,8735,TRUE,FALSE,FALSE,FALSE,FALSE,TRUE,0.60928201675415,"singlet",TRUE
"control_rep1_TGACCAAGTTTGGTTC-1","control_rep1","control",3725,2162,2.97986577181208,0.563758389261745,8541,4500,TRUE,FALSE,FALSE,FALSE,FALSE,TRUE,0.33298248052597,"singlet",TRUE
"control_rep1_TGACCTTGTCATAACG-1","control_rep1","control",2623,1605,1.33434998093786,0,16136,7566,TRUE,FALSE,FALSE,FALSE,FALSE,TRUE,0.00121005636174232,"singlet",TRUE
"control_rep1_TGACCTTGTTGGTTGA-1","control_rep1","control",1634,1116,1.1015911872705,0,3662,2194,TRUE,FALSE,FALSE,FALSE,FALSE,TRUE,0.00264469371177256,"singlet",TRUE
"control_rep1_TGACCTTGTTGTGACA-1","control_rep1","control",1738,1261,3.97008055235903,0.230149597238205,3826,2342,TRUE,FALSE,FALSE,FALSE,FALSE,TRUE,0.00222575012594461,"singlet",TRUE
"control_rep1_TGACTCCTCAACAAGG-1","control_rep1","control",3851,2066,1.45416774863672,0.0519345624513113,4018,2120,TRUE,FALSE,FALSE,FALSE,FALSE,TRUE,0.0019179810769856,"singlet",TRUE
"control_rep1_TGACTTCGTAGTTGGC-1","control_rep1","control",2907,1823,4.85036119711042,0.171998624011008,3122,1900,TRUE,FALSE,FALSE,FALSE,FALSE,TRUE,0.0035940429661423,"singlet",TRUE
"control_rep1_TGACTTCGTGCACGCA-1","control_rep1","control",3782,1944,1.4806980433633,0.158646218931782,5065,2530,TRUE,FALSE,FALSE,FALSE,FALSE,TRUE,0.0186772048473358,"singlet",TRUE
"control_rep1_TGACTTCGTGCGCGTA-1","control_rep1","control",2269,1625,0.617011899515205,0.308505949757602,12307,6366,TRUE,FALSE,FALSE,FALSE,FALSE,TRUE,0.0218185503035784,"singlet",TRUE
"control_rep1_TGACTTCGTTTGTTGC-1","control_rep1","control",7085,2965,1.49611856033874,0.155257586450247,7214,3015,TRUE,FALSE,FALSE,FALSE,FALSE,TRUE,0.316691815853119,"singlet",TRUE
"control_rep1_TGAGCAAAGAGAGGAG-1","control_rep1","control",2540,1682,3.77952755905512,0.0393700787401575,4626,2704,TRUE,FALSE,FALSE,FALSE,FALSE,TRUE,0.00306650856509805,"singlet",TRUE
"control_rep1_TGAGCAAAGCCGCAGT-1","control_rep1","control",3362,1969,1.48720999405116,0.208209399167162,22554,9818,TRUE,FALSE,FALSE,FALSE,FALSE,TRUE,0.0467102006077766,"singlet",TRUE
"control_rep1_TGAGCAAAGCTGCACA-1","control_rep1","control",6310,2535,0.855784469096672,0.126782884310618,6457,2589,TRUE,FALSE,FALSE,FALSE,FALSE,TRUE,0.0369557924568653,"singlet",TRUE
"control_rep1_TGAGCAAAGTTAGTTG-1","control_rep1","control",1795,1267,1.22562674094708,0.11142061281337,5262,3069,TRUE,FALSE,FALSE,FALSE,FALSE,TRUE,0.00144747493322939,"singlet",TRUE
"control_rep1_TGAGCACGTAGCCATA-1","control_rep1","control",20067,4471,0.877061842826531,0.159465789604824,20736,4575,TRUE,FALSE,FALSE,FALSE,FALSE,TRUE,0.0585050135850906,"singlet",TRUE
"control_rep1_TGAGCACGTCGTTACT-1","control_rep1","control",2824,1856,2.54957507082153,0.247875354107649,9672,5167,TRUE,FALSE,FALSE,FALSE,FALSE,TRUE,0.173934742808342,"singlet",TRUE
"control_rep1_TGAGCACGTTGTTGGA-1","control_rep1","control",3096,1695,2.2609819121447,0.0322997416020672,3280,1758,TRUE,FALSE,FALSE,FALSE,FALSE,TRUE,0.104667820036411,"singlet",TRUE
"control_rep1_TGAGCCGGTATTCGTC-1","control_rep1","control",2339,1433,2.00940572894399,0,11629,5765,TRUE,FALSE,FALSE,FALSE,FALSE,TRUE,0.00200162758119404,"singlet",TRUE
"control_rep1_TGAGCCGGTTACTTCA-1","control_rep1","control",2232,1540,1.65770609318996,0.0448028673835125,20372,8148,TRUE,FALSE,FALSE,FALSE,FALSE,TRUE,0.00343964947387576,"singlet",TRUE
"control_rep1_TGAGCCGGTTCCGGGA-1","control_rep1","control",9155,3734,2.26105953031131,0.480611687602403,15033,6408,TRUE,FALSE,FALSE,FALSE,FALSE,TRUE,0.716409087181091,"singlet",TRUE
"control_rep1_TGAGCTTAGCGATAGA-1","control_rep1","control",2986,1844,1.77494976557267,0.301406563965171,11158,5738,TRUE,FALSE,FALSE,FALSE,FALSE,TRUE,0.519524216651917,"singlet",TRUE
"control_rep1_TGAGCTTAGTAAACCC-1","control_rep1","control",4169,2106,1.94291196929719,0.263852242744063,4338,2167,TRUE,FALSE,FALSE,FALSE,FALSE,TRUE,0.244657561182976,"singlet",TRUE
"control_rep1_TGAGGAGGTCAGGCAT-1","control_rep1","control",24450,5902,1.31288343558282,0.56441717791411,25024,6048,TRUE,FALSE,FALSE,FALSE,FALSE,TRUE,0.464360535144806,"singlet",TRUE
"control_rep1_TGAGGAGGTTCACCCA-1","control_rep1","control",1615,1162,3.96284829721362,0.495356037151703,1758,1224,TRUE,FALSE,FALSE,FALSE,FALSE,TRUE,0.00334108690731227,"singlet",TRUE
"control_rep1_TGAGGAGGTTGCGGAT-1","control_rep1","control",904,705,6.96902654867257,0.331858407079646,11749,5422,TRUE,FALSE,FALSE,FALSE,FALSE,TRUE,0.00151386216748506,"singlet",TRUE
"control_rep1_TGAGGCACAATGCGCT-1","control_rep1","control",36799,6277,1.08426859425528,0.173917769504606,38627,6411,TRUE,FALSE,FALSE,FALSE,FALSE,TRUE,0.0684149488806725,"singlet",TRUE
"control_rep1_TGAGGCACACCAACCG-1","control_rep1","control",10344,3661,1.98182521268368,0.232018561484919,12644,4472,TRUE,FALSE,FALSE,FALSE,FALSE,TRUE,0.2391447275877,"singlet",TRUE
"control_rep1_TGAGGGCCAATCGCAC-1","control_rep1","control",2993,1685,2.53925826929502,0.133645172068159,3144,1739,TRUE,FALSE,FALSE,FALSE,FALSE,TRUE,0.00322209531441331,"singlet",TRUE
"control_rep1_TGAGGGCCACCATATG-1","control_rep1","control",22317,4948,1.92678227360308,0.0985795581843438,22893,5100,TRUE,FALSE,FALSE,FALSE,FALSE,TRUE,0.189442619681358,"singlet",TRUE
"control_rep1_TGAGGTGCATATTGAC-1","control_rep1","control",5067,2205,1.36175251628182,0.256562068284981,5452,2292,TRUE,FALSE,FALSE,FALSE,FALSE,TRUE,0.00302856764756143,"singlet",TRUE
"control_rep1_TGAGTGAAGTCACTAA-1","control_rep1","control",2741,1596,7.0777088653776,0.0729660707770887,3484,1715,TRUE,FALSE,FALSE,FALSE,FALSE,TRUE,0.114998586475849,"singlet",TRUE
"control_rep1_TGATCAATCCCTGATC-1","control_rep1","control",5692,2629,2.00281096275474,0.0351370344342937,5975,2718,TRUE,FALSE,FALSE,FALSE,FALSE,TRUE,0.00392555398866534,"singlet",TRUE
"control_rep1_TGATCAATCCGCCTAT-1","control_rep1","control",733,592,3.68349249658936,0.272851296043656,1412,950,TRUE,FALSE,FALSE,FALSE,FALSE,TRUE,0.00263318372890353,"singlet",TRUE
"control_rep1_TGATCACAGATGGACA-1","control_rep1","control",4093,2384,1.78353286098216,0.415343268995847,4337,2500,TRUE,FALSE,FALSE,FALSE,FALSE,TRUE,0.234343633055687,"singlet",TRUE
"control_rep1_TGATCACAGGGATTAG-1","control_rep1","control",5410,2722,2.62476894639556,0.11090573012939,6976,3524,TRUE,FALSE,FALSE,FALSE,FALSE,TRUE,0.109622061252594,"singlet",TRUE
"control_rep1_TGATCGAGTATTCGCT-1","control_rep1","control",15160,4580,1.87335092348285,0.00659630606860158,15632,4683,TRUE,FALSE,FALSE,FALSE,FALSE,TRUE,0.0897099077701569,"singlet",TRUE
"control_rep1_TGATCGAGTTCGCTCA-1","control_rep1","control",3632,1774,4.90088105726872,0.137665198237885,3735,1816,TRUE,FALSE,FALSE,FALSE,FALSE,TRUE,0.00458576390519738,"singlet",TRUE
"control_rep1_TGATCGAGTTTAACGG-1","control_rep1","control",1130,895,1.50442477876106,0.0884955752212389,17852,7698,TRUE,FALSE,FALSE,FALSE,FALSE,TRUE,0.00231488165445626,"singlet",TRUE
"control_rep1_TGATGACTCAAGCCTG-1","control_rep1","control",8003,3356,3.81107084843184,0.837186055229289,17240,7197,TRUE,FALSE,FALSE,FALSE,FALSE,TRUE,0.334826588630676,"singlet",TRUE
"control_rep1_TGATGACTCAATGTCA-1","control_rep1","control",3629,1727,4.57426288233673,0.24800220446404,3776,1781,TRUE,FALSE,FALSE,FALSE,FALSE,TRUE,0.0101603409275413,"singlet",TRUE
"control_rep1_TGATGACTCTTGGATA-1","control_rep1","control",1981,1407,3.18021201413428,0.403836446239273,4677,2825,TRUE,FALSE,FALSE,FALSE,FALSE,TRUE,0.0022385090123862,"singlet",TRUE
"control_rep1_TGATGACTCTTTAGGA-1","control_rep1","control",3624,2085,2.7317880794702,0.469094922737307,3846,2154,TRUE,FALSE,FALSE,FALSE,FALSE,TRUE,0.102355912327766,"singlet",TRUE
"control_rep1_TGATGATGTCAGGCAT-1","control_rep1","control",2312,1306,2.37889273356401,0.173010380622837,2537,1381,TRUE,FALSE,FALSE,FALSE,FALSE,TRUE,0.00188884197268635,"singlet",TRUE
"control_rep1_TGATGATGTGAACAAA-1","control_rep1","control",1726,1161,1.39049826187717,0,6285,3484,TRUE,FALSE,FALSE,FALSE,FALSE,TRUE,0.00306028593331575,"singlet",TRUE
"control_rep1_TGATTAGTCAACCAAC-1","control_rep1","control",3255,1842,0.952380952380952,0.0614439324116743,15535,7434,TRUE,FALSE,FALSE,FALSE,FALSE,TRUE,0.0107502527534962,"singlet",TRUE
"control_rep1_TGATTAGTCCAAGTGT-1","control_rep1","control",1979,1352,5.40677109651339,0.505305709954523,2343,1464,TRUE,FALSE,FALSE,FALSE,FALSE,TRUE,0.00749599328264594,"singlet",TRUE
"control_rep1_TGATTAGTCCAGGTCA-1","control_rep1","control",3658,1963,1.91361399671952,0.109349371241115,6457,3323,TRUE,FALSE,FALSE,FALSE,FALSE,TRUE,0.0287141259759665,"singlet",TRUE
"control_rep1_TGATTAGTCGCGACAC-1","control_rep1","control",23294,5099,0.940156263415472,0.197475744826994,31083,8533,TRUE,FALSE,FALSE,FALSE,FALSE,TRUE,0.00164061645045877,"singlet",TRUE
"control_rep1_TGATTAGTCTCTAGCC-1","control_rep1","control",3204,1681,2.21598002496879,0.0624219725343321,3376,1743,TRUE,FALSE,FALSE,FALSE,FALSE,TRUE,0.00340199796482921,"singlet",TRUE
"control_rep1_TGATTCAAGTTTCCGC-1","control_rep1","control",3786,2066,2.45641838351822,0.184891706286318,3896,2113,TRUE,FALSE,FALSE,FALSE,FALSE,TRUE,0.0396222248673439,"singlet",TRUE
"control_rep1_TGATTGCAGATGCCTG-1","control_rep1","control",3622,1795,3.69961347321922,0.193263390392049,3873,1879,TRUE,FALSE,FALSE,FALSE,FALSE,TRUE,0.00708357151597738,"singlet",TRUE
"control_rep1_TGATTGCAGCTTTGGG-1","control_rep1","control",11368,3509,2.80612244897959,0.457424349049965,12148,3617,TRUE,FALSE,FALSE,FALSE,FALSE,TRUE,0.0512668415904045,"singlet",TRUE
"control_rep1_TGATTGCAGGCTACAT-1","control_rep1","control",3195,1784,1.56494522691706,0.187793427230047,3380,1851,TRUE,FALSE,FALSE,FALSE,FALSE,TRUE,0.0240204241126776,"singlet",TRUE
"control_rep1_TGCAAGCGTGTGAGAG-1","control_rep1","control",2283,1608,0.569426193604906,0,2783,1890,TRUE,FALSE,FALSE,FALSE,FALSE,TRUE,0.00108696182724088,"singlet",TRUE
"control_rep1_TGCAATATCCACCTGT-1","control_rep1","control",1230,948,1.78861788617886,0.48780487804878,19636,7570,TRUE,FALSE,FALSE,FALSE,FALSE,TRUE,0.00160095293540508,"singlet",TRUE
"control_rep1_TGCAATATCGATCAGT-1","control_rep1","control",2263,1486,1.76756517896597,0.618647812638091,5022,2897,TRUE,FALSE,FALSE,FALSE,FALSE,TRUE,0.0668317154049873,"singlet",TRUE
"control_rep1_TGCACACCAGAAATTG-1","control_rep1","control",5567,2346,1.1675947548051,0.251481947188791,5745,2416,TRUE,FALSE,FALSE,FALSE,FALSE,TRUE,0.0019133040914312,"singlet",TRUE
"control_rep1_TGCACCTTCAAATCGC-1","control_rep1","control",3051,1999,2.72041953457883,0.0655522779416585,11785,5884,TRUE,FALSE,FALSE,FALSE,FALSE,TRUE,0.00151141418609768,"singlet",TRUE
"control_rep1_TGCACTTGTCCGCTGT-1","control_rep1","control",9773,3551,3.12084313926123,0.787884989256114,19503,7602,TRUE,FALSE,FALSE,FALSE,FALSE,TRUE,0.023361798375845,"singlet",TRUE
"control_rep1_TGCACTTGTCCTAATC-1","control_rep1","control",6117,3316,2.46853032532287,0.0490436488474743,20297,9174,TRUE,FALSE,FALSE,FALSE,FALSE,TRUE,0.939410924911499,"doublet",FALSE
"control_rep1_TGCACTTGTGTGCACG-1","control_rep1","control",2377,1569,2.39798064787547,0.12620950778292,17364,7571,TRUE,FALSE,FALSE,FALSE,FALSE,TRUE,0.00105291057843715,"singlet",TRUE
"control_rep1_TGCACTTGTTTGTCTA-1","control_rep1","control",1990,1220,3.41708542713568,0.251256281407035,2328,1365,TRUE,FALSE,FALSE,FALSE,FALSE,TRUE,0.00207610824145377,"singlet",TRUE
"control_rep1_TGCAGGCTCATTACTC-1","control_rep1","control",5063,2634,5.35255777207189,0.17776022121272,5468,2760,TRUE,FALSE,FALSE,FALSE,FALSE,TRUE,0.986090183258057,"doublet",FALSE
"control_rep1_TGCAGGCTCCCTGGAA-1","control_rep1","control",9324,3272,1.5980265980266,0.235950235950236,9984,3407,TRUE,FALSE,FALSE,FALSE,FALSE,TRUE,0.41184875369072,"singlet",TRUE
"control_rep1_TGCATCCTCAATTACG-1","control_rep1","control",2506,1699,2.99281723862729,0.837988826815642,5900,3374,TRUE,FALSE,FALSE,FALSE,FALSE,TRUE,0.0349892489612103,"singlet",TRUE
"control_rep1_TGCATCCTCATTGTCT-1","control_rep1","control",2446,1393,4.86508585445625,0.286181520850368,2650,1460,TRUE,FALSE,FALSE,FALSE,FALSE,TRUE,0.00357265397906303,"singlet",TRUE
"control_rep1_TGCATCCTCGCTAGCA-1","control_rep1","control",4028,2142,3.74875868917577,0.347567030784508,4579,2375,TRUE,FALSE,FALSE,FALSE,FALSE,TRUE,0.228311285376549,"singlet",TRUE
"control_rep1_TGCATGAGTTGCAATG-1","control_rep1","control",1505,1069,2.99003322259136,0.26578073089701,8651,4487,TRUE,FALSE,FALSE,FALSE,FALSE,TRUE,0.000651961949188262,"singlet",TRUE
"control_rep1_TGCATGAGTTGGTGAC-1","control_rep1","control",1429,1044,1.18964310706788,0.139958012596221,6497,3548,TRUE,FALSE,FALSE,FALSE,FALSE,TRUE,0.00160095293540508,"singlet",TRUE
"control_rep1_TGCCGGTAGCTGAGGG-1","control_rep1","control",3072,1936,1.20442708333333,0.227864583333333,5675,3303,TRUE,FALSE,FALSE,FALSE,FALSE,TRUE,0.131392404437065,"singlet",TRUE
"control_rep1_TGCCGGTAGGCCTGGT-1","control_rep1","control",3882,1996,2.11231324059763,0.128799587841319,3982,2036,TRUE,FALSE,FALSE,FALSE,FALSE,TRUE,0.0410649217665195,"singlet",TRUE
"control_rep1_TGCCGGTAGGTAAGGC-1","control_rep1","control",3959,1789,1.11139176559737,0.328365748926497,4923,2202,TRUE,FALSE,FALSE,FALSE,FALSE,TRUE,0.0122821452096105,"singlet",TRUE
"control_rep1_TGCCTGTTCATTAGCA-1","control_rep1","control",2498,1613,2.72217774219376,0.480384307445957,10880,5636,TRUE,FALSE,FALSE,FALSE,FALSE,TRUE,0.00968023110181093,"singlet",TRUE
"control_rep1_TGCCTGTTCCGCAAGC-1","control_rep1","control",3848,2100,2.36486486486486,0.25987525987526,6443,3417,TRUE,FALSE,FALSE,FALSE,FALSE,TRUE,0.372166067361832,"singlet",TRUE
"control_rep1_TGCGCAGGTGTTGTAG-1","control_rep1","control",1623,858,33.826247689464,0.800985828712261,2222,961,TRUE,FALSE,FALSE,FALSE,TRUE,FALSE,NA,"not_tested_QC_fail",FALSE
"control_rep1_TGCGCGAGTTTGGGCG-1","control_rep1","control",3355,2079,2.56333830104322,0.357675111773472,12976,6639,TRUE,FALSE,FALSE,FALSE,FALSE,TRUE,0.312203705310822,"singlet",TRUE
"control_rep1_TGCGGTTCAAGGTCGA-1","control_rep1","control",7270,2740,0.591471801925722,0.0962861072902338,7343,2766,TRUE,FALSE,FALSE,FALSE,FALSE,TRUE,0.0125094344839454,"singlet",TRUE
"control_rep1_TGCGGTTCAATTATGC-1","control_rep1","control",3443,1852,1.33604414754574,0.145222189950624,3583,1905,TRUE,FALSE,FALSE,FALSE,FALSE,TRUE,0.0855138301849365,"singlet",TRUE
"control_rep1_TGCGGTTCATAAGTTC-1","control_rep1","control",3927,2140,1.27323656735421,0.0509294626941686,12853,6228,TRUE,FALSE,FALSE,FALSE,FALSE,TRUE,0.0072850352153182,"singlet",TRUE
"control_rep1_TGCTAACAGCTTACTT-1","control_rep1","control",10989,3390,1.01010101010101,0.209300209300209,11348,3471,TRUE,FALSE,FALSE,FALSE,FALSE,TRUE,0.0159704256802797,"singlet",TRUE
"control_rep1_TGCTAACAGGAGCATA-1","control_rep1","control",7290,3000,1.68724279835391,0.0411522633744856,7511,3069,TRUE,FALSE,FALSE,FALSE,FALSE,TRUE,0.012257793918252,"singlet",TRUE
"control_rep1_TGCTAACAGGAGGACT-1","control_rep1","control",15646,4609,1.43806723763262,0.210916528186118,16162,4712,TRUE,FALSE,FALSE,FALSE,FALSE,TRUE,0.44656041264534,"singlet",TRUE
"control_rep1_TGCTAACAGTAGCTTA-1","control_rep1","control",6802,2876,2.39635401352543,0.205821817112614,6985,2943,TRUE,FALSE,FALSE,FALSE,FALSE,TRUE,0.00804612878710032,"singlet",TRUE
"control_rep1_TGCTAGCCAATATGGA-1","control_rep1","control",2202,1416,1.6802906448683,0.136239782016349,6331,3511,TRUE,FALSE,FALSE,FALSE,FALSE,TRUE,0.0031542747747153,"singlet",TRUE
"control_rep1_TGCTATGCAGGACCAA-1","control_rep1","control",3970,1865,3.37531486146096,0.0755667506297229,4308,1946,TRUE,FALSE,FALSE,FALSE,FALSE,TRUE,0.0714122727513313,"singlet",TRUE
"control_rep1_TGCTATGCAGGCCAAA-1","control_rep1","control",6122,2506,1.78046390068605,0.424697811172819,10015,4347,TRUE,FALSE,FALSE,FALSE,FALSE,TRUE,0.106807313859463,"singlet",TRUE
"control_rep1_TGCTCACTCGCTAGTG-1","control_rep1","control",4987,2316,2.04531782634851,0.360938439943854,5276,2398,TRUE,FALSE,FALSE,FALSE,FALSE,TRUE,0.003145816270262,"singlet",TRUE
"control_rep1_TGCTCCGTCGCTAAGT-1","control_rep1","control",13128,3589,2.28519195612431,0.0380865326020719,13525,3701,TRUE,FALSE,FALSE,FALSE,FALSE,TRUE,0.0124782249331474,"singlet",TRUE
"control_rep1_TGCTCTCAGCGCTCAA-1","control_rep1","control",3875,2207,4.36129032258065,0.180645161290323,15810,7561,TRUE,FALSE,FALSE,FALSE,FALSE,TRUE,0.177607581019402,"singlet",TRUE
"control_rep1_TGCTCTCAGTAAACCC-1","control_rep1","control",8763,3007,1.24386625584845,0.182585872418122,9089,3094,TRUE,FALSE,FALSE,FALSE,FALSE,TRUE,0.0845571383833885,"singlet",TRUE
"control_rep1_TGCTCTCAGTCTTGAA-1","control_rep1","control",4041,2386,2.30141054194506,0.494926998267755,5382,2810,TRUE,FALSE,FALSE,FALSE,FALSE,TRUE,0.155026450753212,"singlet",TRUE
"control_rep1_TGCTGGATCAGTGAAG-1","control_rep1","control",27055,5387,0.879689521345407,0.144150803917945,29496,5822,TRUE,FALSE,FALSE,FALSE,FALSE,TRUE,0.00749235460534692,"singlet",TRUE
"control_rep1_TGCTGGATCTTTGTAC-1","control_rep1","control",4696,2438,1.70357751277683,0.234241908006814,7410,3851,TRUE,FALSE,FALSE,FALSE,FALSE,TRUE,0.153203293681145,"singlet",TRUE
"control_rep1_TGCTTAAAGAAGCTAG-1","control_rep1","control",4689,2639,1.7274472168906,0.234591597355513,12572,6483,TRUE,FALSE,FALSE,FALSE,FALSE,TRUE,0.96671849489212,"doublet",FALSE
"control_rep1_TGCTTCATCCCGTTTA-1","control_rep1","control",730,586,3.83561643835616,0.136986301369863,2536,1519,TRUE,FALSE,FALSE,FALSE,FALSE,TRUE,0.000976101611740887,"singlet",TRUE
"control_rep1_TGCTTCATCCGTAAAC-1","control_rep1","control",1861,1354,1.18216012896292,0.322407307898979,5043,3008,TRUE,FALSE,FALSE,FALSE,FALSE,TRUE,0.00297489552758634,"singlet",TRUE
"control_rep1_TGCTTCATCCGTTAAA-1","control_rep1","control",3190,1705,2.78996865203762,0.344827586206897,3358,1760,TRUE,FALSE,FALSE,FALSE,FALSE,TRUE,0.00762577401474118,"singlet",TRUE
"control_rep1_TGCTTCCAGCGAAGTA-1","control_rep1","control",33004,6268,1.17561507696037,0.175736274390983,37814,7459,TRUE,FALSE,FALSE,FALSE,FALSE,TRUE,0.011928727850318,"singlet",TRUE
"control_rep1_TGCTTCCAGTCGCTAG-1","control_rep1","control",14281,4142,2.82893354807086,0.434143267278202,15644,4473,TRUE,FALSE,FALSE,FALSE,FALSE,TRUE,0.0118849137797952,"singlet",TRUE
"control_rep1_TGCTTGCTCATTACTC-1","control_rep1","control",2477,1632,1.41299959628583,0.322971336293904,3338,2088,TRUE,FALSE,FALSE,FALSE,FALSE,TRUE,0.00763543928042054,"singlet",TRUE
"control_rep1_TGCTTGCTCTTTGAGA-1","control_rep1","control",1883,1216,2.49601699415826,0.477960701009028,2026,1270,TRUE,FALSE,FALSE,FALSE,FALSE,TRUE,0.00701805343851447,"singlet",TRUE
"control_rep1_TGCTTGTGTCACAGAC-1","control_rep1","control",3966,1933,1.43721633888048,0.126071608673727,4105,1988,TRUE,FALSE,FALSE,FALSE,FALSE,TRUE,0.00538702262565494,"singlet",TRUE
"control_rep1_TGCTTGTGTTCCATTA-1","control_rep1","control",1580,1147,2.15189873417722,0.189873417721519,1852,1297,TRUE,FALSE,FALSE,FALSE,FALSE,TRUE,0.00111736101098359,"singlet",TRUE
"control_rep1_TGCTTGTGTTGAGGTC-1","control_rep1","control",3031,1702,2.87033982184098,0.0329924117452986,3294,1784,TRUE,FALSE,FALSE,FALSE,FALSE,TRUE,0.032993096858263,"singlet",TRUE
"control_rep1_TGCTTTAGTCATGAGC-1","control_rep1","control",4133,1991,3.16961045245584,0.338736994918945,4221,2026,TRUE,FALSE,FALSE,FALSE,FALSE,TRUE,0.0167908016592264,"singlet",TRUE
"control_rep1_TGGAACAAGCACCACA-1","control_rep1","control",22198,5243,2.42364176952879,0.0585638345796919,23207,5378,TRUE,FALSE,FALSE,FALSE,FALSE,TRUE,0.236498117446899,"singlet",TRUE
"control_rep1_TGGACGGAGCACAGAA-1","control_rep1","control",5361,2685,4.02909904868495,1.17515388919978,6273,2998,TRUE,FALSE,FALSE,FALSE,FALSE,TRUE,0.0305045340210199,"singlet",TRUE
"control_rep1_TGGACGGAGCACGATT-1","control_rep1","control",11505,4146,2.65971316818774,0.286831812255541,15250,5745,TRUE,FALSE,FALSE,FALSE,FALSE,TRUE,0.524480402469635,"singlet",TRUE
"control_rep1_TGGACGGAGGCGGGTA-1","control_rep1","control",5897,2921,1.18704425979312,0.135662201119213,8324,4196,TRUE,FALSE,FALSE,FALSE,FALSE,TRUE,0.98373556137085,"doublet",FALSE
"control_rep1_TGGATTCAGGGACTAA-1","control_rep1","control",2332,1391,2.27272727272727,0.428816466552316,2555,1462,TRUE,FALSE,FALSE,FALSE,FALSE,TRUE,0.00416917121037841,"singlet",TRUE
"control_rep1_TGGATTCAGGGATGCG-1","control_rep1","control",2894,1624,0.621976503109883,0.172771250863856,20626,8984,TRUE,FALSE,FALSE,FALSE,FALSE,TRUE,0.00136885466054082,"singlet",TRUE
"control_rep1_TGGATTCAGTAGCGGG-1","control_rep1","control",16753,5601,1.77281680892974,0.173103324777652,39488,14162,TRUE,FALSE,FALSE,FALSE,FALSE,TRUE,0.995392203330994,"doublet",FALSE
"control_rep1_TGGATTCAGTCCTTTG-1","control_rep1","control",1972,1397,1.41987829614604,0.202839756592292,3304,2125,TRUE,FALSE,FALSE,FALSE,FALSE,TRUE,0.00179211585782468,"singlet",TRUE
"control_rep1_TGGATTGGTTGGATAT-1","control_rep1","control",1501,1048,1.1325782811459,0.266489007328448,5398,2979,TRUE,FALSE,FALSE,FALSE,FALSE,TRUE,0.0008993637165986,"singlet",TRUE
"control_rep1_TGGATTGGTTGGTTAG-1","control_rep1","control",4709,2242,1.67763856445105,0.169887449564663,4897,2307,TRUE,FALSE,FALSE,FALSE,FALSE,TRUE,0.102674506604671,"singlet",TRUE
"control_rep1_TGGCCAATCGCAGGCT-1","control_rep1","control",2852,1536,1.50771388499299,0.140252454417952,4174,2253,TRUE,FALSE,FALSE,FALSE,FALSE,TRUE,0.0116868782788515,"singlet",TRUE
"control_rep1_TGGCCATCACCCACAG-1","control_rep1","control",26571,6416,3.93662263369839,0.109141545293741,29306,7448,TRUE,FALSE,FALSE,FALSE,FALSE,TRUE,0.305179476737976,"singlet",TRUE
"control_rep1_TGGCCATCACGCAACT-1","control_rep1","control",40086,6442,1.31716808860949,0.159656738013271,40126,6460,TRUE,FALSE,FALSE,FALSE,FALSE,TRUE,0.0425474606454372,"singlet",TRUE
"control_rep1_TGGCCATCATCAGTAT-1","control_rep1","control",3255,1742,4.88479262672811,0.43010752688172,3523,1815,TRUE,FALSE,FALSE,FALSE,FALSE,TRUE,0.0105545213446021,"singlet",TRUE
"control_rep1_TGGCCTGCACTAAGTT-1","control_rep1","control",9190,3093,1.1860718171926,0.337323177366703,9584,3193,TRUE,FALSE,FALSE,FALSE,FALSE,TRUE,0.182127609848976,"singlet",TRUE
"control_rep1_TGGCCTGCAGCAACAG-1","control_rep1","control",871,718,2.6406429391504,0,18780,7709,TRUE,FALSE,FALSE,FALSE,FALSE,TRUE,0.00190570927225053,"singlet",TRUE
"control_rep1_TGGCCTTTCCTACCTA-1","control_rep1","control",8127,3555,4.61424880029531,0.270702596283992,14032,6293,TRUE,FALSE,FALSE,FALSE,FALSE,TRUE,0.986874163150787,"doublet",FALSE
"control_rep1_TGGCCTTTCGTTAAGC-1","control_rep1","control",7268,2959,2.68299394606494,0.288937809576225,7852,3080,TRUE,FALSE,FALSE,FALSE,FALSE,TRUE,0.737909734249115,"singlet",TRUE
"control_rep1_TGGCTAAGTTCATTTG-1","control_rep1","control",1523,972,18.3191070256074,0.590938936309915,1767,1058,TRUE,FALSE,FALSE,FALSE,TRUE,FALSE,NA,"not_tested_QC_fail",FALSE
"control_rep1_TGGCTATAGCCTCTGT-1","control_rep1","control",12006,4073,3.11510911211061,0.108279193736465,12113,4124,TRUE,FALSE,FALSE,FALSE,FALSE,TRUE,0.0286225117743015,"singlet",TRUE
"control_rep1_TGGCTATAGGGCTTAT-1","control_rep1","control",1588,1088,5.9823677581864,0,1728,1140,TRUE,FALSE,FALSE,FALSE,FALSE,TRUE,0.00757452752441168,"singlet",TRUE
"control_rep1_TGGCTTTGTACCTTAC-1","control_rep1","control",2912,1491,3.64010989010989,0.206043956043956,3147,1560,TRUE,FALSE,FALSE,FALSE,FALSE,TRUE,0.000837948231492192,"singlet",TRUE
"control_rep1_TGGCTTTGTGGAAACG-1","control_rep1","control",10924,3992,2.04137678506042,0.631636763090443,11342,4095,TRUE,FALSE,FALSE,FALSE,FALSE,TRUE,0.0817226693034172,"singlet",TRUE
"control_rep1_TGGCTTTGTTTAGCTC-1","control_rep1","control",2642,1702,1.05980317940954,0.189250567751703,6727,3767,TRUE,FALSE,FALSE,FALSE,FALSE,TRUE,0.00074045587098226,"singlet",TRUE
"control_rep1_TGGGCATGTCAATAGT-1","control_rep1","control",3840,2088,2.21354166666667,0.078125,11240,5675,TRUE,FALSE,FALSE,FALSE,FALSE,TRUE,0.00635755527764559,"singlet",TRUE
"control_rep1_TGGGCCTAGCATCCAG-1","control_rep1","control",5478,2557,2.17232566630157,0,30162,11527,TRUE,FALSE,FALSE,FALSE,FALSE,TRUE,0.00657864008098841,"singlet",TRUE
"control_rep1_TGGGCCTAGCTTCCCG-1","control_rep1","control",1036,790,2.50965250965251,0,4777,2695,TRUE,FALSE,FALSE,FALSE,FALSE,TRUE,0.00266952789388597,"singlet",TRUE
"control_rep1_TGGGCCTAGGCCGGAA-1","control_rep1","control",1201,916,3.33055786844296,0.0832639467110741,1385,992,TRUE,FALSE,FALSE,FALSE,FALSE,TRUE,0.00236341287381947,"singlet",TRUE
"control_rep1_TGGGCCTAGTGAGCGG-1","control_rep1","control",6004,2441,1.94870086608927,0.0999333777481679,6375,2528,TRUE,FALSE,FALSE,FALSE,FALSE,TRUE,0.0348244421184063,"singlet",TRUE
"control_rep1_TGGTAAACACTTAACG-1","control_rep1","control",4875,2252,2.2974358974359,0.184615384615385,5147,2326,TRUE,FALSE,FALSE,FALSE,FALSE,TRUE,0.0136183118447661,"singlet",TRUE
"control_rep1_TGGTCATAGTAGCGGG-1","control_rep1","control",1443,1085,2.21760221760222,0.0693000693000693,9712,4960,TRUE,FALSE,FALSE,FALSE,FALSE,TRUE,0.00271482532843947,"singlet",TRUE
"control_rep1_TGGTCCTTCCCGCCTA-1","control_rep1","control",4518,2413,2.72244355909695,0.177069499778663,4629,2458,TRUE,FALSE,FALSE,FALSE,FALSE,TRUE,0.271481335163116,"singlet",TRUE
"control_rep1_TGGTGATTCAATTGGC-1","control_rep1","control",2003,1259,1.04842735896156,0,6231,3503,TRUE,FALSE,FALSE,FALSE,FALSE,TRUE,0.000891145842615515,"singlet",TRUE
"control_rep1_TGGTGATTCTATCGCC-1","control_rep1","control",9691,3496,1.36208853575482,0.165101640697554,9991,3576,TRUE,FALSE,FALSE,FALSE,FALSE,TRUE,0.412074536085129,"singlet",TRUE
"control_rep1_TGGTGCATCCCGCCTA-1","control_rep1","control",2573,1600,3.88651379712398,0.544111931597357,12548,6321,TRUE,FALSE,FALSE,FALSE,FALSE,TRUE,0.006480832118541,"singlet",TRUE
"control_rep1_TGGTGCATCGCGACAC-1","control_rep1","control",3844,2198,4.21436004162331,0.208116545265349,10807,5565,TRUE,FALSE,FALSE,FALSE,FALSE,TRUE,0.965279638767242,"doublet",FALSE
"control_rep1_TGGTTAATCACCATTT-1","control_rep1","control",2281,1383,4.07715914072775,0.438404208680403,2462,1436,TRUE,FALSE,FALSE,FALSE,FALSE,TRUE,0.00555858993902802,"singlet",TRUE
"control_rep1_TGGTTAATCCATAATG-1","control_rep1","control",2897,1497,3.38280980324474,0.0690369347600966,3021,1541,TRUE,FALSE,FALSE,FALSE,FALSE,TRUE,0.00921895634382963,"singlet",TRUE
"control_rep1_TGGTTAATCGATCAGT-1","control_rep1","control",10994,3645,2.80152810623977,0.0363834818992178,11401,3737,TRUE,FALSE,FALSE,FALSE,FALSE,TRUE,0.177756652235985,"singlet",TRUE
"control_rep1_TGGTTAATCGGGCCAT-1","control_rep1","control",3899,1845,2.69299820466786,0.359066427289048,4224,1923,TRUE,FALSE,FALSE,FALSE,FALSE,TRUE,0.00152360065840185,"singlet",TRUE
"control_rep1_TGGTTCCTCAATCTCT-1","control_rep1","control",844,680,2.3696682464455,0.23696682464455,2157,1365,TRUE,FALSE,FALSE,FALSE,FALSE,TRUE,0.00190358085092157,"singlet",TRUE
"control_rep1_TGGTTCCTCGACAAAG-1","control_rep1","control",2412,1638,4.1044776119403,0.290215588723051,3028,1915,TRUE,FALSE,FALSE,FALSE,FALSE,TRUE,0.00778221851214767,"singlet",TRUE
"control_rep1_TGGTTCCTCTCGACCT-1","control_rep1","control",5216,2763,11.6180981595092,0.632668711656442,8786,4331,TRUE,FALSE,FALSE,FALSE,TRUE,FALSE,NA,"not_tested_QC_fail",FALSE
"control_rep1_TGGTTCTGTAGTTAAC-1","control_rep1","control",2554,1570,2.3884103367267,0.548159749412686,6530,3606,TRUE,FALSE,FALSE,FALSE,FALSE,TRUE,0.00305569218471646,"singlet",TRUE
"control_rep1_TGGTTCTGTATTCGTC-1","control_rep1","control",2441,1481,4.67021712412946,0.122900450634986,2734,1564,TRUE,FALSE,FALSE,FALSE,FALSE,TRUE,0.037550687789917,"singlet",TRUE
"control_rep1_TGGTTCTGTCATCAAG-1","control_rep1","control",1997,1458,5.55833750625939,0.650976464697046,6947,3966,TRUE,FALSE,FALSE,FALSE,FALSE,TRUE,0.00340525549836457,"singlet",TRUE
"control_rep1_TGGTTCTGTTTCCGGC-1","control_rep1","control",6935,3243,2.43691420331651,0.158615717375631,19802,9009,TRUE,FALSE,FALSE,FALSE,FALSE,TRUE,0.98668622970581,"doublet",FALSE
"control_rep1_TGGTTGAGTCCTAAGA-1","control_rep1","control",6528,2904,2.77267156862745,0.214460784313725,6670,2956,TRUE,FALSE,FALSE,FALSE,FALSE,TRUE,0.248337551951408,"singlet",TRUE
"control_rep1_TGGTTGAGTGCTCCAC-1","control_rep1","control",4303,2117,4.41552405298629,1.18521961422264,6109,2605,TRUE,FALSE,FALSE,FALSE,FALSE,TRUE,0.00812425557523966,"singlet",TRUE
"control_rep1_TGGTTGAGTGGTGAGA-1","control_rep1","control",2205,1428,2.85714285714286,0.589569160997732,7929,4275,TRUE,FALSE,FALSE,FALSE,FALSE,TRUE,0.00199897750280797,"singlet",TRUE
"control_rep1_TGTAAAGCAACTAACT-1","control_rep1","control",13509,3939,1.09556591901695,0.0370123621289511,13986,4038,TRUE,FALSE,FALSE,FALSE,FALSE,TRUE,0.16766956448555,"singlet",TRUE
"control_rep1_TGTAAAGCACGTTACA-1","control_rep1","control",4747,2066,1.41141773751843,0,4842,2103,TRUE,FALSE,FALSE,FALSE,FALSE,TRUE,0.00378374755382538,"singlet",TRUE
"control_rep1_TGTAAAGCATTGTGAT-1","control_rep1","control",2063,1291,1.35724672806592,0.0484730974309258,3172,1891,TRUE,FALSE,FALSE,FALSE,FALSE,TRUE,0.000920566206332296,"singlet",TRUE
"control_rep1_TGTAACTCATAGTCAT-1","control_rep1","control",2673,1529,1.12233445566779,0.299289188178077,2801,1581,TRUE,FALSE,FALSE,FALSE,FALSE,TRUE,0.123348273336887,"singlet",TRUE
"control_rep1_TGTAACTCATGTGGGA-1","control_rep1","control",3468,1832,2.27797001153403,0.0576701268742791,3592,1886,TRUE,FALSE,FALSE,FALSE,FALSE,TRUE,0.559008419513702,"singlet",TRUE
"control_rep1_TGTAAGTGTGCTCACC-1","control_rep1","control",4220,2006,1.82464454976303,0.023696682464455,4442,2070,TRUE,FALSE,FALSE,FALSE,FALSE,TRUE,0.00933775212615728,"singlet",TRUE
"control_rep1_TGTAATGTCAATTGGC-1","control_rep1","control",4816,2614,11.0672757475083,0.18687707641196,6048,3263,TRUE,FALSE,FALSE,FALSE,TRUE,FALSE,NA,"not_tested_QC_fail",FALSE
"control_rep1_TGTAATGTCCCATAAA-1","control_rep1","control",4310,1894,1.69373549883991,0.348027842227378,4749,1989,TRUE,FALSE,FALSE,FALSE,FALSE,TRUE,0.00997594278305769,"singlet",TRUE
"control_rep1_TGTAATGTCTTTAGGA-1","control_rep1","control",12799,3726,1.50011719665599,0.210953980779748,13656,3841,TRUE,FALSE,FALSE,FALSE,FALSE,TRUE,0.0301341265439987,"singlet",TRUE
"control_rep1_TGTATCCGTAACGGGA-1","control_rep1","control",5286,2253,1.57018539538403,0.264850548618994,6422,2761,TRUE,FALSE,FALSE,FALSE,FALSE,TRUE,0.00963265541940928,"singlet",TRUE
"control_rep1_TGTATCCGTAGGTTAT-1","control_rep1","control",3499,2143,2.74364104029723,0.342955130037153,11492,5958,TRUE,FALSE,FALSE,FALSE,FALSE,TRUE,0.146158769726753,"singlet",TRUE
"control_rep1_TGTATCCGTTGAAGCC-1","control_rep1","control",7000,2886,2.15714285714286,0.271428571428571,12510,5299,TRUE,FALSE,FALSE,FALSE,FALSE,TRUE,0.180181369185448,"singlet",TRUE
"control_rep1_TGTATCGCACTAGCGT-1","control_rep1","control",4332,2076,2.60849492151431,0.300092336103416,4802,2170,TRUE,FALSE,FALSE,FALSE,FALSE,TRUE,0.00520896259695292,"singlet",TRUE
"control_rep1_TGTCAATCACAACAGG-1","control_rep1","control",3861,2048,2.14970214970215,0.388500388500388,4003,2104,TRUE,FALSE,FALSE,FALSE,FALSE,TRUE,0.386714279651642,"singlet",TRUE
"control_rep1_TGTCAATCAGAGAGCC-1","control_rep1","control",1434,1089,3.62622036262204,1.67364016736402,5259,2901,TRUE,FALSE,FALSE,FALSE,FALSE,TRUE,0.00377480895258486,"singlet",TRUE
"control_rep1_TGTCAATCATAATCGT-1","control_rep1","control",5168,2282,4.16021671826625,0.0386996904024768,6284,2394,TRUE,FALSE,FALSE,FALSE,FALSE,TRUE,0.0482149384915829,"singlet",TRUE
"control_rep1_TGTCATAAGCACAGAA-1","control_rep1","control",986,784,4.25963488843813,0.811359026369168,4923,2765,TRUE,FALSE,FALSE,FALSE,FALSE,TRUE,0.00244109705090523,"singlet",TRUE
"control_rep1_TGTCCTGGTTTCCGGC-1","control_rep1","control",14883,4101,1.8947792783713,0.0671907545521736,15290,4227,TRUE,FALSE,FALSE,FALSE,FALSE,TRUE,0.040789570659399,"singlet",TRUE
"control_rep1_TGTCCTTCATGAAATG-1","control_rep1","control",5868,2770,3.76618950238582,0.136332651670075,6165,2854,TRUE,FALSE,FALSE,FALSE,FALSE,TRUE,0.5311558842659,"singlet",TRUE
"control_rep1_TGTGAAACACAAGCCT-1","control_rep1","control",14552,4218,1.50494777350192,0.0481033534909291,15168,4320,TRUE,FALSE,FALSE,FALSE,FALSE,TRUE,0.220346331596375,"singlet",TRUE
"control_rep1_TGTGAAACACCACAAC-1","control_rep1","control",6208,2404,1.4819587628866,0.128865979381443,6293,2439,TRUE,FALSE,FALSE,FALSE,FALSE,TRUE,0.0245257578790188,"singlet",TRUE
"control_rep1_TGTGAAACAGGTTAAA-1","control_rep1","control",1685,1228,1.00890207715134,0.118694362017804,14034,6827,TRUE,FALSE,FALSE,FALSE,FALSE,TRUE,0.00164863525424153,"singlet",TRUE
"control_rep1_TGTGAAACATTGTCCT-1","control_rep1","control",4463,2231,1.54604526103518,0.26887743670177,4700,2308,TRUE,FALSE,FALSE,FALSE,FALSE,TRUE,0.62720251083374,"singlet",TRUE
"control_rep1_TGTGATCAGCCATCAG-1","control_rep1","control",5901,2395,1.16929334011185,0,5989,2428,TRUE,FALSE,FALSE,FALSE,FALSE,TRUE,0.00512779457494617,"singlet",TRUE
"control_rep1_TGTGATCAGGCTGTGC-1","control_rep1","control",4648,2089,1.48450946643718,0.258175559380379,4834,2157,TRUE,FALSE,FALSE,FALSE,FALSE,TRUE,0.0211193561553955,"singlet",TRUE
"control_rep1_TGTGATCAGGGACGCA-1","control_rep1","control",1401,1027,5.06780870806567,0.0713775874375446,5383,2997,TRUE,FALSE,FALSE,FALSE,FALSE,TRUE,0.00308405584655702,"singlet",TRUE
"control_rep1_TGTGCAAGTTTGGTTC-1","control_rep1","control",20484,4902,1.68912321812146,0.0292911540714704,21109,5009,TRUE,FALSE,FALSE,FALSE,FALSE,TRUE,0.0496633276343346,"singlet",TRUE
"control_rep1_TGTGCGCAGGGCTAAA-1","control_rep1","control",2808,1608,3.24074074074074,0.427350427350427,2935,1661,TRUE,FALSE,FALSE,FALSE,FALSE,TRUE,0.00427658995613456,"singlet",TRUE
"control_rep1_TGTGCGGGTTGGTTCT-1","control_rep1","control",4767,2399,3.9018250471995,0.12586532410321,5000,2473,TRUE,FALSE,FALSE,FALSE,FALSE,TRUE,0.915357410907745,"doublet",FALSE
"control_rep1_TGTGCTGAGAACAAGT-1","control_rep1","control",4228,2326,2.1523178807947,0.21286660359508,14268,7012,TRUE,FALSE,FALSE,FALSE,FALSE,TRUE,0.163256347179413,"singlet",TRUE
"control_rep1_TGTGCTGAGCACTAGT-1","control_rep1","control",4750,2673,3.43157894736842,0.147368421052632,8766,4689,TRUE,FALSE,FALSE,FALSE,FALSE,TRUE,0.70784467458725,"singlet",TRUE
"control_rep1_TGTGCTGAGCTCCTAC-1","control_rep1","control",1689,1121,4.49970396684429,0.710479573712256,1892,1188,TRUE,FALSE,FALSE,FALSE,FALSE,TRUE,0.0332704968750477,"singlet",TRUE
"control_rep1_TGTGCTGAGTTAGCTA-1","control_rep1","control",2070,1404,2.85024154589372,0.144927536231884,7617,4139,TRUE,FALSE,FALSE,FALSE,FALSE,TRUE,0.0011295898584649,"singlet",TRUE
"control_rep1_TGTGGAGCAAGTGAAC-1","control_rep1","control",2927,1986,1.87905705500512,0.0341646737273659,4118,2630,TRUE,FALSE,FALSE,FALSE,FALSE,TRUE,0.00340525549836457,"singlet",TRUE
"control_rep1_TGTGGCCAGCGGGCAA-1","control_rep1","control",10933,4339,2.03969633220525,0.100612823561694,29995,11943,TRUE,FALSE,FALSE,FALSE,FALSE,TRUE,0.381995677947998,"singlet",TRUE
"control_rep1_TGTGGCCAGGAGGCAT-1","control_rep1","control",5903,2730,2.81212942571574,0.203286464509571,6198,2800,TRUE,FALSE,FALSE,FALSE,FALSE,TRUE,0.740903556346893,"singlet",TRUE
"control_rep1_TGTGGCGGTCAGGCAT-1","control_rep1","control",1113,810,3.59389038634322,0.718778077268643,1355,883,TRUE,FALSE,FALSE,FALSE,FALSE,TRUE,0.00185662158764899,"singlet",TRUE
"control_rep1_TGTGGCGGTTTAACCC-1","control_rep1","control",3265,1782,5.08422664624809,0.0918836140888208,3439,1841,TRUE,FALSE,FALSE,FALSE,FALSE,TRUE,0.0627437010407448,"singlet",TRUE
"control_rep1_TGTGGCTCAGCATGTC-1","control_rep1","control",3575,1630,1.48251748251748,0.0559440559440559,3747,1700,TRUE,FALSE,FALSE,FALSE,FALSE,TRUE,0.00548832723870873,"singlet",TRUE
"control_rep1_TGTGGCTCATCATGTG-1","control_rep1","control",15465,4245,0.258648561267378,0.148722922728742,15735,4380,TRUE,FALSE,FALSE,FALSE,FALSE,TRUE,0.0057731419801712,"singlet",TRUE
"control_rep1_TGTGGCTCATGAAATG-1","control_rep1","control",4874,2155,2.07221994255232,0.14361920393927,8995,4176,TRUE,FALSE,FALSE,FALSE,FALSE,TRUE,0.00406002951785922,"singlet",TRUE
"control_rep1_TGTGTTAAGATGCCTG-1","control_rep1","control",1407,1032,2.70078180525942,0.284292821606254,2423,1576,TRUE,FALSE,FALSE,FALSE,FALSE,TRUE,0.00221802783198655,"singlet",TRUE
"control_rep1_TGTGTTAAGATTGAGG-1","control_rep1","control",4755,2472,1.97686645636172,0.0210304942166141,20817,9273,TRUE,FALSE,FALSE,FALSE,FALSE,TRUE,0.00626517133787274,"singlet",TRUE
"control_rep1_TGTGTTAAGCCGCTTT-1","control_rep1","control",3379,2085,3.166617342409,0.147972773009766,11332,5959,TRUE,FALSE,FALSE,FALSE,FALSE,TRUE,0.26472419500351,"singlet",TRUE
"control_rep1_TGTTACTTCTTGGACG-1","control_rep1","control",1082,814,4.52865064695009,0.739371534195933,1298,881,TRUE,FALSE,FALSE,FALSE,FALSE,TRUE,0.00306799868121743,"singlet",TRUE
"control_rep1_TGTTAGCAGCGATAGA-1","control_rep1","control",2779,1642,2.73479668945664,0.179920834832674,2952,1696,TRUE,FALSE,FALSE,FALSE,FALSE,TRUE,0.460912734270096,"singlet",TRUE
"control_rep1_TGTTAGCAGTAGCGGG-1","control_rep1","control",2570,1692,4.31906614785992,0.155642023346304,2704,1750,TRUE,FALSE,FALSE,FALSE,FALSE,TRUE,0.00423796754330397,"singlet",TRUE
"control_rep1_TGTTATGAGCAGGTGG-1","control_rep1","control",2603,1699,4.34114483288513,0.768344218209758,7235,3813,TRUE,FALSE,FALSE,FALSE,FALSE,TRUE,0.00150504114571959,"singlet",TRUE
"control_rep1_TGTTCCTCACAGACTC-1","control_rep1","control",1500,1100,2.86666666666667,0.333333333333333,3964,2323,TRUE,FALSE,FALSE,FALSE,FALSE,TRUE,0.00402908772230148,"singlet",TRUE
"control_rep1_TGTTGGCCAAACATAG-1","control_rep1","control",5005,2373,2.93706293706294,0.23976023976024,5135,2428,TRUE,FALSE,FALSE,FALSE,FALSE,TRUE,0.93600344657898,"doublet",FALSE
"control_rep1_TGTTGGCCAACCCTAA-1","control_rep1","control",9262,3464,1.93262794212913,0.172748866335565,9542,3582,TRUE,FALSE,FALSE,FALSE,FALSE,TRUE,0.145262166857719,"singlet",TRUE
"control_rep1_TGTTGGCCAGGCTTCG-1","control_rep1","control",5603,2357,2.4272711047653,0.0178475816526861,5703,2398,TRUE,FALSE,FALSE,FALSE,FALSE,TRUE,0.00582741387188435,"singlet",TRUE
"control_rep1_TGTTGTAAGCCTAATA-1","control_rep1","control",1925,1131,4.1038961038961,0.571428571428571,2091,1187,TRUE,FALSE,FALSE,FALSE,FALSE,TRUE,0.00419522216543555,"singlet",TRUE
"control_rep1_TGTTGTAAGGAACGCG-1","control_rep1","control",7860,3156,2.70992366412214,0.203562340966921,8096,3227,TRUE,FALSE,FALSE,FALSE,FALSE,TRUE,0.794468879699707,"doublet",FALSE
"control_rep1_TGTTGTAAGGGTCTAT-1","control_rep1","control",4144,2011,0.844594594594595,0.0241312741312741,16069,7515,TRUE,FALSE,FALSE,FALSE,FALSE,TRUE,0.00309598748572171,"singlet",TRUE
"control_rep1_TGTTGTGCATGGAGGC-1","control_rep1","control",23529,5356,1.3430235029113,0.0425007437630159,38122,11299,TRUE,FALSE,FALSE,FALSE,FALSE,TRUE,0.0214152149856091,"singlet",TRUE
"control_rep1_TGTTGTTTCAAGCCTG-1","control_rep1","control",4754,2210,1.87210769877997,0.12620950778292,4860,2249,TRUE,FALSE,FALSE,FALSE,FALSE,TRUE,0.25119560956955,"singlet",TRUE
"control_rep1_TGTTGTTTCAGGAAGC-1","control_rep1","control",5449,2380,2.84455863461186,0.789135621214902,5906,2586,TRUE,FALSE,FALSE,FALSE,FALSE,TRUE,0.0767121016979218,"singlet",TRUE
"control_rep1_TGTTGTTTCATGTGGT-1","control_rep1","control",2469,1611,2.63264479546375,0.0810044552450385,2648,1680,TRUE,FALSE,FALSE,FALSE,FALSE,TRUE,0.00380567274987698,"singlet",TRUE
"control_rep1_TTAAAGGCACCTAATG-1","control_rep1","control",2807,1822,4.34627716423228,0.641254007837549,3108,1909,TRUE,FALSE,FALSE,FALSE,FALSE,TRUE,0.0185065884143114,"singlet",TRUE
"control_rep1_TTAAAGGCATATTGAC-1","control_rep1","control",3908,2223,3.9150460593654,0.255885363357216,4220,2315,TRUE,FALSE,FALSE,FALSE,FALSE,TRUE,0.0709090083837509,"singlet",TRUE
"control_rep1_TTAACCAAGCTAATTG-1","control_rep1","control",5388,2593,2.6354862657758,0.389755011135857,5662,2672,TRUE,FALSE,FALSE,FALSE,FALSE,TRUE,0.00262151565402746,"singlet",TRUE
"control_rep1_TTAACTGAGCAGGTTT-1","control_rep1","control",4246,2334,3.48563353744701,0.494583137070184,8895,4626,TRUE,FALSE,FALSE,FALSE,FALSE,TRUE,0.526479601860046,"singlet",TRUE
"control_rep1_TTAACTGAGGAGTCGG-1","control_rep1","control",17047,4535,2.25846189945445,0.50448759312489,21409,5873,TRUE,FALSE,FALSE,FALSE,FALSE,TRUE,0.29148268699646,"singlet",TRUE
"control_rep1_TTAAGCCAGACAACAG-1","control_rep1","control",18765,5851,1.67865707434053,0.17585931254996,48630,15867,FALSE,FALSE,FALSE,FALSE,FALSE,TRUE,0.996243953704834,"doublet",FALSE
"control_rep1_TTAAGCCAGCAGGTTT-1","control_rep1","control",19093,4814,2.87016183941759,0.0733253024668727,20261,4955,TRUE,FALSE,FALSE,FALSE,FALSE,TRUE,0.110386796295643,"singlet",TRUE
"control_rep1_TTAAGGACAAGGTCCT-1","control_rep1","control",1087,852,2.75988960441582,0.459981600735971,1491,1052,TRUE,FALSE,FALSE,FALSE,FALSE,TRUE,0.00258583226241171,"singlet",TRUE
"control_rep1_TTAAGGTGTGTTTCAC-1","control_rep1","control",1350,907,12.0740740740741,0.296296296296296,1600,992,TRUE,FALSE,FALSE,FALSE,TRUE,FALSE,NA,"not_tested_QC_fail",FALSE
"control_rep1_TTAAGTGTCAGGGCCT-1","control_rep1","control",1236,892,6.3915857605178,0.161812297734628,1449,959,TRUE,FALSE,FALSE,FALSE,FALSE,TRUE,0.00614326680079103,"singlet",TRUE
"control_rep1_TTAATCGAGAGAAGGG-1","control_rep1","control",2334,1525,3.42759211653813,0.12853470437018,2598,1626,TRUE,FALSE,FALSE,FALSE,FALSE,TRUE,0.0144541142508388,"singlet",TRUE
"control_rep1_TTAATCGAGTCCTTCA-1","control_rep1","control",2218,1383,2.88548241659152,0.36068530207394,2395,1436,TRUE,FALSE,FALSE,FALSE,FALSE,TRUE,0.0595389790832996,"singlet",TRUE
"control_rep1_TTACACCGTGCTAGCG-1","control_rep1","control",11538,4103,2.53943491072976,0.511353787484833,13243,4690,TRUE,FALSE,FALSE,FALSE,FALSE,TRUE,0.652958869934082,"singlet",TRUE
"control_rep1_TTACACCGTTAAGGTT-1","control_rep1","control",2736,1542,3.14327485380117,0.0365497076023392,2866,1588,TRUE,FALSE,FALSE,FALSE,FALSE,TRUE,0.0039808745495975,"singlet",TRUE
"control_rep1_TTACAGCAGACTCGCA-1","control_rep1","control",2563,1412,2.61412407335154,0.390167772142021,2682,1453,TRUE,FALSE,FALSE,FALSE,FALSE,TRUE,0.00768611999228597,"singlet",TRUE
"control_rep1_TTACCTGTCCAGCACA-1","control_rep1","control",3493,1993,1.43143429716576,0.286286859433152,3594,2050,TRUE,FALSE,FALSE,FALSE,FALSE,TRUE,0.266700237989426,"singlet",TRUE
"control_rep1_TTACCTGTCTTACTCG-1","control_rep1","control",6154,2624,2.4374390640234,0.194995125121872,6569,2760,TRUE,FALSE,FALSE,FALSE,FALSE,TRUE,0.232872918248177,"singlet",TRUE
"control_rep1_TTACGTTTCACATTGA-1","control_rep1","control",1740,1239,1.4367816091954,0.229885057471264,6573,3659,TRUE,FALSE,FALSE,FALSE,FALSE,TRUE,0.000830323086120188,"singlet",TRUE
"control_rep1_TTACGTTTCTAAATCG-1","control_rep1","control",2355,1611,3.60934182590234,0,31819,11812,TRUE,FALSE,FALSE,FALSE,FALSE,TRUE,0.001844342215918,"singlet",TRUE
"control_rep1_TTAGAAGCAATTAACC-1","control_rep1","control",2586,1536,1.74013921113689,0.348027842227378,2731,1584,TRUE,FALSE,FALSE,FALSE,FALSE,TRUE,0.0150718074291945,"singlet",TRUE
"control_rep1_TTAGAAGCACTAAGTT-1","control_rep1","control",2554,1465,1.80109631949883,0.195771339075959,2769,1579,TRUE,FALSE,FALSE,FALSE,FALSE,TRUE,0.00263667502440512,"singlet",TRUE
"control_rep1_TTAGAAGCAGTGAACG-1","control_rep1","control",2112,1329,5.87121212121212,0.142045454545455,2353,1394,TRUE,FALSE,FALSE,FALSE,FALSE,TRUE,0.00285490206442773,"singlet",TRUE
"control_rep1_TTAGACTCAACAGGTG-1","control_rep1","control",2892,1808,4.04564315352697,0.172890733056708,3257,1927,TRUE,FALSE,FALSE,FALSE,FALSE,TRUE,0.263824790716171,"singlet",TRUE
"control_rep1_TTAGACTCATCAGCAC-1","control_rep1","control",3044,1845,2.23390275952694,0,7821,4290,TRUE,FALSE,FALSE,FALSE,FALSE,TRUE,0.00185912579763681,"singlet",TRUE
"control_rep1_TTAGACTCATCCTAGA-1","control_rep1","control",8231,3476,2.33264487911554,0.121491920787268,8678,3628,TRUE,FALSE,FALSE,FALSE,FALSE,TRUE,0.974971413612366,"doublet",FALSE
"control_rep1_TTAGCAATCCCTCAAC-1","control_rep1","control",5300,2405,3.79245283018868,0.0188679245283019,5763,2519,TRUE,FALSE,FALSE,FALSE,FALSE,TRUE,0.310710787773132,"singlet",TRUE
"control_rep1_TTAGCAGGTTAGCAGC-1","control_rep1","control",13712,4602,1.34918319719953,0.058343057176196,29639,11455,TRUE,FALSE,FALSE,FALSE,FALSE,TRUE,0.995785415172577,"doublet",FALSE
"control_rep1_TTAGCCTGTCCTTAGT-1","control_rep1","control",5067,2970,4.38129070455891,1.04598381685415,8591,4702,TRUE,FALSE,FALSE,FALSE,FALSE,TRUE,0.489889025688171,"singlet",TRUE
"control_rep1_TTAGCCTGTTTGAGCA-1","control_rep1","control",2951,1778,0.745509996611318,0.0338868180277872,15613,7231,TRUE,FALSE,FALSE,FALSE,FALSE,TRUE,0.00054801965598017,"singlet",TRUE
"control_rep1_TTAGCGGTCTTGACCC-1","control_rep1","control",1153,909,1.99479618386817,0.0867302688638335,4269,2539,TRUE,FALSE,FALSE,FALSE,FALSE,TRUE,0.010209689848125,"singlet",TRUE
"control_rep1_TTAGCTGCAGCCAGAA-1","control_rep1","control",2786,1735,2.69203158650395,0.358937544867193,4668,2688,TRUE,FALSE,FALSE,FALSE,FALSE,TRUE,0.113049067556858,"singlet",TRUE
"control_rep1_TTAGGAACACAAAGCG-1","control_rep1","control",42477,6518,0.892247569272783,0.145961343786049,46625,7765,TRUE,FALSE,FALSE,FALSE,FALSE,TRUE,0.0333272665739059,"singlet",TRUE
"control_rep1_TTAGGCCCAGTTAGCC-1","control_rep1","control",2278,1550,3.33625987708516,0.351185250219491,9667,5118,TRUE,FALSE,FALSE,FALSE,FALSE,TRUE,0.0416123010218143,"singlet",TRUE
"control_rep1_TTAGGCGTCACAAGCT-1","control_rep1","control",8084,2569,0.507174666006927,0.061850569025235,8164,2606,TRUE,FALSE,FALSE,FALSE,FALSE,TRUE,0.0122395232319832,"singlet",TRUE
"control_rep1_TTAGGCGTCATCCTAT-1","control_rep1","control",3290,1821,1.55015197568389,0.060790273556231,14192,6794,TRUE,FALSE,FALSE,FALSE,FALSE,TRUE,0.311059325933456,"singlet",TRUE
"control_rep1_TTAGGCGTCCATAATG-1","control_rep1","control",1607,1167,5.22713130056005,0.311138767890479,1881,1263,TRUE,FALSE,FALSE,FALSE,FALSE,TRUE,0.00729485601186752,"singlet",TRUE
"control_rep1_TTAGGCTAGCGGATTT-1","control_rep1","control",1094,872,5.48446069469835,0.182815356489945,15543,7208,TRUE,FALSE,FALSE,FALSE,FALSE,TRUE,0.00341957435011864,"singlet",TRUE
"control_rep1_TTAGTCAAGCTCCTAC-1","control_rep1","control",4407,2508,3.06330837304289,0.22691173133651,12673,6417,TRUE,FALSE,FALSE,FALSE,FALSE,TRUE,0.0793036296963692,"singlet",TRUE
"control_rep1_TTATAGCCAAACGGGC-1","control_rep1","control",4266,1956,2.13314580403188,0.117205813408345,4548,2028,TRUE,FALSE,FALSE,FALSE,FALSE,TRUE,0.00490651372820139,"singlet",TRUE
"control_rep1_TTATAGCCAAAGGCCA-1","control_rep1","control",2331,1529,1.2012012012012,0.3003003003003,2488,1584,TRUE,FALSE,FALSE,FALSE,FALSE,TRUE,0.0693023577332497,"singlet",TRUE
"control_rep1_TTATAGCCAACCTGGT-1","control_rep1","control",1311,1037,2.2883295194508,0.61022120518688,5998,3378,TRUE,FALSE,FALSE,FALSE,FALSE,TRUE,0.00244259554892778,"singlet",TRUE
"control_rep1_TTATAGCCAATAGCCC-1","control_rep1","control",7685,2867,2.06896551724138,0.260247234873129,8054,2962,TRUE,FALSE,FALSE,FALSE,FALSE,TRUE,0.0574250258505344,"singlet",TRUE
"control_rep1_TTATCCGTCACTAAGC-1","control_rep1","control",2572,1605,5.63763608087092,0.15552099533437,2878,1743,TRUE,FALSE,FALSE,FALSE,FALSE,TRUE,0.0053943139500916,"singlet",TRUE
"control_rep1_TTATCCGTCCAACTGG-1","control_rep1","control",5454,2415,2.36523652365237,0.0733406674000733,5559,2456,TRUE,FALSE,FALSE,FALSE,FALSE,TRUE,0.0216467417776585,"singlet",TRUE
"control_rep1_TTATCCGTCTTGTCTG-1","control_rep1","control",1772,1212,3.49887133182844,0.395033860045147,2015,1284,TRUE,FALSE,FALSE,FALSE,FALSE,TRUE,0.00134667323436588,"singlet",TRUE
"control_rep1_TTATCCTAGCAAACCT-1","control_rep1","control",805,608,9.44099378881988,0.372670807453416,2948,1693,TRUE,FALSE,FALSE,FALSE,FALSE,TRUE,0.00186336727347225,"singlet",TRUE
"control_rep1_TTATGACCACTTACAG-1","control_rep1","control",2160,1451,5.87962962962963,0.555555555555556,7350,3967,TRUE,FALSE,FALSE,FALSE,FALSE,TRUE,0.00110118300653994,"singlet",TRUE
"control_rep1_TTATGACCAGTTAGCC-1","control_rep1","control",1446,959,11.7565698478562,1.45228215767635,1614,1023,TRUE,FALSE,FALSE,FALSE,TRUE,FALSE,NA,"not_tested_QC_fail",FALSE
"control_rep1_TTATGACCATGTCAAT-1","control_rep1","control",4306,2279,1.37018114259173,0.27868091035764,7863,4084,TRUE,FALSE,FALSE,FALSE,FALSE,TRUE,0.0296293385326862,"singlet",TRUE
"control_rep1_TTATTGCTCTAAGTCA-1","control_rep1","control",4393,2559,4.27953562485773,0.637377646255406,13582,6544,TRUE,FALSE,FALSE,FALSE,FALSE,TRUE,0.158066555857658,"singlet",TRUE
"control_rep1_TTCAACCGTAATTAGC-1","control_rep1","control",1918,1393,6.67361835245047,0.782064650677789,3437,2135,TRUE,FALSE,FALSE,FALSE,FALSE,TRUE,0.00271624210290611,"singlet",TRUE
"control_rep1_TTCAACCGTCCTCCAA-1","control_rep1","control",2443,1402,1.67826442898076,0.204666393778142,2626,1500,TRUE,FALSE,FALSE,FALSE,FALSE,TRUE,0.00173048314172775,"singlet",TRUE
"control_rep1_TTCAACCGTGCTGTAA-1","control_rep1","control",3113,1639,1.50979762287183,0.16061676839062,4476,2332,TRUE,FALSE,FALSE,FALSE,FALSE,TRUE,0.00254678586497903,"singlet",TRUE
"control_rep1_TTCACTGTCGTTAGTA-1","control_rep1","control",2883,1675,1.10995490808186,0.416233090530697,6035,3240,TRUE,FALSE,FALSE,FALSE,FALSE,TRUE,0.191543906927109,"singlet",TRUE
"control_rep1_TTCAGCACACTATGGC-1","control_rep1","control",3969,1888,1.8140589569161,0.302343159486017,4269,1965,TRUE,FALSE,FALSE,FALSE,FALSE,TRUE,0.00867180805653334,"singlet",TRUE
"control_rep1_TTCAGCACACTGACTA-1","control_rep1","control",3766,2022,1.59320233669676,0.0265533722782793,17471,7997,TRUE,FALSE,FALSE,FALSE,FALSE,TRUE,0.0103430971503258,"singlet",TRUE
"control_rep1_TTCAGGTAGCATGTCG-1","control_rep1","control",4365,2152,2.79495990836197,0,4734,2228,TRUE,FALSE,FALSE,FALSE,FALSE,TRUE,0.00369313196279109,"singlet",TRUE
"control_rep1_TTCAGGTAGGCCGGAA-1","control_rep1","control",12490,3920,3.89911929543635,0.392313851080865,14199,4056,TRUE,FALSE,FALSE,FALSE,FALSE,TRUE,0.234723642468452,"singlet",TRUE
"control_rep1_TTCATCCCAGCAACAG-1","control_rep1","control",2539,1559,9.09807010634108,0.393855848759354,8131,4193,TRUE,FALSE,FALSE,FALSE,FALSE,TRUE,0.000975450384430587,"singlet",TRUE
"control_rep1_TTCATCCCAGCAACCT-1","control_rep1","control",4809,2395,3.11915159076731,0.436681222707424,5089,2482,TRUE,FALSE,FALSE,FALSE,FALSE,TRUE,0.907269656658173,"doublet",FALSE
"control_rep1_TTCATCCCAGGGAGGA-1","control_rep1","control",5313,2749,2.54093732354602,0.0564652738565782,21831,9505,TRUE,FALSE,FALSE,FALSE,FALSE,TRUE,0.433651357889175,"singlet",TRUE
"control_rep1_TTCATTCAGTGACCTG-1","control_rep1","control",2884,1666,1.56033287101248,0.173370319001387,4053,2272,TRUE,FALSE,FALSE,FALSE,FALSE,TRUE,0.00395560078322887,"singlet",TRUE
"control_rep1_TTCCACGGTGCTCACC-1","control_rep1","control",8639,3474,3.19481421460817,0.324111586989235,9237,3596,TRUE,FALSE,FALSE,FALSE,FALSE,TRUE,0.717885255813599,"singlet",TRUE
"control_rep1_TTCCCACAGCGCCTTT-1","control_rep1","control",568,454,3.87323943661972,0,5199,2620,TRUE,TRUE,FALSE,FALSE,FALSE,FALSE,NA,"not_tested_QC_fail",FALSE
"control_rep1_TTCCCGCCAAGGTATA-1","control_rep1","control",1779,1260,2.19224283305228,0.0562113546936481,2753,1794,TRUE,FALSE,FALSE,FALSE,FALSE,TRUE,0.00140200485475361,"singlet",TRUE
"control_rep1_TTCCCGCCATCAGTAT-1","control_rep1","control",4836,2193,7.05128205128205,0.86848635235732,6400,2324,TRUE,FALSE,FALSE,FALSE,FALSE,TRUE,0.0365387164056301,"singlet",TRUE
"control_rep1_TTCCCGCCATTAGCCA-1","control_rep1","control",5123,2290,1.32734725746633,0.429435877415577,5265,2343,TRUE,FALSE,FALSE,FALSE,FALSE,TRUE,0.584928631782532,"singlet",TRUE
"control_rep1_TTCCTTCTCATGACCG-1","control_rep1","control",749,635,3.07076101468625,0,5579,3074,TRUE,FALSE,FALSE,FALSE,FALSE,TRUE,0.00136302481405437,"singlet",TRUE
"control_rep1_TTCCTTCTCGAGGAAC-1","control_rep1","control",1982,1334,3.88496468213925,0.302724520686176,2239,1429,TRUE,FALSE,FALSE,FALSE,FALSE,TRUE,0.00452156504616141,"singlet",TRUE
"control_rep1_TTCCTTGAGTTGCGTG-1","control_rep1","control",1541,1034,2.98507462686567,1.03828682673589,1798,1108,TRUE,FALSE,FALSE,FALSE,FALSE,TRUE,0.00135676481295377,"singlet",TRUE
"control_rep1_TTCGCAACAGAAACGT-1","control_rep1","control",6745,2588,1.05263157894737,0.252038547071905,7024,2658,TRUE,FALSE,FALSE,FALSE,FALSE,TRUE,0.0880960524082184,"singlet",TRUE
"control_rep1_TTCGTGCTCAGCATTA-1","control_rep1","control",8103,2987,4.29470566456868,0.283845489324941,8636,3075,TRUE,FALSE,FALSE,FALSE,FALSE,TRUE,0.114109039306641,"singlet",TRUE
"control_rep1_TTCGTGCTCTTTGACT-1","control_rep1","control",1123,876,2.67141585040071,0.178094390026714,1926,1267,TRUE,FALSE,FALSE,FALSE,FALSE,TRUE,0.00231955689378083,"singlet",TRUE
"control_rep1_TTCGTTAGTATTGTGG-1","control_rep1","control",3061,1826,0.81672655994773,0.130676249591637,6498,3619,TRUE,FALSE,FALSE,FALSE,FALSE,TRUE,0.0027655647136271,"singlet",TRUE
"control_rep1_TTCGTTAGTGATGAGG-1","control_rep1","control",1642,1184,2.86236297198538,0.0609013398294763,1794,1250,TRUE,FALSE,FALSE,FALSE,FALSE,TRUE,0.00166777754202485,"singlet",TRUE
"control_rep1_TTCTTAGGTGGACCTG-1","control_rep1","control",493,418,1.82555780933063,0.202839756592292,1441,908,TRUE,TRUE,TRUE,FALSE,FALSE,FALSE,NA,"not_tested_QC_fail",FALSE
"control_rep1_TTGACATCACAATTAC-1","control_rep1","control",6538,2801,1.7895380850413,0.84123585194249,11883,5260,TRUE,FALSE,FALSE,FALSE,FALSE,TRUE,0.350787699222565,"singlet",TRUE
"control_rep1_TTGACATCACCTAATG-1","control_rep1","control",1587,1062,9.07372400756144,0.252047889098929,4191,2429,TRUE,FALSE,FALSE,FALSE,FALSE,TRUE,0.00147708971053362,"singlet",TRUE
"control_rep1_TTGACTAAGGCTCATG-1","control_rep1","control",2945,1742,4.17657045840407,0.814940577249576,5018,2700,TRUE,FALSE,FALSE,FALSE,FALSE,TRUE,0.00138022855389863,"singlet",TRUE
"control_rep1_TTGAGCTAGCTGGACC-1","control_rep1","control",2171,1347,0.967296176877015,0.0460617227084293,15442,7118,TRUE,FALSE,FALSE,FALSE,FALSE,TRUE,0.00477743241935968,"singlet",TRUE
"control_rep1_TTGAGCTAGTAGCTTA-1","control_rep1","control",1982,1186,2.4217961654894,0.605449041372351,2378,1279,TRUE,FALSE,FALSE,FALSE,FALSE,TRUE,0.00279188365675509,"singlet",TRUE
"control_rep1_TTGAGGCGTTTAAAGC-1","control_rep1","control",6891,3037,3.38122188361631,0.246698592366855,7394,3154,TRUE,FALSE,FALSE,FALSE,FALSE,TRUE,0.809983909130096,"doublet",FALSE
"control_rep1_TTGAGGCGTTTACCGT-1","control_rep1","control",7607,2855,1.3671618246352,0.157749441304062,8114,3051,TRUE,FALSE,FALSE,FALSE,FALSE,TRUE,0.14376263320446,"singlet",TRUE
"control_rep1_TTGATGTCAATTAGCT-1","control_rep1","control",2542,1707,3.7765538945712,0.3933910306845,3445,2154,TRUE,FALSE,FALSE,FALSE,FALSE,TRUE,0.097135066986084,"singlet",TRUE
"control_rep1_TTGATGTCAATTATGC-1","control_rep1","control",7394,2873,1.66351095482824,0.2028671896132,7834,2965,TRUE,FALSE,FALSE,FALSE,FALSE,TRUE,0.0560980513691902,"singlet",TRUE
"control_rep1_TTGATGTCACCTGGTG-1","control_rep1","control",5030,2264,3.20079522862823,0.0397614314115308,5258,2327,TRUE,FALSE,FALSE,FALSE,FALSE,TRUE,0.00373577163554728,"singlet",TRUE
"control_rep1_TTGATGTCACTCGCTC-1","control_rep1","control",3486,2098,5.7372346528973,0.0286861732644865,25358,10507,TRUE,FALSE,FALSE,FALSE,FALSE,TRUE,0.00780986342579126,"singlet",TRUE
"control_rep1_TTGCAACAGGAACCGG-1","control_rep1","control",4630,2300,1.51187904967603,0.0431965442764579,9890,4978,TRUE,FALSE,FALSE,FALSE,FALSE,TRUE,0.00361202796921134,"singlet",TRUE
"control_rep1_TTGCAAGGTCATCAAG-1","control_rep1","control",3552,1904,3.09684684684685,0.309684684684685,3928,1988,TRUE,FALSE,FALSE,FALSE,FALSE,TRUE,0.00293574156239629,"singlet",TRUE
"control_rep1_TTGCAAGGTTCCTGTG-1","control_rep1","control",6924,2955,2.81629116117851,0.751010976314269,11280,4935,TRUE,FALSE,FALSE,FALSE,FALSE,TRUE,0.215461939573288,"singlet",TRUE
"control_rep1_TTGCAATCAAACTAAG-1","control_rep1","control",4868,2743,1.45850451930978,0.0410846343467543,29640,11804,TRUE,FALSE,FALSE,FALSE,FALSE,TRUE,0.564639747142792,"singlet",TRUE
"control_rep1_TTGCAATCAGCAAATA-1","control_rep1","control",5706,2483,2.08552400981423,0.087627059235892,5982,2572,TRUE,FALSE,FALSE,FALSE,FALSE,TRUE,0.31997686624527,"singlet",TRUE
"control_rep1_TTGCACACACACCAAC-1","control_rep1","control",13338,4180,2.09926525715999,0.067476383265857,13668,4265,TRUE,FALSE,FALSE,FALSE,FALSE,TRUE,0.0616556704044342,"singlet",TRUE
"control_rep1_TTGCACACATGGTTAT-1","control_rep1","control",2529,1438,2.49110320284698,0.514037168841439,2665,1490,TRUE,FALSE,FALSE,FALSE,FALSE,TRUE,0.0104771656915545,"singlet",TRUE
"control_rep1_TTGCATTTCACGCCAA-1","control_rep1","control",1499,1144,5.53702468312208,0.066711140760507,6454,3572,TRUE,FALSE,FALSE,FALSE,FALSE,TRUE,0.0014645834453404,"singlet",TRUE
"control_rep1_TTGCCCGTCAACAAGG-1","control_rep1","control",4675,2633,3.76470588235294,0.149732620320856,4886,2707,TRUE,FALSE,FALSE,FALSE,FALSE,TRUE,0.703220307826996,"singlet",TRUE
"control_rep1_TTGCCCGTCAGCCAAT-1","control_rep1","control",24253,4982,1.43899723745516,0.152558446377768,24927,5088,TRUE,FALSE,FALSE,FALSE,FALSE,TRUE,0.0278136935085058,"singlet",TRUE
"control_rep1_TTGCCCGTCCATAAGC-1","control_rep1","control",1933,1185,5.69063631660631,0.310398344542162,2398,1290,TRUE,FALSE,FALSE,FALSE,FALSE,TRUE,0.000804997107479721,"singlet",TRUE
"control_rep1_TTGCGAGTCCTAGTAA-1","control_rep1","control",826,674,1.45278450363196,0.242130750605327,4486,2445,TRUE,FALSE,FALSE,FALSE,FALSE,TRUE,0.00149706448428333,"singlet",TRUE
"control_rep1_TTGCTCTCATCCATCT-1","control_rep1","control",1970,1376,3.248730964467,0.456852791878173,4444,2648,TRUE,FALSE,FALSE,FALSE,FALSE,TRUE,0.00134464516304433,"singlet",TRUE
"control_rep1_TTGCTCTCATTTGCTC-1","control_rep1","control",1098,882,4.18943533697632,0.455373406193078,2450,1560,TRUE,FALSE,FALSE,FALSE,FALSE,TRUE,0.0019854863639921,"singlet",TRUE
"control_rep1_TTGCTTTAGATTGAGG-1","control_rep1","control",3132,1977,2.04342273307791,0.0957854406130268,19245,8849,TRUE,FALSE,FALSE,FALSE,FALSE,TRUE,0.186078920960426,"singlet",TRUE
"control_rep1_TTGCTTTAGCATGTTA-1","control_rep1","control",6412,3028,2.38615096693699,0.109170305676856,6723,3109,TRUE,FALSE,FALSE,FALSE,FALSE,TRUE,0.471972972154617,"singlet",TRUE
"control_rep1_TTGCTTTAGGTCCAAT-1","control_rep1","control",1101,817,8.26521344232516,1.45322434150772,1305,890,TRUE,FALSE,FALSE,FALSE,FALSE,TRUE,0.00348469731397927,"singlet",TRUE
"control_rep1_TTGGATATCAAGTGAG-1","control_rep1","control",6425,2608,0.8715953307393,0.108949416342412,6672,2677,TRUE,FALSE,FALSE,FALSE,FALSE,TRUE,0.0289292000234127,"singlet",TRUE
"control_rep1_TTGGATATCACAGACT-1","control_rep1","control",1877,1125,1.65157165689931,0.319659030367608,2103,1209,TRUE,FALSE,FALSE,FALSE,FALSE,TRUE,0.00241352384909987,"singlet",TRUE
"control_rep1_TTGGATATCCGCCTCA-1","control_rep1","control",5322,2515,2.31116121758737,0.0187899285982713,18401,8281,TRUE,FALSE,FALSE,FALSE,FALSE,TRUE,0.0117835216224194,"singlet",TRUE
"control_rep1_TTGGATCAGAAGGTGC-1","control_rep1","control",10197,3409,1.43179366480337,0.0294204177699323,10658,3511,TRUE,FALSE,FALSE,FALSE,FALSE,TRUE,0.0187283661216497,"singlet",TRUE
"control_rep1_TTGGATTCAATGCGCT-1","control_rep1","control",9154,3605,3.4520428228097,0.480664190517806,9722,3721,TRUE,FALSE,FALSE,FALSE,FALSE,TRUE,0.165188282728195,"singlet",TRUE
"control_rep1_TTGGATTCACACTAAT-1","control_rep1","control",3170,2000,1.98738170347003,0.157728706624606,11579,5994,TRUE,FALSE,FALSE,FALSE,FALSE,TRUE,0.11724977940321,"singlet",TRUE
"control_rep1_TTGGATTCACATTAAC-1","control_rep1","control",5114,2862,4.10637465780211,0.293312475557294,6617,3561,TRUE,FALSE,FALSE,FALSE,FALSE,TRUE,0.638817727565765,"singlet",TRUE
"control_rep1_TTGGATTCACCTAATG-1","control_rep1","control",1931,1410,2.12325220093216,0.362506473329881,23183,9817,TRUE,FALSE,FALSE,FALSE,FALSE,TRUE,0.00197637407109141,"singlet",TRUE
"control_rep1_TTGGATTCAGCTCAAC-1","control_rep1","control",1751,1193,1.94174757281553,0.228440890919475,6871,3601,TRUE,FALSE,FALSE,FALSE,FALSE,TRUE,0.00129005184862763,"singlet",TRUE
"control_rep1_TTGGCTACATGCAACC-1","control_rep1","control",3809,2171,2.07403517983723,0.105014439485429,14038,6864,TRUE,FALSE,FALSE,FALSE,FALSE,TRUE,0.0382745824754238,"singlet",TRUE
"control_rep1_TTGGCTACATGTCAAT-1","control_rep1","control",1756,1201,7.06150341685649,0.0569476082004556,1944,1262,TRUE,FALSE,FALSE,FALSE,FALSE,TRUE,0.0850209891796112,"singlet",TRUE
"control_rep1_TTGGCTACATTGCGGT-1","control_rep1","control",19501,5375,2.14860776370443,0.0256397107840624,25778,8507,TRUE,FALSE,FALSE,FALSE,FALSE,TRUE,0.974878787994385,"doublet",FALSE
"control_rep1_TTGGCTGAGCAAGGGT-1","control_rep1","control",2886,1459,1.07415107415107,0.173250173250173,3116,1533,TRUE,FALSE,FALSE,FALSE,FALSE,TRUE,0.00168857513926923,"singlet",TRUE
"control_rep1_TTGGCTGAGGTGAAAT-1","control_rep1","control",7776,3090,2.85493827160494,0.874485596707819,20280,7986,TRUE,FALSE,FALSE,FALSE,FALSE,TRUE,0.140056699514389,"singlet",TRUE
"control_rep1_TTGGCTGAGTCAGTAC-1","control_rep1","control",19271,5588,2.3818172383374,0.25426807119506,24484,6997,TRUE,FALSE,FALSE,FALSE,FALSE,TRUE,0.989015519618988,"doublet",FALSE
"control_rep1_TTGGCTTGTGGGTACT-1","control_rep1","control",5498,2085,1.27319025100036,0.0545652964714442,5744,2157,TRUE,FALSE,FALSE,FALSE,FALSE,TRUE,0.00348961516283453,"singlet",TRUE
"control_rep1_TTGGGCCAGCCGCTAA-1","control_rep1","control",1698,1166,7.95053003533569,0.294464075382803,1883,1243,TRUE,FALSE,FALSE,FALSE,FALSE,TRUE,0.00291678425855935,"singlet",TRUE
"control_rep1_TTGGGCCAGCGAAGTA-1","control_rep1","control",1082,803,5.17560073937153,0.831792975970425,1308,866,TRUE,FALSE,FALSE,FALSE,FALSE,TRUE,0.00148325623013079,"singlet",TRUE
"control_rep1_TTGGGCCAGTGAACAG-1","control_rep1","control",5646,2773,5.1009564293305,0.549061282323769,15973,7182,TRUE,FALSE,FALSE,FALSE,FALSE,TRUE,0.241445764899254,"singlet",TRUE
"control_rep1_TTGGGCCAGTGAACCT-1","control_rep1","control",7502,2622,0.733137829912023,0.0133297787256732,8107,2883,TRUE,FALSE,FALSE,FALSE,FALSE,TRUE,0.00252443249337375,"singlet",TRUE
"control_rep1_TTGGGCGGTCATGCAA-1","control_rep1","control",6154,2560,1.44621384465388,0.666233344166396,11773,5111,TRUE,FALSE,FALSE,FALSE,FALSE,TRUE,0.00438043987378478,"singlet",TRUE
"control_rep1_TTGGGCGGTGTCCAGG-1","control_rep1","control",6306,2957,2.3628290516968,0.206152870282271,7965,3409,TRUE,FALSE,FALSE,FALSE,FALSE,TRUE,0.0223216954618692,"singlet",TRUE
"control_rep1_TTGGGTTAGGAGGCAT-1","control_rep1","control",4278,2233,2.71154745208041,0.444132772323516,4555,2307,TRUE,FALSE,FALSE,FALSE,FALSE,TRUE,0.0429534055292606,"singlet",TRUE
"control_rep1_TTGGGTTAGGATTTGC-1","control_rep1","control",2693,1536,2.19086520608986,0.445599702933531,2843,1592,TRUE,FALSE,FALSE,FALSE,FALSE,TRUE,0.0188062395900488,"singlet",TRUE
"control_rep1_TTGGGTTAGGCGTAAA-1","control_rep1","control",1943,1304,1.44107050952136,0.772002058672156,4488,2622,TRUE,FALSE,FALSE,FALSE,FALSE,TRUE,0.00183976569678634,"singlet",TRUE
"control_rep1_TTGGGTTAGGGTCTAT-1","control_rep1","control",10747,3540,2.2704010421513,0.0186098446077975,11278,3630,TRUE,FALSE,FALSE,FALSE,FALSE,TRUE,0.00928004365414381,"singlet",TRUE
"control_rep1_TTGGGTTAGTTAGTTG-1","control_rep1","control",4138,2111,3.57660705654906,0.169163847269212,4323,2185,TRUE,FALSE,FALSE,FALSE,FALSE,TRUE,0.172163382172585,"singlet",TRUE
"control_rep1_TTGGTGAGTAGGTTGC-1","control_rep1","control",9841,3361,1.94085966873285,0.579209429935982,16118,5983,TRUE,FALSE,FALSE,FALSE,FALSE,TRUE,0.0169379860162735,"singlet",TRUE
"control_rep1_TTGGTGAGTTGTTGGA-1","control_rep1","control",1353,974,1.99556541019956,0.147819660014782,3234,1957,TRUE,FALSE,FALSE,FALSE,FALSE,TRUE,0.0108657265082002,"singlet",TRUE
"control_rep1_TTGTAAGTCGCAATCG-1","control_rep1","control",5545,2414,1.11812443642922,0.36068530207394,6212,2729,TRUE,FALSE,FALSE,FALSE,FALSE,TRUE,0.306017369031906,"singlet",TRUE
"control_rep1_TTGTCAAAGGAAGCAC-1","control_rep1","control",2083,1335,6.57705232837254,0.672107537205953,3089,1733,TRUE,FALSE,FALSE,FALSE,FALSE,TRUE,0.0105699393898249,"singlet",TRUE
"control_rep1_TTGTCAAAGTGAGGTA-1","control_rep1","control",9051,3575,5.11545685559607,0.950171251795382,11099,3743,TRUE,FALSE,FALSE,FALSE,FALSE,TRUE,0.989967465400696,"doublet",FALSE
"control_rep1_TTGTCCATCATGTGGT-1","control_rep1","control",4909,2376,5.11305764921573,0.162965980851497,5025,2418,TRUE,FALSE,FALSE,FALSE,FALSE,TRUE,0.0484878607094288,"singlet",TRUE
"control_rep1_TTGTCCATCATTACGA-1","control_rep1","control",5137,2172,1.12906365583025,0.272532606579716,5537,2250,TRUE,FALSE,FALSE,FALSE,FALSE,TRUE,0.00339185865595937,"singlet",TRUE
"control_rep1_TTGTCCATCCGCCTCA-1","control_rep1","control",1779,1159,6.52051714446318,0.505902192242833,1989,1225,TRUE,FALSE,FALSE,FALSE,FALSE,TRUE,0.00722401775419712,"singlet",TRUE
"control_rep1_TTGTCCCAGACTTATG-1","control_rep1","control",4068,2162,2.92527040314651,0.12291052114061,28713,10922,TRUE,FALSE,FALSE,FALSE,FALSE,TRUE,0.0697570592164993,"singlet",TRUE
"control_rep1_TTGTCCCAGGAACGCG-1","control_rep1","control",1876,1232,4.90405117270789,0.266524520255864,2105,1302,TRUE,FALSE,FALSE,FALSE,FALSE,TRUE,0.00464685214683414,"singlet",TRUE
"control_rep1_TTGTCCCAGGAGGACT-1","control_rep1","control",3088,1794,0.906735751295337,0.0323834196891192,17246,7948,TRUE,FALSE,FALSE,FALSE,FALSE,TRUE,0.00375506584532559,"singlet",TRUE
"control_rep1_TTGTCCCAGTTAGAGG-1","control_rep1","control",2734,1493,4.75493782004389,0.109729334308705,2849,1537,TRUE,FALSE,FALSE,FALSE,FALSE,TRUE,0.0234262701123953,"singlet",TRUE
"control_rep1_TTGTCCGGTAGACAAA-1","control_rep1","control",3208,1930,2.43142144638404,0.249376558603491,3316,1972,TRUE,FALSE,FALSE,FALSE,FALSE,TRUE,0.339279592037201,"singlet",TRUE
"control_rep1_TTGTCCGGTGTCACGG-1","control_rep1","control",2248,1338,5.4270462633452,0.177935943060498,2388,1392,TRUE,FALSE,FALSE,FALSE,FALSE,TRUE,0.00465127825737,"singlet",TRUE
"control_rep1_TTGTCCGGTTAATGCG-1","control_rep1","control",1683,1126,5.40701128936423,0.11883541295306,1930,1210,TRUE,FALSE,FALSE,FALSE,FALSE,TRUE,0.00157977303024381,"singlet",TRUE
"control_rep1_TTGTCCGGTTACTAGG-1","control_rep1","control",1214,913,0.906095551894563,0.247116968698517,4825,2764,TRUE,FALSE,FALSE,FALSE,FALSE,TRUE,0.00236841896548867,"singlet",TRUE
"control_rep1_TTGTGAGGTATTGTGG-1","control_rep1","control",1825,1286,1.47945205479452,0.10958904109589,3601,2243,TRUE,FALSE,FALSE,FALSE,FALSE,TRUE,0.00408713612705469,"singlet",TRUE
"control_rep1_TTGTGCCTCCATTACT-1","control_rep1","control",3396,2096,1.56065959952886,0.206124852767962,16614,7976,TRUE,FALSE,FALSE,FALSE,FALSE,TRUE,0.0109712593257427,"singlet",TRUE
"control_rep1_TTGTGCCTCGTTAACA-1","control_rep1","control",11714,3495,1.28905583063002,0.119515110124637,11929,3556,TRUE,FALSE,FALSE,FALSE,FALSE,TRUE,0.019581651315093,"singlet",TRUE
"control_rep1_TTGTTCCCAAGGAATC-1","control_rep1","control",8875,2727,1.40845070422535,0.0225352112676056,9480,2818,TRUE,FALSE,FALSE,FALSE,FALSE,TRUE,0.0142501229420304,"singlet",TRUE
"control_rep1_TTGTTCCCATCCGTAA-1","control_rep1","control",2330,1400,3.73390557939914,0.0429184549356223,3548,1835,TRUE,FALSE,FALSE,FALSE,FALSE,TRUE,0.0147603470832109,"singlet",TRUE
"control_rep1_TTGTTGCGTACAATGT-1","control_rep1","control",2084,1273,2.44721689059501,0.431861804222649,2255,1337,TRUE,FALSE,FALSE,FALSE,FALSE,TRUE,0.00547121744602919,"singlet",TRUE
"control_rep1_TTGTTGTTCCCGTTTA-1","control_rep1","control",10500,4399,2.11428571428571,0.0476190476190476,27534,11394,TRUE,FALSE,FALSE,FALSE,FALSE,TRUE,0.995183765888214,"doublet",FALSE
"control_rep1_TTGTTGTTCTGTTCAT-1","control_rep1","control",4737,2274,1.81549503905425,0.0844416297234537,4904,2345,TRUE,FALSE,FALSE,FALSE,FALSE,TRUE,0.773235499858856,"doublet",FALSE
"control_rep1_TTGTTTGGTCAAAGAA-1","control_rep1","control",5293,2343,1.45475155866238,0,5435,2391,TRUE,FALSE,FALSE,FALSE,FALSE,TRUE,0.00999273173511028,"singlet",TRUE
"control_rep1_TTGTTTGGTGGATTCA-1","control_rep1","control",1231,937,2.19333874898457,0.0812347684809098,4927,2833,TRUE,FALSE,FALSE,FALSE,FALSE,TRUE,0.00299743819050491,"singlet",TRUE
"control_rep1_TTGTTTGGTTTGGGTA-1","control_rep1","control",2710,1651,1.54981549815498,0,15164,7169,TRUE,FALSE,FALSE,FALSE,FALSE,TRUE,0.000869189680088311,"singlet",TRUE
"control_rep1_TTTAACCTCGCTAAGT-1","control_rep1","control",9324,4033,2.63835263835264,0.0321750321750322,47004,15895,FALSE,FALSE,FALSE,FALSE,FALSE,TRUE,0.950979232788086,"doublet",FALSE
"control_rep1_TTTAACCTCGTCCTTA-1","control_rep1","control",11020,3619,2.37749546279492,0.136116152450091,11332,3703,TRUE,FALSE,FALSE,FALSE,FALSE,TRUE,0.0319815948605537,"singlet",TRUE
"control_rep1_TTTAACCTCTGCAAGT-1","control_rep1","control",6518,2571,1.51887081926971,0,6689,2622,TRUE,FALSE,FALSE,FALSE,FALSE,TRUE,0.00478437962010503,"singlet",TRUE
"control_rep1_TTTAACGAGATGGAGC-1","control_rep1","control",2094,1491,1.05062082139446,0,3260,2108,TRUE,FALSE,FALSE,FALSE,FALSE,TRUE,0.00198999862186611,"singlet",TRUE
"control_rep1_TTTAACGAGCCTGATG-1","control_rep1","control",5921,2289,1.13156561391657,0.118223273095761,6175,2364,TRUE,FALSE,FALSE,FALSE,FALSE,TRUE,0.00368545181117952,"singlet",TRUE
"control_rep1_TTTAACGAGGTAACGA-1","control_rep1","control",14428,4150,2.10701413917383,0.180205156639867,14833,4246,TRUE,FALSE,FALSE,FALSE,FALSE,TRUE,0.757515847682953,"singlet",TRUE
"control_rep1_TTTAAGGTCAAACCGT-1","control_rep1","control",2755,1832,1.41560798548094,0.544464609800363,6097,3484,TRUE,FALSE,FALSE,FALSE,FALSE,TRUE,0.0182922575622797,"singlet",TRUE
"control_rep1_TTTAAGGTCCGTAAAC-1","control_rep1","control",11951,4665,3.39720525479039,0.443477533260815,24698,9586,TRUE,FALSE,FALSE,FALSE,FALSE,TRUE,0.966620922088623,"doublet",FALSE
"control_rep1_TTTACGAAGTACCGCA-1","control_rep1","control",3528,1866,3.20294784580499,0.226757369614512,3658,1917,TRUE,FALSE,FALSE,FALSE,FALSE,TRUE,0.0104072876274586,"singlet",TRUE
"control_rep1_TTTACGAAGTTGGCCA-1","control_rep1","control",4746,2177,1.93847450484619,0.210703750526759,5610,2623,TRUE,FALSE,FALSE,FALSE,FALSE,TRUE,0.083658866584301,"singlet",TRUE
"control_rep1_TTTACGCGTAATCGTG-1","control_rep1","control",8742,3110,1.47563486616335,0.0114390299702585,9123,3200,TRUE,FALSE,FALSE,FALSE,FALSE,TRUE,0.00624194508418441,"singlet",TRUE
"control_rep1_TTTACGCGTCAGTAAT-1","control_rep1","control",3767,2105,2.44226174674808,0.0265463233342182,25450,10482,TRUE,FALSE,FALSE,FALSE,FALSE,TRUE,0.023032259196043,"singlet",TRUE
"control_rep1_TTTACGCGTGAAGCCT-1","control_rep1","control",1114,842,4.39856373429084,0.359066427289048,1289,915,TRUE,FALSE,FALSE,FALSE,FALSE,TRUE,0.00174805126152933,"singlet",TRUE
"control_rep1_TTTACGCGTGCGCATG-1","control_rep1","control",1714,1278,1.69194865810968,0.116686114352392,10238,5077,TRUE,FALSE,FALSE,FALSE,FALSE,TRUE,0.013428027741611,"singlet",TRUE
"control_rep1_TTTACGCGTGTCCTGC-1","control_rep1","control",1523,1058,1.96979645436638,0.196979645436638,7787,4092,TRUE,FALSE,FALSE,FALSE,FALSE,TRUE,0.0068237092345953,"singlet",TRUE
"control_rep1_TTTACGCGTTCACCCA-1","control_rep1","control",7331,3339,4.4741508661847,0.491065338971491,7887,3447,TRUE,FALSE,FALSE,FALSE,FALSE,TRUE,0.945747137069702,"doublet",FALSE
"control_rep1_TTTAGCAAGAATCGCT-1","control_rep1","control",5546,2617,3.24558240173098,0.126217093400649,6015,2706,TRUE,FALSE,FALSE,FALSE,FALSE,TRUE,0.00742599321529269,"singlet",TRUE
"control_rep1_TTTAGCAAGCGCAATT-1","control_rep1","control",1159,906,1.89818809318378,0.517687661777394,5106,2932,TRUE,FALSE,FALSE,FALSE,FALSE,TRUE,0.00185269513167441,"singlet",TRUE
"control_rep1_TTTAGCAAGGGTTATC-1","control_rep1","control",2825,1620,2.19469026548673,0.530973451327434,3200,1755,TRUE,FALSE,FALSE,FALSE,FALSE,TRUE,0.00514333043247461,"singlet",TRUE
"control_rep1_TTTAGCAAGGTCGATT-1","control_rep1","control",8189,3288,1.74624496275492,0.0366345097081451,8590,3428,TRUE,FALSE,FALSE,FALSE,FALSE,TRUE,0.0939231440424919,"singlet",TRUE
"control_rep1_TTTATGGAGGAGTCTT-1","control_rep1","control",1326,971,0.904977375565611,0,10192,5188,TRUE,FALSE,FALSE,FALSE,FALSE,TRUE,0.003990373108536,"singlet",TRUE
"control_rep1_TTTATGGAGGCGCACT-1","control_rep1","control",4004,2027,1.27372627372627,0.04995004995005,28761,11257,TRUE,FALSE,FALSE,FALSE,FALSE,TRUE,0.00884935352951288,"singlet",TRUE
"control_rep1_TTTCACCCAGGATGGC-1","control_rep1","control",5289,2426,1.83399508413689,0.340328984685196,5494,2497,TRUE,FALSE,FALSE,FALSE,FALSE,TRUE,0.0408371239900589,"singlet",TRUE
"control_rep1_TTTCACCCATGCTTAG-1","control_rep1","control",2389,1522,1.71619924654667,0.293009627459188,13696,6636,TRUE,FALSE,FALSE,FALSE,FALSE,TRUE,0.00305621372535825,"singlet",TRUE
"control_rep1_TTTCACCCATTAAACC-1","control_rep1","control",4727,2244,1.81933573090755,0.0423101332769198,4816,2279,TRUE,FALSE,FALSE,FALSE,FALSE,TRUE,0.153122469782829,"singlet",TRUE
"control_rep1_TTTCACCCATTTGCTC-1","control_rep1","control",6330,2578,1.95892575039494,0.0947867298578199,6459,2627,TRUE,FALSE,FALSE,FALSE,FALSE,TRUE,0.0188568904995918,"singlet",TRUE
"control_rep1_TTTCAGTTCCTAGTAA-1","control_rep1","control",2629,1541,3.38531761125903,0.0380372765310004,2759,1588,TRUE,FALSE,FALSE,FALSE,FALSE,TRUE,0.00792553275823593,"singlet",TRUE
"control_rep1_TTTCAGTTCTCACTAT-1","control_rep1","control",5904,2481,2.1849593495935,0.0508130081300813,6068,2529,TRUE,FALSE,FALSE,FALSE,FALSE,TRUE,0.0045125656761229,"singlet",TRUE
"control_rep1_TTTCCACCAAGACTCC-1","control_rep1","control",9797,3353,2.92946820455241,0.163315300602225,14773,5659,TRUE,FALSE,FALSE,FALSE,FALSE,TRUE,0.026580611243844,"singlet",TRUE
"control_rep1_TTTCCACCACTGACTA-1","control_rep1","control",2012,1368,4.4234592445328,0.099403578528827,3396,2072,TRUE,FALSE,FALSE,FALSE,FALSE,TRUE,0.0190589930862188,"singlet",TRUE
"control_rep1_TTTCCACCAGGAACAT-1","control_rep1","control",1208,909,1.65562913907285,0,7904,4243,TRUE,FALSE,FALSE,FALSE,FALSE,TRUE,0.00484112789854407,"singlet",TRUE
"control_rep1_TTTCCGGGTCACGAAC-1","control_rep1","control",3135,1799,6.57097288676236,0.925039872408293,3260,1845,TRUE,FALSE,FALSE,FALSE,FALSE,TRUE,0.0297553651034832,"singlet",TRUE
"control_rep1_TTTCCGGGTTGTAAAC-1","control_rep1","control",14440,4008,0.907202216066482,0.138504155124654,15463,4337,TRUE,FALSE,FALSE,FALSE,FALSE,TRUE,0.279790729284286,"singlet",TRUE
"control_rep1_TTTCCTGAGCTCGCTT-1","control_rep1","control",3208,1829,1.74563591022444,0.43640897755611,3377,1887,TRUE,FALSE,FALSE,FALSE,FALSE,TRUE,0.534894466400146,"singlet",TRUE
"control_rep1_TTTCCTGAGGGTTAGA-1","control_rep1","control",1761,1221,2.72572402044293,0,8658,4635,TRUE,FALSE,FALSE,FALSE,FALSE,TRUE,0.00116456940304488,"singlet",TRUE
"control_rep1_TTTCGTCCACTGGCCA-1","control_rep1","control",2605,1552,4.37619961612284,0.460652591170825,2773,1615,TRUE,FALSE,FALSE,FALSE,FALSE,TRUE,0.25125840306282,"singlet",TRUE
"control_rep1_TTTCGTCCATTGACAT-1","control_rep1","control",13672,3896,1.12638970157987,0.153598595669982,14567,4013,TRUE,FALSE,FALSE,FALSE,FALSE,TRUE,0.185236200690269,"singlet",TRUE
"control_rep1_TTTCTCACATTATGCG-1","control_rep1","control",4245,2285,3.2979976442874,0.235571260306243,4669,2383,TRUE,FALSE,FALSE,FALSE,FALSE,TRUE,0.351273387670517,"singlet",TRUE
"control_rep1_TTTCTTGCACCTAATG-1","control_rep1","control",3159,1778,2.43748021525799,0.0316555872111428,3351,1851,TRUE,FALSE,FALSE,FALSE,FALSE,TRUE,0.101968161761761,"singlet",TRUE
"control_rep1_TTTCTTGCACGTAATT-1","control_rep1","control",2058,1498,2.67249757045675,0.923226433430515,6265,3501,TRUE,FALSE,FALSE,FALSE,FALSE,TRUE,0.00220902566798031,"singlet",TRUE
"control_rep1_TTTGACCGTAAGCTCA-1","control_rep1","control",2224,1415,4.18165467625899,0.0899280575539568,2363,1473,TRUE,FALSE,FALSE,FALSE,FALSE,TRUE,0.0189412217587233,"singlet",TRUE
"control_rep1_TTTGACCGTCATAGAT-1","control_rep1","control",31392,6043,1.40481651376147,0.363149847094801,37893,8217,TRUE,FALSE,FALSE,FALSE,FALSE,TRUE,0.0109642604365945,"singlet",TRUE
"control_rep1_TTTGACCGTGCTGGTG-1","control_rep1","control",1516,1099,4.35356200527704,0.461741424802111,4501,2591,TRUE,FALSE,FALSE,FALSE,FALSE,TRUE,0.00143179460428655,"singlet",TRUE
"control_rep1_TTTGACCGTTTGCGCC-1","control_rep1","control",3931,2159,8.92902569320784,0.228949376748919,9472,4867,TRUE,FALSE,FALSE,FALSE,FALSE,TRUE,0.258519142866135,"singlet",TRUE
"control_rep1_TTTGACTTCAATGAGG-1","control_rep1","control",1309,984,4.20168067226891,0.0763941940412529,4899,2785,TRUE,FALSE,FALSE,FALSE,FALSE,TRUE,0.0141903525218368,"singlet",TRUE
"control_rep1_TTTGACTTCTAGCTTT-1","control_rep1","control",1899,1296,7.31964191679832,0.368615060558189,2502,1439,TRUE,FALSE,FALSE,FALSE,FALSE,TRUE,0.0120811518281698,"singlet",TRUE
"control_rep1_TTTGACTTCTTGTCCA-1","control_rep1","control",4391,2374,2.77841038487816,0.0227738556137554,22675,9548,TRUE,FALSE,FALSE,FALSE,FALSE,TRUE,0.259282439947128,"singlet",TRUE
"control_rep1_TTTGCATTCATTTGCT-1","control_rep1","control",2858,1695,0.769769069279216,0.104968509447166,11188,5657,TRUE,FALSE,FALSE,FALSE,FALSE,TRUE,0.00181188073474914,"singlet",TRUE
"control_rep1_TTTGCGACAAATTCGT-1","control_rep1","control",14544,4196,2.06270627062706,0.0412541254125413,15222,4298,TRUE,FALSE,FALSE,FALSE,FALSE,TRUE,0.0465076752007008,"singlet",TRUE
"control_rep1_TTTGCGACACAGAAAC-1","control_rep1","control",12477,4785,2.46854211749619,0.320589885389116,31840,12654,TRUE,FALSE,FALSE,FALSE,FALSE,TRUE,0.9672891497612,"doublet",FALSE
"control_rep1_TTTGCGACACATTGCA-1","control_rep1","control",2029,1457,2.56283883686545,0.098570724494825,15423,7242,TRUE,FALSE,FALSE,FALSE,FALSE,TRUE,0.00326092424802482,"singlet",TRUE
"control_rep1_TTTGCGGAGACAACGA-1","control_rep1","control",1675,1118,1.55223880597015,0,6911,3730,TRUE,FALSE,FALSE,FALSE,FALSE,TRUE,0.00202282797545195,"singlet",TRUE
"control_rep1_TTTGCGGAGCAAGACA-1","control_rep1","control",1799,1199,4.28015564202335,0.444691495275153,1967,1258,TRUE,FALSE,FALSE,FALSE,FALSE,TRUE,0.00161199562717229,"singlet",TRUE
"control_rep1_TTTGCGGAGCTGTACG-1","control_rep1","control",2290,1363,1.57205240174672,0.393013100436681,2452,1420,TRUE,FALSE,FALSE,FALSE,FALSE,TRUE,0.020628621801734,"singlet",TRUE
"control_rep1_TTTGCGGAGGACACTT-1","control_rep1","control",1055,859,2.93838862559242,0.37914691943128,3732,2203,TRUE,FALSE,FALSE,FALSE,FALSE,TRUE,0.00182407721877098,"singlet",TRUE
"control_rep1_TTTGCGGAGGAGCACG-1","control_rep1","control",4583,2470,1.09098843552258,0.480034911629937,4838,2572,TRUE,FALSE,FALSE,FALSE,FALSE,TRUE,0.0474294945597649,"singlet",TRUE
"control_rep1_TTTGCGGAGTAAGGGC-1","control_rep1","control",3338,1913,3.0557219892151,0.269622528460156,3636,2002,TRUE,FALSE,FALSE,FALSE,FALSE,TRUE,0.176017954945564,"singlet",TRUE
"control_rep1_TTTGGCTGTCGCGCAA-1","control_rep1","control",1738,1265,2.93440736478711,0.0575373993095512,1909,1351,TRUE,FALSE,FALSE,FALSE,FALSE,TRUE,0.00121056765783578,"singlet",TRUE
"control_rep1_TTTGGCTGTTCCTGAT-1","control_rep1","control",459,363,11.5468409586057,2.8322440087146,1075,639,FALSE,TRUE,TRUE,FALSE,TRUE,FALSE,NA,"not_tested_QC_fail",FALSE
"control_rep1_TTTGGTAAGGCTGTCA-1","control_rep1","control",5616,2559,1.12179487179487,0.338319088319088,5703,2594,TRUE,FALSE,FALSE,FALSE,FALSE,TRUE,0.00368620129302144,"singlet",TRUE
"control_rep1_TTTGGTAAGTAGCGGG-1","control_rep1","control",3957,2062,1.11195350012636,0.126358352287086,4108,2117,TRUE,FALSE,FALSE,FALSE,FALSE,TRUE,0.024863425642252,"singlet",TRUE
"control_rep1_TTTGGTGCAGCATGTC-1","control_rep1","control",1697,1233,3.12315851502652,0.235710076605775,1842,1300,TRUE,FALSE,FALSE,FALSE,FALSE,TRUE,0.00148494937457144,"singlet",TRUE
"control_rep1_TTTGTCCCAAGACTCC-1","control_rep1","control",8493,3476,3.79135758860238,0.08242081714353,8902,3619,TRUE,FALSE,FALSE,FALSE,FALSE,TRUE,0.978327214717865,"doublet",FALSE
"control_rep1_TTTGTCCCAGGCATGA-1","control_rep1","control",21924,5009,3.16091954022989,0.232621784345922,29130,7710,TRUE,FALSE,FALSE,FALSE,FALSE,TRUE,0.010215830989182,"singlet",TRUE
"control_rep1_TTTGTCCCATCCTAGA-1","control_rep1","control",5272,2444,2.90212443095599,0.113808801213961,5575,2525,TRUE,FALSE,FALSE,FALSE,FALSE,TRUE,0.0980230197310448,"singlet",TRUE
"control_rep1_TTTGTCTAGGCCCAGT-1","control_rep1","control",2274,1527,1.01143359718558,0.131926121372032,4534,2700,TRUE,FALSE,FALSE,FALSE,FALSE,TRUE,0.00770909572020173,"singlet",TRUE
"control_rep1_TTTGTGAAGGGCTAAA-1","control_rep1","control",1235,974,1.86234817813765,0.242914979757085,5766,3222,TRUE,FALSE,FALSE,FALSE,FALSE,TRUE,0.00174779503140599,"singlet",TRUE
"control_rep1_TTTGTGGCAGAAATGC-1","control_rep1","control",1275,982,2.11764705882353,0.392156862745098,3442,2096,TRUE,FALSE,FALSE,FALSE,FALSE,TRUE,0.0019854863639921,"singlet",TRUE
"control_rep1_TTTGTGGCATAGCTGC-1","control_rep1","control",25126,5747,1.30542067977394,0.191037172649845,34801,9502,TRUE,FALSE,FALSE,FALSE,FALSE,TRUE,0.131879419088364,"singlet",TRUE
"control_rep1_TTTGTGGCATGAATAG-1","control_rep1","control",2931,1677,3.61651313544865,0.341180484476288,3209,1754,TRUE,FALSE,FALSE,FALSE,FALSE,TRUE,0.0514998361468315,"singlet",TRUE
"control_rep1_TTTGTGTTCATCACTT-1","control_rep1","control",577,478,3.11958405545927,0.173310225303293,921,664,FALSE,TRUE,FALSE,FALSE,FALSE,FALSE,NA,"not_tested_QC_fail",FALSE
"control_rep1_TTTGTGTTCGACAAAG-1","control_rep1","control",1877,1232,2.71710175812467,0.159829515183804,2065,1316,TRUE,FALSE,FALSE,FALSE,FALSE,TRUE,0.016267454251647,"singlet",TRUE
"control_rep1_TTTGTGTTCGTTTCGC-1","control_rep1","control",3365,1917,2.91233283803863,0.683506686478455,9504,4673,TRUE,FALSE,FALSE,FALSE,FALSE,TRUE,0.00436812918633223,"singlet",TRUE
"control_rep1_TTTGTTGGTACTGATG-1","control_rep1","control",6995,3291,2.30164403145104,0.714796283059328,12088,5474,TRUE,FALSE,FALSE,FALSE,FALSE,TRUE,0.013338821940124,"singlet",TRUE
"control_rep1_TTTGTTGGTTAAGTGT-1","control_rep1","control",4188,1843,2.1251193887297,0.549188156638013,4328,1896,TRUE,FALSE,FALSE,FALSE,FALSE,TRUE,0.0113305188715458,"singlet",TRUE
"control_rep1_TTTGTTGGTTAGCGTA-1","control_rep1","control",1876,1295,0.746268656716418,0.106609808102345,8896,4629,TRUE,FALSE,FALSE,FALSE,FALSE,TRUE,0.000499407004099339,"singlet",TRUE
"control_rep1_TTTGTTGGTTCGGGAT-1","control_rep1","control",7702,2898,2.44092443521163,0.116852765515451,7828,2936,TRUE,FALSE,FALSE,FALSE,FALSE,TRUE,0.0185094512999058,"singlet",TRUE
"control_rep1_TTTGTTGGTTGTTGGA-1","control_rep1","control",3490,1867,2.43553008595989,0.0286532951289398,3613,1916,TRUE,FALSE,FALSE,FALSE,FALSE,TRUE,0.0225131511688232,"singlet",TRUE
