"","p_val","avg_log2FC","pct.1","pct.2","p_val_adj"
"4:8054308-8055198",0,1.81604915732605,0.136,0.057,0
"3:1959540-1960354",0,2.15132134827724,0.144,0.066,0
"AT3G53100",0,2.17943554461841,0.149,0.078,0
"AT3G02470",6.63756563073577e-158,-1.36083774346723,0.52,0.91,8.38948470331217e-153
"AT3G16640",3.39277179232369e-109,-1.1790388538183,0.725,0.943,4.28825997918961e-104
"AT5G02500",1.19434701560782e-105,-1.49951980776596,0.585,0.878,1.50958296690734e-100
"AT1G07890",1.25856573443396e-104,-1.05884823054683,0.685,0.925,1.59075157438046e-99
"AT3G08580",9.63273148979556e-99,-1.31771445134911,0.672,0.905,1.21751946392122e-93
"AT5G08240",9.83172993870673e-98,-1.98914366169617,0.227,0.592,1.2426716738729e-92
"AT4G34110",8.15058469158516e-96,-1.33521290792204,0.376,0.74,1.03018500150821e-90
"AT1G70780",3.73266866163005e-92,-1.06306377943918,0.395,0.78,4.71786922818068e-87
"AT1G56070",4.57497091385631e-88,-1.50090085704509,0.407,0.738,5.78248873685954e-83
"AT4G38920",8.53575833916528e-87,-1.35882655492028,0.309,0.68,1.07886863952046e-81
"AT1G79530",6.79810476259995e-85,-1.28898866926068,0.24,0.615,8.59239653364058e-80
"AT1G19910",3.60036959326768e-84,-1.04548729366947,0.421,0.779,4.55065114371476e-79
"AT2G45960",2.01993320702874e-83,-0.914370066415652,0.795,0.957,2.5530743776919e-78
"AT3G13310",2.02899209954226e-83,-1.1912351895873,0.279,0.652,2.56452427429545e-78
"AT5G08690",2.52014892788244e-81,-1.12685384962789,0.402,0.747,3.18531703590774e-76
"AT5G03240",1.7795312886381e-80,-0.910747923450791,0.594,0.887,2.24922077696124e-75
"AT3G55440",5.70883043185932e-80,-0.940747678667514,0.61,0.883,7.21561913604427e-75
"AT1G49240",7.3046356297851e-80,-1.16926235593598,0.455,0.794,9.23262115791058e-75
"AT3G62290",1.13124875132556e-79,-1.11483322116897,0.476,0.804,1.42983054675043e-74
"AT2G27510",4.48744176368741e-79,-1.02020650539662,0.421,0.763,5.67185714279507e-74
"AT3G15950",4.9120573489397e-78,-1.2563298442154,0.408,0.732,6.20854576561884e-73
"AT1G04410",8.72633354774974e-78,-0.84836422609905,0.689,0.916,1.10295620243428e-72
"AT4G05320",2.09366888849243e-77,-0.87200297197654,0.465,0.819,2.64627185492112e-72
"AT1G11670",2.63337628010343e-77,-1.76669689359875,0.221,0.562,3.32842961547393e-72
"AT4G27500",3.39441333996394e-76,-1.15348245764057,0.284,0.645,4.29033479691402e-71
"AT1G30230",4.2871388501521e-76,-1.3016224037439,0.534,0.805,5.41868627826125e-71
"AT5G14030",6.87278216589887e-76,-1.34579937974204,0.355,0.69,8.68678429076622e-71
"AT4G10380",1.04363085375298e-75,-1.53930474490787,0.242,0.578,1.31908678129254e-70
"AT4G37830",1.08660910135337e-75,-0.871875639071072,0.599,0.876,1.37340870756458e-70
"AT5G07440",1.7231472360872e-75,-0.946032721843527,0.514,0.826,2.17795471758005e-70
"AT3G18780",3.13121996537042e-74,-1.26519177729308,0.409,0.748,3.95767416303029e-69
"AT2G36530",3.78534985147059e-74,-0.997332378536748,0.641,0.88,4.78445509126774e-69
"AT1G75950",1.01664942131238e-73,-1.02575795747253,0.344,0.695,1.28498386957357e-68
"AT5G11770",4.93185086049471e-73,-1.03344015051051,0.295,0.654,6.23356357661368e-68
"AT3G12120",1.1560700304563e-72,-1.32489132687813,0.382,0.689,1.46120315429494e-67
"AT3G09260",2.73916609072931e-72,-1.01467205818302,0.873,0.972,3.4621415887164e-67
"AT5G08670",3.30944044762023e-72,-0.997306550948514,0.428,0.756,4.18293415936512e-67
"AT1G65720",5.01127101749463e-72,-1.2330716275984,0.174,0.523,6.33394588985216e-67
"AT3G26520",5.89591901660283e-72,-1.04181307545196,0.701,0.917,7.45208788184498e-67
"AT1G66580",2.99800981489863e-71,-1.23748148998082,0.499,0.79,3.78930452544298e-66
"AT4G05050",4.05859022488043e-71,-0.775146226166763,0.531,0.857,5.12981452883537e-66
"AT3G52930",1.00793911647249e-70,-0.977375044133103,0.697,0.914,1.27397456687424e-65
"AT1G65820",1.06375688517063e-70,-0.983426463380761,0.275,0.633,1.34452487744257e-65
"AT5G50850",1.74010046820272e-70,-1.11039951328401,0.222,0.568,2.19938258578014e-65
"AT5G53300",3.35666172142786e-70,-0.729898047027257,0.653,0.911,4.24261901618153e-65
"AT2G21870",3.68927060778906e-70,-0.941300929458708,0.456,0.775,4.6630166920089e-65
"AT2G46330",5.67546186745965e-70,-1.17972162960208,0.255,0.601,7.17344327275695e-65
"AT3G44110",8.52135607293381e-70,-1.14219903895878,0.254,0.59,1.0770482794824e-64
"AT5G13450",9.37973033157194e-70,-1.02257611506821,0.399,0.729,1.1855416355287e-64
"AT2G21160",1.41931336523742e-69,-1.36891974860067,0.295,0.616,1.79392693485818e-64
"AT2G33040",2.46453100609466e-69,-0.981298451218428,0.401,0.732,3.11501931984329e-64
"AT3G16460",3.2717144730202e-69,-1.14408819070502,0.642,0.869,4.13525079102915e-64
"AT1G62660",3.81278968297847e-69,-0.962029186791157,0.348,0.691,4.81913739190381e-64
"AT3G53870",3.93332099707806e-69,-1.41745810124213,0.39,0.686,4.97148174104684e-64
"AT1G13440",4.76369462476997e-69,-0.718122580560665,0.73,0.928,6.02102418403175e-64
"AT2G41840",4.80141158864484e-69,-1.48721316442241,0.497,0.765,6.06869616335176e-64
"AT2G43970",8.48904583776903e-69,-1.15804093216187,0.202,0.54,1.07296445961898e-63
"AT5G64130",9.4197814766001e-69,-0.850535921306212,0.395,0.742,1.19060385995339e-63
"AT3G01130",1.86642897453949e-68,-1.32799301809337,0.219,0.541,2.35905423807945e-63
"AT1G73540",1.98388304717236e-68,-1.16941147586899,0.322,0.656,2.50750913864303e-63
"AT2G14890",4.31037547288339e-68,-1.52118469715378,0.326,0.626,5.44805597519623e-63
"AT3G03070",5.63875147201886e-68,-1.0175686480342,0.323,0.658,7.12704353554352e-63
"AT5G63400",1.57690968628462e-67,-1.38059219226302,0.206,0.531,1.99311922888258e-62
"AT4G23470",1.66571399845493e-67,-1.28226665168644,0.163,0.488,2.10536255120712e-62
"AT1G78900",2.26966644789691e-67,-1.03904774660876,0.307,0.651,2.86872221015483e-62
"AT4G00860",3.94003608040659e-67,-0.986145602604169,0.431,0.746,4.9799692034691e-62
"AT1G15120",4.21731425835892e-67,-0.851900536779873,0.627,0.875,5.33043218371017e-62
"AT2G17420",4.51140007409723e-67,-1.04957038642683,0.32,0.66,5.70213900965446e-62
"AT1G07140",4.608142948809e-67,-1.13405795551496,0.268,0.596,5.82441619871765e-62
"AT3G09630",5.30204052984852e-67,-1.53713939103241,0.379,0.673,6.70146110729673e-62
"AT5G45510",5.47141188167304e-67,-1.17051176076663,0.179,0.512,6.91553633372182e-62
"AT1G23490",5.89373027085055e-67,-1.05351407445521,0.312,0.661,7.44932143853884e-62
"AT3G16420",7.86314345440524e-67,-1.14201272789178,0.576,0.84,9.93854153776096e-62
"AT3G09200",8.04539172119865e-67,-1.55429493482113,0.55,0.801,1.01688924120918e-61
"AT1G17860",8.26324070128957e-67,-0.912599950021257,0.477,0.809,1.04442404519879e-61
"AT4G32470",8.68089568845831e-67,-0.889588509056539,0.503,0.812,1.097213129647e-61
"AT5G44340",1.07594482317722e-66,-1.25168507261417,0.313,0.625,1.35992969980662e-61
"AT4G14880",1.75454184676963e-66,-0.876846107325107,0.377,0.725,2.217635621806e-61
"AT3G13920",2.39468987640215e-66,-1.36402927173645,0.266,0.58,3.02674432237973e-61
"AT2G16600",2.45332980255683e-66,-0.960949886338504,0.499,0.798,3.10086167064368e-61
"AT1G03220",2.63492335654956e-66,-0.895179874211435,0.339,0.69,3.33038502727725e-61
"AT1G68440",3.05736457687611e-66,-0.901246117294117,0.338,0.689,3.86432538329679e-61
"AT2G05710",4.41868499054133e-66,-1.09587329298692,0.258,0.599,5.58495270694481e-61
"AT1G65980",6.66575497059462e-66,-0.893183611477909,0.653,0.886,8.42511433753336e-61
"AT5G53460",6.81996680680891e-66,-0.898430250458003,0.435,0.757,8.62002884579805e-61
"AT2G20820",9.75778294520638e-66,-0.847405096505951,0.532,0.829,1.23332521757641e-60
"AT5G60360",1.00049964821734e-65,-0.917423929501005,0.285,0.641,1.26457152536782e-60
"AT5G04830",1.08316579496254e-65,-0.935722089743778,0.281,0.632,1.36905657488495e-60
"AT4G11010",1.26424772554881e-65,-1.03663487344967,0.456,0.765,1.59793327023016e-60
"AT4G01850",1.5078301152354e-65,-1.10071919523769,0.406,0.711,1.90580679585063e-60
"AT2G20420",2.74554201085321e-65,-1.18502898420487,0.179,0.503,3.47020036919781e-60
"AT3G10920",2.86999550381267e-65,-1.01919672168989,0.342,0.664,3.62750211708899e-60
"AT5G08060",3.69855410986017e-65,-0.957960912425378,0.312,0.65,4.67475048161666e-60
"AT1G76810",4.05301215864795e-65,-0.917401134529597,0.291,0.637,5.12276418780149e-60
"AT2G37110",4.61689915503141e-65,-1.04043018847529,0.203,0.541,5.8354835180104e-60
"AT1G09640",4.84409369601165e-65,-1.30679304504963,0.212,0.532,6.12264378613697e-60
"AT5G13430",5.36515603767026e-65,-1.17526189196379,0.247,0.57,6.78123532225295e-60
"AT5G08290",7.73195412187854e-65,-1.01811793035332,0.26,0.598,9.77272609280716e-60
"AT5G64400",1.14432983779232e-64,-0.799693516907487,0.681,0.906,1.44636425517923e-59
"AT1G50200",1.35413781499654e-64,-1.10928322063815,0.192,0.521,1.71154894988673e-59
"AT1G35580",1.50353962939392e-64,-0.958375544575298,0.214,0.557,1.90038387917615e-59
"AT3G44190",1.63066482973716e-64,-0.961219256050361,0.323,0.659,2.06106250489799e-59
"AT1G64230",1.98429293517598e-64,-0.832618655868102,0.336,0.687,2.50802721248633e-59
"AT4G29480",3.22944875490607e-64,-1.05088449263461,0.339,0.672,4.08182945927598e-59
"AT1G20100",4.04204283099531e-64,-0.821444594481845,0.33,0.686,5.10889961580822e-59
"AT4G37410",4.4464173452724e-64,-1.00939898449568,0.314,0.65,5.6200047393836e-59
"AT1G09560",4.70630345964303e-64,-0.996958802229184,0.392,0.72,5.94848519478121e-59
"AT4G21850",6.62690942004381e-64,-1.20700257119558,0.454,0.752,8.37601589237017e-59
"AT1G14870",7.65333952505595e-64,-1.01057101993096,0.533,0.794,9.67336195929922e-59
"AT3G19820",9.89976707839467e-64,-1.28240630104895,0.332,0.642,1.25127116010662e-58
"AT1G72510",1.83510976194591e-63,-0.997831640534225,0.479,0.768,2.31946863251392e-58
"AT3G07480",1.85243551392215e-63,-1.01451848970038,0.33,0.658,2.34136734346676e-58
"AT1G02840",1.88275457280731e-63,-1.11183809096762,0.183,0.505,2.37968881475407e-58
"AT1G18080",3.73703336205858e-63,-1.42627721791398,0.4,0.672,4.72338594764032e-58
"AT4G26710",4.33974979238388e-63,-0.950659748659669,0.26,0.596,5.48518335258568e-58
"AT1G11650",4.61414973119924e-63,-1.00339912705475,0.194,0.527,5.83200841125196e-58
"AT5G10450",8.17168693229068e-63,-0.733822964157843,0.476,0.801,1.03285219811995e-57
"AT4G40040",9.97550676050777e-63,-0.846584664042413,0.42,0.754,1.26084420148762e-57
"AT1G33120",1.99845206031531e-62,-1.24220236644728,0.387,0.68,2.52592349711494e-57
"AT5G13440",2.17878434303143e-62,-1.08955886376623,0.201,0.524,2.75385268253115e-57
"AT5G47210",2.588143840529e-62,-1.37089100349614,0.274,0.58,3.27125852579822e-57
"AT4G39260",2.86542895860972e-62,-0.763042848500874,0.459,0.767,3.62173027794516e-57
"AT3G47350",2.88840879276625e-62,-1.39993553279194,0.156,0.458,3.65077540952898e-57
"AT4G13430",4.85408011101349e-62,-1.2569810006986,0.159,0.47,6.13526601551439e-57
"AT3G09840",6.00006157848111e-62,-0.976631778261514,0.271,0.599,7.58371783150542e-57
"AT5G14040",8.17816793365493e-62,-1.08258985952558,0.346,0.655,1.03367135780638e-56
"AT2G01140",1.21855612051671e-61,-0.928570372875191,0.367,0.685,1.54018182296589e-56
"AT4G13340",1.37289610198879e-61,-1.60071748484001,0.13,0.423,1.73525829914771e-56
"AT3G01540",1.50878414455816e-61,-1.19169058109566,0.148,0.458,1.90701263167284e-56
"AT5G42790",1.53828492950308e-61,-1.29567496747246,0.194,0.498,1.94429985379612e-56
"AT1G11910",3.39657223400513e-61,-0.668703401612084,0.411,0.76,4.29306350944844e-56
"AT3G14290",4.04629805625738e-61,-1.3999781303469,0.127,0.424,5.11427796522596e-56
"AT4G00100",4.62765591603701e-61,-1.34999359307398,0.518,0.767,5.84907941851582e-56
"AT1G04820",4.72800877585739e-61,-1.23014486502612,0.326,0.621,5.97591941215719e-56
"AT3G62870",4.93492548214129e-61,-1.44740534184647,0.505,0.758,6.23744971389766e-56
"AT2G42210",6.94861866273102e-61,-1.06000308103011,0.226,0.55,8.78263707257224e-56
"AT1G15930",7.75060308841379e-61,-1.49115359335742,0.544,0.782,9.79629726756973e-56
"AT1G56280",9.24059437784932e-61,-0.817888184394953,0.324,0.673,1.16795568579389e-55
"AT5G08680",1.14565319292297e-60,-1.00532629130693,0.288,0.612,1.44803689666306e-55
"AT3G02090",1.41208020455829e-60,-0.893288275747839,0.293,0.627,1.7847846537494e-55
"AT2G40000",1.43866955451337e-60,-1.08491583852368,0.313,0.628,1.81839199673162e-55
"AT3G13435",1.4452079371249e-60,-1.12476924375029,0.247,0.565,1.82665612004964e-55
"AT4G34670",1.50565083434634e-60,-1.43700795355728,0.386,0.66,1.90305231556371e-55
"AT1G78660",1.54323572259567e-60,-0.964775371226471,0.281,0.611,1.95055735921758e-55
"AT1G08930",1.6931545774155e-60,-1.38962544293674,0.184,0.486,2.14004579657855e-55
"AT3G13790",2.01492436788637e-60,-0.841091825549198,0.258,0.593,2.5467435055463e-55
"AT5G42980",2.34610065539321e-60,-0.710796143323262,0.732,0.926,2.96533046237769e-55
"AT4G37910",2.49752698772233e-60,-1.53086837493728,0.13,0.423,3.15672426086176e-55
"AT4G20150",3.19197342262563e-60,-0.84405394151439,0.466,0.76,4.03446288779344e-55
"AT4G09000",3.29472547990826e-60,-0.929404591424705,0.264,0.588,4.16433532307524e-55
"AT5G60390",3.78123680213916e-60,-1.41737420712104,0.729,0.897,4.77925644369576e-55
"AT5G39570",3.98145030241662e-60,-0.965751804661536,0.385,0.714,5.03231429523646e-55
"AT2G25450",4.01759120771776e-60,-1.10994124236219,0.317,0.637,5.07799423108279e-55
"AT5G13850",4.73160688486619e-60,-1.2626098184669,0.223,0.519,5.98046720605777e-55
"AT2G46280",5.67450029109186e-60,-1.65187890818385,0.142,0.426,7.17222789792265e-55
"AT3G62420",6.33872462938084e-60,-0.861175205170668,0.261,0.595,8.01176760805962e-55
"AT4G14960",6.55636282050183e-60,-1.19276350986122,0.282,0.588,8.28684922334508e-55
"AT4G36040",8.00864608016344e-60,-0.938564613715841,0.292,0.617,1.01224481265618e-54
"AT4G27130",8.40311052830222e-60,-1.15923156673878,0.177,0.489,1.06210275211423e-54
"AT1G22840",8.41310410503631e-60,-0.882273182860323,0.564,0.822,1.06336588025196e-54
"AT5G11170",1.15963723734184e-59,-1.29482892677265,0.153,0.457,1.46571188976584e-54
"AT3G05530",1.24688291000955e-59,-1.20295449405997,0.13,0.425,1.57598518527747e-54
"AT3G58610",1.46438460823791e-59,-1.26316163151903,0.246,0.549,1.85089428173623e-54
"AT2G36380",1.4681793106386e-59,-1.22743769570185,0.157,0.457,1.85569055788855e-54
"AT5G46020",1.81087508831844e-59,-1.17321665419359,0.237,0.547,2.28883745912921e-54
"AT3G56800",1.87326982526672e-59,-0.990168555687009,0.329,0.657,2.36770066294762e-54
"AT4G39730",2.11446936327992e-59,-1.03690847314423,0.21,0.528,2.67256240702402e-54
"AT5G20020",4.12841941776979e-59,-1.07528496074838,0.356,0.658,5.21807443889594e-54
"AT5G34850",4.58743762651586e-59,-0.934306796346576,0.258,0.589,5.79824591365845e-54
"AT3G27240",5.89462560699982e-59,-1.0178436952398,0.258,0.571,7.45045308971135e-54
"AT3G03100",6.13090627688702e-59,-0.858121431196495,0.328,0.658,7.74909767960858e-54
"AT3G04120",6.34115790793179e-59,-0.906101279922867,0.755,0.932,8.0148431261513e-54
"AT5G09510",7.78340983622715e-59,-1.40411838144526,0.283,0.566,9.83776302840094e-54
"AT3G58500",7.93500126674243e-59,-1.34313935043684,0.146,0.437,1.00293655010864e-53
"AT3G30775",7.95258959124043e-59,-0.868682619012488,0.501,0.799,1.00515960879524e-53
"AT1G61740",9.14718771543578e-59,-1.42428607503779,0.132,0.423,1.15614964410479e-53
"AT5G44020",9.58837405544523e-59,-1.40606357569946,0.405,0.691,1.21191295036394e-53
"AT2G36830",1.10860755795741e-58,-0.903963611416915,0.788,0.948,1.40121343680469e-53
"AT1G49140",1.11355969465266e-58,-1.24817875800537,0.161,0.462,1.40747264045929e-53
"AT4G38680",1.16256610064829e-58,-1.38800114812526,0.201,0.488,1.4694137972534e-53
"AT1G07930",1.16779549253524e-58,-1.06943930766548,0.45,0.732,1.47602343483499e-53
"AT1G09780",1.25279335863797e-58,-1.07456605629365,0.249,0.557,1.58345563771688e-53
"AT3G17240",1.47789580707709e-58,-1.10814473957948,0.179,0.486,1.86797162639701e-53
"AT4G27280",1.58095129527341e-58,-1.0445335343678,0.252,0.566,1.99822758014787e-53
"AT1G65290",1.68847787436339e-58,-0.951566434134833,0.435,0.722,2.13413472452286e-53
"AT1G56330",1.86250236648941e-58,-1.18775772202415,0.314,0.612,2.35409124110062e-53
"AT5G26280",1.91656532573509e-58,-0.818485404141742,0.582,0.846,2.42242357780961e-53
"AT1G07920",2.00386752476308e-58,-1.20079532817269,0.48,0.742,2.53276831924905e-53
"AT5G48810",2.15382011050896e-58,-0.969232989688322,0.338,0.653,2.7222993904767e-53
"AT3G26470",2.85609997592158e-58,-1.52007539924445,0.155,0.441,3.60993900356632e-53
"AT3G25520",3.12057049595179e-58,-1.27101814178215,0.494,0.752,3.94421387265331e-53
"AT4G02580",3.26820926342511e-58,-1.02931770922551,0.2,0.515,4.13082041641354e-53
"AT1G27970",5.40656489996389e-58,-1.18555803661243,0.2,0.504,6.83357363966036e-53
"AT3G15810",5.95777067699799e-58,-1.25083057615634,0.135,0.427,7.53026466948483e-53
"AT1G18210",7.23229738538223e-58,-0.863610698086559,0.293,0.623,9.14118995728002e-53
"AT2G41110",7.77324062101993e-58,-0.930428513065534,0.355,0.68,9.82490975053193e-53
"AT3G62400",9.40413580676779e-58,-0.816219689378526,0.367,0.685,1.18862634116061e-52
"AT3G52730",9.47792977891298e-58,-0.889664444451899,0.488,0.77,1.19795345647593e-52
"AT2G30500",9.79334439078032e-58,-1.22068297406637,0.153,0.452,1.23781997092829e-52
"AT1G22300",1.09474620812004e-57,-0.7809159255867,0.495,0.791,1.38369352229125e-52
"AT1G18540",1.2570631173576e-57,-1.31871904602914,0.484,0.735,1.58885235655297e-52
"AT4G02450",1.4682238831128e-57,-1.26278204572604,0.222,0.513,1.85574689482159e-52
"AT5G23830",1.64420587918458e-57,-1.24679499247645,0.289,0.591,2.07817757893656e-52
"AT2G28910",2.03296663477268e-57,-0.945968799254268,0.212,0.533,2.56954784835458e-52
"AT3G11130",2.17871728260344e-57,-1.23162666793754,0.179,0.477,2.75376792217379e-52
"AT2G44790",2.37603870404377e-57,-0.914163672832956,0.538,0.804,3.00317035958909e-52
"AT5G66760",2.53918343233635e-57,-0.959302053784452,0.23,0.551,3.2093755074672e-52
"AT5G59880",2.78089437232529e-57,-0.931286364299296,0.342,0.644,3.51488363295682e-52
"AT4G32060",2.9974321333643e-57,-0.952023927121808,0.215,0.53,3.78857437064448e-52
"AT1G67350",3.3544116739094e-57,-0.846982039525514,0.318,0.636,4.23977509112104e-52
"AT3G60820",3.78335321582674e-57,-1.09210538508829,0.194,0.501,4.78193146361205e-52
"AT5G63600",3.91740387771037e-57,-1.1983053280994,0.172,0.466,4.95136345719325e-52
"AT1G13060",4.65076738507726e-57,-1.11540013527115,0.168,0.467,5.87829092869456e-52
"AT3G48140",7.09096271950688e-57,-0.647927628816375,0.65,0.911,8.96255141969352e-52
"AT3G02560",7.37185708490621e-57,-1.19867137675505,0.394,0.676,9.31758504389635e-52
"AT2G38700",8.1149119040701e-57,-1.49366851102346,0.117,0.395,1.02567617520304e-51
"AT5G11740",8.33372984352531e-57,-1.18896244056274,0.289,0.592,1.05333344984254e-51
"AT4G29350",9.7086883682758e-57,-0.779570933018162,0.654,0.888,1.22711995761985e-51
"ATCG00790",1.09974395602573e-56,-1.22232066963992,0.149,0.445,1.39001037577916e-51
"AT5G01350",1.20943368783029e-56,-0.830279266028053,0.253,0.575,1.52865161539621e-51
"AT3G15640",2.26993908830043e-56,-1.15769533171628,0.178,0.474,2.86906681126645e-51
"AT1G72020",2.53714686881514e-56,-0.81516582146068,0.434,0.734,3.20680141337021e-51
"AT4G36648",2.65979173372991e-56,-0.848220563699545,0.644,0.847,3.36181716393058e-51
"AT4G23630",2.75904231161144e-56,-1.07694059151794,0.24,0.542,3.48726393933817e-51
"AT5G59950",2.95945561764959e-56,-1.0811669352913,0.151,0.445,3.74057433337203e-51
"AT5G62390",3.19915730777167e-56,-0.93977999098116,0.245,0.553,4.04354288758492e-51
"AT3G52300",3.26924543996924e-56,-0.759484032983426,0.608,0.853,4.13213008139472e-51
"AT1G79550",3.39680274360007e-56,-0.822921381600108,0.448,0.748,4.29335485974587e-51
"AT4G29410",3.46882813119044e-56,-1.41850402420214,0.29,0.567,4.38439062813685e-51
"AT5G67500",3.70344211865271e-56,-1.17782503229745,0.182,0.478,4.6809286314499e-51
"AT1G79750",5.12585586876612e-56,-1.14451875375709,0.152,0.445,6.47877426676825e-51
"AT5G39950",5.71104721314252e-56,-0.747834175608084,0.297,0.638,7.21842101457936e-51
"AT3G48990",6.34423087862462e-56,-0.748160549786348,0.271,0.606,8.0187271767288e-51
"AT4G33250",6.86957270355371e-56,-1.10493876081326,0.219,0.516,8.68272772292968e-51
"AT1G47420",7.12138218319065e-56,-0.833273957342501,0.255,0.578,9.00099979662199e-51
"AT1G72370",7.18891100677906e-56,-1.2742558966043,0.566,0.797,9.08635217790833e-51
"AT1G21310",7.39096019506795e-56,-0.912572954179599,0.747,0.908,9.34173022895418e-51
"AT5G58420",7.46944785786583e-56,-1.42997119508702,0.352,0.624,9.44093392547093e-51
"AT3G02780",7.56367230366266e-56,-0.934059668152765,0.29,0.602,9.56002797149138e-51
"AT1G09140",7.97487439124319e-56,-0.893646345344041,0.24,0.561,1.00797627380679e-50
"AT5G65430",8.43387059342369e-56,-0.710954854549524,0.391,0.726,1.06599063978519e-50
"AT1G73230",8.49915222959592e-56,-1.30141404204107,0.32,0.596,1.07424184690755e-50
"AT4G27000",9.45610398736214e-56,-1.36009512166402,0.125,0.409,1.19519480737865e-50
"AT2G31610",1.1353896040403e-55,-1.45906549458525,0.272,0.544,1.4350643361307e-50
"AT1G57720",1.32053277932961e-55,-1.28267655372485,0.299,0.575,1.66907420110587e-50
"AT5G47030",1.35595266210079e-55,-0.830628023166409,0.396,0.703,1.71384280773568e-50
"AT5G56170",1.44668291818908e-55,-1.02217703240986,0.204,0.513,1.82852040761591e-50
"AT2G18020",1.45057640732117e-55,-1.3525165463468,0.647,0.847,1.83344154426952e-50
"AT3G57520",1.63533835855156e-55,-1.20180766757494,0.242,0.541,2.06696956490766e-50
"AT2G25460",1.75026702312716e-55,-1.58401044671218,0.217,0.494,2.21223250121134e-50
"AT2G31390",2.08334722218564e-55,-0.994275659218447,0.253,0.559,2.63322588800931e-50
"AT5G54760",2.08809936002623e-55,-1.03927344511667,0.152,0.457,2.63923230511155e-50
"AT5G15320",2.52213684163085e-55,-0.827039648628421,0.454,0.739,3.1878296396109e-50
"AT2G40765",2.9415590721947e-55,-0.801799452032701,0.418,0.719,3.71795417370977e-50
"AT1G66240",2.99760159144578e-55,-0.653267149326233,0.564,0.852,3.78878855549198e-50
"AT4G01100",3.1838576148442e-55,-1.20276489911051,0.152,0.434,4.02420499370617e-50
"AT5G18310",3.43789702088883e-55,-1.343295309363,0.142,0.425,4.34529556058223e-50
"AT5G20010",3.54764632832788e-55,-0.943572289314729,0.225,0.536,4.48401210022674e-50
"AT3G01280",3.8015083360873e-55,-0.824035417149416,0.459,0.748,4.80487844631418e-50
"AT2G44350",3.89796539544633e-55,-0.920344562873949,0.237,0.559,4.92679438192044e-50
"AT3G60600",4.18344469702894e-55,-1.01494831211344,0.201,0.506,5.28762309036276e-50
"AT1G08830",4.84755252685965e-55,-0.746179002719526,0.498,0.783,6.12701554079899e-50
"AT2G21580",5.03917996393486e-55,-1.20016982272838,0.412,0.689,6.36922112361583e-50
"AT2G42310",7.06246770136463e-55,-0.821056375320019,0.319,0.644,8.92653542646281e-50
"AT4G30190",8.1784052040608e-55,-0.86398697181205,0.496,0.786,1.03370134736206e-49
"AT1G22450",8.740787457449e-55,-0.950322943246362,0.251,0.558,1.10478308989681e-49
"AT3G18740",9.11228233569073e-55,-1.13519092241892,0.563,0.802,1.15173781353729e-49
"AT2G47470",1.00947564663719e-54,-0.921043896010709,0.324,0.636,1.27591664881062e-49
"AT2G33150",1.24650959078031e-54,-1.03684970510062,0.175,0.47,1.57551333217087e-49
"AT1G42960",1.79618761468984e-54,-1.08400261666219,0.22,0.515,2.27027337371108e-49
"AT1G20050",1.83393630734509e-54,-1.285233457429,0.175,0.461,2.31798545630575e-49
"AT2G22500",2.22805348843164e-54,-1.07478185780211,0.188,0.486,2.81612592616829e-49
"AT3G13460",2.23837640886283e-54,-1.58318748797558,0.115,0.385,2.82917347821808e-49
"AT3G59920",2.46240063052856e-54,-1.2845698582712,0.167,0.452,3.11232665295027e-49
"AT1G54580",2.50567116969801e-54,-1.00932775216299,0.496,0.755,3.1670180182281e-49
"AT5G55190",2.5393305608347e-54,-1.15231637591428,0.229,0.521,3.20956146906141e-49
"AT2G20760",2.95944730693844e-54,-1.10881486274761,0.191,0.489,3.74056382913177e-49
"AT5G56670",3.04972574243646e-54,-1.11375943470429,0.536,0.786,3.85467035489513e-49
"AT3G56310",3.31128957806788e-54,-1.04709500051972,0.151,0.443,4.18527134930312e-49
"AT2G18040",3.39733350697252e-54,-0.960868334664665,0.265,0.566,4.29402571280285e-49
"AT2G38470",3.94326452319936e-54,-1.5466355237929,0.162,0.439,4.98404976145259e-49
"AT1G76990",4.36856203888436e-54,-0.938112913106305,0.244,0.556,5.5216003034275e-49
"AT4G35090",4.77509290378844e-54,-0.762540535189292,0.242,0.566,6.03543092481436e-49
"AT3G51730",5.37898941019316e-54,-0.793974845712794,0.289,0.607,6.79871987511954e-49
"AT3G26690",5.38974158157788e-54,-1.24955044981522,0.168,0.453,6.81230997461954e-49
"AT4G02230",5.60766762462586e-54,-1.04564573925107,0.241,0.538,7.08775541746961e-49
"AT1G10670",6.48493255541882e-54,-1.32295809418414,0.151,0.434,8.19656565409607e-49
"AT1G14400",8.79756731639121e-54,-0.925336044339706,0.223,0.529,1.11195972338795e-48
"AT4G20860",9.6164334697613e-54,-1.22897167938892,0.163,0.445,1.21545949197701e-48
"AT4G11150",1.06941428197599e-53,-0.824440119494629,0.389,0.693,1.35167548756074e-48
"AT5G26030",1.12578364915208e-53,-1.05268993609907,0.202,0.497,1.42292298550928e-48
"AT1G66260",1.18160955134333e-53,-0.87164479112818,0.21,0.524,1.49348357632489e-48
"AT2G23090",1.25057614416703e-53,-0.646524341955425,0.363,0.683,1.58065321165848e-48
"AT1G65930",1.2922436089165e-53,-0.666841535457316,0.683,0.913,1.63331838705393e-48
"AT2G33220",1.38418601104262e-53,-0.786495277072402,0.247,0.558,1.74952806679721e-48
"AT2G46540",1.38850589898032e-53,-0.790659035311379,0.263,0.575,1.75498814595719e-48
"AT5G04740",1.42687132730211e-53,-0.737116553973452,0.288,0.612,1.80347974543023e-48
"AT2G21660",1.6657096169754e-53,-1.44146021855686,0.497,0.737,2.10535701327989e-48
"AT2G18960",1.70561339154193e-53,-0.729620497068973,0.319,0.637,2.1557929901055e-48
"AT1G20580",1.78015728891486e-53,-1.18537416628282,0.163,0.442,2.25001200375105e-48
"AT5G20500",1.96320128328593e-53,-0.853003907463239,0.369,0.666,2.48136862999642e-48
"AT1G74050",1.97340573304402e-53,-1.17811333432522,0.338,0.616,2.49426644222366e-48
"AT5G61170",2.20836671526108e-53,-1.15738281805255,0.511,0.769,2.79124302608709e-48
"AT5G19860",2.28687312324486e-53,-0.846671664016251,0.181,0.492,2.89047041539411e-48
"AT5G62700",2.47832326180636e-53,-1.06970701786159,0.303,0.59,3.13245190352753e-48
"AT5G59613",2.63897079230025e-53,-0.740168777426201,0.647,0.88,3.33550074321997e-48
"AT1G21720",3.56105877424764e-53,-1.1892706401565,0.146,0.427,4.50096462712256e-48
"AT1G52740",3.56855722856891e-53,-1.04365237638882,0.245,0.538,4.51044222347739e-48
"AT1G15270",3.62964753651232e-53,-0.699622485853258,0.565,0.829,4.58765670729938e-48
"AT2G47170",3.66841696386221e-53,-0.996832257619381,0.385,0.669,4.636658937304e-48
"AT5G25770",3.76092954458888e-53,-0.952942267623147,0.26,0.566,4.75358928858767e-48
"AT3G62120",3.90804508868758e-53,-0.921725880940418,0.245,0.549,4.93953450939578e-48
"AT5G19770",3.99976723517728e-53,-1.20563219691414,0.171,0.454,5.05546579922997e-48
"AT3G46000",4.09035519412061e-53,-0.967499182036518,0.168,0.468,5.16996354405681e-48
"AT5G07090",4.15136168280477e-53,-1.21725244665895,0.441,0.695,5.24707208536426e-48
"AT2G01250",4.33494789565351e-53,-1.28652311131148,0.556,0.791,5.4791140432323e-48
"AT1G24180",4.63913029743432e-53,-1.05482775419498,0.201,0.495,5.86358234813913e-48
"AT2G18160",4.72814400370662e-53,-0.651595711690462,0.385,0.722,5.97609033204494e-48
"AT3G21710",4.80485684128171e-53,-1.25096970638034,0.204,0.485,6.07305075596961e-48
"AT5G48580",5.05446706479245e-53,-1.32705455314228,0.21,0.489,6.38854310187376e-48
"AT1G32460",5.51519533478205e-53,-0.730872726347221,0.356,0.684,6.97087599144442e-48
"AT1G71010",5.64593710038004e-53,-0.959120102060405,0.246,0.549,7.13612573865435e-48
"AT4G24820",6.24602364867266e-53,-1.12241749546582,0.173,0.467,7.89459913050332e-48
"AT1G16700",6.46060887959421e-53,-1.055796457713,0.151,0.438,8.1658219872743e-48
"AT1G27730",6.73528825391163e-53,-0.945808941109013,0.318,0.623,8.51300023564907e-48
"AT4G32020",7.14164162234429e-53,-0.784433823037152,0.226,0.54,9.02660651214584e-48
"AT5G10980",7.78787804274128e-53,-0.806118883243753,0.411,0.727,9.84341057334242e-48
"AT2G47510",8.46476020682334e-53,-1.10752760087903,0.135,0.415,1.06989490158123e-47
"AT5G23900",8.58544949741061e-53,-1.30264419232018,0.294,0.563,1.08514930377572e-47
"AT1G63940",8.82557127174274e-53,-1.02836706046195,0.147,0.432,1.11549925532065e-47
"AT5G67590",8.85707537936407e-53,-0.919134854565525,0.26,0.56,1.11948118549934e-47
"AT1G35160",8.86811878476965e-53,-1.16900360819178,0.177,0.464,1.12087700568218e-47
"AT4G13940",9.94775271943032e-53,-0.983436787951977,0.678,0.871,1.25733625721968e-47
"AT5G15650",1.18751250958353e-52,-1.11873737888537,0.342,0.634,1.50094456136301e-47
"AT4G34700",1.18836720152989e-52,-0.759919640482463,0.41,0.713,1.50202484070169e-47
"AT3G12260",1.34037537775084e-52,-0.882880457499728,0.299,0.604,1.69415405495439e-47
"AT1G74060",1.49997375168369e-52,-1.17713146584694,0.336,0.602,1.89587682370308e-47
"AT5G19510",1.54966409972291e-52,-1.18550374642633,0.566,0.786,1.95868244220377e-47
"AT5G02870",1.70153024903905e-52,-1.17180040568809,0.402,0.672,2.15063214297041e-47
"AT2G22170",1.72745467852965e-52,-1.06070691953473,0.585,0.815,2.18339906638077e-47
"AT2G26080",1.8043944338742e-52,-1.27523245286534,0.122,0.396,2.28064630075095e-47
"AT4G20850",1.82672354145716e-52,-1.1880538954133,0.136,0.418,2.30886895298937e-47
"AT1G04850",2.20733749869046e-52,-1.08466390418821,0.179,0.473,2.78994215809482e-47
"AT4G02380",2.36688409083503e-52,-0.843534266728003,0.517,0.791,2.99159947777003e-47
"AT2G23350",2.42440181386926e-52,-1.42168880225431,0.119,0.386,3.06429842862191e-47
"AT2G34585",2.75183683097756e-52,-1.06688738270554,0.142,0.42,3.47815664414578e-47
"AT4G10480",2.79706597853875e-52,-1.26061575155977,0.285,0.562,3.53532357291426e-47
"AT3G08610",3.11837274620162e-52,-0.708960723361073,0.552,0.822,3.94143604883408e-47
"AT4G11600",4.05309723669246e-52,-0.69752044740651,0.466,0.769,5.12287172134506e-47
"AT4G31700",4.49965349850825e-52,-1.13260434145885,0.566,0.795,5.68729204290452e-47
"AT1G07770",4.91756509076134e-52,-1.01856851960189,0.59,0.821,6.21550722081688e-47
"AT4G17340",5.42416487653382e-52,-0.916820508643497,0.574,0.825,6.85581895404616e-47
"AT1G24360",5.61781345617344e-52,-1.1365818688071,0.187,0.47,7.10057913979586e-47
"AT3G20390",7.08702470881962e-52,-1.00851202335796,0.269,0.559,8.95757401046546e-47
"AT1G14320",7.81275878915794e-52,-1.16470719687666,0.657,0.853,9.87485834396829e-47
"AT1G53240",9.9237438487605e-52,-0.901724322400116,0.327,0.615,1.25430168002023e-46
"AT4G34450",1.01920320131571e-51,-1.01954190665215,0.206,0.498,1.28821169427098e-46
"AT4G39090",1.06554487668389e-51,-0.746140859801544,0.373,0.687,1.34678479143584e-46
"AT5G42050",1.07430797400273e-51,-0.795591020477509,0.288,0.599,1.35786082066102e-46
"AT3G52450",1.10205200786853e-51,-1.23935718251434,0.136,0.411,1.39292761482535e-46
"AT5G58290",1.10768094217705e-51,-0.926604708517353,0.193,0.488,1.40004225005526e-46
"AT1G33140",1.17786981968573e-51,-1.11378306524201,0.572,0.803,1.48875677989358e-46
"AT5G35530",1.182472365121e-51,-1.33596244042937,0.283,0.543,1.49457412117104e-46
"AT5G42080",1.54801210083179e-51,-1.43531055011421,0.104,0.364,1.95659441472534e-46
"AT3G07680",1.67243174493339e-51,-1.23339171504529,0.148,0.426,2.11385337969111e-46
"AT5G52840",1.69457579230596e-51,-0.861106138392168,0.305,0.602,2.14184212692719e-46
"AT3G54880",1.77732844164951e-51,-0.714108788296651,0.283,0.601,2.24643651053849e-46
"AT2G36580",1.97318137424787e-51,-1.35635501220342,0.122,0.385,2.49398286616686e-46
"AT1G18300",2.0419870485523e-51,-1.12340387487569,0.247,0.532,2.58094911014719e-46
"AT1G43170",2.07835756154226e-51,-1.26295653263264,0.536,0.767,2.62691925633572e-46
"AT5G05170",2.1924858364498e-51,-1.0218293106607,0.221,0.513,2.77117054812236e-46
"AT2G04390",2.43909499086313e-51,-1.16603247075516,0.344,0.617,3.08286972275154e-46
"AT5G20650",2.54194283482014e-51,-0.868752548291746,0.26,0.573,3.21286322664257e-46
"AT3G09270",2.78061657014176e-51,-1.05592681878972,0.175,0.463,3.51453250766498e-46
"AT5G20700",3.15584437878814e-51,-1.08647920612285,0.187,0.473,3.98879794412549e-46
"AT2G44620",3.46761454702188e-51,-0.972585497870094,0.233,0.522,4.38285673056284e-46
"AT5G65925",3.58018072207713e-51,-0.971456517905227,0.177,0.455,4.52513362186217e-46
"AT5G12880",3.77862778832296e-51,-1.47226861522684,0.105,0.361,4.77595880677292e-46
"AT1G76010",4.70492151100063e-51,-1.39981793360681,0.119,0.379,5.94673849461414e-46
"AT4G39200",4.95748676197391e-51,-1.23596339134055,0.78,0.922,6.26596581792931e-46
"AT1G19180",5.06063054200708e-51,-0.777055694898173,0.415,0.711,6.39633336726442e-46
"AT3G52090",5.11596336159372e-51,-0.98912893236917,0.158,0.444,6.46627073125276e-46
"AT4G17520",5.19444120616431e-51,-1.33281050428747,0.198,0.468,6.56546201811932e-46
"AT1G26110",5.23389553499091e-51,-1.15367772129889,0.142,0.417,6.61532992249641e-46
"AT2G23810",5.84219617629828e-51,-0.930404287994616,0.353,0.65,7.38418543507045e-46
"AT1G11840",6.75350006474717e-51,-0.800028780141612,0.272,0.591,8.53601887183654e-46
"AT3G53740",6.79600608101006e-51,-1.17643146389559,0.637,0.845,8.58974392603186e-46
"AT3G17390",7.0982783808025e-51,-0.995247698294769,0.304,0.594,8.97179797663151e-46
"AT1G27450",7.22814554563874e-51,-0.930550498414418,0.342,0.623,9.13594228095463e-46
"AT1G75630",7.2922246760106e-51,-0.824707420118846,0.245,0.549,9.21693445699683e-46
"AT4G02620",9.44714929415734e-51,-0.847862203186446,0.294,0.606,1.19406298788572e-45
"AT5G37510",9.62260302879397e-51,-0.900607389746352,0.222,0.523,1.21623928722138e-45
"AT1G16180",1.11763651716176e-50,-0.829433623208088,0.183,0.482,1.41262549950144e-45
"AT5G17330",1.15159530816754e-50,-1.0685431463248,0.32,0.614,1.45554737380528e-45
"AT1G74840",1.29740956472531e-50,-0.886343192984331,0.249,0.549,1.63984784523891e-45
"AT3G53480",1.40777695960003e-50,-0.99643832863045,0.181,0.463,1.77934561031686e-45
"AT4G32530",1.47036712901422e-50,-1.08409261120132,0.168,0.451,1.85845582904623e-45
"AT1G43890",1.50154765196152e-50,-0.91799441580602,0.162,0.446,1.89786613922024e-45
"AT3G63310",1.54029078522786e-50,-0.973695063507491,0.149,0.432,1.9468351350809e-45
"AT1G50010",1.84866977317793e-50,-1.2134809507591,0.292,0.567,2.33660767311051e-45
"AT2G41430",1.9532165006456e-50,-0.597071183707861,0.623,0.883,2.468748463826e-45
"AT4G27652",2.04746370571089e-50,-0.788116900127061,0.395,0.698,2.58787127619623e-45
"AT1G47260",2.18624224797292e-50,-0.89716151982937,0.227,0.522,2.76327902690289e-45
"AT3G62790",2.46399569258434e-50,-1.01831882331414,0.204,0.495,3.11434271568505e-45
"AT1G02500",2.53513031317994e-50,-0.781587154879826,0.447,0.74,3.20425260804066e-45
"AT4G24330",2.65554928686436e-50,-1.20159678467426,0.127,0.394,3.35645496563934e-45
"AT5G43460",2.68311059981194e-50,-0.970683177668229,0.246,0.525,3.3912908115263e-45
"AT3G13930",2.89761656931006e-50,-0.873367595512785,0.182,0.471,3.66241348661376e-45
"AT2G17500",3.31781251868362e-50,-1.37654720192113,0.126,0.393,4.19351595486498e-45
"AT3G15730",3.34739624545527e-50,-0.90556992279882,0.261,0.557,4.23090801048074e-45
"AT5G10860",4.27290608599218e-50,-0.83297744237341,0.273,0.577,5.40069691832896e-45
"AT4G38470",4.6862310092527e-50,-0.788199056602173,0.322,0.628,5.92311482183486e-45
"AT3G53670",4.76495936435687e-50,-1.61304767608024,0.088,0.337,6.02262273898522e-45
"AT5G35590",4.83625288950954e-50,-1.05442521494003,0.182,0.459,6.11273347716668e-45
"AT5G64100",7.28172204799254e-50,-1.00083069838458,0.313,0.604,9.20365976533969e-45
"AT1G29470",9.10924569778084e-50,-1.14893419850339,0.186,0.461,1.15135400072531e-44
"AT5G46430",1.13337822811103e-49,-1.07849916511678,0.307,0.582,1.43252207763865e-44
"AT5G10960",1.15546144671134e-49,-0.988529505927398,0.134,0.407,1.46043394095634e-44
"AT4G02520",1.26787474405219e-49,-1.3991111972247,0.142,0.411,1.60251760399732e-44
"AT5G36880",1.4685715160798e-49,-1.10570815452007,0.145,0.413,1.8561862820339e-44
"AT2G17360",1.57527803283211e-49,-1.1964327750326,0.439,0.682,1.99105691681782e-44
"AT5G66510",1.62015795470907e-49,-0.96846434380995,0.181,0.462,2.04778244527498e-44
"AT4G13850",1.71000547802109e-49,-1.31753555677447,0.245,0.509,2.16134432388998e-44
"AT5G49720",1.73581875329888e-49,-0.937925531876213,0.204,0.492,2.19397075504459e-44
"AT5G11500",1.89051937056632e-49,-0.737394767328403,0.295,0.602,2.3895030532336e-44
"AT2G46390",1.96484204344578e-49,-0.658817046332183,0.465,0.767,2.48344245239286e-44
"AT1G66200",1.99101607586287e-49,-0.978516858490153,0.414,0.694,2.51652485892612e-44
"AT3G47810",2.13067656938721e-49,-1.01325598211166,0.145,0.422,2.69304734311127e-44
"AT4G01610",2.20630273146026e-49,-0.776362778405318,0.21,0.507,2.78863427440188e-44
"AT1G69510",2.34713882610372e-49,-0.776251223750512,0.321,0.625,2.96664264786553e-44
"AT1G80380",2.46704444369298e-49,-1.0593659953607,0.401,0.67,3.11819615416131e-44
"AT4G27320",2.68310884165942e-49,-1.00845729866991,0.139,0.409,3.39128858932701e-44
"AT1G65510",2.72218723978055e-49,-1.84006839697077,0.086,0.328,3.44068133984823e-44
"AT4G16450",2.95613108827131e-49,-0.721430135830811,0.433,0.72,3.73637232770964e-44
"AT2G27530",3.00344705304649e-49,-1.14134651366912,0.506,0.755,3.79617686822757e-44
"AT3G09740",3.1800914876033e-49,-1.21297410849481,0.119,0.378,4.01944483484132e-44
"AT3G22110",3.23865930348658e-49,-1.22106353376542,0.153,0.421,4.09347104004883e-44
"AT2G05220",3.51754285504211e-49,-1.08256768564735,0.484,0.726,4.44596311620193e-44
"AT4G08520",3.62229098406409e-49,-1.09568950150595,0.201,0.477,4.57835846639797e-44
"AT2G02390",3.67867350554593e-49,-0.786638425858107,0.174,0.457,4.64962259059972e-44
"AT2G43150",3.90475907398147e-49,-0.687793461584022,0.754,0.926,4.93538118396813e-44
"AT3G52800",3.91678587126042e-49,-0.680362147401866,0.389,0.7,4.95058233412089e-44
"AT3G24830",4.25308412945818e-49,-1.22212363943583,0.585,0.799,5.37564315458737e-44
"AT3G23990",4.42180584230661e-49,-1.33967942156928,0.166,0.429,5.58889727632502e-44
"AT1G78040",4.74722288349642e-49,-0.959134095685523,0.508,0.775,6.00020489136646e-44
"AT5G23540",4.89632519181013e-49,-1.10856295693323,0.181,0.448,6.1886612629365e-44
"AT2G47380",5.19805420663514e-49,-0.704024965601101,0.395,0.694,6.57002863393441e-44
"AT5G52650",5.3450594769163e-49,-1.14265161518453,0.508,0.745,6.75583447525359e-44
"AT4G34200",5.46064092668948e-49,-1.15539507124354,0.22,0.49,6.9019224928799e-44
"AT1G27400",5.51486204568021e-49,-1.2589493501833,0.477,0.71,6.97045473401705e-44
"AT3G01470",5.67531407162685e-49,-1.01011183176625,0.182,0.457,7.17325646769204e-44
"AT5G41520",5.99595738560751e-49,-1.09792595346526,0.511,0.747,7.57853037796475e-44
"AT2G15970",6.1085927996701e-49,-0.841283998358085,0.324,0.619,7.72089478321502e-44
"AT3G19130",6.32222503832168e-49,-1.12266646281976,0.14,0.409,7.99091311493631e-44
"AT4G28060",6.93173141575377e-49,-0.794850341981668,0.388,0.678,8.76129260562782e-44
"AT3G13410",7.04384873930337e-49,-0.813872602842313,0.193,0.485,8.9030021755551e-44
"AT5G04800",7.50104308168834e-49,-1.22380017988079,0.326,0.587,9.48086839266916e-44
"AT2G01530",8.10903007349437e-49,-1.16462450730972,0.456,0.71,1.02493274710925e-43
"AT3G44100",9.04177177713758e-49,-0.867022583654345,0.193,0.483,1.14282570199953e-43
"AT4G17390",9.09569913071569e-49,-1.1563353316924,0.67,0.863,1.14964179592768e-43
"AT3G13580",9.20172868618355e-49,-1.40903359610232,0.166,0.423,1.16304329556148e-43
"AT1G54630",9.36479298081164e-49,-0.847109039930005,0.315,0.605,1.18365364401671e-43
"AT4G13615",9.59907806146894e-49,-0.637616090984853,0.542,0.816,1.2132658725013e-43
"AT3G14600",9.63964273320264e-49,-1.22634382792091,0.361,0.616,1.21839300362041e-43
"AT3G42050",9.97913791801582e-49,-0.968247031030438,0.198,0.482,1.26130315800969e-43
"AT3G23510",1.12344646387969e-48,-1.37503133688671,0.166,0.439,1.41996892355609e-43
"AT2G42680",1.41129626176757e-48,-0.72959586030907,0.221,0.508,1.7837937970985e-43
"AT5G19230",1.41702878761323e-48,-1.02290811510508,0.259,0.54,1.79103936581587e-43
"AT3G28940",1.42071243367293e-48,-0.758879077190911,0.291,0.595,1.79569527341656e-43
"AT4G37010",1.5599929079398e-48,-0.874311619781435,0.213,0.495,1.97173743606144e-43
"AT4G16190",1.67885583458595e-48,-0.989966790143937,0.158,0.432,2.12197304356657e-43
"AT1G10590",1.68876037418359e-48,-0.95906034134451,0.204,0.482,2.1344917873456e-43
"AT2G47730",1.75161615243116e-48,-0.933508288669454,0.764,0.938,2.21393771970384e-43
"AT4G33090",1.84360008027908e-48,-1.10472033198582,0.129,0.397,2.33019988546795e-43
"AT4G23010",1.93126399976137e-48,-1.45935762223636,0.119,0.372,2.44100181985839e-43
"AT2G28190",2.15317786465192e-48,-1.00530324368843,0.151,0.424,2.72148763024814e-43
"AT1G69410",2.18753055889172e-48,-0.820987449843769,0.245,0.543,2.7649073746056e-43
"AT1G53310",2.2665574762891e-48,-0.960848850546594,0.173,0.449,2.86479265658085e-43
"AT5G20890",2.36948937620773e-48,-1.14222887448575,0.19,0.46,2.99489240216399e-43
"AT1G70600",2.40114282458887e-48,-1.24455413373172,0.625,0.826,3.03490046171086e-43
"AT3G46430",2.6393664360721e-48,-0.81796292823852,0.365,0.644,3.33600081320897e-43
"AT3G30390",2.64029009610013e-48,-0.651127752960466,0.38,0.688,3.3371682640648e-43
"AT5G01800",2.90660583514446e-48,-1.0926349630949,0.147,0.411,3.67377537927248e-43
"AT4G37520",2.92750003121991e-48,-1.34235614905697,0.146,0.406,3.70018438946009e-43
"AT5G40770",3.05371241525003e-48,-1.31911301710517,0.156,0.414,3.85970927013113e-43
"AT2G35930",3.05748963313157e-48,-1.09435637360953,0.163,0.43,3.86448344690032e-43
"AT2G35120",3.47006278758231e-48,-0.910758453796763,0.312,0.59,4.38595115973679e-43
"AT2G38310",3.49540313912001e-48,-0.919545632690447,0.171,0.452,4.41797984365934e-43
"AT1G34030",3.78435293644013e-48,-1.01311557083074,0.433,0.693,4.78319505048413e-43
"AT1G15690",3.85785646318342e-48,-0.948592074440282,0.308,0.588,4.87609909807605e-43
"AT4G25570",4.57102414010441e-48,-0.87998697397223,0.186,0.469,5.77750025164356e-43
"AT3G25220",5.00875881617672e-48,-1.08109606477072,0.239,0.514,6.3307706181184e-43
"AT2G44060",5.45111753958451e-48,-0.997001347119434,0.24,0.525,6.88988550298244e-43
"AT5G12470",5.63442604019807e-48,-1.21311753341652,0.113,0.37,7.12157644924795e-43
"AT4G34720",6.22652825157368e-48,-0.931646795073048,0.311,0.598,7.86995811829403e-43
"AT1G21750",6.31182326290315e-48,-1.37572361922316,0.29,0.554,7.97776589491381e-43
"AT4G26230",6.69595371655059e-48,-1.10999145374107,0.402,0.662,8.46328374049696e-43
"AT1G80230",6.69954440149352e-48,-1.28161785364872,0.108,0.362,8.46782215082372e-43
"AT2G20360",6.95387854847429e-48,-1.08399003619366,0.191,0.465,8.78928525255859e-43
"AT1G01050",6.99720130703368e-48,-1.15658981461834,0.138,0.399,8.84404262001215e-43
"AT5G59820",7.99377100721173e-48,-0.859387804518194,0.271,0.57,1.01036469268552e-42
"AT4G02890",8.3332047315902e-48,-0.793349324607993,0.192,0.483,1.05326707884461e-42
"AT4G30010",8.48430469716064e-48,-0.6815649846379,0.488,0.773,1.07236520789292e-42
"AT3G11830",8.66454146840716e-48,-1.28758629192422,0.162,0.423,1.09514605435786e-42
"AT2G03680",9.11824452691372e-48,-0.757696148029823,0.338,0.636,1.15249139873473e-42
"AT1G71980",9.88473073724114e-48,-0.86198494006606,0.191,0.475,1.24937065680286e-42
"AT3G02360",1.03584723567902e-47,-0.725846502214854,0.239,0.532,1.30924875506413e-42
"AT1G17880",1.21676628323232e-47,-1.08781576127722,0.454,0.699,1.53791957602866e-42
"AT1G79010",1.24798155265122e-47,-0.766188704234639,0.201,0.493,1.57737380365798e-42
"AT2G37600",1.39492100092675e-47,-1.32306824073351,0.168,0.427,1.76309644991135e-42
"AT1G03860",1.4236835847487e-47,-1.41238993632792,0.113,0.358,1.79945063010727e-42
"AT1G20693",1.46512506463914e-47,-0.800333291326693,0.197,0.479,1.85183017419999e-42
"AT5G06860",1.49393703498654e-47,-1.2841428346717,0.194,0.461,1.88824677600088e-42
"AT1G32920",1.54406434831562e-47,-0.745662691724672,0.402,0.705,1.95160469241005e-42
"AT3G05590",1.58788148237873e-47,-1.16903339214587,0.542,0.771,2.00698692083777e-42
"AT4G34350",1.65868155340411e-47,-1.04803828169036,0.106,0.36,2.09647396260959e-42
"AT3G61430",1.68268983302023e-47,-0.821778462089236,0.686,0.872,2.12681898754759e-42
"AT5G43350",1.68674998509844e-47,-1.2662004727026,0.172,0.433,2.13195077616533e-42
"AT5G03345",1.71828193594997e-47,-0.87800823344368,0.243,0.531,2.1718052701246e-42
"AT3G54110",1.78634999268104e-47,-1.15956373146196,0.134,0.395,2.25783920974928e-42
"AT4G32150",1.87334495276746e-47,-0.893366910101852,0.184,0.467,2.3677956196009e-42
"AT5G08530",1.94074565776028e-47,-0.802003965636374,0.21,0.49,2.45298606666952e-42
"AT3G60750",2.08902736002158e-47,-0.803728230869104,0.232,0.518,2.64040524142568e-42
"AT1G45015",2.33635534911009e-47,-2.08617944075542,0.087,0.322,2.9530129799542e-42
"AT2G27730",2.37779530944545e-47,-0.810818736180668,0.386,0.67,3.00539060342048e-42
"AT4G36130",2.70018854219531e-47,-1.31103239303913,0.293,0.548,3.41287630602234e-42
"AT5G09810",3.17352736136974e-47,-0.916786618459219,0.333,0.603,4.01114817312967e-42
"AT4G21830",3.36896138019694e-47,-1.21528230833894,0.256,0.524,4.25816504688612e-42
"AT5G16130",3.39723575087764e-47,-1.27233026602893,0.473,0.711,4.29390215496429e-42
"AT3G19760",3.45437474801352e-47,-1.15138132495525,0.117,0.368,4.3661224190042e-42
"AT2G25520",3.47043880253405e-47,-1.21157335660388,0.13,0.388,4.38642642007488e-42
"AT3G08590",3.50578744810323e-47,-1.02294522191789,0.156,0.423,4.4311049871556e-42
"AT4G21150",3.97171801223472e-47,-1.2060671197678,0.103,0.35,5.02001326438395e-42
"AT1G74920",4.08689131996694e-47,-1.2264591600239,0.133,0.39,5.16558541495902e-42
"AT3G17800",4.27079853524683e-47,-1.15824664953716,0.183,0.454,5.39803310063988e-42
"AT3G57150",4.60199600258885e-47,-1.62592114660184,0.153,0.403,5.81664682751215e-42
"AT3G47836",4.63445142052674e-47,-1.1211252307172,0.147,0.406,5.85766852846056e-42
"AT1G27530",4.89248574960481e-47,-0.990990644009409,0.162,0.435,6.1838084383555e-42
"AT2G02050",4.93622390897941e-47,-0.999982836524906,0.186,0.455,6.23909084751544e-42
"AT3G22845",5.00550777409151e-47,-0.834930276696795,0.22,0.506,6.32666149598523e-42
"AT4G33640",5.04122226137806e-47,-0.877483974819434,0.213,0.497,6.37180246504619e-42
"AT3G60450",5.09120165999079e-47,-1.02160439162947,0.162,0.437,6.43497342612876e-42
"AT4G19880",5.68978909969183e-47,-0.89121095483998,0.27,0.559,7.19155203466449e-42
"AT5G62530",5.91249480841426e-47,-1.3218719419188,0.108,0.357,7.47303868814712e-42
"AT5G03630",6.47889945251923e-47,-0.715754996301476,0.38,0.674,8.18894017401716e-42
"AT3G62830",6.67800777902818e-47,-0.933135434997019,0.203,0.485,8.44060115222488e-42
"AT1G32210",7.55823835789674e-47,-0.90331369546415,0.27,0.545,9.55315979008001e-42
"AT5G38480",7.63719304275539e-47,-0.859142348628952,0.437,0.713,9.65295377446025e-42
"AT5G57870",7.95837366965069e-47,-1.40387729055796,0.113,0.358,1.00589068160183e-41
"AT1G80830",8.56903427375407e-47,-0.998486803781883,0.143,0.407,1.08307451799687e-41
"AT5G43940",8.58221282425222e-47,-0.842255207594801,0.239,0.531,1.08474020770853e-41
"AT3G46040",9.5825207276129e-47,-1.11085284084317,0.264,0.528,1.2111731248459e-41
"AT1G24050",9.68065040546533e-47,-0.980469779456484,0.144,0.408,1.22357612734839e-41
"AT5G63510",9.68599068676655e-47,-1.51295480597221,0.09,0.33,1.22425110686317e-41
"AT2G37190",1.017459711271e-46,-1.32976429820322,0.416,0.654,1.28600802746386e-41
"AT5G51400",1.04882796893087e-46,-1.35141020767244,0.095,0.336,1.32565562305049e-41
"AT3G12600",1.11922593408349e-46,-1.59712332279829,0.071,0.305,1.41463442712549e-41
"AT5G01040",1.16287567008712e-46,-1.35157797366691,0.127,0.378,1.46980507444992e-41
"AT3G09735",1.17034172175587e-46,-0.696347923312926,0.211,0.506,1.47924171579612e-41
"AT5G19240",1.1736789302901e-46,-1.58924002555525,0.225,0.476,1.48345974715087e-41
"AT1G65220",1.20151454653483e-46,-1.24848371249778,0.113,0.361,1.51864229594723e-41
"AT4G31340",1.35092180783469e-46,-0.995999038514425,0.245,0.521,1.70748410979458e-41
"AT5G20090",1.48435370687222e-46,-0.637614458923411,0.311,0.616,1.87613402426408e-41
"AT5G19780",1.53610446921815e-46,-1.08500975842514,0.164,0.43,1.94154388282359e-41
"AT1G77710",1.63969601925101e-46,-0.824926621952384,0.255,0.542,2.07247738657212e-41
"AT3G18190",1.71652099499978e-46,-1.80022631214737,0.096,0.329,2.16957954642002e-41
"AT4G15802",1.79206074425202e-46,-0.642092005797509,0.285,0.587,2.2650572570899e-41
"AT4G33120",1.8204148671368e-46,-1.19302884810322,0.136,0.394,2.30089516716889e-41
"AT5G10360",1.8455946019682e-46,-1.11082246195767,0.483,0.722,2.33272084121169e-41
"AT5G07350",1.94235308498198e-46,-1.20130713693517,0.166,0.424,2.45501775823212e-41
"AT5G20950",2.02306458213128e-46,-1.63963207830068,0.105,0.342,2.55703224793901e-41
"AT5G65020",2.24964933087316e-46,-0.733885722884378,0.315,0.616,2.84342177526382e-41
"AT1G15210",2.30984565263609e-46,-1.32496827751498,0.119,0.371,2.91950631419286e-41
"AT3G10930",2.70648936239353e-46,-1.25865683020731,0.149,0.408,3.42084016470368e-41
"AT2G04410",2.82038423762891e-46,-0.590904845241881,0.182,0.47,3.56479645330869e-41
"AT5G47740",2.86053123523278e-46,-1.84131065567048,0.107,0.342,3.61553984946011e-41
"AT2G26240",2.86510554400072e-46,-1.08125406004894,0.125,0.379,3.62132150128427e-41
"AT2G37250",2.93650545081339e-46,-1.06808909927652,0.21,0.477,3.71156669950108e-41
"AT4G23400",3.01464860678691e-46,-0.947021410195297,0.214,0.493,3.81033496006225e-41
"AT4G17170",3.02446214696801e-46,-1.08495880585947,0.169,0.436,3.82273868603875e-41
"AT2G39570",3.29555439911762e-46,-0.972318453782121,0.179,0.451,4.16538302722072e-41
"AT2G01450",3.58485377410897e-46,-0.921193142509003,0.195,0.468,4.5310400792473e-41
"AT1G14860",3.61610146925855e-46,-0.972796389667454,0.179,0.449,4.57053529105465e-41
"AT4G23650",3.86045875792385e-46,-0.729436487306562,0.235,0.524,4.87938824249028e-41
"AT1G12920",4.23850826214486e-46,-1.50927706964712,0.08,0.316,5.35722013285538e-41
"AT2G14878",4.54913654352859e-46,-0.916155183384808,0.136,0.402,5.74983564282752e-41
"AT1G26630",4.61565082170856e-46,-0.789509053911421,0.812,0.949,5.83390569959032e-41
"AT5G55160",4.78660481157792e-46,-1.01118772310391,0.178,0.445,6.0499812855458e-41
"AT4G23710",4.84547206551475e-46,-0.904311996006973,0.318,0.603,6.12438596248671e-41
"AT1G70770",5.16286685818696e-46,-1.12496083651237,0.152,0.408,6.52555393673683e-41
"AT3G24160",5.26116264265536e-46,-0.829703958507241,0.197,0.479,6.64979391055781e-41
"AT5G52470",5.61326234234666e-46,-1.3414194160007,0.157,0.407,7.09482680498564e-41
"AT5G60640",5.81850432392772e-46,-0.849744472555365,0.183,0.456,7.3542403551852e-41
"AT1G64190",5.95433959291496e-46,-0.983730098178441,0.154,0.417,7.52592798506893e-41
"AT1G70850",6.17855564293869e-46,-1.07903986700915,0.418,0.684,7.80932361933593e-41
"AT5G27770",6.63906188557317e-46,-1.02568874266164,0.516,0.751,8.39137587965135e-41
"AT4G31180",7.21803995105015e-46,-1.6686924867128,0.066,0.295,9.12316941573032e-41
"AT5G53560",8.24527619793258e-46,-0.695354225356895,0.593,0.844,1.04215343976149e-40
"AT5G58710",8.97988146653145e-46,-1.03636690695486,0.252,0.521,1.13500313808078e-40
"AT3G23600",9.22558244680906e-46,-0.562870877569448,0.32,0.628,1.16605826778198e-40
"AT3G17780",1.05527545361962e-45,-1.21322553688141,0.134,0.384,1.33380485684799e-40
"AT2G36930",1.09321974913949e-45,-1.27362219743231,0.106,0.348,1.38176416972737e-40
"AT1G64750",1.13563923405488e-45,-0.779489750109626,0.297,0.575,1.43537985349133e-40
"AT4G21790",1.14073198931348e-45,-0.879651489445458,0.166,0.437,1.44181679057288e-40
"AT3G22960",1.15597899310875e-45,-1.3570175224219,0.096,0.336,1.46108808854987e-40
"AT2G05990",1.18138520036647e-45,-1.42462386310752,0.104,0.345,1.49320001015119e-40
"AT1G31910",1.19874711673248e-45,-1.11990767555583,0.127,0.383,1.51514443072285e-40
"AT4G19640",1.23339144822112e-45,-0.887095590260072,0.166,0.435,1.5589327870646e-40
"AT2G24200",1.31170322680089e-45,-0.849326484047543,0.19,0.467,1.65791417648271e-40
"AT5G64350",1.53246296692859e-45,-0.677600680993008,0.532,0.789,1.93694124241972e-40
"AT3G18410",1.55304756624536e-45,-0.731467644973153,0.416,0.703,1.96295894088017e-40
"AT4G24520",1.64074062182434e-45,-1.16518497612762,0.104,0.348,2.07379770154866e-40
"AT1G07940",1.66312894812865e-45,-0.800418376330037,0.55,0.783,2.10209520269773e-40
"AT3G56190",1.75154104731529e-45,-0.993395867511677,0.149,0.412,2.21384279134369e-40
"AT3G60770",1.87186989064605e-45,-1.15961139237203,0.548,0.766,2.36593122958317e-40
"AT1G58270",1.96515470030081e-45,-1.11440795442354,0.318,0.595,2.48383763189821e-40
"AT5G62690",2.03899415960459e-45,-1.13118272210488,0.288,0.539,2.57716627809063e-40
"AT2G37270",2.24197315564964e-45,-1.1771301594983,0.319,0.567,2.8337195503518e-40
"AT3G10860",2.24492154979121e-45,-0.616258356021975,0.543,0.797,2.8374461436431e-40
"AT1G64520",2.30109857809585e-45,-0.886238437501971,0.168,0.436,2.90845053679847e-40
"AT5G22060",2.33569053843556e-45,-1.00973203065521,0.171,0.434,2.95217269915024e-40
"AT4G34150",2.41073713621284e-45,-0.876199169849967,0.22,0.499,3.04702709594486e-40
"AT5G49480",2.41554429400439e-45,-0.813754333697812,0.205,0.486,3.05310305496391e-40
"AT3G62250",2.42363739863884e-45,-1.18621090496343,0.651,0.838,3.06333225363558e-40
"AT1G79930",2.43442139383853e-45,-1.53059152774717,0.096,0.331,3.07696257652828e-40
"AT3G17020",2.49959954732847e-45,-0.609271917850482,0.219,0.507,3.15934385185035e-40
"AT4G31300",2.51830387498201e-45,-0.739494611366095,0.237,0.521,3.18298499974476e-40
"AT1G63460",2.60532369006247e-45,-0.834452857029797,0.157,0.421,3.29297282481756e-40
"AT1G06620",2.75456881202742e-45,-1.63974246451951,0.066,0.29,3.48160970427394e-40
"AT4G40030",2.9508219119139e-45,-0.608207738856181,0.39,0.695,3.72966184734445e-40
"AT2G25250",2.96130750395876e-45,-1.10110178619247,0.166,0.432,3.74291500655363e-40
"AT5G16470",3.03270525124495e-45,-0.716925600251294,0.291,0.585,3.83315747525854e-40
"AT3G04920",3.21254547490482e-45,-1.03690076494052,0.495,0.731,4.0604647275512e-40
"AT3G51840",3.36987038211155e-45,-0.687116722258151,0.224,0.518,4.25931397076607e-40
"ATCG00030",3.40570976039047e-45,-1.16548050785794,0.12,0.366,4.30461279454793e-40
"AT2G17720",3.51199468187953e-45,-1.01614296794176,0.201,0.469,4.43895055821481e-40
"AT2G34480",3.85496384760994e-45,-1.2694380896208,0.73,0.889,4.87244300554811e-40
"AT5G61820",3.97555256411289e-45,-0.879650572657041,0.184,0.451,5.02485990788485e-40
"AT3G55980",4.03306824819393e-45,-0.885986584082671,0.42,0.68,5.09755628162224e-40
"AT2G26530",4.06545586767368e-45,-0.975600702239034,0.226,0.498,5.13849228938747e-40
"AT5G21090",4.13711323388958e-45,-0.6052792852056,0.272,0.582,5.22906290084239e-40
"AT5G01750",4.46020538637587e-45,-1.40739547192326,0.183,0.433,5.63743199605592e-40
"AT3G28900",4.52317397773615e-45,-1.2153838229343,0.268,0.523,5.71702051741983e-40
"AT4G26110",4.58771173058739e-45,-1.28459706073676,0.114,0.357,5.79859236475863e-40
"AT2G44120",4.59832167815675e-45,-1.32890916661082,0.252,0.499,5.81200270188945e-40
"AT1G25260",4.85879257165588e-45,-1.3221374384659,0.133,0.374,6.14122228301873e-40
"AT3G09940",5.01036913834108e-45,-1.27432370826356,0.278,0.545,6.33280596871483e-40
"AT3G26000",5.51937372674681e-45,-1.05754055299306,0.117,0.363,6.97615722818437e-40
"AT2G05840",5.62737072121773e-45,-0.98470556565606,0.142,0.402,7.11265894937594e-40
"AT1G29330",5.72252873777027e-45,-1.5784243281588,0.081,0.311,7.23293297281735e-40
"AT4G34555",6.30917102629118e-45,-1.15687452012006,0.193,0.45,7.97441362697048e-40
"AT2G34250",6.33637854936244e-45,-0.899270108208482,0.332,0.611,8.00880230368116e-40
"AT2G47610",6.5957989154164e-45,-1.19971467152022,0.504,0.728,8.3366940811514e-40
"AT2G34470",6.6624510752124e-45,-0.938570044431073,0.12,0.372,8.42093841200395e-40
"AT5G13780",6.77582523305919e-45,-1.05269405011606,0.168,0.427,8.56423654507283e-40
"AT3G56150",6.94493280969131e-45,-0.912082606202581,0.192,0.454,8.77797837548124e-40
"AT3G46060",7.15681124712737e-45,-1.03076036068809,0.147,0.402,9.04578000769416e-40
"AT2G45070",7.35005775815638e-45,-0.890757625037105,0.513,0.763,9.29003200284417e-40
"AT1G32230",7.49749943218947e-45,-0.710211366774593,0.322,0.622,9.47638943232156e-40
"AT3G53430",7.97298610792022e-45,-1.06288629300219,0.494,0.73,1.00773760612447e-39
"AT5G14120",8.11732469613827e-45,-1.27835817335983,0.2,0.458,1.0259811376437e-39
"AT5G44380",8.16852585970325e-45,-0.79364330722307,0.259,0.543,1.03245265751133e-39
"AT1G80240",8.18636311775496e-45,-1.38044479835965,0.167,0.42,1.03470717990552e-39
"AT5G10430",8.24001677933539e-45,-1.55079155974954,0.312,0.569,1.04148868080732e-39
"AT5G08300",8.46487726920863e-45,-0.845077354882046,0.192,0.463,1.06990969756436e-39
"AT4G36800",9.75791623460073e-45,-0.791460122776569,0.181,0.454,1.23334206455612e-39
"AT3G05020",9.91319185843925e-45,-1.09532891049709,0.278,0.539,1.25296797175557e-39
"AT1G08480",1.09748542694647e-44,-0.67620373909006,0.317,0.616,1.38715573053472e-39
"AT3G46010",1.11975832341066e-44,-0.927956193667327,0.153,0.416,1.41530733529166e-39
"AT2G20990",1.20236818156894e-44,-0.817217505619523,0.231,0.515,1.51972123941224e-39
"AT3G15000",1.25053165502164e-44,-1.54444187560228,0.107,0.34,1.58059698004805e-39
"AT1G16810",1.25833875992666e-44,-0.752525527131247,0.161,0.427,1.59046469222171e-39
"AT4G21105",1.29128185214764e-44,-0.597774104533237,0.577,0.833,1.63210278420348e-39
"AT2G24765",1.40805386049672e-44,-1.3234870046055,0.122,0.364,1.77969559643622e-39
"AT1G20260",1.5024645150984e-44,-0.876684923320154,0.153,0.415,1.89902499921347e-39
"AT4G24340",1.69673102410332e-44,-1.72916960425691,0.078,0.305,2.14456621060516e-39
"AT3G56360",1.98614289186169e-44,-0.903693971528316,0.192,0.461,2.51036544673967e-39
"AT3G56340",2.04347337344791e-44,-1.23005051825027,0.557,0.761,2.58282773563575e-39
"AT5G52920",2.11942630831989e-44,-1.02310827120109,0.128,0.38,2.67882768813784e-39
"AT5G10780",2.12022364228438e-44,-1.1331630742919,0.113,0.353,2.67983547042892e-39
"AT5G47930",2.12935346616832e-44,-1.12891406839424,0.702,0.88,2.69137502002879e-39
"AT5G47200",2.36617600920397e-44,-0.7729640693689,0.318,0.611,2.99070450507326e-39
"AT3G61190",2.52637439017884e-44,-1.12186757323172,0.239,0.499,3.19318564672265e-39
"AT1G49500",2.56049068540287e-44,-0.60892464673902,0.331,0.632,3.2363065969081e-39
"AT5G45110",2.86612727118277e-44,-0.986410937685888,0.274,0.541,3.62261290313875e-39
"AT3G49780",3.17170519931251e-44,-1.35173309870098,0.206,0.457,4.00884506961905e-39
"AT2G46505",3.631585368572e-44,-0.776499390729961,0.192,0.463,4.59010601075289e-39
"AT3G20510",3.9077039628602e-44,-0.786491068331863,0.233,0.514,4.93910334681752e-39
"AT5G58375",3.97794109697308e-44,-0.694858652296548,0.254,0.543,5.02787887010815e-39
"AT1G10630",4.18274339997136e-44,-1.11532247358099,0.164,0.415,5.2867366929598e-39
"AT5G42300",4.27708902571635e-44,-0.52740121231249,0.488,0.794,5.40598390316393e-39
"AT2G15620",4.2806616735748e-44,-1.23522213748062,0.08,0.313,5.41049951569814e-39
"AT4G39080",4.43988351693632e-44,-0.884489103628424,0.188,0.461,5.61174637239649e-39
"AT4G20890",4.48145143747224e-44,-1.12162014122035,0.106,0.346,5.66428572987867e-39
"AT3G53420",5.02876411569439e-44,-0.677501280420784,0.797,0.936,6.35605611639076e-39
"AT1G09690",5.07288144988244e-44,-1.23083570312215,0.668,0.843,6.41181777976441e-39
"AT3G24170",5.14079431815136e-44,-0.718512916866878,0.261,0.553,6.49765557048423e-39
"AT3G53500",5.8450255981927e-44,-0.965935457113717,0.149,0.41,7.38776165457968e-39
"AT5G14800",6.26627752061474e-44,-1.41360394503986,0.115,0.35,7.92019880940579e-39
"AT1G54030",6.39659440209502e-44,-1.02337885792554,0.122,0.371,8.08491152858398e-39
"AT2G02510",6.52183639179384e-44,-0.68703945180246,0.24,0.524,8.24320988904391e-39
"AT5G57290",7.03649899382508e-44,-0.998124091840387,0.59,0.809,8.89371253825527e-39
"AT1G30580",7.24885016351379e-44,-1.04398934687382,0.195,0.453,9.16211167567162e-39
"AT5G23740",7.45310644887152e-44,-1.05141942570729,0.493,0.73,9.42027936498667e-39
"AT5G20990",7.81145810746473e-44,-0.872388169420777,0.108,0.352,9.87321436034896e-39
"AT1G02780",8.34762201500022e-44,-1.06859611672123,0.855,0.95,1.05508933696394e-38
"AT3G03960",8.56442817937246e-44,-1.54018234043547,0.1,0.33,1.0824923353036e-38
"AT1G54000",8.66641484114913e-44,-1.15445833318161,0.315,0.594,1.0953828374322e-38
"AT4G16720",9.46909324811769e-44,-1.19562120647137,0.612,0.815,1.19683657200259e-38
"AT1G29280",1.09557240337507e-43,-0.915052793062849,0.153,0.41,1.38473778352188e-38
"AT4G16760",1.09865549644325e-43,-1.09422524405497,0.114,0.359,1.38863462817448e-38
"AT2G21170",1.10226727007222e-43,-1.00866103645244,0.165,0.425,1.39319969333508e-38
"AT5G17920",1.13130711153327e-43,-0.907561272173107,0.625,0.833,1.42990431055136e-38
"AT2G19480",1.2043632081049e-43,-0.906451998220791,0.172,0.431,1.5222428332521e-38
"AT1G61890",1.21059589113053e-43,-0.716503130864802,0.35,0.637,1.53012057063553e-38
"AT5G56710",1.28452890076817e-43,-1.0993651570847,0.726,0.888,1.62356745883692e-38
"AT1G26550",1.28798274295101e-43,-0.83652422919303,0.213,0.487,1.6279329081255e-38
"AT3G16800",1.42046154226059e-43,-1.13354272735777,0.191,0.449,1.79537816172485e-38
"AT5G11280",1.45798488154008e-43,-1.23538291786962,0.109,0.345,1.84280541117377e-38
"AT1G51200",1.55145046389065e-43,-0.840641616662237,0.204,0.48,1.96094029932994e-38
"AT4G24380",1.59707968238198e-43,-1.27562284808863,0.175,0.428,2.01861289374988e-38
"AT2G18440",1.5977195291408e-43,-0.573730927990038,0.295,0.6,2.01942162166223e-38
"AT4G27960",1.69622830544964e-43,-0.502242698323772,0.29,0.602,2.14393080439002e-38
"AT2G19740",1.78648933861596e-43,-1.09145637460687,0.258,0.509,2.25801533465026e-38
"AT4G25740",1.81930034830447e-43,-1.02344199986321,0.321,0.577,2.29948648223595e-38
"AT5G18800",1.83289343688484e-43,-0.701075278134934,0.357,0.64,2.31666733061622e-38
"AT5G15090",1.86182744369603e-43,-0.84086691479798,0.353,0.617,2.35323817918517e-38
"AT1G70490",2.01053667816083e-43,-1.01846657150966,0.289,0.553,2.5411977289946e-38
"AT1G17720",2.15006022917831e-43,-0.62698432080546,0.19,0.463,2.71754712606763e-38
"AT4G33360",2.19998352662931e-43,-0.992609263764799,0.146,0.4,2.78064717864785e-38
"AT5G20080",2.37465691908298e-43,-0.9374962928836,0.153,0.407,3.00142386630574e-38
"AT4G29040",2.44604598102606e-43,-0.887298492702533,0.151,0.407,3.09165535725808e-38
"AT5G58110",2.48370659311797e-43,-0.980815410871332,0.216,0.475,3.13925611130552e-38
"AT1G64090",2.67357703408644e-43,-0.860874707277053,0.249,0.517,3.37924095646321e-38
"AT2G29530",2.69422989732417e-43,-1.02827212452827,0.239,0.496,3.40534493642391e-38
"AT3G15210",2.7497197134665e-43,-0.87934684971511,0.254,0.53,3.47548073463885e-38
"AT2G04900",2.75309455439291e-43,-0.815893573728528,0.168,0.432,3.47974633107937e-38
"AT3G01290",2.83800105958813e-43,-1.09942020931769,0.229,0.488,3.58706305925582e-38
"AT2G44610",2.87988137345881e-43,-1.20116513897723,0.129,0.373,3.63999726316953e-38
"AT1G56110",3.11572234865968e-43,-1.55898142538729,0.166,0.399,3.93808610536492e-38
"AT2G47110",3.1685219102819e-43,-1.10816276920784,0.57,0.771,4.00482158328171e-38
"AT2G01670",3.2398276587756e-43,-1.45278423538195,0.167,0.404,4.09494777103284e-38
"AT1G79340",3.59136858665464e-43,-0.75097922972804,0.23,0.511,4.53927441141627e-38
"AT3G04780",3.75778446527599e-43,-0.818904966506501,0.134,0.383,4.74961409704094e-38
"AT1G32928",3.9472611306158e-43,-0.961908461343104,0.152,0.404,4.98910123343054e-38
"AT1G61790",4.09247525909045e-43,-1.07898360767371,0.176,0.428,5.17264317897478e-38
"AT2G41220",4.11152234458914e-43,-0.811593611148987,0.168,0.427,5.19671755222e-38
"AT4G22220",4.13413981702012e-43,-0.65354983515938,0.185,0.459,5.22530468032441e-38
"AT5G58720",4.19137424201508e-43,-1.05091894212482,0.187,0.445,5.29764555945254e-38
"AT1G76090",4.28998913350077e-43,-1.59180186030607,0.089,0.315,5.42228886539696e-38
"AT5G54500",4.46300179437813e-43,-0.652318588797912,0.395,0.692,5.6409664879863e-38
"AT5G22440",4.487805444184e-43,-1.24211998914468,0.262,0.506,5.67231681312192e-38
"AT2G29400",4.72628740804171e-43,-1.20996178736952,0.103,0.339,5.97374370652024e-38
"AT1G04170",4.80772066284435e-43,-1.33335829353243,0.097,0.327,6.07667045459549e-38
"AT1G08190",4.80964359504043e-43,-1.00193995160896,0.134,0.38,6.0791009255154e-38
"AT2G45140",4.94532332564223e-43,-1.39138089172383,0.093,0.322,6.25059196421224e-38
"AT4G12720",5.0660082813476e-43,-0.95535176204181,0.253,0.52,6.40313050712648e-38
"AT3G27380",5.07553246484541e-43,-0.65216090886933,0.252,0.536,6.41516850361671e-38
"AT4G23850",5.07871269362137e-43,-0.676725096082637,0.185,0.456,6.4191881219758e-38
"AT1G76200",5.23340355686146e-43,-0.649534279300687,0.572,0.819,6.61470809165947e-38
"AT5G22650",5.4474612035443e-43,-1.15765862643525,0.2,0.45,6.88526411360778e-38
"AT1G77370",5.90009694347637e-43,-0.661028672216186,0.194,0.47,7.45736853073752e-38
"AT3G46620",5.91867636723782e-43,-0.797905657350366,0.185,0.448,7.48085180760657e-38
"AT4G38800",6.15109948678314e-43,-0.637380707747331,0.224,0.505,7.77462068532468e-38
"AT2G43090",6.44800228830412e-43,-0.867215915598161,0.19,0.448,8.14988801227911e-38
"AT2G25490",6.95885819338445e-43,-0.801322112225487,0.19,0.459,8.79557922494634e-38
"AT1G29150",7.13493336035981e-43,-0.929640947073928,0.155,0.41,9.01812767149318e-38
"AT2G25670",7.36637698943559e-43,-1.1676141338613,0.116,0.357,9.31065853202722e-38
"AT1G66410",7.61737451190784e-43,-0.588326928973187,0.397,0.681,9.62790434058079e-38
"AT4G34881",7.65621707693573e-43,-0.804674041686124,0.175,0.439,9.67699901222215e-38
"AT3G55770",7.66376301163441e-43,-0.835254493675517,0.198,0.468,9.6865366209252e-38
"AT4G12040",7.71521623155391e-43,-0.651057989103289,0.239,0.521,9.75157040371025e-38
"AT5G65210",8.01705617781218e-43,-0.729365707446002,0.266,0.541,1.01330779853839e-37
"AT5G48230",8.38791587842624e-43,-0.933040150326029,0.173,0.429,1.06018223953781e-37
"AT1G27310",8.39440440124063e-43,-0.74875085333217,0.323,0.6,1.06100234989041e-37
"AT2G17380",8.61448964498754e-43,-0.80356535634657,0.169,0.429,1.08881980418856e-37
"AT2G31490",8.68197677459232e-43,-0.63363610333243,0.385,0.671,1.09734977244782e-37
"AT5G19760",8.74325579556983e-43,-0.778702690089424,0.484,0.735,1.10509507302525e-37
"AT5G09650",8.81354015519455e-43,-1.04257322577441,0.149,0.399,1.11397859437566e-37
"AT4G12590",9.2222583813237e-43,-1.01590060037624,0.137,0.381,1.16563812584903e-37
"AT5G39740",9.37600575088959e-43,-1.12551471223023,0.491,0.721,1.18507087087794e-37
"AT1G27435",9.40656597790583e-43,-1.13454176000608,0.174,0.421,1.18893350021143e-37
"AT1G27100",1.00617713648293e-42,-0.862439539314666,0.147,0.401,1.27174752988623e-37
"AT1G48630",1.01714761483903e-42,-1.36168910406138,0.168,0.404,1.28561355629964e-37
"AT1G16890",1.01766228415545e-42,-0.709427631303309,0.245,0.524,1.28626406743544e-37
"AT1G68300",1.03959682835624e-42,-0.882055442854989,0.156,0.411,1.31398801523259e-37
"AT5G56030",1.2501541601911e-42,-0.881710714789017,0.515,0.765,1.58011984923194e-37
"AT1G73330",1.3172447980072e-42,-1.15008322547299,0.376,0.65,1.66491838999322e-37
"AT1G53840",1.36125956924559e-42,-0.780111293234529,0.245,0.518,1.72055041995226e-37
"AT3G53020",1.39609059075934e-42,-1.05782583274587,0.638,0.83,1.76457474128436e-37
"AT5G62300",1.40250358602637e-42,-1.0585385070498,0.404,0.641,1.77268038252217e-37
"AT5G47570",1.43946833188974e-42,-0.569352180648039,0.371,0.667,1.81940160340872e-37
"AT5G28540",1.44617406503004e-42,-1.01264785864465,0.367,0.624,1.82787724775407e-37
"AT2G27020",1.4467734989281e-42,-0.715107122799706,0.26,0.535,1.82863489623518e-37
"AT2G41475",1.50276548162574e-42,-0.808020932735852,0.174,0.439,1.89940540284603e-37
"AT2G39110",1.55227933657111e-42,-1.75016583171566,0.07,0.286,1.96198794466568e-37
"AT4G38220",1.61984415390846e-42,-0.856761011162678,0.169,0.429,2.04738581989105e-37
"AT5G04430",1.64860186902822e-42,-1.01995677643328,0.147,0.4,2.08373384633953e-37
"AT5G47890",1.82676664641257e-42,-0.661094381485007,0.355,0.636,2.3089234350667e-37
"AT2G37410",1.85194197146416e-42,-1.20670487740906,0.107,0.338,2.34074353541242e-37
"AT2G40290",1.88646475292974e-42,-1.63558993316008,0.071,0.286,2.38437825981802e-37
"AT2G06530",1.91032916117795e-42,-0.768334736158902,0.183,0.454,2.41454143997926e-37
"AT2G40140",2.04194768194916e-42,-0.740764386683414,0.245,0.519,2.58089935312283e-37
"AT4G15470",2.08683331855549e-42,-0.766532010153687,0.211,0.48,2.63763210465503e-37
"AT5G17770",2.096002673958e-42,-0.751509354253033,0.293,0.569,2.64922161972247e-37
"AT5G15350",2.16402404177732e-42,-1.10696747445405,0.198,0.448,2.73519654736403e-37
"AT5G35200",2.1839184400826e-42,-0.93563377815455,0.139,0.389,2.760341873158e-37
"AT5G56010",2.21185508846071e-42,-0.839113535013533,0.429,0.69,2.79565212050903e-37
"AT1G20430",2.26889741069318e-42,-1.23049653221374,0.13,0.365,2.86775019327153e-37
"AT1G57860",2.5741661655249e-42,-1.01800842818094,0.229,0.482,3.25359158325354e-37
"AT1G56450",2.59335522953888e-42,-0.859575491081671,0.175,0.434,3.27784540882338e-37
"AT3G06050",2.6563888141798e-42,-0.85658231352801,0.139,0.393,3.35751607779441e-37
"AT3G62810",2.68556955671868e-42,-1.48111223768046,0.075,0.292,3.39439878551901e-37
"AT1G17190",3.2038475326698e-42,-0.935296555516813,0.299,0.572,4.04947105044267e-37
"AT4G03520",3.22409243853268e-42,-0.861233284403424,0.132,0.384,4.07505939675899e-37
"AT5G43060",3.25342232527092e-42,-0.738354225702646,0.245,0.526,4.11213061380293e-37
"AT2G45430",3.43375631195781e-42,-1.38016440309491,0.08,0.302,4.34006195293596e-37
"AT5G20290",3.4347449714527e-42,-1.20538499531097,0.763,0.902,4.34131155921793e-37
"AT3G44010",3.47900524001335e-42,-0.901212167428791,0.586,0.8,4.39725388306248e-37
"AT3G08530",3.52544410697303e-42,-0.790172471939548,0.188,0.451,4.45594982456749e-37
"AT3G12630",4.02590010174611e-42,-0.841414095223734,0.164,0.421,5.08849617460098e-37
"AT4G01480",4.27096515440285e-42,-1.3626241979468,0.156,0.4,5.39824369725594e-37
"AT1G69450",4.38334331520894e-42,-1.72220522972368,0.074,0.287,5.54028294982519e-37
"AT2G42500",4.72859841330545e-42,-1.30808946247907,0.098,0.328,5.97666467851329e-37
"AT1G30630",4.91482241054072e-42,-0.960911555115142,0.173,0.429,6.21204063757884e-37
"AT2G29020",5.2067778585149e-42,-1.03749588913997,0.118,0.357,6.58105480649132e-37
"AT5G59850",5.262596227989e-42,-1.12575265694572,0.385,0.619,6.65160587640442e-37
"AT3G20050",5.40633330395925e-42,-1.38432527434356,0.116,0.347,6.83328091620625e-37
"AT1G22360",5.57605529245291e-42,-0.999743274299848,0.156,0.405,7.04779932634293e-37
"AT5G56980",5.68892908711034e-42,-0.987882269420285,0.151,0.4,7.19046503036224e-37
"AT3G11510",5.70493700448325e-42,-1.08351424347793,0.561,0.762,7.21069807744656e-37
"AT5G35360",5.79962712126355e-42,-1.18930154234575,0.127,0.362,7.33038070364986e-37
"AT3G21260",6.2596744826187e-42,-1.68904122968771,0.079,0.294,7.91185296556108e-37
"AT4G24620",6.27456760965799e-42,-0.924839438375104,0.116,0.354,7.93067698455111e-37
"AT4G26690",6.44062714138296e-42,-1.22672170082211,0.104,0.326,8.14056626907958e-37
"AT2G36060",6.7580428890963e-42,-0.69064888858569,0.167,0.434,8.54176072924438e-37
"AT2G30020",6.97096099658993e-42,-0.967928718764526,0.2,0.454,8.81087644202987e-37
"AT3G04640",7.32779540220574e-42,-0.917235747798525,0.19,0.445,9.26189372066393e-37
"AT1G74270",8.3344502590752e-42,-0.762039476012567,0.384,0.647,1.05342450604555e-36
"AT5G46290",9.17860521198867e-42,-1.46893036932235,0.078,0.296,1.1601206271641e-36
"AT3G14067",9.29786614739819e-42,-0.740207133338104,0.154,0.408,1.17519449383425e-36
"AT3G50670",9.41390080401441e-42,-0.92953247404646,0.13,0.374,1.1898605782226e-36
"AT3G01390",9.67554343532791e-42,-0.674805236676721,0.275,0.545,1.22293063696484e-36
"AT4G34000",9.97695494732536e-42,-0.766396034248543,0.168,0.43,1.26102724361224e-36
"AT3G54200",1.01040836862994e-41,-1.13951344642487,0.087,0.314,1.27709555344612e-36
"AT5G66680",1.02178463181215e-41,-1.09650034724284,0.127,0.366,1.29147446753265e-36
"AT4G02080",1.06542191544824e-41,-0.860252332760908,0.161,0.416,1.34662937581165e-36
"AT5G26360",1.12738912258597e-41,-1.11921138692811,0.137,0.375,1.42495220760131e-36
"AT1G78300",1.14265384733266e-41,-1.35585441215675,0.124,0.355,1.44424590379764e-36
"AT1G15500",1.15562697983695e-41,-1.13663667002358,0.105,0.337,1.46064316489511e-36
"AT5G13710",1.1881874178675e-41,-1.00742606156567,0.176,0.427,1.50179760493945e-36
"AT4G38740",1.20820136605432e-41,-1.18009382399257,0.336,0.586,1.5270940346107e-36
"AT1G14980",1.28814286823143e-41,-0.92909732565237,0.495,0.73,1.62813529687243e-36
"AT5G59520",1.2923171727951e-41,-0.901870598464772,0.126,0.366,1.63341136738264e-36
"AT1G73260",1.32907216939917e-41,-1.27422653881956,0.144,0.382,1.67986747779039e-36
"AT5G47770",1.43618836947626e-41,-0.875051909343233,0.21,0.467,1.81525592771583e-36
"AT5G62190",1.51732521591419e-41,-1.63997124693863,0.098,0.316,1.91780803340258e-36
"AT4G35830",1.58499206523655e-41,-0.859442304128028,0.19,0.448,2.00333487093509e-36
"AT3G17810",1.61193983614415e-41,-1.00116105766869,0.159,0.409,2.03739523649604e-36
"AT2G25430",1.69095732896923e-41,-1.27220213922369,0.072,0.29,2.13726860637737e-36
"AT5G44320",1.75417265275737e-41,-1.48217985631332,0.08,0.298,2.21716898272615e-36
"AT2G47690",1.78626747823539e-41,-0.726789179318671,0.299,0.571,2.25773491644084e-36
"AT5G16440",1.85319087923082e-41,-1.60177104850407,0.078,0.292,2.34232207989501e-36
"AT3G48680",1.91363359118841e-41,-1.44436443015759,0.077,0.295,2.41871804124668e-36
"AT1G32640",1.92091924073395e-41,-0.639182030613339,0.262,0.549,2.42792666513326e-36
"AT3G07110",1.97158355878538e-41,-1.08466357530167,0.468,0.697,2.4919633232912e-36
"AT3G51240",2.03123274611006e-41,-0.869278528100894,0.414,0.69,2.56735631711835e-36
"AT3G52400",2.03439724810302e-41,-1.07050767397137,0.13,0.367,2.57135605776733e-36
"AT3G04840",2.04929290202117e-41,-1.00855809422121,0.466,0.699,2.59018327058064e-36
"AT5G45430",2.05221488112697e-41,-1.18809293635328,0.126,0.359,2.59387647685162e-36
"ATCG00740",2.08672451711066e-41,-1.18276338403085,0.11,0.342,2.63749458615685e-36
"AT1G26880",2.28866405130007e-41,-0.912965775690361,0.441,0.688,2.89273404100021e-36
"AT5G40340",2.4728355091128e-41,-0.881798470729279,0.168,0.421,3.12551571338804e-36
"AT5G41080",2.52161844853355e-41,-0.925426852119844,0.4,0.656,3.18717442183949e-36
"AT5G04600",2.52832622428236e-41,-1.41585360898765,0.142,0.373,3.19565264791944e-36
"AT4G00810",2.74883574621188e-41,-0.949142408444929,0.513,0.733,3.47436345306704e-36
"ATCG01130",3.11145809668635e-41,-0.705903036021089,0.307,0.583,3.93269634672575e-36
"AT3G02790",3.39290638285265e-41,-1.51034874163412,0.098,0.32,4.28843009354278e-36
"AT4G29735",3.48273996971732e-41,-0.729573600178299,0.324,0.601,4.40197435732451e-36
"AT2G30870",3.55565713804268e-41,-0.605782784909437,0.647,0.872,4.49413728305767e-36
"AT4G29840",3.57489223740767e-41,-1.29640184304947,0.096,0.319,4.51844929454905e-36
"AT3G54040",3.60709142267928e-41,-1.18109238970684,0.167,0.408,4.55914713278124e-36
"AT3G09820",3.63321387993135e-41,-0.825451530510245,0.251,0.511,4.59216435140043e-36
"AT2G11910",3.74278590846532e-41,-1.32025752576614,0.161,0.392,4.73065682114565e-36
"AT1G79040",3.75367066428798e-41,-0.744352730668428,0.25,0.52,4.74441449942015e-36
"AT3G59540",3.75956288124458e-41,-1.01887257082814,0.638,0.835,4.75186190812027e-36
"AT4G24570",3.82765962768507e-41,-0.943938052881647,0.196,0.45,4.83793210981627e-36
"AT2G22425",3.8581090890953e-41,-0.763813459807471,0.217,0.482,4.87641840207111e-36
"AT5G11090",3.87659844908221e-41,-0.828656955188683,0.241,0.506,4.89978784373297e-36
"AT5G06360",3.92637495298476e-41,-1.27577664643599,0.176,0.412,4.96270235807555e-36
"AT2G29960",3.97479391996937e-41,-0.833624759232887,0.232,0.495,5.02390102720609e-36
"AT5G04470",4.0848239935434e-41,-1.07097684406077,0.154,0.399,5.16297243839925e-36
"AT5G27700",4.09080829360706e-41,-0.958727216282941,0.669,0.852,5.1705362346217e-36
"AT5G52040",4.20143434278609e-41,-1.1677205080531,0.116,0.348,5.31036092322105e-36
"AT2G27860",4.23750083176739e-41,-1.1095474409409,0.165,0.404,5.35594680130407e-36
"AT4G11260",5.19324526114659e-41,-0.946721789690979,0.13,0.371,6.56395041537362e-36
"AT5G16050",5.2680038805742e-41,-0.878555846026472,0.194,0.45,6.65844082481295e-36
"AT5G52240",5.5845447343839e-41,-0.713913944303106,0.261,0.537,7.05852947157718e-36
"AT5G20720",6.09493681273502e-41,-0.865495615160268,0.274,0.536,7.7036344350883e-36
"AT1G51980",6.38690173406294e-41,-0.779616938794014,0.232,0.498,8.07266057775151e-36
"AT3G19010",6.80538041308032e-41,-0.992982654937931,0.109,0.337,8.60159251930874e-36
"AT2G36620",7.00151720794723e-41,-1.17700964865472,0.467,0.686,8.84949765981282e-36
"AT1G76030",7.11826334100639e-41,-0.886112155174392,0.161,0.407,8.99705776723161e-36
"AT4G39660",7.28081118831406e-41,-0.885562230238554,0.194,0.451,9.20250849335767e-36
"AT5G12250",7.68132058994238e-41,-0.956230583374913,0.154,0.399,9.70872834645178e-36
"AT5G03380",9.00684140594027e-41,-0.685416468151806,0.396,0.667,1.13841071266241e-35
"AT2G27720",9.22228613457952e-41,-0.928955429574915,0.741,0.897,1.16564163369404e-35
"AT3G57290",9.42098897855991e-41,-1.17189863114551,0.147,0.38,1.1907564809561e-35
"AT3G12587",9.79376635957227e-41,-0.99336776178065,0.134,0.367,1.23787330525178e-35
"AT4G36640",1.0266617494579e-40,-1.17429975708413,0.098,0.324,1.29763885160982e-35
"AT1G03900",1.1131350578031e-40,-1.06263083422636,0.127,0.365,1.40693592495965e-35
"AT5G27640",1.1148135266969e-40,-0.924696330369107,0.118,0.352,1.40905740893327e-35
"AT5G43830",1.13710150375992e-40,-0.731043948624013,0.266,0.53,1.43722807466231e-35
"AT1G51160",1.19810837110157e-40,-1.07625107091551,0.109,0.337,1.51433709457011e-35
"AT1G49600",1.41744290553723e-40,-1.28984551590662,0.118,0.344,1.79156278602472e-35
"AT1G09210",1.48934548892366e-40,-1.21310885506723,0.362,0.603,1.88244333727017e-35
"AT4G11420",1.50105701276012e-40,-1.05051030863668,0.152,0.394,1.89724600070802e-35
"AT3G28710",1.52170879531505e-40,-1.15486292533673,0.113,0.34,1.9233486147505e-35
"AT1G04750",1.65132056165986e-40,-0.823045086126599,0.171,0.424,2.08717011070436e-35
"AT5G20570",1.65546444958544e-40,-0.792018020133034,0.221,0.486,2.09240773640902e-35
"AT2G44500",1.65615785086471e-40,-1.31393877713627,0.109,0.335,2.09328415402195e-35
"AT1G51650",1.65747959775752e-40,-0.612424052879433,0.667,0.877,2.09495476278963e-35
"AT3G22850",1.71460643065484e-40,-0.826654526486558,0.172,0.422,2.16715965196187e-35
"AT4G35260",1.75262670490112e-40,-0.859105660435952,0.148,0.393,2.21521499739272e-35
"AT1G54100",1.844885667037e-40,-0.918171985294984,0.146,0.388,2.33182478999475e-35
"AT1G32130",1.85041235486342e-40,-0.756787227723612,0.148,0.397,2.33881019180607e-35
"AT2G17560",1.87499517156791e-40,-0.717219749107324,0.304,0.572,2.36988139715154e-35
"AT3G20370",1.90598315389924e-40,-1.02073956889349,0.253,0.51,2.4090483475394e-35
"AT5G38470",1.98222742304531e-40,-1.04490621063598,0.127,0.364,2.50541652908389e-35
"AT4G26840",2.04704547858347e-40,-0.798904208799678,0.184,0.434,2.58734266220079e-35
"AT5G67490",2.06617983480081e-40,-0.844001325945019,0.184,0.432,2.61152734039813e-35
"AT1G14450",2.22674644166779e-40,-0.705894807304913,0.262,0.534,2.81447389748158e-35
"AT1G01100",2.3546901358337e-40,-0.994063900554607,0.722,0.883,2.97618705028565e-35
"AT1G15370",2.46668146911637e-40,-1.30368573812107,0.089,0.309,3.11773737607495e-35
"AT1G67430",2.55749444592348e-40,-1.03623674646478,0.749,0.9,3.23251952998053e-35
"AT2G39420",2.61718984824216e-40,-1.23154702106549,0.156,0.389,3.30797093678719e-35
"AT1G22930",2.61772449909994e-40,-0.966050198578312,0.137,0.376,3.30864670339238e-35
"AT5G19690",2.63550070169566e-40,-1.10704810384083,0.124,0.355,3.33111475690121e-35
"AT4G02570",2.67183776696715e-40,-0.982390758537373,0.135,0.372,3.37704262718046e-35
"AT1G62300",2.67507251301539e-40,-1.06413654019048,0.107,0.336,3.38113115210067e-35
"AT1G36160",2.7783680107113e-40,-1.0765073100867,0.148,0.387,3.51169046345844e-35
"AT2G09990",2.7807619445499e-40,-1.15076608563219,0.187,0.428,3.5147162521944e-35
"AT2G14170",2.83678423540179e-40,-0.792955207252434,0.139,0.386,3.58552506649374e-35
"AT1G80440",2.8647105942433e-40,-1.66700093811513,0.068,0.274,3.62082230848788e-35
"AT5G37780",2.99244897015879e-40,-0.637474407864416,0.394,0.664,3.7822759513425e-35
"AT4G15610",3.00374750621256e-40,-1.2298147396442,0.164,0.403,3.7965566230023e-35
"AT5G18860",3.06664139163281e-40,-0.854165569135184,0.159,0.403,3.87605072054038e-35
"AT5G03300",3.17351028723133e-40,-0.88577713007099,0.231,0.488,4.01112659244316e-35
"AT5G03290",3.20611777950475e-40,-0.863913383294702,0.162,0.414,4.05234050622723e-35
"AT1G31130",3.23145329172844e-40,-0.705403468572769,0.184,0.44,4.08436307354724e-35
"AT4G24220",3.44507379897751e-40,-0.879515394996686,0.144,0.387,4.35436657747964e-35
"AT1G60780",3.48259787604831e-40,-0.780661502031185,0.133,0.374,4.4017947594525e-35
"AT4G25890",3.62244736245223e-40,-1.00589439499759,0.274,0.515,4.57855611929788e-35
"AT5G17190",3.6927534134796e-40,-0.876385531587316,0.169,0.412,4.66741874943341e-35
"AT5G05010",3.88504624600816e-40,-1.07652998565085,0.135,0.369,4.91046535217955e-35
"AT4G26570",3.96540340750652e-40,-1.44331747459287,0.079,0.292,5.01203198288379e-35
"AT3G48360",3.99589619493526e-40,-1.0008761130608,0.258,0.51,5.05057303662647e-35
"AT1G68490",4.01648041669779e-40,-0.766791272510032,0.174,0.425,5.07659025788101e-35
"AT1G02140",4.02949162942223e-40,-0.864653175195405,0.157,0.403,5.09303565009194e-35
"AT5G54430",4.11237491526868e-40,-0.932847177864674,0.13,0.37,5.19779515040469e-35
"AT2G30970",4.30809199503803e-40,-0.926464045848183,0.144,0.386,5.44516979620836e-35
"AT1G05850",4.52459128395932e-40,-0.747643208461456,0.313,0.588,5.71881190744755e-35
"AT1G53910",4.80491294759147e-40,-1.01385241094098,0.11,0.343,6.07312167097876e-35
"AT1G32050",5.12620475991078e-40,-0.88485305475318,0.167,0.415,6.47921524424163e-35
"AT1G80070",5.19671443994422e-40,-1.03124214651039,0.125,0.356,6.5683352492231e-35
"AT1G09070",5.51930699349363e-40,-0.612936571257639,0.32,0.612,6.97607288135634e-35
"AT4G19110",5.56349820418188e-40,-1.09983828671992,0.123,0.352,7.03192792019365e-35
"AT3G48170",5.99428718496599e-40,-0.847085402361798,0.127,0.362,7.57641934456591e-35
"AT4G34640",6.24324973278008e-40,-1.06222560454718,0.13,0.363,7.89109306725006e-35
"AT4G13520",6.25775592461113e-40,-0.734430496961505,0.263,0.53,7.909428023353e-35
"AT4G35450",6.52151318245128e-40,-0.930992428171824,0.09,0.315,8.24280137182747e-35
"AT4G02930",6.54254433347622e-40,-1.01869415416025,0.146,0.381,8.26938348485393e-35
"AT5G35620",6.79378085539e-40,-1.03900970967423,0.145,0.379,8.58693137436163e-35
"AT1G04080",7.71549613618176e-40,-1.02711663176511,0.119,0.349,9.75192418636557e-35
"AT1G36730",7.79914360577756e-40,-1.19748045311785,0.09,0.309,9.85764956908649e-35
"AT3G27090",7.94479001166882e-40,-0.685484874957614,0.157,0.406,1.00417378873487e-34
"AT4G21570",7.97698157441969e-40,-0.911466878676569,0.185,0.436,1.0082426091172e-34
"AT1G53750",8.17836104764039e-40,-0.689475738518902,0.227,0.499,1.03369576625546e-34
"AT2G31570",8.33866057454072e-40,-0.571522803064311,0.242,0.518,1.0539566646585e-34
"AT1G71697",8.50497755933365e-40,-1.04740226888135,0.171,0.408,1.07497813363442e-34
"AT5G60570",9.23740622570853e-40,-1.67433947110528,0.054,0.252,1.1675527224922e-34
"AT5G28060",9.29049805624054e-40,-0.987668544267931,0.584,0.792,1.17426321132047e-34
"AT1G33990",1.0005056948072e-39,-1.76205273382525,0.047,0.244,1.26457916789462e-34
"AT3G01120",1.01413263991165e-39,-0.753856836810737,0.223,0.484,1.28180280888993e-34
"AT1G06640",1.02669288211794e-39,-0.676947540052862,0.187,0.44,1.29767820142414e-34
"AT1G48920",1.04578195543331e-39,-1.31420546597523,0.204,0.439,1.32180564475038e-34
"AT1G12840",1.1220731133418e-39,-0.806258252163536,0.177,0.429,1.41823309087723e-34
"AT4G19200",1.12325697717503e-39,-0.928365451628551,0.164,0.407,1.41972942373061e-34
"AT4G39880",1.17818075382513e-39,-1.34771986853096,0.081,0.296,1.48914978198973e-34
"AT5G47450",1.18883064547963e-39,-0.909241219572471,0.387,0.66,1.50261060604753e-34
"AT5G51510",1.18940688783676e-39,-0.967401046340514,0.103,0.327,1.5033389418124e-34
"AT1G77940",1.21788348432621e-39,-1.24826805204024,0.644,0.824,1.53933165117927e-34
"AT1G65845",1.22283905092681e-39,-0.851450413035014,0.214,0.464,1.54559519002843e-34
"AT5G20250",1.23484527378132e-39,-0.726434517260602,0.44,0.72,1.56077033534316e-34
"AT4G00430",1.23623232667716e-39,-1.11350459761453,0.163,0.404,1.56252348698033e-34
"AT1G56010",1.36202640374344e-39,-1.08043074617737,0.168,0.409,1.72151965274748e-34
"AT3G52560",1.41596580168663e-39,-0.913458427015183,0.089,0.308,1.7896958153838e-34
"AT5G09900",1.4456926087937e-39,-0.776251103022768,0.163,0.41,1.8272687159587e-34
"AT5G18150",1.4641347253685e-39,-0.708830551031067,0.204,0.466,1.85057844478227e-34
"AT5G54940",1.50047942858996e-39,-0.601144080783573,0.601,0.855,1.896515968972e-34
"AT5G40890",1.56745110228163e-39,-0.816225339305427,0.23,0.491,1.98116414621785e-34
"AT4G28440",1.71348555769259e-39,-1.23128665645389,0.074,0.284,2.16574293578997e-34
"AT1G18070",1.71893578382482e-39,-0.811330872316499,0.155,0.402,2.17263169460755e-34
"AT1G59590",1.82519239776606e-39,-1.27433450487563,0.091,0.306,2.30693367923243e-34
"AT3G11940",2.05639384190545e-39,-1.1018323984646,0.715,0.877,2.59915843253798e-34
"AT1G03850",2.16488831843207e-39,-1.08789661878008,0.174,0.416,2.73628894119904e-34
"AT1G10030",2.16760413074764e-39,-1.39353539508531,0.077,0.284,2.73972156501717e-34
"AT5G37600",2.17447466628686e-39,-0.80282635354157,0.265,0.527,2.74840550970661e-34
"AT1G17290",2.29987947602001e-39,-0.819798495348765,0.122,0.353,2.90690966492073e-34
"AT1G61770",2.34336602047587e-39,-1.30573773102164,0.09,0.307,2.96187404792027e-34
"AT5G63790",2.39732021660405e-39,-0.611371311050735,0.28,0.559,3.03006891457452e-34
"AT1G14610",2.42868411272498e-39,-1.01357316107275,0.114,0.341,3.06971099743761e-34
"AT5G03740",2.48704944484178e-39,-1.6648280720095,0.062,0.264,3.14348127531332e-34
"AT2G46140",2.64576215391508e-39,-1.25713270812612,0.146,0.375,3.34408461681943e-34
"AT2G40510",2.68888062442689e-39,-0.854743395096561,0.448,0.683,3.39858377643813e-34
"AT5G58060",2.72011948879977e-39,-0.739734783472336,0.144,0.385,3.43806782667358e-34
"AT2G46800",2.76343731548406e-39,-0.834131992407841,0.182,0.432,3.49281896053292e-34
"AT5G13930",2.77509121252205e-39,-0.904063248006302,0.554,0.797,3.50754878715511e-34
"AT1G70690",2.83232694677972e-39,-2.06685560409407,0.046,0.237,3.57989132111276e-34
"AT3G17210",3.17323052999442e-39,-0.840212309438721,0.216,0.471,4.01077299608115e-34
"AT2G17390",3.28594072892018e-39,-0.919519856515995,0.125,0.359,4.15323192491137e-34
"AT5G18380",3.31964853941992e-39,-1.19276928123104,0.683,0.846,4.19583657491442e-34
"AT1G30120",3.456254863432e-39,-1.47395223135353,0.096,0.309,4.36849877208624e-34
"AT4G22930",3.53355156218041e-39,-1.26909076013343,0.091,0.307,4.46619716150231e-34
"AT1G43710",3.61176498344153e-39,-1.11853284419084,0.101,0.323,4.56505423317109e-34
"AT5G42090",3.89204630265693e-39,-1.23997940657689,0.084,0.299,4.91931300378019e-34
"AT5G49510",3.92795397335194e-39,-1.23593761556109,0.099,0.316,4.96469814507845e-34
"AT1G48440",3.95286152534212e-39,-0.725830201212386,0.164,0.413,4.99617979634092e-34
"AT1G73030",3.95887229954308e-39,-0.716231130184902,0.143,0.383,5.00377705428448e-34
"AT1G47278",3.96829981251299e-39,-0.893380552672964,0.148,0.388,5.01569286502767e-34
"AT1G48300",3.99945221926418e-39,-0.665953357443922,0.21,0.468,5.05506763801676e-34
"AT5G45130",4.01659967843713e-39,-0.743583570115522,0.13,0.366,5.07674099756382e-34
"AT3G07880",4.11233492826815e-39,-1.22355108471655,0.132,0.357,5.19774460923524e-34
"AT3G02230",4.15120445345128e-39,-1.11450372730451,0.315,0.572,5.24687335689521e-34
"AT3G13200",4.21436317092627e-39,-0.534307518929793,0.192,0.456,5.32670218626055e-34
"AT3G27890",4.28405733443755e-39,-0.673029087877323,0.176,0.436,5.414791427289e-34
"AT3G05490",4.36934917177394e-39,-0.871826819664094,0.255,0.523,5.52259519217196e-34
"AT3G15660",4.56028160416636e-39,-1.00140662618751,0.149,0.387,5.76392233077003e-34
"AT3G45300",4.65889485676022e-39,-0.857064571265516,0.172,0.422,5.88856356525352e-34
"AT4G14800",4.78870365642338e-39,-0.905569728061647,0.179,0.423,6.05263409949977e-34
"AT2G44100",5.25428307263604e-39,-0.917234968723418,0.129,0.363,6.6410985468276e-34
"AT3G45030",5.31859463202021e-39,-1.02096165054882,0.445,0.668,6.72238449919563e-34
"AT2G39990",5.7194352057852e-39,-1.01785602694836,0.128,0.354,7.22902293400014e-34
"AT5G03455",5.84267457445051e-39,-0.933323793145755,0.108,0.334,7.38479010163098e-34
"AT5G58430",6.3087827932614e-39,-0.961088714968576,0.093,0.312,7.97392292371482e-34
"AT5G07220",6.78710406916137e-39,-0.829956376830814,0.129,0.364,8.57849231717583e-34
"AT5G35630",7.50386881137107e-39,-0.802531183599473,0.156,0.398,9.48443994544435e-34
"AT2G23310",7.71696605421621e-39,-1.16346224376702,0.108,0.327,9.75378207456603e-34
"AT5G25540",7.82466872315502e-39,-0.712020519824098,0.175,0.431,9.88991178594456e-34
"AT1G78150",7.92725614654309e-39,-1.10485199203649,0.111,0.334,1.00195761338617e-33
"AT3G49010",7.96938917208292e-39,-1.10567723806792,0.648,0.825,1.00728297501625e-33
"AT2G33210",7.99007964965521e-39,-1.54072902772791,0.07,0.274,1.00989812723852e-33
"AT1G54410",8.19787955984748e-39,-0.525329366371878,0.812,0.95,1.03616278908736e-33
"AT1G12520",8.35742400638907e-39,-1.3711027639288,0.077,0.284,1.05632824986354e-33
"AT2G27710",8.49618677165896e-39,-1.15450382794425,0.747,0.891,1.07386703081706e-33
"AT1G14670",8.53287606187298e-39,-1.3723046995428,0.081,0.292,1.07850433696437e-33
"AT5G20920",8.70044985283998e-39,-0.660491836624049,0.183,0.435,1.09968465869986e-33
"AT5G26667",8.95217420903575e-39,-0.805909478247725,0.179,0.42,1.13150110697687e-33
"AT3G01910",9.52584084021986e-39,-1.28877806600029,0.079,0.289,1.20400912715875e-33
"AT1G56045",9.54869643094147e-39,-0.953273275502996,0.593,0.797,1.20689793669242e-33
"AT5G13420",1.04317127186696e-38,-0.644298374064796,0.253,0.526,1.31850589736352e-33
"AT1G08200",1.11639674237882e-38,-0.865168221448215,0.183,0.424,1.41105849856228e-33
"AT5G18110",1.22101428274615e-38,-0.752959309278895,0.114,0.342,1.54328879253417e-33
"AT4G29780",1.30954113762437e-38,-0.764334014093871,0.255,0.515,1.65518142548895e-33
"AT2G29995",1.38135476328408e-38,-1.26240779680701,0.159,0.386,1.74594953950528e-33
"AT5G33320",1.41951786486269e-38,-1.13234460046386,0.111,0.332,1.79418541011455e-33
"AT2G15910",1.45008826447616e-38,-1.37124446766784,0.079,0.286,1.832824561002e-33
"AT2G36170",1.49943026661717e-38,-0.870024916020744,0.397,0.646,1.8951898911881e-33
"AT4G21660",1.55916179617282e-38,-0.987052868618866,0.124,0.351,1.97068696065468e-33
"AT3G11400",1.57133128122965e-38,-0.717516470157697,0.186,0.436,1.9860684595974e-33
"AT1G24510",1.57863121883479e-38,-1.0287606492408,0.166,0.398,1.99529514273404e-33
"AT1G78380",1.57904885171224e-38,-0.605435305067897,0.734,0.912,1.99582300563317e-33
"AT5G42850",1.72058345685263e-38,-0.698890614771295,0.165,0.415,2.17471425445431e-33
"AT3G48000",1.74282137998395e-38,-1.10976344836593,0.114,0.337,2.20282165501691e-33
"AT3G51010",1.74527316872976e-38,-1.0994789200679,0.107,0.327,2.20592056888429e-33
"AT5G20400",1.80139114275658e-38,-1.19284447554782,0.088,0.304,2.27685032097575e-33
"AT5G03460",1.81656768827799e-38,-0.6033926800428,0.243,0.518,2.29603256392208e-33
"AT4G23430",1.84678376185812e-38,-1.18707745265995,0.114,0.336,2.33422386796295e-33
"AT3G22630",1.85641271427146e-38,-0.84847430166469,0.135,0.371,2.34639428607627e-33
"AT5G25940",1.90201763179912e-38,-0.821226276732403,0.143,0.378,2.40403616553618e-33
"AT1G64200",1.94449076803913e-38,-1.01976997792686,0.142,0.373,2.45771966135537e-33
"AT4G14420",1.95746958385167e-38,-0.814199872234364,0.202,0.45,2.47412410581347e-33
"AT5G51040",1.96363131010716e-38,-0.542823043260482,0.266,0.554,2.48191215809684e-33
"AT4G12650",1.97597863383663e-38,-1.21995196857958,0.09,0.302,2.49751843445147e-33
"AT1G08110",2.082865046711e-38,-0.845460409071164,0.126,0.356,2.6326164471399e-33
"AT1G10960",2.11387279610882e-38,-0.973114349901197,0.172,0.413,2.67180838191379e-33
"AT5G50810",2.14672354665028e-38,-1.05030998923345,0.196,0.431,2.71332975955315e-33
"AT1G66400",2.16169591159246e-38,-1.26500165054438,0.107,0.322,2.73225393049818e-33
"AT1G01490",2.22513693685096e-38,-0.843698295057435,0.147,0.383,2.8124395799634e-33
"AT3G51260",2.22724591286028e-38,-0.8159460764738,0.179,0.425,2.81510519910062e-33
"AT3G02180",2.24953922184471e-38,-1.16010279819321,0.122,0.346,2.8432826040584e-33
"AT1G80780",2.62205046780109e-38,-0.635250973123418,0.149,0.394,3.31411446827251e-33
"AT3G16780",2.66245135104673e-38,-1.29391561591419,0.161,0.381,3.36517876064201e-33
"AT5G05080",2.71859721836613e-38,-1.16209647967294,0.115,0.339,3.43614376818168e-33
"AT5G41670",2.76612291425252e-38,-1.07014748088952,0.106,0.325,3.49621339624033e-33
"AT1G04630",2.77196935559306e-38,-1.05361907865358,0.132,0.358,3.50360294730829e-33
"AT5G19440",2.82100376379189e-38,-0.608374439315619,0.252,0.526,3.56557949720712e-33
"AT5G48180",2.82822391596549e-38,-1.234939842483,0.104,0.323,3.57470533634543e-33
"AT5G27120",2.93323622662965e-38,-1.73667933995846,0.097,0.303,3.70743459628629e-33
"AT1G77350",3.13975406507085e-38,-1.15018503062809,0.09,0.302,3.96846075300565e-33
"AT2G45640",3.35007378982135e-38,-0.751443436990469,0.152,0.386,4.23429226590679e-33
"AT3G61110",3.35520949678494e-38,-1.05995355343316,0.605,0.808,4.24078349136636e-33
"AT5G46780",3.37165995196278e-38,-1.07534846341791,0.114,0.333,4.26157587968383e-33
"AT5G54750",3.49471469424277e-38,-0.899589932846434,0.122,0.349,4.4171096906412e-33
"AT4G02480",3.55764789248355e-38,-1.1108919155261,0.115,0.335,4.49665347722566e-33
"AT3G51920",3.65068245882929e-38,-0.729366402986767,0.207,0.46,4.61424358701269e-33
"AT1G77180",4.00509839759151e-38,-0.966974862652673,0.117,0.339,5.06220406865181e-33
"AT3G12050",4.10722266655088e-38,-1.09848149580769,0.108,0.328,5.19128301716032e-33
"AT1G16210",4.18489348430164e-38,-1.16907685002969,0.087,0.296,5.28945427054822e-33
"AT5G40810",4.20891294842835e-38,-1.13318678015332,0.115,0.333,5.31981343203652e-33
"AT4G38630",4.25509389577336e-38,-0.945021229507974,0.119,0.346,5.37818337862378e-33
"AT1G54320",4.62332415620549e-38,-0.954508826666197,0.113,0.333,5.84360433399437e-33
"AT5G42890",4.70643387137712e-38,-0.807623557235197,0.154,0.394,5.9486500273884e-33
"AT5G42570",4.73128880993092e-38,-0.820190840553715,0.139,0.375,5.98006517842408e-33
"AT1G07960",4.79509564488801e-38,-1.03763844394739,0.094,0.309,6.06071318939975e-33
"AT4G24280",4.82249346312022e-38,-1.17607560067185,0.128,0.35,6.09534238777618e-33
"AT2G42570",4.9386583851502e-38,-1.37009506641522,0.084,0.292,6.24216787932674e-33
"AT3G56490",5.37023211381585e-38,-0.747921192519675,0.259,0.519,6.7876511779364e-33
"AT4G22310",5.51486523068932e-38,-0.551829752185908,0.278,0.555,6.97045875967745e-33
"AT2G41530",5.72319875094427e-38,-1.5118633262549,0.058,0.252,7.2337798292685e-33
"AT1G80840",5.80046082551678e-38,-0.953702061381645,0.358,0.599,7.33143445580368e-33
"AT1G31812",5.88560226556807e-38,-0.585357086114515,0.676,0.879,7.4390481275421e-33
"AT3G52580",5.91783187717647e-38,-1.12023155190633,0.291,0.52,7.47978442283843e-33
"AT5G42190",5.91999808750882e-38,-0.854029297397301,0.129,0.36,7.48252238272589e-33
"AT2G37170",6.52073993828289e-38,-0.652090354098659,0.766,0.927,8.24182403759327e-33
"AT4G19160",6.53697799396129e-38,-0.884097758071504,0.233,0.476,8.26234796568743e-33
"AT1G61250",6.88002354829038e-38,-0.859439931131742,0.138,0.376,8.69593696362614e-33
"AT5G64740",7.3520756384696e-38,-0.743743464723956,0.222,0.477,9.29258248248727e-33
"AT2G24550",7.90047341786903e-38,-0.599537724038824,0.344,0.621,9.98572437178138e-33
"AT1G80460",7.98178721995571e-38,-0.705131602132669,0.203,0.455,1.00885001387908e-32
"AT1G15670",8.05269958838676e-38,-1.35907429662304,0.082,0.287,1.01781291177456e-32
"AT3G27430",8.32416669515283e-38,-0.916529493705014,0.151,0.386,1.05212472526715e-32
"AT2G28840",8.365391011959e-38,-1.11303371618451,0.098,0.311,1.05733523156555e-32
"AT2G02760",8.38510421489163e-38,-0.918613168828685,0.133,0.362,1.05982686213701e-32
"AT3G09500",8.60577841442436e-38,-1.03815832155155,0.666,0.849,1.08771875691275e-32
"AT3G58730",9.10802618861609e-38,-0.690469642736719,0.19,0.439,1.15119986208394e-32
"AT1G76490",9.1767331555524e-38,-0.808414159521752,0.166,0.407,1.15988401046289e-32
"AT2G44380",9.69640898114745e-38,-1.22981898451987,0.109,0.324,1.22556791676315e-32
"AT4G26210",9.73901812957907e-38,-1.57430152202898,0.065,0.262,1.23095345747002e-32
"AT4G11820",9.93775613217935e-38,-0.915764928493344,0.132,0.358,1.25607274857068e-32
"AT5G09920",1.03951052586488e-37,-0.824883833160271,0.111,0.338,1.31387893406166e-32
"AT3G12290",1.04490550819831e-37,-0.890496056493747,0.133,0.365,1.32069786803217e-32
"AT3G06680",1.08343010699951e-37,-0.997496729083687,0.322,0.559,1.36939064944097e-32
"AT1G16240",1.14192933531393e-37,-0.781425310885302,0.136,0.369,1.44333016407669e-32
"AT1G15380",1.26977618524739e-37,-1.14444007714822,0.338,0.595,1.60492091158159e-32
"AT2G21045",1.32171850138017e-37,-0.741603979360004,0.456,0.714,1.67057288263445e-32
"AT1G15750",1.3525095628285e-37,-1.31395256479248,0.079,0.284,1.70949093684145e-32
"AT3G11340",1.39402850532921e-37,-0.899173814269678,0.162,0.402,1.7619683890258e-32
"AT5G07960",1.41234566235087e-37,-0.75146809450227,0.183,0.43,1.78512017647176e-32
"AT1G72750",1.48144436536104e-37,-0.940242534832384,0.111,0.33,1.87245679115444e-32
"AT2G22660",1.58285559136004e-37,-0.820901153327754,0.13,0.36,2.00063449614361e-32
"AT3G57530",1.5949496615036e-37,-0.908193635469471,0.174,0.411,2.01592067516086e-32
"AT4G26970",1.61202740918519e-37,-0.649288720501577,0.234,0.497,2.03750592356553e-32
"AT5G47700",1.62307701795466e-37,-1.04626615633687,0.653,0.832,2.05147196607361e-32
"AT5G49460",1.65109423663909e-37,-1.218027230394,0.081,0.287,2.08688404945762e-32
"AT4G26910",1.66077899643793e-37,-1.10391512200494,0.094,0.304,2.09912500475776e-32
"AT3G42790",1.66409122250225e-37,-0.888357406706651,0.118,0.344,2.1033114597695e-32
"AT2G27030",1.68015010976863e-37,-0.757650718463138,0.243,0.504,2.12360892974096e-32
"AT4G32130",1.68154878823858e-37,-1.03271507428344,0.11,0.327,2.12537677540627e-32
"AT4G13510",1.72596400182898e-37,-0.869794960733068,0.159,0.391,2.18151494047173e-32
"AT1G10470",1.79360908583351e-37,-0.822125738010709,0.119,0.343,2.26701426794841e-32
"AT5G12340",2.14774262649532e-37,-1.35776588682835,0.143,0.359,2.71461781533249e-32
"AT4G09800",2.14792085652057e-37,-0.916898084427997,0.508,0.729,2.71484308739061e-32
"AT4G00585",2.150124267526e-37,-0.597373069221478,0.294,0.561,2.71762806669681e-32
"AT4G22000",2.20119641666254e-37,-0.901758334522928,0.144,0.374,2.78218019887645e-32
"AT1G01550",2.21023830423945e-37,-0.605698782572345,0.214,0.47,2.7936086022604e-32
"AT2G24570",2.38990179783459e-37,-0.771116742205143,0.145,0.381,3.02069247835505e-32
"AT5G61790",2.40803100116009e-37,-1.12603100564748,0.328,0.557,3.04360670360628e-32
"AT3G12580",2.54190297503575e-37,-0.757540529108971,0.263,0.525,3.21281284626669e-32
"AT1G69620",2.61314152010007e-37,-1.01906972385291,0.702,0.864,3.30285409291528e-32
"AT1G74950",2.62011668592147e-37,-0.964981467504236,0.202,0.443,3.31167028400358e-32
"AT1G57680",2.74295680160213e-37,-1.42080738100131,0.075,0.274,3.466932819817e-32
"AT5G01010",2.85057981003406e-37,-1.04642174485854,0.086,0.294,3.60296184509445e-32
"AT2G39960",3.14163377749491e-37,-0.922236938641828,0.138,0.368,3.97083659672691e-32
"AT5G11200",3.34997326699097e-37,-1.09972344383351,0.103,0.315,4.23416521108057e-32
"AT1G35720",3.46226401778629e-37,-0.781264878661691,0.564,0.802,4.3760939826408e-32
"AT5G47690",3.56341093414167e-37,-1.13175781522825,0.091,0.298,4.50393761609902e-32
"AT1G57660",3.56394331957413e-37,-1.01365536904807,0.475,0.694,4.50461051934252e-32
"AT1G51510",3.67813698660187e-37,-0.892147531587368,0.146,0.376,4.64894446284557e-32
"AT5G43320",3.76311270897533e-37,-0.998294211803918,0.119,0.34,4.75634867738228e-32
"AT3G27210",3.83038941118148e-37,-0.896965573144376,0.161,0.393,4.84138239236872e-32
"AT1G28290",4.23707597243323e-37,-1.50665523421571,0.39,0.624,5.35540980459726e-32
"AT3G48890",4.31417985223398e-37,-0.770079248254972,0.149,0.388,5.45286448243262e-32
"AT3G04400",4.48052032276162e-37,-0.978015833329093,0.809,0.932,5.66310885675132e-32
"AT5G56350",4.83437189768793e-37,-0.949975158747866,0.108,0.329,6.11035601636368e-32
"AT1G29850",5.15586767942153e-37,-0.718049723542634,0.183,0.43,6.51670739472805e-32
"AT2G16510",5.3003488758269e-37,-0.819117067667753,0.212,0.453,6.69932295811265e-32
"AT3G12965",5.39351055156543e-37,-0.984406088635337,0.533,0.752,6.81707372654561e-32
"AT1G49760",5.82061949325668e-37,-1.22667875527949,0.105,0.313,7.35691380230685e-32
"AT2G37940",6.53560897506746e-37,-0.924965484401697,0.103,0.318,8.26061760794676e-32
"AT1G56340",6.53790558746464e-37,-0.85535870769222,0.373,0.621,8.26352038822006e-32
"AT2G46490",6.57388103262671e-37,-0.870159518087644,0.162,0.394,8.3089911923782e-32
"AT5G25265",6.66440389894337e-37,-0.781040013902466,0.132,0.358,8.42340666403048e-32
"AT3G02080",6.85430712996522e-37,-1.00800710708698,0.602,0.798,8.66343295384824e-32
"AT3G52960",7.00624006455317e-37,-1.13629398458739,0.125,0.34,8.85546706719134e-32
"AT4G37540",7.02080596935537e-37,-0.88640599972687,0.14,0.371,8.87387749690703e-32
"AT4G25730",7.35854376064743e-37,-1.76435614745677,0.058,0.245,9.30075780083271e-32
"AT3G49910",7.53470701612267e-37,-1.10386333874817,0.719,0.879,9.52341758595808e-32
"AT1G19020",7.74486511321538e-37,-0.861613780707117,0.291,0.536,9.78904481119745e-32
"AT2G19570",7.7681661534413e-37,-0.920995290004093,0.133,0.359,9.81849592798059e-32
"AT1G26580",7.92224305840271e-37,-0.704964610367668,0.194,0.444,1.00132398912375e-31
"2:3412312-3413216",8.62681739389732e-37,-1.33313064222931,0.08,0.278,1.09037795768426e-31
"AT4G27090",9.16768807056528e-37,-0.997401449132559,0.832,0.941,1.15874076599103e-31
"AT5G07470",9.18708580371227e-37,-0.573914169250177,0.193,0.447,1.16119252307441e-31
"AT5G37740",1.05223885589437e-36,-0.881669803196574,0.147,0.374,1.32996677951912e-31
"AT1G73940",1.05651472193598e-36,-1.18513459403296,0.126,0.34,1.33537121764376e-31
"AT4G13180",1.06993231830329e-36,-0.814514448441582,0.198,0.44,1.35233025439626e-31
"AT1G13950",1.12658446979525e-36,-0.90597606788917,0.114,0.328,1.423935174753e-31
"AT1G09770",1.16217133682966e-36,-1.09390864490011,0.109,0.324,1.46891483947248e-31
"AT2G47000",1.18587525461603e-36,-0.901061315535545,0.134,0.356,1.49887516931938e-31
"AT1G65440",1.1998153636204e-36,-0.681085984353898,0.163,0.403,1.51649463069437e-31
"AT2G30110",1.26110075377648e-36,-0.682482439877658,0.156,0.392,1.59395568672824e-31
"AT4G14615",1.28327833623315e-36,-0.673025518091236,0.144,0.381,1.62198682029852e-31
"AT1G52720",1.28537916475238e-36,-1.24401884995405,0.08,0.28,1.62464214149712e-31
"AT5G16110",1.28600815180851e-36,-0.53823014018606,0.219,0.48,1.62543714339684e-31
"AT1G74380",1.29507701512235e-36,-1.26506259745938,0.099,0.306,1.63689964249374e-31
"AT5G56360",1.31307131102956e-36,-1.08605140531911,0.099,0.308,1.6596433528627e-31
"AT5G15220",1.31596914508999e-36,-1.67075888567958,0.049,0.236,1.66330604124504e-31
"AT2G18740",1.40008582043553e-36,-0.863055408997818,0.169,0.399,1.76962447188128e-31
"AT2G04520",1.43609148653199e-36,-0.4861129463426,0.249,0.516,1.81513347348725e-31
"AT2G20450",1.59452923981497e-36,-1.07507145031758,0.318,0.544,2.01538928737174e-31
"AT2G35810",1.64143022884814e-36,-0.637583949210305,0.168,0.409,2.07466932345032e-31
"AT2G21600",1.65836166399227e-36,-1.20651549310402,0.087,0.292,2.09606964158639e-31
"AT1G64880",1.70377745859335e-36,-1.3704844239448,0.075,0.272,2.15347248101448e-31
"AT5G13190",1.76001437755424e-36,-0.74121532408375,0.264,0.514,2.2245525723659e-31
"AT4G12730",1.77502407252711e-36,-1.13934266619477,0.133,0.354,2.24352392622991e-31
"AT3G22320",2.04059461142982e-36,-1.09225138532147,0.109,0.324,2.57918915317061e-31
"AT3G55410",2.0513444622115e-36,-0.829851583282311,0.123,0.347,2.5927763195676e-31
"AT4G26630",2.10497626128035e-36,-0.59451927010764,0.284,0.55,2.66056369568269e-31
"AT1G01090",2.15842473620686e-36,-0.97278408266365,0.142,0.364,2.7281193610813e-31
"AT1G06760",2.21940113275434e-36,-0.692874636125605,0.334,0.613,2.80518986773352e-31
"AT3G16450",2.24516144224934e-36,-1.49457071427153,0.118,0.327,2.83774935331663e-31
"AT5G20060",2.36837109324563e-36,-1.02145280077923,0.119,0.337,2.99347895959688e-31
"AT1G79390",2.41196125194537e-36,-1.28656471805654,0.081,0.283,3.04857430478383e-31
"AT2G36160",2.41994261610035e-36,-1.06849117084,0.56,0.758,3.05866227019388e-31
"AT5G45010",2.42685287445047e-36,-0.683305576167353,0.14,0.376,3.06739642213293e-31
"AT2G43710",2.45988380882613e-36,-1.68324865685973,0.051,0.237,3.1091455413277e-31
"AT5G02610",2.53043402556176e-36,-0.955647573462329,0.315,0.549,3.19831678226853e-31
"AT2G45790",2.60668377411766e-36,-0.792636940440677,0.187,0.426,3.29469188945827e-31
"AT3G22230",2.69064175592752e-36,-0.995650778086818,0.56,0.765,3.40080974098704e-31
"AT2G41650",2.69150237059411e-36,-0.782792839288083,0.28,0.526,3.40189750628872e-31
"AT1G50430",2.75235022499843e-36,-1.01263091011878,0.125,0.342,3.47880554338451e-31
"AT5G67510",2.77363078206819e-36,-0.940703018764673,0.193,0.424,3.50570289068726e-31
"AT2G43535",2.88770168213302e-36,-1.04711049866679,0.273,0.522,3.6498816641152e-31
"AT2G36320",2.99786414809733e-36,-0.591610577112118,0.268,0.535,3.78912041134614e-31
"AT1G09970",3.04667097748836e-36,-0.708892250820153,0.229,0.485,3.85080931528663e-31
"AT3G47370",3.07663878918269e-36,-0.864244800481559,0.44,0.665,3.88868683119957e-31
"AT1G53580",3.16384019185605e-36,-0.656638586338116,0.202,0.45,3.99890417209453e-31
"AT3G54620",3.34886434031606e-36,-0.829440579377976,0.13,0.352,4.23276359429908e-31
"AT1G22190",3.6238809670624e-36,-0.760176538210038,0.176,0.419,4.58036810950885e-31
"AT5G41700",3.62499377927196e-36,-0.620437842063962,0.261,0.532,4.581774637373e-31
"AT2G33340",3.71013299842154e-36,-1.24972017173245,0.103,0.311,4.68938550202492e-31
"AT2G22795",3.73137561755068e-36,-1.02512643318289,0.163,0.39,4.716234898047e-31
"AT2G44670",3.75354092094868e-36,-0.749128288264755,0.231,0.479,4.74425051162387e-31
"AT1G80750",3.8393119296168e-36,-1.31808828986375,0.097,0.301,4.85265992031986e-31
"AT1G67730",3.88389325918369e-36,-1.09580392667763,0.099,0.308,4.90900804601264e-31
"AT4G21110",3.95955907035541e-36,-0.800922115659777,0.129,0.35,5.00464509138502e-31
"AT5G53650",3.99252746355604e-36,-0.660237514792846,0.153,0.383,5.04631516228702e-31
"AT4G31580",4.03742911365489e-36,-1.03699446951628,0.171,0.398,5.10306815391296e-31
"AT3G61270",4.1060268395041e-36,-1.14829712820201,0.095,0.301,5.18977156352282e-31
"AT3G51800",4.1172793010072e-36,-0.872040509987561,0.211,0.447,5.20399399971504e-31
"AT3G06650",4.43311376887969e-36,-1.39235152069596,0.116,0.322,5.6031898170378e-31
"AT2G43460",4.46326909231987e-36,-0.948621584690134,0.702,0.873,5.64130433654678e-31
"AT1G30400",4.4970623403397e-36,-0.791185668166957,0.147,0.375,5.68401697444896e-31
"AT1G47640",4.5884035033995e-36,-1.04307766594401,0.1,0.31,5.79946672408676e-31
"AT1G26670",4.59140044060909e-36,-0.799041472913514,0.128,0.353,5.80325467290346e-31
"AT3G57870",4.64973242063929e-36,-0.61620079327184,0.194,0.444,5.87698279574283e-31
"AT1G52300",4.72556962753774e-36,-0.934554218722069,0.775,0.915,5.97283647503005e-31
"AT5G28840",4.78027028765065e-36,-0.919445930148408,0.085,0.291,6.04197482737316e-31
"AT2G33120",5.175750637919e-36,-0.816920563651619,0.122,0.341,6.54183826129134e-31
"AT5G19120",5.34815353101953e-36,-0.613357580335485,0.295,0.562,6.75974517399683e-31
"AT2G34520",5.35986662324495e-36,-1.24154621438206,0.086,0.288,6.77454981978422e-31
"AT1G36980",5.70382080762976e-36,-0.561967192346236,0.235,0.496,7.20928727159556e-31
"AT5G41685",5.73227083083382e-36,-0.8839046421543,0.166,0.394,7.2452463939241e-31
"AT4G13170",5.74736781323888e-36,-1.21121421785764,0.122,0.331,7.26432807386515e-31
"AT1G06200",5.92185976150431e-36,-1.09251505182907,0.076,0.275,7.48487542695576e-31
"AT2G27580",6.1579264573324e-36,-1.23572885864602,0.096,0.301,7.78324956648071e-31
"AT3G07568",6.19590838771105e-36,-0.664231099030136,0.168,0.405,7.83125644756351e-31
"AT3G03920",6.30200280666348e-36,-1.18120986930852,0.169,0.389,7.96535342745424e-31
"AT1G23290",6.32170604989678e-36,-0.88687437083224,0.561,0.763,7.99025714470654e-31
"AT2G42590",6.49969040192637e-36,-0.713578869253711,0.176,0.411,8.21521868661082e-31
"AT5G04590",6.63400023094886e-36,-0.774860679201717,0.156,0.387,8.38497825190551e-31
"AT2G43160",6.64125736026989e-36,-0.925734038902505,0.109,0.325,8.39415082793952e-31
"AT4G32410",6.689790203359e-36,-0.81559051288776,0.195,0.436,8.45549342963358e-31
"AT1G67480",6.80656705129841e-36,-0.971349256323222,0.143,0.366,8.60309235881812e-31
"AT3G48030",6.88246277344185e-36,-0.928685066091065,0.114,0.33,8.69901999786409e-31
"AT2G22430",7.15798062772056e-36,-1.51488353566395,0.062,0.252,9.04725803460112e-31
"AT4G11220",7.25174819178813e-36,-0.82475882998604,0.129,0.351,9.16577460952869e-31
"ATCG00500",7.30002056615799e-36,-0.555919806807541,0.343,0.616,9.22678799438972e-31
"AT4G08390",7.47568199779877e-36,-0.866159661913988,0.196,0.434,9.44881350429778e-31
"AT2G22470",7.59254989830051e-36,-1.31156788694106,0.211,0.443,9.59652751845795e-31
"AT1G23190",8.10602736381783e-36,-0.823952691276409,0.173,0.406,1.02455322262239e-30
"AT5G02770",8.5855308760439e-36,-0.776536995646439,0.118,0.336,1.08515958954669e-30
"AT1G30130",8.60784529250079e-36,-0.978191993442293,0.124,0.343,1.08797999790035e-30
"AT3G02520",8.74670402216668e-36,-0.900709209399169,0.117,0.335,1.10553090817774e-30
"AT2G18110",8.95950255728228e-36,-0.86001693204654,0.188,0.421,1.13242736622514e-30
"AT1G01620",9.19551616947623e-36,-0.684016005523713,0.633,0.86,1.16225807072478e-30
"AT3G03250",9.4455846922926e-36,-0.980234505849934,0.135,0.354,1.19386523159763e-30
"AT1G53560",9.6226727741909e-36,-0.853634110739181,0.14,0.362,1.21624810262108e-30
"AT3G51160",9.75064877166134e-36,-1.45237001663198,0.074,0.268,1.23242350084536e-30
"AT1G63980",9.94618986984006e-36,-1.07260609900405,0.087,0.29,1.25713872240856e-30
"AT1G26740",1.07225288626099e-35,-1.3644084266594,0.068,0.26,1.35526331306072e-30
"AT2G33470",1.10237078130347e-35,-0.958182204756503,0.134,0.354,1.39333052532071e-30
"AT5G15530",1.12251322085038e-35,-1.0692860931851,0.12,0.33,1.41878936036164e-30
"AT3G56130",1.14347718343582e-35,-1.07511491334116,0.104,0.312,1.44528655123187e-30
"AT5G16840",1.17374299228075e-35,-0.842723463720481,0.107,0.322,1.48354071766333e-30
"AT3G29034",1.1941305360621e-35,-0.786307402349399,0.128,0.35,1.50930934975033e-30
"AT5G65720",1.24661917569575e-35,-1.20881736347215,0.072,0.267,1.57565184092888e-30
"AT3G60245",1.31681421533558e-35,-1.1106865008905,0.81,0.932,1.66437415933125e-30
"AT3G47833",1.37624164472018e-35,-0.562337262336984,0.298,0.567,1.73948686442763e-30
"AT3G45640",1.38491599461076e-35,-1.14050371468208,0.151,0.368,1.75045072222833e-30
"AT3G16400",1.39308627629145e-35,-0.879727202781978,0.28,0.525,1.76077746805581e-30
"AT5G09590",1.41526729643938e-35,-1.10784105296908,0.118,0.328,1.78881294666159e-30
"AT1G09590",1.41757489228062e-35,-0.994615943233176,0.556,0.761,1.79172960934916e-30
"AT3G43810",1.43888342800556e-35,-0.663791369210534,0.379,0.631,1.81866231999335e-30
"AT1G79990",1.43929092052505e-35,-1.34402664575173,0.094,0.296,1.81917736608843e-30
"AT1G23720",1.44881607105317e-35,-1.28011762249944,0.198,0.428,1.83121658484694e-30
"AT3G28715",1.51155438079726e-35,-0.999042777695499,0.086,0.287,1.91051404406489e-30
"AT4G04830",1.55423443532511e-35,-0.879628663380329,0.23,0.474,1.96445907218481e-30
"AT5G09880",1.62759603827155e-35,-0.902128112401083,0.132,0.345,2.05718373661294e-30
"AT2G37120",1.69637971502893e-35,-0.77477003893043,0.177,0.409,2.14412217701366e-30
"AT1G74560",1.71279274359736e-35,-1.2427554237277,0.116,0.321,2.16486726034245e-30
"AT5G08790",1.73391367548986e-35,-0.520336420218128,0.303,0.57,2.19156285099866e-30
"AT1G45145",1.78506175318663e-35,-0.737610544103779,0.377,0.644,2.2562109523227e-30
"AT4G15160",1.79293474018474e-35,-1.35063955601051,0.231,0.462,2.2661619355091e-30
"AT3G11450",1.80035151568946e-35,-1.26289271977465,0.074,0.268,2.27553629474053e-30
"AT5G65630",1.80663438585017e-35,-1.05048463055132,0.081,0.281,2.28347746565147e-30
"AT4G31290",1.84007832057468e-35,-1.22215453470457,0.091,0.291,2.32574859250716e-30
"AT1G20330",1.87791927709342e-35,-0.800089516522899,0.162,0.394,2.37357729108945e-30
"AT2G01060",1.96066886827093e-35,-1.24938709154774,0.062,0.255,2.47816780936236e-30
"AT5G08640",1.97747679936731e-35,-0.827135147478456,0.308,0.556,2.49941202579232e-30
"AT5G06320",2.03969716628145e-35,-0.714097208385864,0.217,0.462,2.57805483634978e-30
"AT3G09300",2.09676602224845e-35,-0.973292330672869,0.109,0.319,2.65018644616071e-30
"AT5G65300",2.09952541581877e-35,-0.98521145233453,0.155,0.381,2.65367415406997e-30
"AT1G78870",2.13917392755085e-35,-0.78817321981291,0.161,0.389,2.70378749398863e-30
"AT5G53140",2.26113258693275e-35,-1.33031328907229,0.065,0.253,2.85793592192778e-30
"AT1G13590",2.4811928730525e-35,-1.11834569171182,0.117,0.327,3.13607891996598e-30
"AT1G54080",2.52134144944755e-35,-1.24413477112854,0.069,0.263,3.18682431161474e-30
"AT1G47200",2.55251521756783e-35,-0.954826426071022,0.11,0.32,3.22622608409269e-30
"AT1G01720",2.61942730483427e-35,-0.710164293726475,0.23,0.489,3.31079894767223e-30
"AT2G42740",2.77938011879314e-35,-1.54665211972702,0.079,0.27,3.5129697073474e-30
"AT3G27570",2.81567368945449e-35,-1.39854360117613,0.059,0.245,3.55884260304911e-30
"AT2G37970",2.93595146431569e-35,-0.916078326807891,0.115,0.33,3.71086649380717e-30
"AT2G47650",2.98735013053653e-35,-1.47962896113744,0.085,0.28,3.77583132399034e-30
"AT5G64140",3.05251283754487e-35,-0.906781990248229,0.537,0.753,3.85819307588647e-30
"AT4G26410",3.06761222099149e-35,-1.19629200196753,0.074,0.267,3.87727779059998e-30
"AT2G01100",3.12498455015148e-35,-0.994780584061699,0.1,0.306,3.94979297231847e-30
"AT4G30600",3.17087417688223e-35,-0.969503479710032,0.142,0.364,4.00779470712852e-30
"AT4G37070",3.27224927337675e-35,-0.930092489112783,0.192,0.421,4.13592674659181e-30
"AT2G34560",3.34656409431814e-35,-0.91568188057072,0.122,0.335,4.22985622137247e-30
"AT1G14830",3.35724102604848e-35,-1.1285193501756,0.101,0.305,4.24335122246372e-30
"AT3G53580",3.40670556539846e-35,-0.946835854281875,0.075,0.269,4.30587143232973e-30
"AT1G75220",3.51887126724524e-35,-1.0309086952263,0.132,0.348,4.44764214952194e-30
"AT5G11650",3.54392343067144e-35,-1.27958539145164,0.088,0.283,4.47930658096286e-30
"AT1G78340",3.55735633734199e-35,-1.11547786528864,0.114,0.321,4.49628496902003e-30
"AT5G11560",3.60044234032258e-35,-0.873197685236848,0.155,0.381,4.55074309162732e-30
"AT2G19730",3.8003093737333e-35,-1.13581683555943,0.71,0.861,4.80336302983647e-30
"AT4G35800",3.82107271855591e-35,-1.03329074813051,0.068,0.264,4.82960665189156e-30
"AT5G21274",3.83580659951309e-35,-0.570130668003015,0.235,0.488,4.84822939338858e-30
"AT5G05210",4.03572804741721e-35,-1.22924859270511,0.075,0.267,5.10091810825251e-30
"AT3G06610",4.12546231476323e-35,-0.816862205894972,0.13,0.352,5.21433683812184e-30
"AT1G15040",4.14645837684741e-35,-0.866343368433172,0.254,0.491,5.24087460083251e-30
"AT1G59870",4.17689899793263e-35,-1.04599928449997,0.126,0.337,5.27934971944697e-30
"AT1G66160",4.32931026927111e-35,-1.15037462063052,0.076,0.269,5.47198842174253e-30
"AT4G29010",4.44381790122769e-35,-1.1837395768178,0.074,0.267,5.61671919807772e-30
"AT3G03160",4.50461930261085e-35,-0.921799474663937,0.149,0.369,5.69356852134196e-30
"AT1G13300",5.40243252046684e-35,-1.39919317256594,0.101,0.301,6.82835055991886e-30
"AT5G39320",6.04972689679166e-35,-1.31686262904326,0.193,0.409,7.64649181393085e-30
"AT3G58710",6.1289917459237e-35,-1.13561157062966,0.086,0.282,7.7466778273428e-30
"AT5G02450",6.33918278572955e-35,-0.987262307585225,0.703,0.87,8.01234669019501e-30
"AT2G20280",6.40191212836006e-35,-0.951085520371006,0.099,0.307,8.09163281551941e-30
"AT4G37870",6.52975613720338e-35,-0.794517049020657,0.135,0.355,8.25321997205684e-30
"AT1G51070",7.39440785605909e-35,-0.687493322229143,0.168,0.4,9.34608786558733e-30
"AT1G68680",7.43212172790398e-35,-0.985877154240097,0.096,0.3,9.39375593676696e-30
"AT3G10610",7.45986382231064e-35,-1.16685868450524,0.138,0.346,9.42882027957131e-30
"AT1G05205",7.49157818134657e-35,-0.909938339897863,0.163,0.387,9.46890532653119e-30
"AT5G03520",7.78045905710249e-35,-0.712997789450935,0.124,0.34,9.83403342063412e-30
"AT1G55920",7.86958979376125e-35,-1.04176323640802,0.13,0.343,9.94668932392659e-30
"AT3G46440",7.94819008248909e-35,-1.1350307797259,0.087,0.284,1.00460353728613e-29
"AT3G01520",7.99545044004771e-35,-0.812145158883372,0.143,0.364,1.01057696291939e-29
"AT4G38510",7.99694559597712e-35,-0.970514871155916,0.115,0.328,1.01076594165793e-29
"AT5G58590",8.36858742651207e-35,-1.00349635995981,0.107,0.314,1.05773923918657e-29
"AT4G38130",8.37013619905534e-35,-1.21882706342725,0.085,0.28,1.0579349947434e-29
"AT5G58200",8.41137274791598e-35,-0.839870086056961,0.19,0.421,1.06314704710009e-29
"AT5G67420",8.62349686842317e-35,-0.750328555508681,0.155,0.378,1.08995826318748e-29
"AT1G27350",8.71709190087244e-35,-0.860063952733492,0.273,0.513,1.10178811371887e-29
"AT4G37610",8.83737515516259e-35,-0.624447373724424,0.356,0.622,1.11699119536162e-29
"AT1G61780",8.85522202544434e-35,-0.682999049859543,0.182,0.415,1.11924693268401e-29
"AT3G18130",8.91062934254046e-35,-1.36946191001692,0.12,0.32,1.12625008512106e-29
"AT2G20490",9.47553850717947e-35,-1.15091771541382,0.295,0.52,1.19765121407644e-29
"AT4G35750",9.49566544670386e-35,-0.52600310693663,0.293,0.562,1.20019513847069e-29
"AT2G30050",9.68235003986627e-35,-1.15226456958904,0.094,0.293,1.22379095093886e-29
"AT2G20060",9.69814864264494e-35,-1.64676162800352,0.069,0.253,1.22578779953846e-29
"AT5G27760",9.73400473989766e-35,-0.595937184788932,0.181,0.423,1.23031979509463e-29
"AT2G32520",1.04137842929727e-34,-0.889016857906442,0.096,0.3,1.316239851926e-29
"AT1G45000",1.05729868868881e-34,-0.781027053483241,0.128,0.349,1.33636210458133e-29
"AT1G48030",1.06211853571884e-34,-0.952937071023816,0.107,0.318,1.34245410203647e-29
"AT5G48412",1.10720478466136e-34,-0.806606548879399,0.137,0.36,1.39944041552488e-29
"AT5G15130",1.13462140134727e-34,-1.70288653035738,0.072,0.256,1.43409337401886e-29
"AT1G62020",1.17022684740019e-34,-1.56901364875115,0.041,0.216,1.479096521503e-29
"AT3G44310",1.22741442225219e-34,-0.971614862473841,0.156,0.374,1.55137818486143e-29
"AT2G22760",1.2425961237602e-34,-2.06141427297043,0.076,0.259,1.57056694466547e-29
"AT5G51120",1.51867322449946e-34,-1.0876892081916,0.078,0.272,1.91951183537385e-29
"AT5G63150",1.57468447031874e-34,-1.468232525156,0.075,0.266,1.99030668941467e-29
"AT2G30440",1.57812658118901e-34,-0.781927385520226,0.157,0.384,1.99465731102803e-29
"AT2G39780",1.59270543863498e-34,-0.9512214530011,0.113,0.322,2.01308411210829e-29
"AT1G10865",1.59816631141418e-34,-1.11518411713638,0.085,0.282,2.01998632764884e-29
"AT4G35490",1.64370869986581e-34,-0.775723894424149,0.167,0.398,2.07754917410839e-29
"AT1G71340",1.64923137390814e-34,-0.893902357097524,0.098,0.303,2.08452950273745e-29
"AT5G60340",1.6643844714622e-34,-0.920936517444185,0.134,0.346,2.10368210885993e-29
"AT1G26440",1.6921645346356e-34,-0.980818377496328,0.098,0.297,2.13879444190732e-29
"AT2G36220",1.7363045726562e-34,-0.882265256185038,0.142,0.361,2.19458480156307e-29
"AT3G52990",1.7568813376688e-34,-0.766626628962368,0.14,0.363,2.2205925979331e-29
"AT3G25040",1.76776199830413e-34,-1.13318013789254,0.085,0.284,2.23434510013652e-29
"AT1G18720",1.82539669416201e-34,-0.761635276531537,0.123,0.339,2.30719189761914e-29
"AT3G52850",1.89035824622683e-34,-0.95686951928635,0.129,0.343,2.38929940173594e-29
"AT2G17200",1.98361695820654e-34,-0.842839342957069,0.108,0.317,2.50717281815557e-29
"AT1G11480",2.03462316243922e-34,-1.16385294314069,0.071,0.264,2.57164159993343e-29
"AT1G01800",2.05192449386362e-34,-0.78637368736276,0.132,0.353,2.59350944477399e-29
"AT1G08360",2.06738720095681e-34,-1.01627830137964,0.564,0.753,2.61305337877735e-29
"ATCG00470",2.07862757557177e-34,-0.561425992573042,0.273,0.531,2.62726053786819e-29
"AT5G14240",2.15751842133221e-34,-0.876589677585088,0.11,0.319,2.72697383345863e-29
"AT4G27860",2.1631791401039e-34,-1.16208508628178,0.079,0.274,2.73412864234292e-29
"AT1G79210",2.17283635365341e-34,-1.16093441636614,0.087,0.285,2.74633478083669e-29
"AT3G20000",2.1795835055434e-34,-1.15489352493048,0.128,0.332,2.75486277599653e-29
"AT5G65670",2.27837003614518e-34,-0.360214112307398,0.352,0.635,2.87972302348534e-29
"AT1G09620",2.27930297374276e-34,-1.24879997694775,0.062,0.247,2.88090220063242e-29
"AT1G05570",2.2891643218097e-34,-0.894903098367376,0.148,0.368,2.89336635290816e-29
"AT1G50920",2.33327047350209e-34,-1.25897524559568,0.105,0.303,2.94911388227823e-29
"AT4G17530",2.33501856852028e-34,-0.518169574459781,0.232,0.485,2.95132336949552e-29
"AT2G06025",2.34278692601185e-34,-0.716204536922908,0.117,0.333,2.96114210726342e-29
"AT5G56150",2.36328945422919e-34,-0.731273043481049,0.126,0.343,2.98705607277844e-29
"AT3G25860",2.37759682819789e-34,-1.93031272838931,0.052,0.228,3.00513973503244e-29
"AT5G10480",2.39428385454764e-34,-1.06264849280623,0.091,0.289,3.02623113511694e-29
"AT2G34600",2.52195083365322e-34,-1.58960579221811,0.173,0.375,3.18759453668766e-29
"AT2G35635",2.57424251914898e-34,-0.828598167321965,0.107,0.319,3.25368808965316e-29
"AT1G48900",2.68599571134877e-34,-0.79775477990995,0.12,0.333,3.39493741940216e-29
"AT4G02840",2.73288967207169e-34,-0.841900942776565,0.164,0.384,3.4542085721183e-29
"AT2G31090",2.77215801786971e-34,-0.654609527928086,0.167,0.401,3.50384140510624e-29
"AT3G19030",2.97990795192804e-34,-0.455096570685143,0.492,0.761,3.76642485675993e-29
"AT5G41600",3.04041741178818e-34,-1.05183315318311,0.106,0.31,3.84290518345556e-29
"AT5G44110",3.22589213267445e-34,-0.753028276947604,0.19,0.421,4.07733410217255e-29
"AT5G59910",3.24172923457037e-34,-0.83525876564733,0.46,0.706,4.09735124874288e-29
"AT5G18790",3.54926602754274e-34,-1.0598476566618,0.127,0.335,4.48605930285238e-29
"AT5G46030",3.57180274167353e-34,-0.694023496283794,0.164,0.39,4.51454435731085e-29
"AT4G34620",3.72956051335011e-34,-0.644074799009907,0.154,0.382,4.71394071524374e-29
"AT2G19790",3.74572852998977e-34,-0.726441867878555,0.158,0.382,4.73437611819527e-29
"AT3G62530",3.76855801730116e-34,-1.04503603855767,0.191,0.408,4.76323122038763e-29
"AT3G62580",3.8603213603192e-34,-0.806435225717783,0.116,0.331,4.87921458016184e-29
"AT5G60790",3.87874416074167e-34,-1.10882834970093,0.09,0.285,4.90249989452782e-29
"AT3G14940",4.07288213564913e-34,-0.965914481084259,0.143,0.356,5.14787864653237e-29
"AT4G16500",4.15134390380514e-34,-0.70771418128406,0.183,0.42,5.24704961377547e-29
"AT5G16910",4.15586084262114e-34,-1.20242436232376,0.068,0.256,5.25275875342257e-29
"AT3G05560",4.30997103990891e-34,-0.818022511018413,0.564,0.769,5.44754479618247e-29
"AT5G59890",4.32154703827226e-34,-0.943483182345845,0.109,0.314,5.46217616355384e-29
"AT5G32440",4.33514370273725e-34,-1.25349350496264,0.068,0.254,5.47936153163772e-29
"AT5G57655",4.43288335610873e-34,-0.607039103441067,0.158,0.389,5.60289858912006e-29
"AT5G40650",4.54893888283417e-34,-0.786318503659516,0.114,0.325,5.74958581156942e-29
"AT5G65480",4.59305269032543e-34,-0.613637286409602,0.174,0.408,5.80534301740993e-29
"AT2G37750",4.73064611951853e-34,-0.770473574887194,0.219,0.454,5.97925285630425e-29
"AT5G42990",4.78473617058716e-34,-1.10586334626125,0.076,0.266,6.04761943545194e-29
"AT2G21290",4.92591918884317e-34,-0.78720866768819,0.172,0.396,6.22606629954643e-29
"AT2G14720",5.06975686241655e-34,-1.13104891502442,0.081,0.274,6.40786848868277e-29
"AT3G61200",5.35230654683777e-34,-0.856641868386969,0.104,0.309,6.76499433681013e-29
"AT5G24590",5.45053465024027e-34,-0.85423704074698,0.129,0.341,6.88914876582469e-29
"AT3G01740",5.56991738636867e-34,-1.04748100310665,0.103,0.304,7.04004138132681e-29
"AT4G31720",5.6508127043326e-34,-1.26881484580363,0.07,0.258,7.14228820951415e-29
"AT3G44330",5.68620528550213e-34,-0.766506740323556,0.127,0.34,7.18702230855756e-29
"AT5G43970",5.73956914523663e-34,-0.677730630891501,0.214,0.452,7.25447102543039e-29
"AT3G13432",5.95435159993263e-34,-2.17129380818089,0.039,0.207,7.52594316121885e-29
"AT5G45775",6.15366378001483e-34,-0.921079691837252,0.46,0.675,7.77786179811194e-29
"AT3G17160",6.4875413961101e-34,-1.13778930723765,0.107,0.304,8.19986307219939e-29
"AT3G52200",6.58063300036909e-34,-1.21296978947865,0.082,0.274,8.31752527448651e-29
"AT5G17820",6.66789878654773e-34,-1.15360499139121,0.202,0.432,8.42782399226914e-29
"AT4G20440",6.6736554571337e-34,-1.07020648504005,0.097,0.293,8.43510007848957e-29
"AT2G20530",6.7284532846406e-34,-1.20594961620049,0.066,0.25,8.50436124458864e-29
"AT3G20410",6.76412640905537e-34,-1.1725493052501,0.075,0.265,8.54944993346145e-29
"AT2G29700",6.81389577093326e-34,-0.738241933014254,0.117,0.33,8.61235542071338e-29
"AT4G28770",6.92052996981216e-34,-0.820306393269047,0.128,0.343,8.74713465004438e-29
"AT2G43810",6.93934157062656e-34,-1.65482512174891,0.042,0.212,8.77091138477774e-29
"AT4G10040",7.11479506245671e-34,-0.903691619767153,0.186,0.413,8.99267407124154e-29
"AT4G15000",7.27779134972148e-34,-0.939766068394213,0.64,0.825,9.19869159856696e-29
"AT4G39220",7.71892356285175e-34,-0.847540846067218,0.14,0.36,9.75625624803084e-29
"AT4G31480",8.17371578505466e-34,-1.0644334600772,0.099,0.299,1.0331086329362e-28
"AT4G13395",8.23143910656966e-34,-0.777770965041207,0.22,0.459,1.04040451443577e-28
"AT1G78080",8.38668648706589e-34,-0.612831934636469,0.395,0.656,1.06002685184621e-28
"AT1G30510",8.81771981136939e-34,-0.789689951373741,0.108,0.314,1.11450687783822e-28
"AT1G23440",8.95275301110831e-34,-0.600309114280054,0.197,0.435,1.13157426408602e-28
"AT3G59280",9.2249625351764e-34,-0.692814483550734,0.113,0.321,1.16597991467109e-28
"AT1G75330",9.26860659674113e-34,-0.999721881958478,0.098,0.298,1.1714962621885e-28
"AT2G36880",9.59479967309651e-34,-0.674013137010545,0.388,0.632,1.21272510988136e-28
"AT5G43580",9.81093889999675e-34,-0.804543678434567,0.372,0.627,1.24004381132619e-28
"AT5G35680",1.00658187626951e-33,-0.619544126727018,0.143,0.362,1.27225909669209e-28
"AT3G53990",1.01047186957979e-33,-0.719335734316102,0.593,0.813,1.27717581483668e-28
"AT3G24503",1.06324461880404e-33,-0.794773590765234,0.113,0.323,1.34387740349118e-28
"AT4G16260",1.07461171441269e-33,-1.13700962690388,0.097,0.295,1.35824473031477e-28
"AT3G57280",1.08100954797893e-33,-1.15041932476457,0.077,0.267,1.36633120807249e-28
"AT2G47640",1.08281734882496e-33,-0.837610767960816,0.127,0.339,1.36861615987382e-28
"AT2G38710",1.09155754838366e-33,-1.17904443267496,0.074,0.261,1.37966324770404e-28
"AT5G56680",1.110233050057e-33,-1.41003574513984,0.065,0.245,1.40326796128904e-28
"AT1G17080",1.12402710796439e-33,-0.533935899783359,0.191,0.43,1.42070282284051e-28
"AT1G32790",1.18318493572969e-33,-0.676133915355896,0.145,0.37,1.49547476766618e-28
"AT5G67300",1.24484482960035e-33,-0.97744266507151,0.149,0.365,1.57340917392506e-28
"AT1G32400",1.26272133688378e-33,-0.953997332553371,0.074,0.264,1.59600400654088e-28
"AT5G59290",1.2904117520887e-33,-1.1051943324396,0.138,0.347,1.63100302993499e-28
"AT4G14710",1.30323129116216e-33,-0.669094197958273,0.151,0.377,1.6472061581515e-28
"AT1G12310",1.30467578240718e-33,-0.67980822792839,0.251,0.496,1.64903190841573e-28
"AT4G21810",1.49465929377686e-33,-0.912343602887898,0.118,0.325,1.88915966777632e-28
"AT3G12390",1.49561210316829e-33,-0.688634528025419,0.225,0.46,1.89036396167852e-28
"AT3G61580",1.4960506335997e-33,-1.22130463098905,0.071,0.258,1.890918237832e-28
"AT5G57090",1.49946550124122e-33,-1.40689266547026,0.07,0.253,1.89523442563882e-28
"AT3G12740",1.51171846094344e-33,-0.82361556662782,0.094,0.292,1.91072143152485e-28
"AT5G23290",1.5264578234681e-33,-0.873955926908196,0.138,0.35,1.92935110139427e-28
"AT2G19800",1.53704358167573e-33,-0.717976780522073,0.268,0.51,1.94273086462323e-28
"AT3G55460",1.59656531347503e-33,-0.935689093559002,0.103,0.304,2.01796276231363e-28
"AT2G25610",1.64389678509888e-33,-0.983232115787733,0.082,0.275,2.07778690255788e-28
"AT5G65660",1.69724295796366e-33,-0.562208368944078,0.512,0.756,2.14521326428859e-28
"AT1G11680",1.72379936861864e-33,-0.977636258355035,0.11,0.31,2.17877897397185e-28
"AT3G04570",1.77696261354928e-33,-1.23204661272827,0.064,0.247,2.24597412576948e-28
"AT5G37770",1.78119190224281e-33,-0.682818151435136,0.183,0.415,2.25131969292078e-28
"AT5G40370",1.91752999534044e-33,-0.678694718662155,0.162,0.389,2.42364286231059e-28
"AT3G60300",1.93807517659781e-33,-0.847424248031605,0.089,0.285,2.44961073870904e-28
"AT5G08040",1.94513341525167e-33,-0.669386275869736,0.279,0.526,2.45853192887319e-28
"AT3G12490",2.00932342958457e-33,-0.584362074193578,0.193,0.432,2.53966425558913e-28
"AT1G21920",2.0598950083677e-33,-0.738077897150738,0.205,0.435,2.60358369687627e-28
"AT3G51550",2.07585202404421e-33,-1.04501803951476,0.109,0.311,2.62375240727044e-28
"AT1G48410",2.15901697827544e-33,-1.2703680643546,0.096,0.288,2.72886791952146e-28
"AT1G04270",2.17511923986205e-33,-0.830574261363983,0.65,0.826,2.74922021203124e-28
"AT5G42590",2.2533658669301e-33,-1.50348688229438,0.076,0.259,2.84811925384763e-28
"AT5G13490",2.3638524731709e-33,-1.85213156348876,0.058,0.232,2.98776769493963e-28
"AT1G29900",2.38088406109207e-33,-1.61892499133634,0.059,0.236,3.00929460017671e-28
"AT1G21190",2.40559807607648e-33,-1.09128312462639,0.078,0.266,3.0405316322761e-28
"AT4G39860",2.40613690872134e-33,-1.00372318768061,0.097,0.294,3.04121268440925e-28
"AT5G42020",2.41237165979436e-33,-1.17427087184561,0.365,0.583,3.04909303568048e-28
"AT4G34180",2.46235937620111e-33,-0.591609559838981,0.166,0.396,3.11227450995563e-28
"AT2G44065",2.53549881529217e-33,-1.15310556310293,0.066,0.248,3.20471837260038e-28
"AT1G30880",2.58906387652877e-33,-0.863624242029737,0.193,0.414,3.27242139609978e-28
"AT5G11710",2.59965177917706e-33,-0.879271597895599,0.103,0.305,3.28580386977305e-28
"AT1G47128",2.63147148820544e-33,-0.568530960057262,0.3,0.56,3.32602207280239e-28
"AT4G25030",2.66078386694902e-33,-0.796147503499517,0.146,0.359,3.36307116079154e-28
"AT3G02190",2.718157692858e-33,-0.718628650187408,0.177,0.402,3.43558823431095e-28
"AT5G24735",2.7737442597e-33,-0.777591351569885,0.117,0.327,3.50584631960522e-28
"AT2G46900",2.84328027459689e-33,-0.812599095405715,0.103,0.308,3.59373567027399e-28
"AT5G11670",2.87626925194731e-33,-0.731669671936155,0.191,0.419,3.63543175830628e-28
"AT4G24690",2.87742238797584e-33,-0.847312945389133,0.105,0.305,3.63688925305818e-28
"AT3G14260",2.88095995181782e-33,-1.18249159412664,0.157,0.365,3.64136052150062e-28
"AT2G38040",2.88103936467846e-33,-0.762776948541383,0.144,0.363,3.6414608945917e-28
"AT5G55125",2.91518545233311e-33,-0.970641758362815,0.128,0.333,3.68461950062191e-28
"AT3G63080",3.03454927889656e-33,-0.811652723128109,0.137,0.351,3.83548821556852e-28
"AT3G25930",3.23110662992545e-33,-0.637799681112386,0.271,0.521,4.08392491382797e-28
"AT3G22480",3.25855074548566e-33,-1.04290974383934,0.084,0.273,4.11861262924915e-28
"AT4G10450",3.2791015102655e-33,-1.13508754423386,0.186,0.393,4.14458756288498e-28
"AT1G29990",3.31105382737586e-33,-0.697941029069235,0.151,0.373,4.18497337457344e-28
"AT3G25230",3.34619106956518e-33,-0.832905397556921,0.265,0.495,4.22938474046621e-28
"AT1G79830",3.42139325154603e-33,-0.828042146842536,0.137,0.349,4.32443578635909e-28
"AT3G53890",3.44639489804251e-33,-0.750459620721079,0.576,0.782,4.35603636743186e-28
"AT2G03510",3.49093175278791e-33,-1.14395961390499,0.064,0.248,4.41232827961875e-28
"AT1G63000",3.51277424328398e-33,-0.684983782993316,0.237,0.474,4.43993587705635e-28
"AT2G32380",3.62320467134647e-33,-0.873590417121821,0.087,0.28,4.57951331230165e-28
"AT2G22780",3.69492861586934e-33,-0.922576627481425,0.1,0.301,4.6701680747419e-28
"AT1G31970",3.74008479625314e-33,-0.925745979728727,0.124,0.332,4.72724277737619e-28
"AT5G18520",3.77896183667739e-33,-1.00171165611025,0.088,0.283,4.77638102385002e-28
"AT5G05370",3.81393861342541e-33,-0.541276677592614,0.407,0.669,4.82058957105291e-28
"AT1G56220",3.8626305346449e-33,-0.477284981005809,0.263,0.514,4.88213323795908e-28
"AT1G55310",4.03572684151003e-33,-0.896025419052552,0.12,0.328,5.10091658405819e-28
"AT2G34420",4.07264421283e-33,-1.23564481179714,0.105,0.301,5.14757792636435e-28
"AT3G01780",4.15100939113363e-33,-1.0268912089308,0.095,0.291,5.24662680982944e-28
"AT3G53610",4.22590414231494e-33,-0.6951833371243,0.147,0.367,5.34128928163754e-28
"AT3G25250",4.23715283008748e-33,-1.03555782954216,0.118,0.316,5.35550694806077e-28
"AT2G34590",4.42229503517001e-33,-1.13093299663397,0.085,0.275,5.58951558675278e-28
"AT2G03120",4.48229700796516e-33,-0.934809851554695,0.142,0.35,5.66535448024749e-28
"AT2G31670",4.57307067814003e-33,-1.07016684803488,0.108,0.304,5.78008695292831e-28
"AT3G62190",4.71909522220471e-33,-0.876003537852822,0.137,0.345,5.96465321515342e-28
"AT5G05360",4.72442915065867e-33,-1.16679462900185,0.064,0.246,5.97139498068352e-28
"AT1G11860",4.72625934258414e-33,-0.808435577454593,0.126,0.335,5.9737082334658e-28
"AT1G60140",4.88259225489369e-33,-0.928720883454381,0.139,0.347,6.17130365465033e-28
"AT4G30960",5.12540767260871e-33,-0.680270138500388,0.195,0.425,6.47820777371705e-28
"AT3G23940",5.17697536875233e-33,-1.20654649348316,0.072,0.257,6.54338624758083e-28
"AT1G75780",5.33198474422269e-33,-1.18672840537065,0.105,0.303,6.73930879761283e-28
"AT2G44490",5.35886628533467e-33,-0.801342496691866,0.123,0.33,6.7732854526859e-28
"AT3G62360",5.53822121216495e-33,-1.41630600725948,0.059,0.236,6.99997931890377e-28
"AT5G08180",5.61678968994201e-33,-1.03958004234035,0.212,0.427,7.09928516070531e-28
"AT3G52140",5.74945317118029e-33,-1.28174654798355,0.081,0.267,7.26696384118162e-28
"AT2G25970",5.80648765916736e-33,-0.945753278200742,0.095,0.29,7.33905201192799e-28
"AT2G15240",5.82659148993208e-33,-1.43383140073208,0.049,0.221,7.36446204778475e-28
"AT3G45600",5.84415322648218e-33,-0.869354528086753,0.109,0.311,7.38665902907988e-28
"AT2G45380",5.89652781592205e-33,-0.922616939324295,0.138,0.344,7.45285736765651e-28
"AT5G24980",6.09622417795047e-33,-1.33791477197651,0.066,0.246,7.70526158747872e-28
"AT2G44860",6.19210255507595e-33,-0.913684388494453,0.127,0.332,7.8264461034627e-28
"AT2G25735",6.22240367686245e-33,-1.22901082357367,0.122,0.319,7.86474490333353e-28
"AT4G19410",6.27618310952877e-33,-0.714545808779122,0.153,0.37,7.9327188794578e-28
"AT3G16430",6.35372552516395e-33,-1.67676127060058,0.064,0.242,8.03072784027573e-28
"AT1G20220",6.73232067036062e-33,-1.34516939135842,0.072,0.253,8.5092493880956e-28
"AT3G55280",7.19121387720416e-33,-0.933305969669107,0.436,0.654,9.08926286795343e-28
"AT5G47120",7.33006380548313e-33,-0.605235792314627,0.186,0.417,9.26476084630235e-28
"AT2G39770",7.63948786796979e-33,-1.10739343219634,0.108,0.306,9.65585429584174e-28
"AT5G57990",7.68392614320813e-33,-0.916188708318869,0.109,0.309,9.71202160944649e-28
"AT1G20090",7.82061916470294e-33,-1.1307850467265,0.103,0.298,9.88479338703464e-28
"AT2G16500",7.95615997384148e-33,-1.58392105145771,0.043,0.212,1.00561088373372e-27
"AT4G21980",8.14497735484691e-33,-0.517646220311212,0.21,0.452,1.02947626778852e-27
"AT3G56090",8.21048785877123e-33,-0.927011518078832,0.089,0.281,1.03775640242153e-27
"AT1G72710",8.2259722184091e-33,-0.71900620661485,0.095,0.29,1.0397135325736e-27
"AT5G45350",8.45778669498357e-33,-1.0504626681296,0.101,0.3,1.06901349152575e-27
"AT5G04750",8.5984047673527e-33,-0.343259760986593,0.352,0.635,1.08678677216478e-27
"AT2G33410",8.99662834870372e-33,-1.16037371219502,0.065,0.245,1.13711984350606e-27
"AT1G12000",9.17599216828211e-33,-0.912858954836567,0.158,0.366,1.15979035411785e-27
"AT3G24550",9.25902618113261e-33,-0.860291173676494,0.114,0.316,1.17028535513808e-27
"AT3G05840",9.36222451021385e-33,-1.03069166983428,0.099,0.298,1.18332900474397e-27
"AT3G54470",9.40797462966906e-33,-1.1836981658471,0.094,0.283,1.18911154534239e-27
"AT3G05060",9.45219342585982e-33,-1.14968366562751,0.164,0.368,1.19470053586813e-27
"AT3G11910",9.55320828308133e-33,-0.831664961485757,0.114,0.317,1.20746820773178e-27
"AT3G16080",9.5756840677291e-33,-0.953116865476142,0.588,0.772,1.21030901205655e-27
"AT3G13570",9.8839522935372e-33,-1.00649253912849,0.079,0.269,1.24927226618934e-27
"AT5G49540",9.97663730972576e-33,-0.994550700512253,0.116,0.316,1.26098709612548e-27
"AT3G28740",1.00082970934139e-32,-0.792614230131163,0.195,0.421,1.26498870282495e-27
"AT2G21520",1.05395369183522e-32,-1.0055306556552,0.108,0.31,1.33213422925821e-27
"AT2G34660",1.05843767961518e-32,-1.06979996752325,0.098,0.291,1.33780172077281e-27
"AT5G60980",1.08490074493636e-32,-1.10949033029367,0.093,0.282,1.37124944755486e-27
"AT1G44770",1.12941640705791e-32,-1.20728784916075,0.072,0.256,1.42751457353677e-27
"AT4G35000",1.14191501351794e-32,-0.871821343000423,0.086,0.282,1.44331206218586e-27
"AT3G05500",1.17438166686571e-32,-0.640864921343944,0.169,0.397,1.48434796401825e-27
"AT5G50920",1.17509540938537e-32,-0.815656777380222,0.098,0.296,1.48525009173854e-27
"AT2G47320",1.1964780909684e-32,-0.819050704668067,0.183,0.402,1.51227651829861e-27
"AT2G29420",1.20192096353864e-32,-0.65999376663615,0.167,0.395,1.51915598265502e-27
"AT1G71950",1.21147642573481e-32,-0.679690677345463,0.168,0.399,1.53123351354325e-27
"AT5G16370",1.23084127508142e-32,-0.775640954306415,0.116,0.322,1.55570952122641e-27
"AT1G53280",1.24418286997881e-32,-0.874100309767003,0.077,0.266,1.57257249668101e-27
"AT4G21450",1.29685358695043e-32,-0.849902054874006,0.099,0.299,1.63914512269013e-27
"AT3G14430",1.32232442689666e-32,-1.45598817589547,0.061,0.239,1.67133873613177e-27
"AT4G30200",1.37600296476291e-32,-1.06105506965866,0.072,0.255,1.73918518728243e-27
"AT1G12230",1.39420092222903e-32,-0.976457949970265,0.106,0.305,1.76218631364217e-27
"AT5G24400",1.42541125130762e-32,-0.978384663647598,0.087,0.277,1.80163429697775e-27
"AT1G62570",1.44090512793341e-32,-1.153897042185,0.086,0.272,1.82121762740015e-27
"AT5G16880",1.47098288502679e-32,-0.667945208243249,0.133,0.346,1.85923410770076e-27
"AT2G15000",1.51981876333403e-32,-1.35980142143877,0.097,0.284,1.92095972772842e-27
"AT5G02740",1.62346658910566e-32,-1.24955087519171,0.078,0.262,2.05196436063421e-27
"AT2G30600",1.63619455770526e-32,-0.940880560494547,0.12,0.322,2.06805174926598e-27
"AT5G12480",1.63782445187718e-32,-2.00600218895899,0.035,0.197,2.07011183770565e-27
"AT5G27430",1.6646956725267e-32,-1.00596626069017,0.125,0.327,2.10407544833339e-27
"AT3G12760",1.72055464621451e-32,-0.916767588578085,0.091,0.284,2.17467783953637e-27
"AT2G28000",1.72657412760423e-32,-1.06102579175999,0.127,0.329,2.18228610284409e-27
"AT3G11820",1.80784290969711e-32,-0.671537109630501,0.201,0.432,2.28500496728257e-27
"AT2G07340",1.84633300247159e-32,-0.768755020762298,0.133,0.34,2.33365413514394e-27
"AT1G10840",1.909127825499e-32,-0.819518284976663,0.106,0.304,2.4130230237612e-27
"AT2G45710",1.97292000327438e-32,-1.06656884003085,0.093,0.285,2.49365250893861e-27
"AT3G18820",1.99057874597834e-32,-0.664529950503327,0.182,0.411,2.51597210019186e-27
"AT4G29905",2.03577855596606e-32,-0.527343898112407,0.426,0.679,2.57310194802774e-27
"AT3G49720",2.09561207032871e-32,-0.927468641354945,0.127,0.332,2.64872792017127e-27
"AT5G06110",2.3721469286602e-32,-1.52220257996263,0.061,0.235,2.99825138901077e-27
"AT5G61020",2.41261310248459e-32,-1.30101602981838,0.076,0.257,3.04939820475437e-27
"AT5G60920",2.41742445099795e-32,-0.979314140259359,0.127,0.329,3.05547946059435e-27
"AT1G20696",2.53428661591349e-32,-0.819563742847184,0.126,0.334,3.20318622531769e-27
"AT4G34490",2.53635080494718e-32,-0.937559065978302,0.099,0.292,3.20579523640494e-27
"AT2G21390",2.55297921775809e-32,-1.17701669942867,0.085,0.272,3.22681255249317e-27
"AT3G10260",2.55617309974988e-32,-0.783147321436487,0.12,0.327,3.23084942769787e-27
"AT2G23930",2.55685961929307e-32,-0.70682107035223,0.302,0.536,3.23171714720928e-27
"AT3G54810",2.58518607614113e-32,-1.02438236217442,0.113,0.312,3.26752008907782e-27
"AT2G41310",2.67607395702758e-32,-0.945910254628002,0.114,0.313,3.38239691724544e-27
"AT1G58380",2.74792587654241e-32,-1.14433294727584,0.099,0.289,3.47321343239702e-27
"AT5G63840",2.759578064797e-32,-1.11362160505622,0.087,0.276,3.48794109921952e-27
"AT3G11630",2.80256573949326e-32,-0.931409318831042,0.118,0.317,3.54227494077511e-27
"AT1G77440",2.93603326545227e-32,-0.85068622611235,0.111,0.311,3.71096988553574e-27
"AT4G36420",3.2580045003338e-32,-1.52228755750862,0.064,0.238,4.1179222081519e-27
"AT3G15980",3.31880047360401e-32,-1.40427284666576,0.047,0.215,4.19476467060706e-27
"AT3G27770",3.40321110849563e-32,-0.722661026754828,0.163,0.384,4.30145464847196e-27
"AT1G52200",3.41481463654809e-32,-0.859246500320804,0.171,0.387,4.31612081171859e-27
"AT3G04090",3.480972307676e-32,-0.826544400815833,0.119,0.325,4.399740138564e-27
"AT4G12545",3.50632865965427e-32,-0.826788659089231,0.311,0.557,4.43178904608342e-27
"AT4G30280",3.58964123042566e-32,-1.16208188654448,0.234,0.448,4.53709113678421e-27
"AT5G39510",3.65944257039216e-32,-0.560173170787534,0.134,0.344,4.62531584242147e-27
"AT5G57120",3.77430917764762e-32,-0.915319484178296,0.109,0.307,4.77050034199593e-27
"AT4G03190",4.06609828219284e-32,-1.6903088782897,0.042,0.208,5.13930426279482e-27
"AT3G55620",4.13600220593407e-32,-0.917012995642562,0.108,0.303,5.22765862816831e-27
"AT3G18430",4.21084643144968e-32,-0.961526093777106,0.082,0.269,5.32225723856651e-27
"AT1G76670",4.27290483472117e-32,-1.61496037492409,0.057,0.228,5.40069533679748e-27
"AT4G11320",4.44556806073933e-32,-1.3903450633493,0.239,0.468,5.61893129469087e-27
"AT4G01000",4.67466244331402e-32,-1.03732874896399,0.058,0.235,5.90849284860232e-27
"AT5G66140",4.68309493664248e-32,-1.10901703846642,0.06,0.238,5.9191510142199e-27
"AT4G34265",4.76320084232399e-32,-0.844172244099331,0.163,0.377,6.02040007264698e-27
"AT1G06410",4.838742904998e-32,-0.880174704467025,0.101,0.296,6.11588070734318e-27
"AT1G05575",5.04489087900193e-32,-0.742362063875395,0.181,0.402,6.3764393776057e-27
"AT5G56950",5.28794246392503e-32,-0.81456533763838,0.118,0.323,6.6836419978534e-27
"AT5G60670",5.31894435851161e-32,-0.931848316276218,0.275,0.493,6.72282653249716e-27
"AT5G17380",5.3889614075205e-32,-0.817102247334693,0.12,0.324,6.81132388142147e-27
"AT4G31490",5.7037404755808e-32,-1.12699889085814,0.079,0.263,7.2091857367056e-27
"AT5G27470",5.77264909397157e-32,-0.600762263568764,0.19,0.413,7.29628209583443e-27
"AT3G11500",5.90499668371636e-32,-0.717970214422264,0.142,0.349,7.46356150841645e-27
"AT5G03850",6.01274674547565e-32,-0.976533340828672,0.606,0.785,7.5997511214765e-27
"AT5G58640",6.09604267255522e-32,-1.0629628242578,0.091,0.279,7.70503217554944e-27
"AT3G15580",6.47043176724372e-32,-0.511030312653977,0.155,0.374,8.17823752789002e-27
"AT1G27000",6.8962764220782e-32,-0.855443144960933,0.11,0.31,8.71647962092151e-27
"AT4G39670",7.06577348386152e-32,-1.11782817828809,0.104,0.294,8.93071373719193e-27
"AT5G61960",7.10875506119394e-32,-0.918698406784535,0.101,0.295,8.98503987204546e-27
"AT3G23400",7.921623937278e-32,-1.24260045617979,0.088,0.272,1.00124573592832e-26
"AT3G07770",8.04944367012653e-32,-1.21809302224383,0.072,0.253,1.01740138324197e-26
"AT1G21770",8.1071190413655e-32,-0.662500219824769,0.106,0.307,1.02469120411435e-26
"AT3G19910",8.45013522566218e-32,-1.10007198042326,0.078,0.26,1.06804639171235e-26
"AT3G06300",8.54306778239355e-32,-0.953605663878444,0.12,0.319,1.07979250928785e-26
"AT4G35100",8.73440228179249e-32,-1.08637174887365,0.435,0.653,1.10397604200488e-26
"AT4G35570",8.90967259774715e-32,-0.634863351769238,0.282,0.52,1.12612915831965e-26
"AT4G07390",9.15415791482593e-32,-0.803390324250435,0.084,0.273,1.15703063548651e-26
"ATCG00380",9.32616212274479e-32,-1.16539133792325,0.069,0.248,1.17877093534221e-26
"AT1G03870",9.4930741686259e-32,-1.00521529653296,0.322,0.555,1.1998676164693e-26
"AT5G19990",9.61819890945311e-32,-0.664005745713307,0.133,0.34,1.21568263296142e-26
"AT5G43010",9.88688569665868e-32,-1.29942822695694,0.057,0.228,1.24964303074348e-26
"AT1G22780",9.88937574579722e-32,-0.881299117755783,0.472,0.678,1.24995775801429e-26
"AT2G13560",9.91316652455279e-32,-0.901000720616318,0.101,0.294,1.25296476970433e-26
"AT3G54960",9.9220280826109e-32,-1.272061283782,0.154,0.354,1.25408481747352e-26
"AT3G21865",1.05047351161869e-31,-0.946623311205267,0.077,0.26,1.32773549027532e-26
"AT1G67785",1.16916617103362e-31,-0.521013825937563,0.436,0.691,1.47775589021623e-26
"AT3G48870",1.17279955839011e-31,-0.928950997792803,0.091,0.28,1.4823482738316e-26
"AT1G18740",1.17449929742043e-31,-0.606748975902909,0.25,0.493,1.48449664198158e-26
"AT2G19750",1.2162119694821e-31,-0.839402538866574,0.367,0.587,1.5372189567072e-26
"AT2G30410",1.22301806747984e-31,-0.675832529988752,0.143,0.36,1.54582145621046e-26
"AT2G15480",1.25449570715141e-31,-1.19607696591743,0.058,0.23,1.58560730409696e-26
"AT1G67680",1.28919206958363e-31,-0.848322618262145,0.098,0.291,1.62946142442953e-26
"AT3G11330",1.32813506214782e-31,-1.05366072934008,0.084,0.27,1.67868303045111e-26
"AT1G20110",1.35572303983103e-31,-0.720243008277306,0.086,0.275,1.71355257896404e-26
"AT1G09740",1.35889387361254e-31,-0.569038314949257,0.226,0.466,1.71756032261384e-26
"AT1G48160",1.52879750457793e-31,-0.945350587280011,0.114,0.312,1.93230831793623e-26
"AT1G72170",1.53704036729491e-31,-1.00262912259437,0.075,0.254,1.94272680183873e-26
"AT3G46700",1.55758397281672e-31,-1.49227080993327,0.105,0.289,1.96869268660197e-26
"AT4G20110",1.56244850378473e-31,-0.881904880852141,0.108,0.302,1.97484116187368e-26
"AT3G29360",1.56815199229419e-31,-1.18231585883566,0.093,0.282,1.98205002914032e-26
"AT2G40590",1.57052677097563e-31,-0.912399883059137,0.167,0.376,1.98505160690693e-26
"AT1G34370",1.59464203280639e-31,-0.773417782822163,0.139,0.342,2.01553185094531e-26
"AT4G09830",1.5984547999902e-31,-0.797223140323906,0.103,0.299,2.02035095989962e-26
"AT3G07090",1.61403159508947e-31,-0.847421040574958,0.12,0.323,2.04003909429738e-26
"AT3G13870",1.62051335675682e-31,-0.78103534020496,0.132,0.338,2.04823165213921e-26
"AT5G60660",1.63098477203626e-31,-0.90935479894288,0.177,0.392,2.06146689276751e-26
"AT5G02230",1.6365934437826e-31,-1.28897383769705,0.111,0.3,2.06855591733457e-26
"AT2G42910",1.65096393616679e-31,-0.93626154300524,0.097,0.286,2.08671935747866e-26
"AT5G59420",1.70941418040687e-31,-0.7368122096192,0.113,0.312,2.16059695918345e-26
"AT3G48560",1.72014222474865e-31,-0.934839587501223,0.093,0.279,2.17415656354881e-26
"AT3G10850",1.72712306192205e-31,-0.721793184262134,0.122,0.326,2.18297992288576e-26
"AT4G29520",1.73408395815268e-31,-1.36798418685526,0.097,0.282,2.1917780780675e-26
"AT4G28880",1.77881379467807e-31,-0.637234532714028,0.14,0.354,2.2483139076454e-26
"AT2G07050",1.80040491803089e-31,-0.750949468760795,0.107,0.303,2.27560379209596e-26
"AT3G02260",1.83431128005602e-31,-0.902382677168161,0.123,0.324,2.31845939931401e-26
"AT3G48530",1.85778839998333e-31,-0.664550584136681,0.178,0.404,2.34813307027493e-26
"AT3G61260",1.93345166996167e-31,-0.508848957433247,0.28,0.533,2.44376690373135e-26
"AT1G29250",1.93416370408296e-31,-0.91968819023478,0.205,0.417,2.44466687213861e-26
"AT2G29450",2.08226762726374e-31,-1.26885426872971,0.136,0.335,2.63186134480373e-26
"AT1G20200",2.21758062563067e-31,-0.978759511807867,0.079,0.262,2.80288885595962e-26
"AT3G47520",2.30994424228468e-31,-0.656863842939785,0.163,0.379,2.9196309255933e-26
"AT3G49430",2.33146065230473e-31,-1.25887450218999,0.074,0.251,2.94682637687404e-26
"AT2G33630",2.33606874926996e-31,-0.920529197640473,0.085,0.27,2.95265073495227e-26
"AT1G25550",2.33930823151637e-31,-0.619540044357082,0.179,0.397,2.9567452461428e-26
"AT3G49940",2.34359654124774e-31,-0.789977963185692,0.152,0.365,2.96216541234467e-26
"AT4G16660",2.37314739218111e-31,-1.02014573938672,0.107,0.299,2.99951591487339e-26
"AT1G70410",2.374784875398e-31,-0.804400090451589,0.203,0.428,3.00158559541055e-26
"AT5G02502",2.40459587639042e-31,-0.513079974162017,0.245,0.485,3.03926491200491e-26
"AT3G61070",2.4750473350182e-31,-0.982008350100432,0.076,0.255,3.12831132862291e-26
"AT2G06850",2.63043070968515e-31,-0.907243184734972,0.119,0.321,3.32470659119945e-26
"AT1G19000",2.77496756796916e-31,-0.623486304328627,0.153,0.367,3.50739250785894e-26
"AT5G25757",2.89778729721921e-31,-1.8028662896542,0.036,0.193,3.66262927644724e-26
"AT5G40690",2.91502960198686e-31,-0.846493567222719,0.13,0.33,3.68442251513528e-26
"AT3G09440",2.94251853326483e-31,-0.863038470578662,0.212,0.427,3.71916687493475e-26
"AT1G74030",3.13658747489604e-31,-0.520580462274766,0.202,0.432,3.96445837302011e-26
"AT2G32730",3.15446391443634e-31,-0.975762363082234,0.094,0.28,3.98705312001267e-26
"AT5G01410",3.32879556406612e-31,-1.08175666739685,0.074,0.253,4.20739786524574e-26
"AT4G13860",3.34703629493993e-31,-1.05665428619143,0.081,0.266,4.23045305462638e-26
"AT4G30170",3.37797109395634e-31,-0.739489587606979,0.251,0.484,4.26955278449517e-26
"AT3G57550",3.47352343317978e-31,-0.886190639411569,0.096,0.284,4.39032520813325e-26
"AT5G14690",3.48160999974852e-31,-1.41951671247132,0.052,0.219,4.40054614308215e-26
"AT2G40360",3.6942396099423e-31,-1.60850185716317,0.056,0.223,4.66929721259047e-26
"AT2G25110",3.79518485154247e-31,-0.833716363125465,0.147,0.353,4.79688594125859e-26
"AT5G10160",3.85334530656992e-31,-1.3598565740125,0.089,0.27,4.87039726678598e-26
"AT5G55290",3.91995835996417e-31,-0.651904694055352,0.151,0.365,4.95459216949311e-26
"AT5G44790",3.98702323315549e-31,-0.80640302631271,0.111,0.307,5.03935814531455e-26
"AT3G62840",4.04601009929118e-31,-0.857720033544016,0.152,0.354,5.1139140048981e-26
"AT4G13930",4.14098815213645e-31,-0.637166898731481,0.338,0.581,5.23396056501134e-26
"AT1G71780",4.39401996290188e-31,-1.02268808454738,0.061,0.236,5.55377759191021e-26
"AT3G23830",4.40585104830963e-31,-1.1800937967194,0.242,0.448,5.56873137400048e-26
"AT5G15520",4.55341482552695e-31,-1.26664381856317,0.101,0.285,5.75524313457653e-26
"AT3G52360",4.55706567163489e-31,-0.819580250925074,0.123,0.323,5.7598575850062e-26
"AT2G04780",4.58898421905578e-31,-0.864147170158951,0.162,0.37,5.80020071383336e-26
"AT5G25100",4.71652478399875e-31,-0.967113681999189,0.093,0.279,5.96140433548738e-26
"AT1G12360",4.87845267592603e-31,-0.964349771101735,0.1,0.288,6.16607147520995e-26
"AT5G15200",4.92373935457407e-31,-1.07696212355679,0.818,0.931,6.22331111982036e-26
"AT5G07110",4.94170687962649e-31,-1.34915657317906,0.066,0.238,6.2460209934351e-26
"AT5G36230",4.95653452261841e-31,-0.877741011901147,0.134,0.334,6.26476224451831e-26
"AT4G32285",5.27521522484241e-31,-1.22742781913799,0.071,0.247,6.66755553128732e-26
"AT4G11240",5.29134571924014e-31,-1.24673073557522,0.051,0.219,6.68794350837638e-26
"AT3G57890",5.37173325469595e-31,-0.830107465772439,0.086,0.271,6.7895485299404e-26
"AT5G20350",5.48315862854597e-31,-1.03774061096153,0.068,0.244,6.93038351696439e-26
"AT5G16390",5.49721967401183e-31,-0.854224112073009,0.122,0.32,6.94815583477051e-26
"AT1G23820",5.5242091738193e-31,-0.831515932634615,0.124,0.323,6.98226894315717e-26
"AT5G61210",5.59947751913923e-31,-0.666047479861873,0.128,0.333,7.07740361554084e-26
"AT3G03600",5.63219724291026e-31,-1.33145261869886,0.051,0.218,7.118759383204e-26
"AT2G37180",5.7793110848344e-31,-0.650753439592315,0.385,0.634,7.30470245256559e-26
"AT2G01520",5.96589590803975e-31,-1.09367571685079,0.303,0.535,7.54053447400776e-26
"AT1G16000",5.97411534910397e-31,-0.942411240931101,0.117,0.307,7.55092335434647e-26
"AT1G53850",6.05535096733347e-31,-0.721436983535501,0.122,0.321,7.65360030165146e-26
"AT5G54160",6.08690695916562e-31,-0.487758698845183,0.244,0.489,7.6934851819678e-26
"AT3G13470",6.35746898093431e-31,-0.993455151241193,0.091,0.277,8.03545934376211e-26
"AT4G33780",6.38843633810292e-31,-0.897964095925073,0.071,0.249,8.0746002251818e-26
"AT3G15450",6.40470631631665e-31,-0.551815128444969,0.781,0.926,8.09516450144526e-26
"AT3G04720",6.60641447962418e-31,-1.40726463508187,0.066,0.237,8.35011151737618e-26
"AT1G65970",7.15245332716043e-31,-0.786563144968612,0.232,0.466,9.04027185833116e-26
"AT1G14810",7.16954213208637e-31,-1.25445731931805,0.097,0.278,9.06187108242925e-26
"AT1G55810",7.28994341264811e-31,-1.03564906915686,0.085,0.265,9.21405107698245e-26
"AT1G69460",7.34262705637536e-31,-0.885135511135376,0.147,0.35,9.28064004163508e-26
"AT1G78570",7.53326075207789e-31,-0.721647176654504,0.371,0.616,9.52158959498133e-26
"AT3G59970",7.5618588252087e-31,-0.558919632101771,0.275,0.514,9.55773584353429e-26
"AT2G17130",7.56365914362804e-31,-0.943282796146414,0.103,0.288,9.56001133799722e-26
"AT3G15020",7.69599094047471e-31,-1.09668503360087,0.09,0.272,9.7272707893036e-26
"AT5G58040",7.86709784675465e-31,-1.3195282952929,0.06,0.228,9.94353965242707e-26
"AT1G54270",7.917876433186e-31,-0.654562471490762,0.13,0.336,1.00077207389611e-25
"AT1G64850",7.96245768357926e-31,-0.714847843548107,0.094,0.284,1.00640687645832e-25
"AT3G43980",8.07827038446783e-31,-0.824137059780858,0.226,0.441,1.02104490697443e-25
"AT2G01470",8.22881686168799e-31,-0.888603695450013,0.099,0.289,1.04007307841619e-25
"AT1G74020",8.23419324542051e-31,-1.23768823772944,0.076,0.251,1.04075262106168e-25
"AT4G40060",8.36344477593256e-31,-0.698785455203735,0.171,0.383,1.05708923900922e-25
"AT5G22080",8.54822350242647e-31,-0.79366715991323,0.087,0.272,1.08044416136569e-25
"AT5G08160",9.48711287404549e-31,-1.06544677327657,0.079,0.259,1.19911414460211e-25
"AT1G19360",1.00187097026092e-30,-1.10090731482343,0.07,0.245,1.26630479415159e-25
"AT2G37340",1.07350015689927e-30,-0.824431777115719,0.132,0.33,1.35683978831126e-25
"AT5G66650",1.09067870039348e-30,-0.831715183614347,0.168,0.375,1.37855243657534e-25
"AT3G45970",1.1067378597455e-30,-1.42240447207874,0.14,0.333,1.39885025044672e-25
"AT4G29870",1.14421420117365e-30,-1.02975977205044,0.088,0.27,1.44621809743142e-25
"AT2G31810",1.26018074518387e-30,-0.592522186605203,0.164,0.38,1.5927928510677e-25
"AT2G19680",1.26436090197252e-30,-0.974364089933802,0.081,0.262,1.59807631843915e-25
"AT5G54680",1.26953871521086e-30,-0.440578476024275,0.142,0.351,1.60462076370362e-25
"AT3G58700",1.27821990527603e-30,-0.927759377600926,0.206,0.411,1.61559326707459e-25
"AT3G57610",1.29071667579441e-30,-1.15391877048963,0.071,0.246,1.63138843520358e-25
"AT4G32720",1.29831269287125e-30,-1.04154562291154,0.1,0.285,1.64098934502769e-25
"AT5G27850",1.35723016947742e-30,-1.02583080430958,0.751,0.883,1.71545750040929e-25
"AT1G76860",1.41724495887419e-30,-0.6764007086179,0.12,0.322,1.79131259331945e-25
"AT4G33680",1.427263751651e-30,-1.15963490719508,0.077,0.254,1.80397574626177e-25
"AT2G01180",1.45663292993866e-30,-1.30066639140249,0.078,0.251,1.84109662546667e-25
"AT3G54540",1.49979424926346e-30,-1.3930561215358,0.046,0.206,1.89564994341405e-25
"AT4G15910",1.52074274737289e-30,-0.862711032683367,0.44,0.65,1.92212758811449e-25
"AT1G52980",1.54849735275739e-30,-1.09542644040351,0.087,0.268,1.95720774404418e-25
"AT3G51880",1.62770606126241e-30,-0.78166728687888,0.143,0.347,2.05732279907201e-25
"AT1G17890",1.646271257112e-30,-1.0545253831165,0.099,0.285,2.08078809271414e-25
"ATCG00170",1.67070486713428e-30,-1.11847539867663,0.069,0.243,2.1116707097657e-25
"AT5G12860",1.67832629646352e-30,-1.37423968375592,0.058,0.226,2.1213037391521e-25
"AT1G05620",1.78398547132212e-30,-0.827017666190244,0.1,0.289,2.25485059662287e-25
"AT5G56940",1.82526285157964e-30,-0.801887524572942,0.137,0.34,2.30702272862557e-25
"AT5G26740",1.84078177234578e-30,-0.818756665639004,0.158,0.363,2.32663771333873e-25
"AT4G12600",1.85575006275088e-30,-1.19750113347116,0.273,0.473,2.34555673431334e-25
"AT4G27870",1.9511681810651e-30,-1.22906614821022,0.066,0.235,2.46615951077542e-25
"AT4G16380",1.9531687454994e-30,-0.746936427064446,0.134,0.336,2.46868810418651e-25
"AT3G29250",2.00550750386986e-30,-0.92893023562331,0.177,0.388,2.53484115444127e-25
"AT3G10020",2.03681907544392e-30,-0.624669962063014,0.143,0.351,2.57441710221659e-25
"AT3G62600",2.08570943996116e-30,-0.931695906772856,0.217,0.429,2.63621158954451e-25
"AT1G02130",2.13338594976882e-30,-1.21896752469791,0.066,0.237,2.6964718373508e-25
"AT5G46840",2.16155078081931e-30,-1.17935316285823,0.087,0.266,2.73207049390876e-25
"AT3G02900",2.20431254529028e-30,-1.01027417081597,0.089,0.272,2.78611879849419e-25
"AT3G44320",2.22593256209338e-30,-0.781371334571713,0.137,0.337,2.8134452025323e-25
"AT4G25630",2.22751079050066e-30,-1.39085742882811,0.122,0.304,2.8154399885454e-25
"AT2G39518",2.24396860654267e-30,-1.07282815553521,0.071,0.244,2.83624168055354e-25
"AT1G27290",2.35895278512726e-30,-0.810390027485057,0.127,0.322,2.98157478323375e-25
"AT5G54900",2.56470644583347e-30,-0.740949898226752,0.119,0.313,3.24163506514676e-25
"AT5G10830",2.70159970282764e-30,-0.791000275805397,0.177,0.386,3.41465992839197e-25
"AT5G25280",2.70487141035977e-30,-0.756510028247084,0.164,0.374,3.41879517041013e-25
"AT5G45620",2.8071532423318e-30,-0.944237333308637,0.111,0.3,3.54807326911285e-25
"AT4G12520",2.83551175615499e-30,-1.48501134216873,0.367,0.596,3.58391672907454e-25
"AT4G15390",2.8612887187094e-30,-0.948107183473508,0.129,0.324,3.61649726312556e-25
"AT5G66690",2.8809970386172e-30,-0.819711706095774,0.104,0.297,3.64140739698982e-25
"AT2G30260",2.98287648320044e-30,-0.954585954892399,0.086,0.268,3.77017690217636e-25
"AT3G01190",2.99470691627688e-30,-1.17015552980531,0.283,0.518,3.785129859759e-25
"AT1G65270",3.01132345141527e-30,-0.81744010557997,0.103,0.29,3.80613216318182e-25
"AT4G35785",3.0796507727692e-30,-0.833115888005626,0.097,0.282,3.89249379773391e-25
"AT1G58290",3.26121681334561e-30,-0.813478596899762,0.089,0.274,4.12198237906005e-25
"AT1G26910",3.26436681991891e-30,-1.24995169331712,0.074,0.245,4.12596379836831e-25
"AT3G52590",3.28233983312018e-30,-0.860254930601968,0.836,0.941,4.14868060867392e-25
"AT1G16610",3.29505808913886e-30,-1.25130914126581,0.072,0.245,4.16475572118617e-25
"AT1G20970",3.34483620981307e-30,-0.86894015889465,0.103,0.292,4.22767227903114e-25
"AT5G66860",3.42663124425182e-30,-1.22606134008897,0.072,0.244,4.33105629485965e-25
"AT3G45310",3.49950020498288e-30,-0.621482677638837,0.193,0.414,4.42315828908606e-25
"AT3G22620",3.62081134558302e-30,-1.70700342085488,0.107,0.288,4.57648829213621e-25
"AT1G76600",3.81143334021701e-30,-0.691927875903741,0.191,0.409,4.81742305603389e-25
"AT3G22380",3.82086387198564e-30,-0.514864379960488,0.148,0.362,4.82934268235753e-25
"AT3G17300",3.95642401301465e-30,-0.748388350425671,0.132,0.329,5.00068256700974e-25
"AT1G22440",4.01031278157951e-30,-0.551821406493326,0.14,0.35,5.06879473714961e-25
"AT4G12550",4.0703976000752e-30,-0.873257809687441,0.363,0.607,5.14473834263904e-25
"AT5G66210",4.12667202337333e-30,-0.780346571764611,0.224,0.448,5.21586583722248e-25
"AT1G75270",4.20557255073023e-30,-0.454540108188148,0.174,0.391,5.31559136976997e-25
"AT3G08690",4.2605142197943e-30,-0.872381146897442,0.096,0.282,5.3850343429668e-25
"AT1G65840",4.2627993455714e-30,-0.693297084511833,0.138,0.342,5.38792260484152e-25
"AT2G30740",4.3709849587095e-30,-1.14708186903931,0.07,0.241,5.52466272871129e-25
"AT3G13772",4.45484295920482e-30,-1.31189506528643,0.065,0.234,5.63065420985734e-25
"AT5G26770",4.50598043985722e-30,-1.55351036691724,0.052,0.213,5.69528891715314e-25
"AT3G10500",4.69677241277689e-30,-1.30608931478809,0.075,0.244,5.93643852340523e-25
"AT3G28550",4.96247758532346e-30,-1.17417071270536,0.398,0.634,6.27227391919373e-25
"AT4G38550",4.96280122175496e-30,-1.19209860461077,0.091,0.267,6.27268297622496e-25
"AT2G26990",5.08526172075315e-30,-0.933194746965092,0.094,0.277,6.42746569932874e-25
"AT1G59900",5.24057721787513e-30,-0.985270929596734,0.081,0.261,6.6237751687611e-25
"AT5G14520",5.28682094865281e-30,-1.32647456085632,0.07,0.24,6.68222446984023e-25
"AT2G38380",5.30006109437482e-30,-1.17760227742138,0.195,0.404,6.6989592196241e-25
"AT2G17290",5.36944937921549e-30,-0.508377363715089,0.151,0.359,6.78666184836562e-25
"AT2G34630",5.3967679903143e-30,-1.3410328471422,0.067,0.236,6.82119093367786e-25
"AT5G04870",5.62186909497171e-30,-1.46167084904543,0.058,0.222,7.10570522389855e-25
"AT4G33150",5.622718986545e-30,-1.10394584216545,0.082,0.26,7.10677943585369e-25
"AT4G24160",5.6568805484724e-30,-0.590051648399591,0.217,0.438,7.14995760043621e-25
"AT5G11880",5.78104166036747e-30,-0.899445391971768,0.084,0.265,7.30688979620486e-25
"AT1G02360",6.12680771005332e-30,-1.19521272948854,0.111,0.293,7.7439173370448e-25
"AT3G26810",6.48783781486997e-30,-1.17624986661052,0.057,0.222,8.20023772772675e-25
"AT2G40205",6.72243231493803e-30,-0.821560936970539,0.807,0.925,8.49675110014277e-25
"AT1G78920",6.7589091556302e-30,-0.971032219919994,0.101,0.286,8.54285563816723e-25
"AT4G03560",7.0265528731103e-30,-0.691792586660901,0.126,0.325,8.88114123843903e-25
"AT1G70310",7.16127306880681e-30,-0.835462937818789,0.081,0.261,9.05141948258767e-25
"AT5G58990",7.17437079600898e-30,-1.45026279736931,0.05,0.211,9.06797422390759e-25
"AT3G55430",7.1761488775543e-30,-0.60862284659726,0.202,0.427,9.07022161229598e-25
"AT3G57020",7.31088722620655e-30,-0.426539014152042,0.21,0.439,9.24052280069151e-25
"AT1G61570",7.31415512871499e-30,-0.742812374963155,0.197,0.407,9.24465323338803e-25
"AT1G56200",7.42089097179748e-30,-0.623671811963266,0.151,0.362,9.3795609348937e-25
"AT1G63840",7.80323351094999e-30,-0.469267938208313,0.278,0.524,9.86281896383013e-25
"AT5G20165",7.87637821878819e-30,-0.755141994054363,0.132,0.33,9.95526948585515e-25
"AT1G59610",7.99243884210712e-30,-0.765366609235272,0.12,0.314,1.01019631500929e-24
"AT5G42380",8.06282109422273e-30,-1.41804847110245,0.096,0.272,1.01909220938319e-24
"AT5G12210",8.27527488856618e-30,-0.844427981012858,0.062,0.234,1.04594509426543e-24
"AT4G13010",8.49449126808609e-30,-0.713943511666653,0.125,0.322,1.07365272933847e-24
"AT3G04230",8.56285106113259e-30,-1.05274762708758,0.103,0.287,1.08229299702079e-24
"AT2G20630",8.94194414091673e-30,-0.499882168929933,0.313,0.559,1.13020808774703e-24
"AT4G21600",8.98809351146399e-30,-1.16433341963128,0.056,0.221,1.13604109128798e-24
"AT2G18400",9.06277562066616e-30,-0.724055985338195,0.144,0.342,1.14548046179848e-24
"AT1G16740",9.44848976730995e-30,-0.837246543547141,0.12,0.314,1.19423241564937e-24
"AT5G23535",9.60193548500491e-30,-1.33643005094947,0.065,0.229,1.21362703369171e-24
"AT1G80500",9.66717377654341e-30,-0.860725599327485,0.084,0.261,1.22187276231243e-24
"AT4G25100",9.69440900376479e-30,-0.527405366067951,0.348,0.594,1.22531513162185e-24
"AT1G03330",1.01571738857413e-29,-0.827796649345588,0.118,0.31,1.28380583611438e-24
"AT1G20225",1.02508475063947e-29,-0.979931071248538,0.079,0.257,1.29564561972325e-24
"AT4G24830",1.04358086046454e-29,-1.24081399050488,0.067,0.234,1.31902359277555e-24
"AT4G26190",1.04505256073368e-29,-0.660535225637122,0.133,0.333,1.32088373361373e-24
"AT2G02960",1.04732806691052e-29,-0.762239004821971,0.143,0.341,1.32375983689088e-24
"AT1G03740",1.04972276761158e-29,-1.74574803230423,0.052,0.21,1.32678659489497e-24
"AT2G19830",1.07743650762856e-29,-0.675016698802807,0.109,0.3,1.36181509945204e-24
"AT1G02305",1.08457951952724e-29,-0.725707309754559,0.129,0.327,1.37084343791126e-24
"AT3G23490",1.08891636666468e-29,-0.567713312689527,0.168,0.381,1.37632495248216e-24
"AT1G35516",1.11682656985041e-29,-0.695628362901577,0.097,0.284,1.41160177469672e-24
"AT3G59760",1.13165544956356e-29,-0.737724509505049,0.136,0.338,1.43034458892137e-24
"AT4G12080",1.13463115185011e-29,-0.65249893537062,0.152,0.362,1.43410569806942e-24
"AT4G12340",1.15499272182864e-29,-0.76150666541357,0.119,0.315,1.45984150082809e-24
"AT1G07170",1.19918227424706e-29,-1.10746687745923,0.08,0.255,1.51569444371182e-24
"AT5G11340",1.20963265072568e-29,-1.04725372357159,0.078,0.251,1.52890309255822e-24
"AT5G57330",1.20993970536612e-29,-0.823370332510849,0.081,0.259,1.52929119120045e-24
"AT5G57020",1.25260305321549e-29,-1.0803701870031,0.069,0.24,1.58321510308119e-24
"AT1G33040",1.31824850943135e-29,-1.23769245859344,0.068,0.236,1.66618702101066e-24
"AT4G18730",1.35115365419549e-29,-0.785807834074257,0.533,0.734,1.70777714968385e-24
"AT3G08650",1.3818493349812e-29,-1.02628741738176,0.072,0.246,1.74657464845613e-24
"AT4G39680",1.38848759306024e-29,-0.697534375095353,0.149,0.352,1.75496500837256e-24
"AT1G16920",1.43300153266214e-29,-1.04664869245358,0.1,0.282,1.81122795719299e-24
"AT2G34750",1.49228817501195e-29,-1.43659406718965,0.045,0.201,1.88616271592461e-24
"AT5G59140",1.53056639577588e-29,-0.498719145930887,0.158,0.374,1.93454409027696e-24
"AT1G03080",1.56401912890478e-29,-0.555578090276751,0.146,0.348,1.97682633778791e-24
"AT4G02500",1.59128984162296e-29,-0.782749176679864,0.125,0.319,2.01129488242092e-24
"AT5G05780",1.62880222002934e-29,-0.692629756142906,0.153,0.356,2.05870827798388e-24
"AT2G04630",1.67635166914464e-29,-0.67671973701182,0.142,0.343,2.11880792869868e-24
"AT3G55170",1.68246926580546e-29,-0.669917132839905,0.185,0.39,2.12654020382215e-24
"AT4G23100",1.71031709490896e-29,-0.466922984435162,0.274,0.517,2.16173818893923e-24
"AT3G02200",1.76063923781464e-29,-1.20376552395173,0.065,0.232,2.22534235824343e-24
"AT2G34770",1.80466011596371e-29,-1.74255766985676,0.052,0.21,2.28098210697117e-24
"AT5G22920",1.9497990553343e-29,-0.484692885814012,0.295,0.542,2.46442901799924e-24
"AT5G01710",1.94989316021262e-29,-0.768018235218448,0.086,0.264,2.46454796091914e-24
"AT3G63410",1.95588151942973e-29,-1.35361365373334,0.038,0.191,2.47211688766802e-24
"AT3G06040",1.97452688104353e-29,-0.978425568743658,0.143,0.334,2.49568350602616e-24
"AT1G53570",2.14019849375668e-29,-0.984242548811399,0.077,0.248,2.70508248419882e-24
"AT3G63520",2.1912251075207e-29,-0.669373307231865,0.149,0.355,2.76957706239971e-24
"AT5G27720",2.20492820151888e-29,-0.715319245838013,0.115,0.306,2.78689695102777e-24
"AT3G53110",2.22055902398875e-29,-1.02242623006713,0.076,0.247,2.80665337278035e-24
"AT1G63290",2.23093358174586e-29,-0.702665278389673,0.115,0.309,2.81976619131186e-24
"AT5G14730",2.27656904452795e-29,-0.835285037131683,0.116,0.307,2.87744667814066e-24
"AT4G35980",2.37140567304807e-29,-1.10167448506459,0.072,0.243,2.99731448639238e-24
"AT1G26270",2.39642434944937e-29,-1.00662186270726,0.115,0.299,3.02893659224304e-24
"AT3G20310",2.4116282587242e-29,-0.971414933701563,0.115,0.302,3.04815342133186e-24
"AT5G56630",2.41647313975643e-29,-0.694545787295287,0.096,0.278,3.05427706026374e-24
"AT5G48760",2.44977681601429e-29,-0.932137516570358,0.124,0.311,3.0963709088331e-24
"AT3G29000",2.48366936873433e-29,-0.898578837281163,0.101,0.285,3.13920906191807e-24
"AT3G25150",2.49379237899988e-29,-1.28261888840443,0.048,0.206,3.15200393951311e-24
"AT2G25980",2.52057558352977e-29,-1.42815693863986,0.089,0.261,3.18585630304662e-24
"AT1G01910",2.56832311871852e-29,-1.34130872758512,0.043,0.198,3.24620632267308e-24
"AT5G65950",2.6674840962657e-29,-1.55837242648539,0.052,0.21,3.37153984863407e-24
"AT3G01790",2.72153823631545e-29,-0.922521897454598,0.115,0.3,3.43986103840854e-24
"AT4G10320",2.73946475168299e-29,-1.11913199033286,0.084,0.255,3.4625190782422e-24
"AT5G40580",2.8232518720073e-29,-0.623916314368406,0.097,0.28,3.56842097110491e-24
"AT4G02510",2.83170208659397e-29,-0.9509662769901,0.075,0.248,3.57910153532958e-24
"AT1G77840",2.85008636873781e-29,-1.66938322029746,0.039,0.191,3.60233816490247e-24
"AT1G16470",2.86307266288703e-29,-0.593995772122372,0.181,0.395,3.61875206152943e-24
"AT3G53180",2.86862906064859e-29,-0.915914103494662,0.084,0.26,3.62577501491618e-24
"AT2G17440",2.98563174760772e-29,-0.638313284222147,0.119,0.314,3.7736593910713e-24
"AT2G40270",2.98649916768593e-29,-1.12248380115042,0.088,0.265,3.77475575800496e-24
"AT1G28380",3.02038651993461e-29,-1.17915075013872,0.094,0.269,3.81758733800615e-24
"AT4G09030",3.05376785690062e-29,-0.604826352911297,0.256,0.484,3.85977934505097e-24
"AT2G01720",3.06369098170601e-29,-0.74564405794973,0.145,0.345,3.8723215794175e-24
"AT5G19520",3.2583854563057e-29,-1.60602835284064,0.069,0.232,4.11840371364303e-24
"AT1G75680",3.25914046978926e-29,-0.72116451178042,0.113,0.302,4.11935800538544e-24
"AT3G19390",3.44115373040583e-29,-0.753979711791136,0.274,0.503,4.34941184600914e-24
"AT3G55610",3.46023110902416e-29,-0.646837211390591,0.13,0.332,4.37352450794e-24
"AT4G02050",3.49659150610057e-29,-0.947991693496001,0.087,0.263,4.41948186822076e-24
"AT3G62650",3.51099469001821e-29,-0.806781508468446,0.12,0.308,4.43768662850162e-24
"AT1G21900",3.61556639971213e-29,-0.480448942838531,0.148,0.349,4.56985899525215e-24
"AT3G24180",3.61722702984949e-29,-1.04042533765718,0.084,0.257,4.57195793210797e-24
"AT1G48830",3.645332381913e-29,-0.569423245965462,0.311,0.538,4.60748141079512e-24
"AT1G76400",3.68155622462311e-29,-1.51288713948272,0.039,0.191,4.65326617455013e-24
"AT3G15710",3.82195666535094e-29,-1.05545260281351,0.075,0.247,4.83072390760366e-24
"AT3G59990",3.87276067745171e-29,-0.663140720946787,0.134,0.333,4.89493713065831e-24
"AT2G31410",3.89417291716778e-29,-1.04076114515964,0.115,0.297,4.92200091692505e-24
"AT2G30060",3.95165612380122e-29,-0.804801330970524,0.139,0.337,4.99465624111732e-24
"AT1G04440",3.96515785961425e-29,-0.808173058377739,0.125,0.312,5.01172162508083e-24
"AT5G51970",4.04903226223273e-29,-0.959087493628766,0.1,0.284,5.11773383752643e-24
"AT1G28330",4.04917671725413e-29,-0.45424367018691,0.253,0.493,5.11791642000619e-24
"AT5G23820",4.1856210861447e-29,-1.21538560507146,0.11,0.291,5.29037391562173e-24
"AT5G10350",4.25028946442694e-29,-0.474182152700008,0.168,0.386,5.37211086566779e-24
"AT2G43790",4.26944182399022e-29,-1.11174312172857,0.074,0.244,5.3963182990142e-24
"AT3G06700",4.62325520971893e-29,-0.877782942734712,0.776,0.913,5.84351718977214e-24
"AT4G24190",4.6811275098829e-29,-0.742970267302661,0.459,0.678,5.91666430484139e-24
"AT3G24100",4.72100907171798e-29,-0.470638710821725,0.241,0.481,5.96707220610723e-24
"AT4G18100",4.77077287729935e-29,-0.893985709772187,0.771,0.904,6.02997067053374e-24
"AT5G66040",5.0659903960583e-29,-0.536704402144316,0.202,0.425,6.40310790119393e-24
"AT1G74340",5.07103126080397e-29,-0.892734721698096,0.091,0.268,6.40947925178058e-24
"AT2G34300",5.1323498322817e-29,-0.98743507081089,0.108,0.292,6.48698224701413e-24
"AT1G16840",5.13471999948503e-29,-0.846684577747517,0.078,0.254,6.4899779961491e-24
"AT1G20840",5.21263553338076e-29,-1.35279880250976,0.072,0.236,6.58845855606128e-24
"AT4G18710",5.27192038738919e-29,-0.702603394933689,0.114,0.298,6.6633910544367e-24
"AT4G36760",5.38814299860507e-29,-1.54902262711977,0.046,0.2,6.81028946165689e-24
"AT1G74500",5.66285873349219e-29,-1.41520012001405,0.072,0.237,7.15751366761011e-24
"AT4G25390",5.66511147541616e-29,-1.34467947330685,0.051,0.209,7.1603609982375e-24
"AT2G03640",5.98849555261122e-29,-1.12122170337793,0.074,0.244,7.56909906876743e-24
"AT4G25550",6.00691684368095e-29,-0.871278085656058,0.066,0.233,7.5923824754021e-24
"AT3G58680",6.1196616008234e-29,-0.441353036916925,0.187,0.411,7.73488508374472e-24
"AT1G04690",6.24905256795106e-29,-0.754123869928913,0.107,0.29,7.89842750273607e-24
"AT4G31990",6.25927067717791e-29,-0.532266319733427,0.193,0.412,7.91134257971224e-24
"AT5G59150",6.40554713797039e-29,-0.934705280545266,0.101,0.283,8.0962272495663e-24
"AT5G58030",6.52116469724005e-29,-0.956267459545217,0.082,0.258,8.24236090742959e-24
"AT3G55450",6.64975723599223e-29,-0.936665812908999,0.106,0.286,8.40489416086002e-24
"AT3G63400",6.67020397442381e-29,-1.22574300103897,0.064,0.229,8.43073761143323e-24
"AT3G28345",6.68725561274554e-29,-1.18320624260216,0.087,0.26,8.4522898591736e-24
"AT3G12780",6.68777791445267e-29,-1.44483130001805,0.05,0.207,8.45295001719331e-24
"AT5G55850",6.74753191552874e-29,-0.335376196911051,0.183,0.406,8.5284754893134e-24
"AT3G27740",7.07343073203089e-29,-1.31121918412255,0.061,0.223,8.94039203944313e-24
"AT5G18170",7.19613131855647e-29,-1.0508993873959,0.072,0.243,9.09547821877627e-24
"AT2G45510",7.26569382939288e-29,-1.10163863084464,0.081,0.252,9.18340105872283e-24
"AT3G45730",7.40427667772592e-29,-0.941977886071733,0.101,0.281,9.3585614640449e-24
"AT1G66680",7.41321708818332e-29,-0.994910132870589,0.072,0.242,9.36986160643843e-24
"AT5G35160",7.48634705960546e-29,-1.22990796747279,0.048,0.204,9.46229350251773e-24
"AT3G23920",7.52283398513386e-29,-1.07013702962012,0.075,0.243,9.50841078717009e-24
"AT5G25460",7.73478120472573e-29,-0.933889294371784,0.136,0.328,9.77629935590103e-24
"AT5G17350",7.7631694458637e-29,-0.796730397501572,0.14,0.333,9.81218038940497e-24
"AT5G66170",8.22989507257185e-29,-0.908762810714088,0.118,0.301,1.04020935780265e-23
"AT5G47320",8.87342646112508e-29,-0.746568625955058,0.098,0.278,1.12154786412744e-23
"AT3G09810",9.20009465106542e-29,-0.949367278628674,0.071,0.241,1.16283676332676e-23
"AT5G55940",9.22168318577424e-29,-0.658029768802835,0.132,0.33,1.16556542458275e-23
"AT2G39200",9.26294797861753e-29,-1.17873710917825,0.087,0.257,1.17078104680938e-23
"AT3G01720",9.42254052549587e-29,-1.1020091828988,0.07,0.236,1.19095258717952e-23
"AT1G15200",9.53165723340642e-29,-0.781048370343898,0.12,0.31,1.20474428435917e-23
"AT3G06860",9.6018919929257e-29,-0.7868822604995,0.105,0.292,1.21362153655385e-23
"AT1G07210",9.69406969767043e-29,-1.45165618477952,0.049,0.205,1.22527224536736e-23
"AT1G80360",9.85131830173444e-29,-0.753704858913365,0.098,0.282,1.24514752542942e-23
"AT4G38810",9.88099937076142e-29,-0.898321473621506,0.091,0.268,1.24889903446802e-23
"AT3G17510",1.01164773330674e-28,-0.791004826489173,0.108,0.29,1.27866203603572e-23
"AT5G11680",1.03921983223489e-28,-0.838928157954534,0.088,0.265,1.31351151475496e-23
"AT5G01600",1.04199189778707e-28,-0.737685461480448,0.185,0.392,1.31701523928899e-23
"AT5G20600",1.04667322237805e-28,-2.05903733231271,0.022,0.161,1.32293215269251e-23
"AT5G41790",1.0890240195245e-28,-0.948544903448608,0.146,0.338,1.37646101923779e-23
"AT3G13670",1.09487236942181e-28,-0.98130648491985,0.054,0.212,1.38385298260701e-23
"AT5G41940",1.11769058558699e-28,-1.0122016305189,0.046,0.201,1.41269383874682e-23
"AT3G01220",1.12211277596448e-28,-1.43338068236779,0.067,0.23,1.41828322205255e-23
"AT4G18950",1.15146328598433e-28,-0.784616168982515,0.154,0.353,1.45538050568704e-23
"AT4G25130",1.176491389748e-28,-0.739336938236868,0.096,0.28,1.48701452715809e-23
"AT1G27760",1.19038618685248e-28,-1.07518146077802,0.081,0.251,1.50457671701032e-23
"AT3G19100",1.20197359025906e-28,-1.40461886447254,0.051,0.206,1.51922249967204e-23
"AT1G64550",1.20864812046248e-28,-1.03725181796917,0.079,0.25,1.52765870537735e-23
"AT5G20160",1.21781502584759e-28,-0.756459563766625,0.252,0.466,1.5392451237698e-23
"AT3G21510",1.2215066676189e-28,-0.594548072737167,0.165,0.372,1.54391113747023e-23
"AT4G17270",1.23039267090423e-28,-0.93951133876311,0.056,0.218,1.55514251246269e-23
"AT4G17040",1.23814130532427e-28,-0.969618242029543,0.08,0.254,1.56493632145156e-23
"AT1G62390",1.24091325617067e-28,-1.54513636394924,0.049,0.202,1.56843990100435e-23
"AT3G21220",1.2473194541488e-28,-1.16256250028149,0.066,0.231,1.57653695087683e-23
"AT1G10140",1.25147278147599e-28,-0.658123348938196,0.162,0.366,1.58178650741876e-23
"AT1G56660",1.26029534560304e-28,-0.658898605798361,0.618,0.812,1.59293769912151e-23
"AT1G34418",1.2994039705357e-28,-0.824516246415147,0.103,0.284,1.64236865451889e-23
"AT1G67360",1.31187984830501e-28,-0.661854262315755,0.122,0.315,1.65813741546663e-23
"AT5G13500",1.36970439264814e-28,-1.23465279774656,0.057,0.218,1.73122417004369e-23
"AT5G27860",1.38688037123408e-28,-0.422332580386594,0.243,0.481,1.75293357641761e-23
"AT3G57785",1.39347464165436e-28,-0.670065418184288,0.115,0.305,1.76126833857261e-23
"AT5G06660",1.42946548322061e-28,-0.820172915058107,0.097,0.275,1.80675860286186e-23
"AT1G50660",1.43187694158355e-28,-1.21243204192293,0.048,0.203,1.80980654154511e-23
"AT1G13560",1.47871835736909e-28,-0.679656491406542,0.094,0.275,1.86901128061309e-23
"AT4G39980",1.50788710380655e-28,-0.580860702009764,0.105,0.294,1.90587882598525e-23
"AT3G57410",1.51781449882751e-28,-0.849135393523818,0.124,0.309,1.91842645764805e-23
"AT2G01490",1.53097169032761e-28,-0.50410972928435,0.156,0.362,1.93505635827268e-23
"AT4G00355",1.55214857033287e-28,-0.982853272606579,0.074,0.241,1.96182266398653e-23
"AT1G79380",1.58292621974495e-28,-0.816397660817163,0.182,0.382,2.00072376618443e-23
"AT4G37530",1.61978852385203e-28,-1.34762908331584,0.074,0.238,2.04731550683754e-23
"AT5G13010",1.66020582566748e-28,-1.0753067462981,0.065,0.228,2.09840055129416e-23
"AT1G71730",1.679501166513e-28,-1.01440958547931,0.078,0.246,2.12278870440244e-23
"AT4G16630",1.72158077023906e-28,-1.97301617172169,0.032,0.176,2.17597479873595e-23
"AT1G49410",1.72847723056904e-28,-0.737975123606856,0.333,0.547,2.18469151080544e-23
"AT5G05140",1.74873611424734e-28,-0.585725169242261,0.206,0.42,2.21029752424178e-23
"AT3G16857",1.82363106228575e-28,-0.928928988259559,0.06,0.222,2.30496024486544e-23
"AT5G40510",1.83657556887954e-28,-0.942642779320403,0.105,0.285,2.3213213245296e-23
"AT5G49210",1.90336101285337e-28,-0.826510996425347,0.06,0.223,2.40573411858589e-23
"AT3G45980",1.92491758701539e-28,-0.737949962439747,0.313,0.551,2.43298033493223e-23
"AT3G09860",1.96339265638367e-28,-0.816676020367455,0.086,0.261,2.48161051410958e-23
"AT1G64720",1.97099800196641e-28,-0.749216223969557,0.117,0.306,2.49122321460543e-23
"AT1G51710",1.99889185380706e-28,-0.84989775477142,0.091,0.267,2.52647936970089e-23
"AT3G58660",2.01985042684165e-28,-1.45490956433757,0.052,0.208,2.55296974850224e-23
"AT4G05020",2.0693807276547e-28,-0.939456223606577,0.111,0.293,2.61557307691188e-23
"AT3G63460",2.10342539159645e-28,-0.952099028345031,0.09,0.263,2.65860348945442e-23
"AT2G21120",2.14034970797887e-28,-1.28063397135292,0.077,0.242,2.70527360990281e-23
"AT4G16520",2.16077460358063e-28,-0.534369865731938,0.185,0.399,2.7310894524497e-23
"AT4G22670",2.16382410862249e-28,-0.6213179436697,0.166,0.369,2.7349438438523e-23
"AT4G28240",2.18378732128016e-28,-0.443402947008753,0.254,0.491,2.76017614685885e-23
"AT2G27840",2.21983686994556e-28,-1.29574468520666,0.069,0.232,2.805740613399e-23
"AT5G48870",2.22609371181186e-28,-0.745267238689269,0.142,0.336,2.81364888610748e-23
"AT5G05600",2.23930547226451e-28,-1.07009186668013,0.107,0.285,2.83034775861401e-23
"AT5G44710",2.254987465375e-28,-0.85199875643619,0.109,0.292,2.85016885698608e-23
"AT4G17870",2.35356146931324e-28,-0.471298653427875,0.214,0.437,2.97476048352378e-23
"AT2G30200",2.3770494010771e-28,-0.651901401241615,0.097,0.274,3.00444781999739e-23
"AT2G16940",2.3842590132639e-28,-0.511057843704881,0.176,0.392,3.01356033722477e-23
"AT3G56950",2.40364678738706e-28,-0.969940467251219,0.078,0.247,3.03806532045e-23
"AT3G61050",2.40744359899262e-28,-0.93885409998306,0.065,0.229,3.04286426251074e-23
"AT5G52200",2.42417340278211e-28,-0.812783819703022,0.093,0.27,3.06400973071243e-23
"AT5G21940",2.58864807004688e-28,-0.495606133085042,0.509,0.739,3.27189584165505e-23
"AT2G25910",2.63109674623791e-28,-0.765881508393701,0.084,0.256,3.32554842143994e-23
"AT3G46560",2.66411880381197e-28,-0.630857112884659,0.322,0.549,3.3672863208901e-23
"AT2G45920",2.86992066577021e-28,-1.12615054465255,0.119,0.296,3.6274075262936e-23
"AT2G18690",2.94328284930128e-28,-1.0700441275983,0.108,0.284,3.72013292454586e-23
"AT5G55920",3.01353254340031e-28,-1.32995899122145,0.078,0.242,3.80892432290539e-23
"AT1G21100",3.10840275692952e-28,-1.60021458905308,0.072,0.231,3.92883458059349e-23
"AT1G68140",3.15557139833364e-28,-0.996681427584622,0.069,0.234,3.98845291320982e-23
"AT1G16880",3.1712302142159e-28,-1.38674597099925,0.057,0.213,4.00824471695605e-23
"AT1G79940",3.17695614787339e-28,-1.11837199254258,0.081,0.25,4.0154819535431e-23
"AT5G50460",3.30500773614525e-28,-0.684218837159301,0.544,0.751,4.17733147802343e-23
"AT3G05890",3.34138038590782e-28,-0.681351243001789,0.611,0.832,4.22330432496433e-23
"AT2G39460",3.3783223478961e-28,-0.779137751965606,0.757,0.901,4.2699967483998e-23
"AT1G03140",3.40013321586375e-28,-1.09836130021413,0.052,0.21,4.29756437685883e-23
"AT1G01630",3.44240747491403e-28,-0.920838566082108,0.074,0.24,4.35099650384284e-23
"AT3G10985",3.4526058238124e-28,-0.566922210506743,0.169,0.378,4.36388660494945e-23
"AT5G27380",3.74426328179103e-28,-1.04840211517686,0.08,0.248,4.73252413238695e-23
"AT1G50670",3.81767576353058e-28,-0.710045400022945,0.115,0.302,4.82531310455684e-23
"AT4G14342",3.82554784037014e-28,-0.675895445270013,0.111,0.297,4.83526293735743e-23
"AT5G63620",3.83791169036089e-28,-0.863049701754807,0.1,0.28,4.85089010191474e-23
"AT5G55070",3.90084625809323e-28,-0.609837962206079,0.109,0.296,4.93043561945436e-23
"AT1G27650",3.98422753286351e-28,-1.69951375339746,0.039,0.186,5.0358245478875e-23
"AT5G23840",4.09951793054625e-28,-1.40273643287328,0.061,0.22,5.18154469313463e-23
"AT5G06600",4.20314651922722e-28,-0.845409611314746,0.11,0.288,5.31252501151205e-23
"AT3G55880",4.30828149641108e-28,-0.78437279207967,0.122,0.308,5.44540931457382e-23
"AT1G34130",4.33830393146706e-28,-1.08336449016457,0.05,0.206,5.48335587113847e-23
"AT3G46600",4.36212385394603e-28,-0.919149222909858,0.104,0.28,5.51346282395655e-23
"AT2G16930",4.45134380689066e-28,-0.954424293463156,0.089,0.262,5.62623149128139e-23
"AT1G11240",4.45557058536487e-28,-1.05859311253568,0.09,0.261,5.63157388566607e-23
"AT1G19870",4.56069653209478e-28,-0.903996325686776,0.097,0.273,5.76444677477588e-23
"AT5G61780",4.807331592392e-28,-0.830022843148587,0.087,0.259,6.07617869288794e-23
"AT1G17470",4.88680177643205e-28,-0.930697893382231,0.08,0.25,6.17662423730353e-23
"AT2G41630",4.89629484996052e-28,-0.985419694041664,0.061,0.223,6.1886229126591e-23
"AT2G44160",4.92268797821989e-28,-0.746574495930332,0.152,0.35,6.22198224319125e-23
"AT3G16950",5.06431978766765e-28,-0.982515395642271,0.075,0.242,6.40099635242465e-23
"AT2G46000",5.20922245785347e-28,-1.44427250162505,0.045,0.196,6.58414463337932e-23
"AT5G58070",5.23911612740452e-28,-0.54580176786326,0.169,0.38,6.62192843807167e-23
"AT3G07470",5.52302582080284e-28,-0.991347071325795,0.076,0.243,6.98077325594554e-23
"AT5G43780",5.60378839219607e-28,-0.746880439231419,0.115,0.303,7.0828523004323e-23
"AT1G15250",5.61311420240242e-28,-1.37600687747941,0.057,0.213,7.09463956498452e-23
"AT3G11700",5.66089635767757e-28,-1.36447193637923,0.07,0.231,7.15503334232299e-23
"AT2G38740",5.84751185500738e-28,-0.970822599267696,0.067,0.23,7.39090413401803e-23
"AT1G04340",5.96282320206096e-28,-1.4006790927976,0.046,0.196,7.53665075801293e-23
"AT2G41410",6.23214067269917e-28,-0.648786355466848,0.162,0.365,7.87705188185138e-23
"AT4G29680",6.36177370629185e-28,-0.817001777346466,0.074,0.242,8.04090025833052e-23
"AT2G40970",6.46641764031954e-28,-1.25624562569896,0.064,0.222,8.17316391230549e-23
"AT4G22590",6.85625397943041e-28,-0.942671150325379,0.155,0.341,8.66589365476127e-23
"AT2G22230",6.91358545882126e-28,-1.01823608407703,0.081,0.249,8.73835720482255e-23
"AT4G15563",7.08667773912635e-28,-1.5623363214899,0.059,0.212,8.95713546159136e-23
"AT4G27654",7.09442263032907e-28,-1.04188279533152,0.119,0.3,8.96692453937812e-23
"AT5G48160",7.2633055679345e-28,-0.730883109428229,0.077,0.245,9.18038243953513e-23
"AT1G03210",7.38960358115816e-28,-0.890734394425278,0.095,0.269,9.34001555036905e-23
"AT2G32080",7.57542184089295e-28,-1.01187874221243,0.084,0.253,9.57487868157823e-23
"AT5G49910",7.6790541329133e-28,-0.684361218533982,0.139,0.335,9.70586368075443e-23
"AT3G55360",7.74162742348487e-28,-1.22085824809409,0.076,0.239,9.78495256563947e-23
"AT3G27100",7.79411791754284e-28,-0.835092342268717,0.093,0.266,9.85129740069909e-23
"AT5G12410",7.80746549276793e-28,-1.34397766774061,0.062,0.22,9.8681679349291e-23
"AT2G35190",7.81716035480474e-28,-1.31832469443295,0.051,0.205,9.8804216588519e-23
"AT5G66120",7.85660188415312e-28,-0.713591747353741,0.1,0.28,9.93027338545649e-23
"AT2G36460",7.88178050171214e-28,-0.960136791698723,0.105,0.281,9.96209764733404e-23
"AT2G46370",7.95732320152761e-28,-0.932159543254486,0.059,0.218,1.00575790873388e-22
"AT1G77330",8.34793561304915e-28,-0.909645438312887,0.144,0.333,1.05512897387573e-22
"AT5G13100",8.53533930609302e-28,-1.13586631356146,0.07,0.235,1.07881567625432e-22
"AT4G23885",8.57142321730492e-28,-0.480962807232075,0.211,0.435,1.08337646612804e-22
"AT4G30760",8.66693190535447e-28,-0.664746994185275,0.125,0.315,1.09544819124537e-22
"AT3G13882",8.92032232922437e-28,-1.00964485810871,0.091,0.262,1.12747522047998e-22
"AT5G20180",9.11979351678485e-28,-0.759572544475748,0.137,0.33,1.1526871817605e-22
"AT3G52880",9.2404035531317e-28,-0.474877835689362,0.194,0.411,1.16793156669453e-22
"AT3G02720",9.40021754104583e-28,-1.67874623674043,0.04,0.185,1.18813109588295e-22
"AT5G66070",9.40730409462558e-28,-1.08011528932544,0.081,0.248,1.18902679373611e-22
"AT4G14716",9.51685196829323e-28,-0.49553990414728,0.1,0.282,1.20287298768045e-22
"AT5G58560",9.84032332715515e-28,-1.97167797853818,0.036,0.178,1.24375782661245e-22
"AT2G26980",9.91867452486309e-28,-0.55948869576172,0.13,0.324,1.25366094789555e-22
"AT3G17940",9.96783184017976e-28,-1.31610283692101,0.069,0.229,1.25987413760768e-22
"AT5G65690",1.06850164174751e-27,-0.737933888424586,0.215,0.422,1.35052196507034e-22
"AT1G60950",1.09990403920435e-27,-0.695138289163779,0.167,0.371,1.39021271131195e-22
"AT2G43640",1.10379801336453e-27,-0.738757265712976,0.104,0.284,1.39513446101196e-22
"AT1G49950",1.11652369508997e-27,-0.838677535279704,0.072,0.239,1.41121895917201e-22
"AT4G25640",1.13742621835501e-27,-0.739036530147215,0.085,0.257,1.43763849442764e-22
"AT1G77750",1.14885776445219e-27,-0.986484271616333,0.082,0.25,1.4520872828017e-22
"AT1G51730",1.18988041834896e-27,-0.875537614243536,0.067,0.229,1.50393745596798e-22
"AT2G20585",1.22889062737698e-27,-1.16553702913595,0.071,0.233,1.55324401956687e-22
"AT2G35680",1.23715363972294e-27,-0.598288462099906,0.156,0.353,1.56368797139141e-22
"AT1G07670",1.24389005780157e-27,-0.791265892262251,0.124,0.306,1.57220239965771e-22
"AT3G54500",1.24954400062751e-27,-0.637958429033494,0.153,0.35,1.57934864415313e-22
"AT3G62980",1.25079696001003e-27,-1.15483085536319,0.048,0.2,1.58093230963507e-22
"AT3G27280",1.28932293517867e-27,-1.30378745342169,0.054,0.206,1.62962683068972e-22
"AT3G57490",1.29144707563071e-27,-1.55231056684478,0.049,0.199,1.63231161677268e-22
"AT3G17820",1.30801151202653e-27,-0.595841349515788,0.256,0.479,1.65324807051081e-22
"AT1G14010",1.35992786696109e-27,-0.885584137730299,0.103,0.277,1.7188672281668e-22
"AT4G35310",1.36399579705573e-27,-0.782060985074682,0.106,0.283,1.72400884773062e-22
"AT5G58740",1.37584788066635e-27,-0.595885616003617,0.1,0.279,1.73898917028943e-22
"AT1G67230",1.38640985932823e-27,-0.562080501989383,0.2,0.41,1.75233887759932e-22
"AT5G10840",1.38948224870761e-27,-1.05746989813049,0.089,0.26,1.75622219343149e-22
"AT5G18650",1.38955840489772e-27,-0.687279220266514,0.149,0.34,1.75631845028642e-22
"AT3G04010",1.4521579400635e-27,-1.25298924394716,0.06,0.216,1.83544050676386e-22
"AT5G23890",1.51087687678348e-27,-1.11534663913474,0.06,0.217,1.90965771964172e-22
"AT4G38540",1.5179362240184e-27,-0.922488234635201,0.076,0.242,1.91858031098582e-22
"AT1G61150",1.54748734679819e-27,-1.38586289071051,0.057,0.21,1.95593115711211e-22
"AT2G25210",1.56968269356134e-27,-0.832040901934125,0.691,0.853,1.98398474369992e-22
"AT2G21195",1.59601348537867e-27,-0.761827425463331,0.087,0.26,2.01726528470952e-22
"AT2G31880",1.60259249942112e-27,-1.13868092126918,0.067,0.227,2.02558076371833e-22
"AT3G29575",1.66308301881901e-27,-1.09318393757173,0.07,0.23,2.1020371508061e-22
"AT3G46690",1.68529550060807e-27,-1.05353509635509,0.056,0.211,2.13011239503856e-22
"AT1G64780",1.68939167589132e-27,-1.16179022012784,0.071,0.232,2.13528971482608e-22
"AT1G06000",1.6926284718624e-27,-0.618749314331189,0.129,0.32,2.13938083072576e-22
"AT3G61860",1.70069785256935e-27,-0.578904033458834,0.134,0.329,2.14958004377651e-22
"AT1G48200",1.70292616534151e-27,-1.0252291913325,0.062,0.222,2.15239649742175e-22
"AT4G29130",1.70730322778247e-27,-0.727152807910032,0.084,0.253,2.15792884172337e-22
"AT5G63030",1.7086963484603e-27,-1.10757565188324,0.049,0.2,2.15968966267291e-22
"AT5G65050",1.71828903966913e-27,-0.476762306800818,0.159,0.365,2.1718142487994e-22
"AT5G64260",1.73513544767828e-27,-0.639260388821182,0.268,0.496,2.19310709773848e-22
"AT1G08780",1.74678595692097e-27,-0.720370510817571,0.108,0.288,2.2078326423907e-22
"AT1G33800",1.76441177380418e-27,-1.52452210320013,0.093,0.258,2.23011061738205e-22
"AT5G45490",1.82417359599201e-27,-0.903989287287385,0.072,0.236,2.30564597491814e-22
"AT1G70190",1.84826759368789e-27,-1.35725073323131,0.06,0.215,2.33609934236587e-22
"AT1G18800",1.93050362788048e-27,-1.10692094714514,0.064,0.222,2.44004075542326e-22
"AT2G38750",1.94325457355394e-27,-0.86878750204336,0.125,0.312,2.45615718569776e-22
"AT3G12830",1.96309145111948e-27,-1.20983734765311,0.075,0.236,2.48122980872795e-22
"AT4G18040",1.99332306692057e-27,-0.899169636499734,0.111,0.289,2.51944075720359e-22
"AT3G52060",2.00098121130526e-27,-0.544506848043407,0.207,0.425,2.52912019221718e-22
"AT5G21020",2.02608808142814e-27,-0.564503342687262,0.217,0.438,2.56085376964028e-22
"AT4G32610",2.06666985041807e-27,-1.17481703838021,0.064,0.221,2.61214669073741e-22
"AT3G23180",2.06703627927879e-27,-0.867900970958116,0.078,0.245,2.61260983483164e-22
"AT5G15910",2.23114075009721e-27,-0.768608743832016,0.079,0.245,2.82002803967787e-22
"AT2G25810",2.24256328740224e-27,-1.33255321148303,0.11,0.284,2.83446544147919e-22
"AT5G60460",2.25360028030116e-27,-0.994054707223078,0.085,0.253,2.84841553828385e-22
"AT5G12120",2.29428979275765e-27,-1.26238008538364,0.057,0.211,2.8998446406581e-22
"AT5G45340",2.29510465874497e-27,-1.36725566274331,0.074,0.234,2.90087458237412e-22
"AT5G02090",2.32655912000345e-27,-0.690979316610862,0.14,0.331,2.94063113413715e-22
"AT5G15610",2.35002795686018e-27,-0.829496814810032,0.064,0.224,2.97029433579386e-22
"AT5G62575",2.51853425514925e-27,-0.536804038048854,0.113,0.296,3.18327618645334e-22
"AT3G43300",2.53423217352442e-27,-0.863198443210743,0.066,0.228,3.20311741340445e-22
"AT2G04030",2.55951510237816e-27,-0.9536784706868,0.086,0.251,3.23507351849986e-22
"AT5G42250",2.64090490633848e-27,-0.870633461539131,0.103,0.275,3.33794534731746e-22
"AT1G52360",2.72106062687988e-27,-0.858195673430944,0.07,0.232,3.43925736873856e-22
"AT5G63970",2.72614749111719e-27,-0.91588468908006,0.095,0.264,3.44568685992266e-22
"AT5G56760",2.80276641688451e-27,-0.40970823350593,0.182,0.397,3.54252858495701e-22
"AT5G17560",2.8742579570008e-27,-0.991783060145773,0.074,0.237,3.63288960217159e-22
"AT3G21070",2.9679849767083e-27,-0.807396471030925,0.168,0.361,3.75135493146069e-22
"AT3G07100",3.0009263190222e-27,-1.15727443874819,0.055,0.207,3.79299081166492e-22
"AT1G71260",3.00135405389672e-27,-1.4115471619405,0.039,0.182,3.79353144288222e-22
"AT1G56190",3.02715057316477e-27,-1.35597801178119,0.061,0.218,3.82613669544587e-22
"AT2G27500",3.02902529442222e-27,-1.00919011167778,0.074,0.233,3.82850623063202e-22
"AT2G24790",3.04729840857181e-27,-1.32411361662206,0.062,0.219,3.85160235053025e-22
"AT3G27340",3.05326717543526e-27,-0.895201697325826,0.06,0.217,3.85914651371964e-22
"AT3G22600",3.07321472001156e-27,-1.23675389049594,0.273,0.478,3.88435901321142e-22
"AT1G13730",3.146198864735e-27,-1.49851106372507,0.051,0.201,3.97660659309315e-22
"AT5G38630",3.19078405205696e-27,-0.667904133902245,0.09,0.264,4.03295959475687e-22
"AT3G27560",3.20560960894235e-27,-0.988135095086147,0.087,0.255,4.05169820912659e-22
"AT5G46210",3.21740051786263e-27,-0.651579491444543,0.14,0.329,4.06660121054729e-22
"AT3G23390",3.24000745344446e-27,-0.819342075564796,0.713,0.86,4.09517502070659e-22
"AT5G24030",3.26018318463961e-27,-1.19614747988637,0.067,0.225,4.12067593439339e-22
"AT1G60070",3.28750390441703e-27,-1.0937046402822,0.066,0.224,4.15520768494886e-22
"AT1G02900",3.34328224052317e-27,-0.711350676542518,0.223,0.434,4.22570815508685e-22
"AT2G44010",3.51876819834425e-27,-0.866444016476237,0.089,0.259,4.44751187661523e-22
"AT5G23140",3.52994009699132e-27,-0.86505448627712,0.086,0.252,4.46163248619121e-22
"AT5G09770",3.55237089555546e-27,-0.796446860461059,0.133,0.319,4.48998366972837e-22
"AT1G20950",3.55630609995697e-27,-0.673653114781014,0.177,0.376,4.49495753197961e-22
"AT1G42990",3.61004005435027e-27,-0.697902949943425,0.114,0.297,4.56287402629547e-22
"AT1G79230",3.66659453188134e-27,-0.505339789461791,0.124,0.311,4.6343554926261e-22
"AT5G58240",3.68624888616345e-27,-1.03478404783086,0.046,0.195,4.65919741717743e-22
"AT3G62010",3.77380920061324e-27,-1.00627355960421,0.101,0.273,4.7698684010231e-22
"AT1G32580",3.84527768090585e-27,-0.926155616629207,0.091,0.26,4.86020027200414e-22
"AT4G10710",3.86335587041187e-27,-1.53353278189907,0.05,0.2,4.88305001884838e-22
"AT5G58090",3.89938150899637e-27,-1.54104125139628,0.036,0.177,4.92858426448087e-22
"AT3G07780",3.94311030862481e-27,-0.805809817011612,0.1,0.274,4.98385484348325e-22
"AT5G16070",4.03698350536712e-27,-1.14954244060616,0.075,0.235,5.10250493177372e-22
"AT5G14930",4.14289999910156e-27,-1.5069491049708,0.058,0.208,5.23637702486443e-22
"AT1G80930",4.18023855102573e-27,-0.622553501079726,0.13,0.319,5.28357071418346e-22
"AT1G15340",4.23122073680593e-27,-0.673136956110239,0.107,0.288,5.34800913807848e-22
"AT5G11630",4.26392056412664e-27,-1.29699221331021,0.058,0.211,5.38933975782223e-22
"AT4G20830",4.28077518831056e-27,-0.499043955009824,0.231,0.449,5.41064299151325e-22
"AT1G22270",4.28327540657285e-27,-0.815549277349482,0.123,0.304,5.41380311738369e-22
"AT3G61980",4.2862067725152e-27,-1.45371498512668,0.04,0.183,5.41750818805286e-22
"AT3G07910",4.33065171981068e-27,-0.755436538644112,0.123,0.306,5.47368393473751e-22
"AT1G25350",4.3409035329574e-27,-0.604088878094307,0.101,0.28,5.48664161144617e-22
"AT1G05720",4.42204203099578e-27,-0.859465467792423,0.08,0.247,5.58919580465681e-22
"AT1G45688",4.53908754533544e-27,-0.743872407888304,0.091,0.264,5.73713431205127e-22
"AT2G22970",4.57931709828634e-27,-1.18340568269433,0.079,0.242,5.78798205320804e-22
"AT4G32390",4.5976992359666e-27,-0.798455431408381,0.089,0.26,5.81121597230762e-22
"AT2G29390",4.60573603593251e-27,-1.12899081863922,0.057,0.211,5.82137400525653e-22
"AT2G35605",5.00212842178228e-27,-1.37099660240413,0.079,0.238,6.32239019742749e-22
"AT1G16350",5.02786493791797e-27,-1.11388673512734,0.062,0.219,6.35491960963204e-22
"AT5G27930",5.02806080897646e-27,-1.09149624475015,0.07,0.229,6.35516717889771e-22
"AT2G30520",5.24682428620676e-27,-0.476897463063241,0.184,0.393,6.63167108830818e-22
"AT1G78000",5.3053504078166e-27,-0.76167565623878,0.182,0.378,6.70564459445571e-22
"AT4G14160",5.3125753302238e-27,-1.57777247446371,0.039,0.182,6.71477646288307e-22
"AT3G22300",5.4672449412893e-27,-1.35946410065379,0.047,0.192,6.91026957109319e-22
"AT1G78850",5.47088449103649e-27,-0.510262904499355,0.203,0.411,6.91486974360066e-22
"AT4G18070",5.48390124581748e-27,-0.65214563065531,0.135,0.319,6.93132214063854e-22
"AT4G39400",5.62192018406305e-27,-1.28532555136294,0.048,0.196,7.10576979744465e-22
"AT4G14430",5.72783646570865e-27,-1.1053537817836,0.064,0.221,7.2396416224678e-22
"AT5G37475",5.85464388503688e-27,-0.949660327522179,0.07,0.231,7.39991859205352e-22
"AT5G13070",5.97663778523039e-27,-0.994344642483442,0.068,0.229,7.55411156226409e-22
"AT5G06140",6.07684562194291e-27,-1.21623668340622,0.065,0.22,7.68076825539852e-22
"AT3G05760",6.11046522987225e-27,-0.713695541871229,0.085,0.254,7.72326142264473e-22
"AT1G52710",6.11927151464826e-27,-0.814724651358372,0.085,0.251,7.73439203822452e-22
"AT4G32240",6.23083397655305e-27,-0.760695599906182,0.082,0.248,7.87540029632446e-22
"AT1G15400",6.42101500519755e-27,-0.493367329372486,0.171,0.372,8.11577770566939e-22
"AT4G15545",6.44224886002406e-27,-0.846303184914127,0.07,0.231,8.1426160241388e-22
"AT5G39340",6.52571466261804e-27,-0.600929453507901,0.124,0.307,8.24811179066944e-22
"AT4G16695",6.53069009900898e-27,-0.78385417687964,0.105,0.279,8.2544004437414e-22
"AT2G37480",6.70568535128475e-27,-1.06406480317542,0.064,0.221,8.47558394290284e-22
"AT5G22950",6.72240877424177e-27,-0.827673817949895,0.089,0.26,8.49672134611515e-22
"AT2G26280",6.74974236914013e-27,-0.448980562661485,0.161,0.36,8.53126937005098e-22
"AT4G13780",6.84827709900951e-27,-0.876795180750283,0.084,0.25,8.65581135652208e-22
"AT2G40110",6.8770041971997e-27,-0.439865562615008,0.162,0.359,8.69212068500859e-22
"AT5G05440",6.89405445718418e-27,-0.726607006499247,0.147,0.333,8.71367119061337e-22
"AT3G13300",6.95480831783255e-27,-0.82971953545261,0.101,0.274,8.79046042524127e-22
"AT2G17450",6.96241833082013e-27,-0.756156111129964,0.103,0.277,8.80007902505679e-22
"AT1G27390",6.98190847428185e-27,-1.20079174100817,0.058,0.211,8.8247133969838e-22
"AT4G31985",7.05337154709185e-27,-0.743884086413688,0.703,0.859,8.91503843323128e-22
"AT5G42420",7.06286532030246e-27,-1.39913578021487,0.041,0.185,8.9270379929431e-22
"AT1G63220",7.17587845738095e-27,-0.803989349656045,0.264,0.471,9.06987981742207e-22
"AT1G76900",7.32425411087997e-27,-0.953362260706978,0.098,0.269,9.25741774090563e-22
"AT4G22010",7.38308692988595e-27,-0.9089675552367,0.097,0.265,9.33177889416005e-22
"AT1G05260",7.57936268608693e-27,-1.19085462341005,0.155,0.344,9.57985967345271e-22
"AT3G19930",7.61017353062804e-27,-1.04933940772777,0.069,0.229,9.61880273230201e-22
"AT3G29075",7.83278787495279e-27,-0.822618566734545,0.099,0.274,9.90017390666783e-22
"AT2G30620",8.37814331998344e-27,-0.589618923980659,0.227,0.44,1.05894704678599e-21
"AT4G36690",8.56950801582839e-27,-0.40512629893191,0.221,0.445,1.08313439615261e-21
"AT1G35320",8.57292964142005e-27,-0.739958079051163,0.107,0.286,1.08356686909765e-21
"AT3G56240",8.81498675771977e-27,-0.6364260176191,0.515,0.754,1.11416143625523e-21
"AT1G52670",8.82745115082476e-27,-1.44515059873194,0.057,0.207,1.11573686075734e-21
"AT2G37130",8.93835851718764e-27,-0.635828582017151,0.34,0.568,1.12975488642142e-21
"AT3G07460",9.40210208750979e-27,-0.844641961525053,0.082,0.249,1.18836929124871e-21
"AT3G44590",9.419069237274e-27,-0.716420396831659,0.302,0.507,1.19051383717601e-21
"AT5G02530",9.70437313580977e-27,-0.862090654320065,0.096,0.264,1.22657453812754e-21
"AT1G65590",9.87049158005085e-27,-0.886834380437727,0.087,0.253,1.24757091276895e-21
"AT4G17640",9.87054905431458e-27,-1.26602025910817,0.052,0.202,1.24757817717104e-21
"AT5G07100",1.02630827333293e-26,-1.47991576288453,0.059,0.206,1.29719207899643e-21
"AT3G50900",1.04731646885901e-26,-1.08141895751615,0.096,0.262,1.32374517764966e-21
"AT5G14440",1.06345246429189e-26,-1.26764748881213,0.061,0.214,1.34414010771709e-21
"AT4G14110",1.06793801614594e-26,-1.30841638282963,0.049,0.197,1.3498095761275e-21
"AT4G14320",1.07349027265086e-26,-0.723420056570669,0.62,0.8,1.35682729521433e-21
"AT5G08590",1.09445727562986e-26,-1.14997467722881,0.07,0.227,1.3833283289596e-21
"AT1G30820",1.09931160172379e-26,-0.622974218892056,0.155,0.352,1.38946390588277e-21
"AT1G75540",1.12080527281167e-26,-0.664954026220424,0.118,0.3,1.41663061651758e-21
"AT5G48335",1.14864894551447e-26,-0.878648569810462,0.065,0.223,1.45182334819356e-21
"AT2G20580",1.14932868359884e-26,-1.08856695304753,0.072,0.231,1.45268249634792e-21
"AT5G22250",1.14988372161733e-26,-1.75583969632334,0.06,0.209,1.45338403110101e-21
"AT4G02720",1.16025037254523e-26,-1.10514114946592,0.078,0.239,1.46648685587482e-21
"AT5G16150",1.18221433441951e-26,-1.18080293687033,0.052,0.202,1.49424798584619e-21
"AT5G19750",1.2111153989417e-26,-1.0851997870119,0.061,0.215,1.53077719733837e-21
"AT1G31340",1.24776952220302e-26,-0.623540394232777,0.098,0.27,1.57710580989328e-21
"AT4G08460",1.26272403022267e-26,-1.05480426211383,0.061,0.215,1.59600741075964e-21
"AT1G25400",1.26708673598882e-26,-0.879515634782856,0.173,0.36,1.60152160908571e-21
"AT5G18400",1.27384805645068e-26,-0.877806524162127,0.064,0.22,1.61006751247027e-21
"AT3G48930",1.28469341595228e-26,-0.883066123547263,0.708,0.85,1.62377539615873e-21
"AT3G50590",1.29114038160988e-26,-0.895440061027618,0.078,0.242,1.63192397393199e-21
"AT4G30440",1.29340567688409e-26,-0.572246545884795,0.137,0.327,1.63478717124087e-21
"AT1G12270",1.33903746860233e-26,-1.13833187573277,0.052,0.202,1.69246301806523e-21
"AT5G09978",1.3709080731027e-26,-1.03357061623345,0.078,0.24,1.73274554991743e-21
"AT4G29390",1.37701798462133e-26,-0.790200438776296,0.602,0.783,1.74046811148229e-21
"AT5G54810",1.37788836539282e-26,-0.820885688295982,0.111,0.288,1.7415682205546e-21
"AT3G02760",1.41385203519907e-26,-0.874124567835009,0.105,0.28,1.78702414136952e-21
"AT2G35240",1.43262553171424e-26,-1.2466244660215,0.045,0.189,1.8107527145549e-21
"AT5G59160",1.48596764219073e-26,-1.04585333322422,0.077,0.237,1.87817394167055e-21
"AT1G74260",1.49765096242584e-26,-1.64972694762534,0.041,0.182,1.89294095744852e-21
"AT4G10610",1.53820862025191e-26,-0.882687613273322,0.077,0.238,1.9442034034812e-21
"AT5G46860",1.62431909410869e-26,-0.83610639836503,0.089,0.256,2.05304187580774e-21
"AT4G35850",1.63747822167312e-26,-0.909357080620894,0.077,0.239,2.06967422350153e-21
"AT5G57490",1.67516083339479e-26,-1.08241007571509,0.057,0.209,2.117302783761e-21
"AT5G20000",1.6888294624645e-26,-0.795093991276709,0.085,0.252,2.13457911078738e-21
"AT4G13720",1.73386679166065e-26,-1.32084497666353,0.064,0.215,2.19150359265156e-21
"AT3G51460",1.74707460086936e-26,-0.905146157162095,0.096,0.265,2.20819747102281e-21
"AT3G42150",1.75979032562942e-26,-0.844602445740215,0.067,0.225,2.22426938417605e-21
"AT1G04480",1.77917951018784e-26,-0.567731892942868,0.628,0.812,2.24877615010682e-21
"AT2G47580",1.80619098028982e-26,-0.766269335193681,0.075,0.235,2.28291702762752e-21
"AT5G59840",1.83973234379252e-26,-0.896940484642306,0.072,0.233,2.32531129861312e-21
"AT1G53480",1.85021139224594e-26,-0.819563398660853,0.104,0.276,2.33855618711533e-21
"AT3G28340",1.87578674830595e-26,-1.27544521186133,0.069,0.225,2.37088190265383e-21
"AT3G15395",1.87998104705062e-26,-0.917744831488554,0.06,0.215,2.37618324460916e-21
"AT2G22880",1.88984439725219e-26,-1.00747626203023,0.095,0.26,2.38864992746294e-21
"AT4G17510",1.90107540792341e-26,-0.992631417905271,0.068,0.225,2.40284525109072e-21
"AT5G10695",1.90175643456504e-26,-0.635978946157179,0.157,0.346,2.40370602790414e-21
"AT2G32150",1.93535147876874e-26,-0.569703626479757,0.465,0.706,2.44616814807496e-21
"AT2G23940",1.95632125690529e-26,-1.14706689405414,0.062,0.215,2.47267268945288e-21
"AT5G44610",2.02597345392306e-26,-0.674363190626537,0.265,0.486,2.56070888735151e-21
"AT1G74230",2.05360513125262e-26,-0.78045880507667,0.087,0.254,2.59563366959543e-21
"AT5G41010",2.09239162658648e-26,-0.54370205991674,0.152,0.342,2.64465747250771e-21
"AT2G41660",2.21638376283487e-26,-0.902453006130751,0.097,0.265,2.8013760931975e-21
"AT1G14900",2.2194581424348e-26,-1.00900879167426,0.104,0.273,2.80526192454904e-21
"AT3G17410",2.22121654377947e-26,-0.653434412198525,0.093,0.262,2.80748443834462e-21
"AT2G29080",2.2427757397119e-26,-0.950650735651982,0.074,0.234,2.83473396845146e-21
"AT1G47250",2.28361993454252e-26,-0.94266005931412,0.067,0.222,2.88635858006567e-21
"AT5G59690",2.30204157980683e-26,-0.953421789216275,0.281,0.503,2.90964243438104e-21
"AT1G20960",2.41958596252485e-26,-0.68419491552835,0.12,0.298,3.05821148147366e-21
"AT5G22000",2.44243291022051e-26,-0.769285505050145,0.079,0.242,3.08708865254411e-21
"AT1G02090",2.44383657020123e-26,-0.66730517190501,0.081,0.246,3.08886279454014e-21
"AT1G71080",2.55161059637457e-26,-1.0002994238906,0.068,0.223,3.22508269718168e-21
"AT5G67560",2.58185236667122e-26,-0.820255713437436,0.078,0.241,3.26330648033043e-21
"AT3G05570",2.58326850583732e-26,-0.797886466490032,0.081,0.246,3.26509639526803e-21
"AT4G02370",2.60656296911338e-26,-0.972285366099356,0.082,0.247,3.29453919918117e-21
"AT2G45520",2.70741839170917e-26,-1.00206608075739,0.067,0.223,3.42201440201688e-21
"AT4G05070",2.71334583842271e-26,-0.550835822109551,0.142,0.336,3.429506339016e-21
"AT2G33370",2.75207948810884e-26,-0.705464870901872,0.544,0.736,3.47846334820029e-21
"AT1G16560",2.76818274639162e-26,-1.13247039058597,0.055,0.204,3.49881690047423e-21
"AT4G14030",2.77427800003807e-26,-0.401456177278971,0.198,0.412,3.50652093536812e-21
"AT2G27350",2.77779946486119e-26,-0.966415391519752,0.065,0.221,3.51097185561666e-21
"AT3G28950",2.93974022078335e-26,-0.866408180991586,0.098,0.268,3.71565525465691e-21
"AT1G12760",3.00961911219499e-26,-0.976145326520637,0.068,0.224,3.80397798066774e-21
"AT4G25900",3.01448807620828e-26,-0.815804314706531,0.136,0.312,3.8101320590427e-21
"AT4G28510",3.03590722901235e-26,-1.38300401301866,0.04,0.181,3.83720458303787e-21
"AT5G19550",3.20367379892673e-26,-0.454583954816797,0.133,0.322,4.04925146141545e-21
"AT4G18930",3.23949700120767e-26,-0.516802659565429,0.136,0.324,4.09452983970642e-21
"AT3G54920",3.31947947716884e-26,-1.68149544440082,0.03,0.164,4.19562289037278e-21
"AT3G26100",3.36907904746492e-26,-0.758305929092377,0.163,0.348,4.25831377125281e-21
"AT3G26360",3.40731268572238e-26,-1.09562128095922,0.09,0.253,4.30663879599194e-21
"AT3G06350",3.46723248217477e-26,-0.823840052028064,0.082,0.244,4.38237382351998e-21
"AT5G27920",3.49035555479367e-26,-0.945933521246762,0.114,0.285,4.41159999992591e-21
"AT4G24920",3.49182583466702e-26,-0.525606449138424,0.447,0.674,4.41345834546903e-21
"AT4G33920",3.57665688099693e-26,-0.814140090237218,0.125,0.299,4.52067969816726e-21
"AT3G04830",3.59529207203061e-26,-1.18621762631878,0.072,0.228,4.54423346152237e-21
"AT1G74210",3.60157257421793e-26,-1.5898253569901,0.042,0.183,4.55217163945701e-21
"AT1G23260",3.61383693661168e-26,-0.74737375777356,0.11,0.286,4.56767305766097e-21
"AT3G63130",3.62290613979555e-26,-1.54077856862495,0.042,0.184,4.57913598633319e-21
"AT2G28290",3.62850891896902e-26,-0.710244476135429,0.109,0.28,4.58621756304171e-21
"AT3G10220",3.71495101755509e-26,-1.21782957556484,0.057,0.207,4.69547518912859e-21
"AT4G17460",3.77753752744994e-26,-1.00347217937312,0.078,0.239,4.77458078244508e-21
"AT4G36860",3.91982413573961e-26,-0.90074995033392,0.107,0.277,4.95442251812673e-21
"AT3G08710",3.95374645791838e-26,-0.575793658878339,0.149,0.343,4.99729829802135e-21
"AT3G50910",3.98014592477492e-26,-1.58016605497726,0.036,0.172,5.03066564016002e-21
"AT4G17230",4.01571442650474e-26,-0.785593391391299,0.157,0.345,5.07562209223641e-21
"AT1G47830",4.09527423757368e-26,-0.753940997098523,0.099,0.267,5.17618091983888e-21
"AT5G55660",4.09901255099249e-26,-0.547481393808413,0.173,0.369,5.18090592370144e-21
"AT1G62975",4.19755874049263e-26,-1.43889396639927,0.094,0.254,5.30546239445826e-21
"AT3G61440",4.27501216567452e-26,-0.374173579104801,0.207,0.425,5.40335887668265e-21
"AT1G47530",4.36971118479404e-26,-0.672005277255904,0.109,0.284,5.52305275490858e-21
"AT1G20010",4.38318566863006e-26,-1.01775764877497,0.097,0.263,5.54008369400828e-21
"AT2G39260",4.69600658403454e-26,-0.983912149705627,0.06,0.21,5.93547056182462e-21
"AT5G26600",4.87394518707658e-26,-1.23415732238973,0.064,0.215,6.16037427975357e-21
"AT1G31120",4.88556882549971e-26,-1.15206796315001,0.077,0.235,6.17506586130211e-21
"AT2G29980",4.98247454545659e-26,-1.00671802058952,0.072,0.23,6.2975488769844e-21
"AT5G63890",5.00570233613993e-26,-1.17095820689461,0.051,0.196,6.3269074107407e-21
"AT4G20870",5.03283266399368e-26,-0.864910195004334,0.091,0.258,6.36119851732817e-21
"AT5G62570",5.03592888685667e-26,-1.01606849378666,0.132,0.306,6.36511195725362e-21
"AT1G02160",5.20412722637159e-26,-0.713228102249041,0.088,0.256,6.57770456650011e-21
"AT3G24080",5.24036546145529e-26,-0.784558815251542,0.09,0.257,6.6235075213518e-21
"AT1G42480",5.24455828246455e-26,-0.991944841259445,0.076,0.233,6.62880699553824e-21
"AT5G65810",5.25312581395488e-26,-1.3529606251282,0.047,0.191,6.63963584129013e-21
"AT1G19140",5.26186316515193e-26,-0.708522060956889,0.079,0.24,6.65067932896213e-21
"AT2G38870",5.27812515568164e-26,-0.64107750387962,0.159,0.351,6.67123350927225e-21
"AT5G20050",5.30228089038003e-26,-1.31106689746051,0.039,0.179,6.70176490858693e-21
"AT2G41780",5.38490505855591e-26,-1.15495128819737,0.056,0.204,6.80619689971115e-21
"AT4G39520",5.55520436270459e-26,-1.1232333748226,0.071,0.227,7.02144500219684e-21
"AT3G56110",5.60208879965779e-26,-1.20598361819788,0.055,0.202,7.08070411743947e-21
"AT3G03150",5.66854388935769e-26,-0.576035900204484,0.134,0.318,7.16469936351476e-21
"AT5G19450",5.78248230194811e-26,-0.874076823586502,0.091,0.258,7.30871068072429e-21
"AT1G10950",5.79925324230061e-26,-0.635135629408867,0.105,0.28,7.32990814307343e-21
"AT4G24740",5.83917402572162e-26,-0.73067366080733,0.101,0.272,7.38036561807058e-21
"AT1G26750",5.94083687579043e-26,-0.732907976397749,0.078,0.24,7.50886136078655e-21
"AT4G33580",5.99604559382341e-26,-0.859691023326688,0.091,0.256,7.57864186785716e-21
"AT2G26140",6.05634362989142e-26,-0.712255058492659,0.109,0.283,7.65485496756496e-21
"AT5G25754",6.06517053541835e-26,-1.02972719106942,0.052,0.199,7.66601164653667e-21
"AT5G09830",6.3943320615448e-26,-0.629347477055183,0.118,0.296,8.08205206586894e-21
"AT2G14835",6.41036831794405e-26,-1.24141911229375,0.051,0.196,8.1023209317822e-21
"AT5G36290",6.69778999573695e-26,-0.758011925079227,0.109,0.283,8.46560468721176e-21
"AT1G64950",6.73413666578819e-26,-1.09083618586452,0.065,0.218,8.51154469735633e-21
"AT4G29490",6.76197292971852e-26,-0.818542469547963,0.069,0.225,8.54672806478842e-21
"AT4G25340",7.19184907382611e-26,-0.989388350664868,0.153,0.332,9.09006571837177e-21
"AT2G47960",7.45101460481139e-26,-0.942078489620126,0.057,0.207,9.41763539960531e-21
"AT5G41210",7.51751007104177e-26,-0.590858222563529,0.093,0.261,9.50168167919253e-21
"AT1G65610",7.59501741752273e-26,-1.29029436074797,0.059,0.207,9.59964631470368e-21
"AT4G26470",7.66346286683358e-26,-0.843178720080887,0.093,0.255,9.68615725590564e-21
"AT1G50480",7.83509139255886e-26,-0.999374262159707,0.061,0.213,9.90308541471085e-21
"AT1G09330",7.90206317222233e-26,-0.878866222320873,0.086,0.247,9.98773372589869e-21
"AT5G15230",7.96540998191196e-26,-0.915508862003479,0.435,0.652,1.00678002925378e-20
"AT2G21250",8.39589703490401e-26,-0.973985464176721,0.072,0.229,1.06119100982966e-20
"AT2G25260",8.46491158144635e-26,-1.30275150431327,0.05,0.193,1.06991403442533e-20
"AT1G15230",8.48539440204931e-26,-0.899826504607361,0.056,0.204,1.07250294005262e-20
"AT5G61230",8.49918588040576e-26,-0.968097947352269,0.074,0.23,1.07424610016801e-20
"AT3G51610",8.54143149946934e-26,-0.970951037173989,0.064,0.219,1.07958569294393e-20
"AT1G34430",8.608173682926e-26,-0.886142751429453,0.081,0.241,1.08802150447975e-20
"AT5G35080",8.66088578367975e-26,-1.48704452757406,0.059,0.206,1.09468399774242e-20
"AT3G05420",8.70939223055798e-26,-1.14619785764897,0.065,0.216,1.10081492158915e-20
"AT3G22370",8.72936251402705e-26,-0.718087136300538,0.078,0.239,1.10333904559793e-20
"AT3G51770",8.8450420338952e-26,-1.13090534902758,0.069,0.223,1.11796024283215e-20
"AT1G30270",8.85814788169849e-26,-0.662374979128696,0.146,0.33,1.1196167433594e-20
"AT5G64200",8.88353315673554e-26,-1.00241242965117,0.082,0.242,1.12282528981243e-20
"AT2G24940",8.98472545075099e-26,-0.34459516752978,0.328,0.577,1.13561538862222e-20
"AT2G32060",8.98819021766764e-26,-0.816731573158893,0.563,0.737,1.13605331437188e-20
"AT3G26440",9.16326190936484e-26,-0.659515415307138,0.136,0.315,1.15818132577226e-20
"AT2G45240",9.28262053474825e-26,-1.29601368554384,0.05,0.194,1.17326753986897e-20
"AT4G29330",9.39142894109409e-26,-1.1041905291727,0.072,0.227,1.18702026958065e-20
"AT2G44050",9.45255591472498e-26,-1.17636924394817,0.06,0.209,1.19474635228575e-20
"AT5G16760",9.59280802819047e-26,-0.814499100023558,0.061,0.213,1.21247337791511e-20
"AT4G00830",9.99937408225453e-26,-1.02138234033938,0.081,0.24,1.26386088775248e-20
"AT5G47010",1.00030970877632e-25,-0.739438063026798,0.095,0.263,1.26433145331074e-20
"AT4G36730",1.01076061127516e-25,-0.990965547546783,0.094,0.257,1.27754076701512e-20
"AT1G74930",1.01289853791516e-25,-0.658341860924153,0.159,0.347,1.28024297801249e-20
"AT5G45280",1.01300558998996e-25,-0.868921947685045,0.126,0.302,1.28037828541191e-20
"AT4G14500",1.01310812250328e-25,-0.759174788055526,0.116,0.289,1.2805078803568e-20
"AT5G61150",1.03749002666417e-25,-1.0555778607211,0.081,0.237,1.31132514430192e-20
"AT2G26590",1.0554870818977e-25,-0.969992729372629,0.064,0.215,1.33407234229378e-20
"AT5G16830",1.05911919553045e-25,-0.751857679922447,0.104,0.274,1.33866311599876e-20
"AT4G34710",1.06406011618811e-25,-0.757663602033736,0.08,0.243,1.3449081432548e-20
"AT2G19760",1.08730050319646e-25,-0.616160600588881,0.58,0.793,1.37428259801014e-20
"AT1G04040",1.08951746648376e-25,-1.36478353094381,0.326,0.532,1.37708470658748e-20
"AT2G04170",1.10917092148557e-25,-1.42578137971086,0.058,0.204,1.40192549450247e-20
"AT1G77080",1.13248860291135e-25,-0.754440467514548,0.111,0.286,1.43139764476377e-20
"AT3G59810",1.13709130375977e-25,-1.11915439881998,0.065,0.215,1.43721518247413e-20
"AT1G09430",1.16410162810655e-25,-0.513661470189982,0.12,0.299,1.47135461182899e-20
"AT5G19900",1.24384654011597e-25,-1.27265393983632,0.048,0.19,1.57214739591418e-20
"AT1G66500",1.26304890463432e-25,-0.44417132493749,0.186,0.387,1.5964180325235e-20
"AT3G27080",1.30499590528583e-25,-0.705420624396914,0.079,0.238,1.64943652452697e-20
"AT3G17090",1.31819370687704e-25,-0.507195894388781,0.084,0.247,1.66611775387017e-20
"AT4G08930",1.32572155007084e-25,-1.50256907093508,0.055,0.198,1.67563249599654e-20
"AT1G80180",1.34363859221635e-25,-0.458541476282269,0.136,0.321,1.69827856224593e-20
"AT5G47780",1.39402734427552e-25,-0.948042637221716,0.065,0.216,1.7619669215236e-20
"AT1G54370",1.39568279984105e-25,-1.1036770711509,0.056,0.203,1.7640593180311e-20
"AT4G30660",1.41548940726717e-25,-0.639727023885698,0.106,0.279,1.78909368142127e-20
"AT3G61240",1.44378655198533e-25,-1.15957337976927,0.054,0.2,1.82485957451634e-20
"AT4G37260",1.4535629767968e-25,-0.648747414560447,0.14,0.322,1.83721638889255e-20
"AT1G02170",1.46495304721521e-25,-1.58080606990026,0.037,0.173,1.8516127544972e-20
"AT4G17490",1.47044950165996e-25,-0.677177144323655,0.115,0.29,1.85855994312809e-20
"AT1G06040",1.52763896457701e-25,-0.393948380700555,0.255,0.485,1.93084399288747e-20
"AT1G45130",1.54555432327088e-25,-0.890724996466756,0.113,0.287,1.953487931355e-20
"AT3G49601",1.5500641640652e-25,-0.845043979889318,0.072,0.229,1.95918809952857e-20
"ATCG00820",1.56311791910382e-25,-0.94359814196642,0.068,0.22,1.97568726267208e-20
"AT5G58220",1.59600505158645e-25,-0.864554662577301,0.079,0.238,2.01725462490218e-20
"AT2G14910",1.59929369409438e-25,-1.05504460785087,0.058,0.206,2.02141127171365e-20
"AT4G26220",1.7015108128482e-25,-0.902568075058821,0.1,0.265,2.15060757679136e-20
"AT1G43690",1.76649245770875e-25,-1.57980892781307,0.028,0.158,2.23274047699639e-20
"AT5G19050",1.80227798656953e-25,-0.959861231768476,0.089,0.249,2.27797123834469e-20
"AT1G01160",1.81841117417634e-25,-1.13767319069458,0.057,0.203,2.29836261948844e-20
"AT5G28050",1.8421530499407e-25,-0.459486738769776,0.427,0.665,2.32837092594205e-20
"AT1G01820",1.84270996169266e-25,-0.993268776149388,0.056,0.202,2.32907482898183e-20
"AT2G40620",1.87824361334084e-25,-1.37899214432844,0.038,0.174,2.37398723264602e-20
"AT4G31860",1.89932869498397e-25,-0.788954794113868,0.09,0.254,2.40063751073804e-20
"AT1G12110",1.93183450952701e-25,-0.76010968991674,0.113,0.282,2.44172290997157e-20
"AT1G31817",2.07247867027516e-25,-1.03782482474816,0.052,0.197,2.61948869050759e-20
"AT3G22200",2.1184088452574e-25,-0.408642799862297,0.326,0.564,2.67754167587464e-20
"AT5G20660",2.13833798220558e-25,-1.22332704659138,0.06,0.206,2.70273090922893e-20
"AT3G49100",2.14394761487611e-25,-0.78756098645986,0.104,0.273,2.70982114834651e-20
"AT4G00710",2.15091607908951e-25,-0.695603787966639,0.082,0.242,2.71862886900439e-20
"AT3G23620",2.15603110591509e-25,-1.02779812414409,0.072,0.226,2.72509395601032e-20
"AT3G60860",2.17067873331215e-25,-1.27977469443325,0.057,0.201,2.74360767818256e-20
"AT1G14620",2.17177144685432e-25,-1.05473052636007,0.075,0.226,2.74498880253705e-20
"AT3G02910",2.21970380143074e-25,-0.728132350332455,0.105,0.274,2.80557242278036e-20
"AT2G16720",2.27639919790234e-25,-1.0092166070719,0.082,0.238,2.87723200219668e-20
"AT3G55960",2.3281667662101e-25,-0.848392125968881,0.065,0.215,2.9426631024836e-20
"AT3G46030",2.36171174503224e-25,-0.634387062742958,0.329,0.556,2.98506194301605e-20
"AT1G47740",2.46856078910889e-25,-1.09219112896131,0.065,0.214,3.1201127237863e-20
"AT1G50740",2.46871457809154e-25,-0.490313063431598,0.208,0.416,3.12030710383302e-20
"AT1G23870",2.48340447552629e-25,-0.698947382350527,0.113,0.282,3.1388742527967e-20
"AT3G08030",2.49846838732951e-25,-0.926786857670605,0.11,0.28,3.15791413348126e-20
"AT1G06630",2.49884524990041e-25,-0.876526810748185,0.08,0.238,3.15839046515913e-20
"AT2G42760",2.51761268750325e-25,-0.595151977413889,0.231,0.437,3.18211138024286e-20
"AT1G10890",2.55788571601463e-25,-0.702082481615014,0.153,0.334,3.23301407189953e-20
"AT1G53180",2.58013383206626e-25,-1.09928078252923,0.078,0.232,3.26113435570182e-20
"AT4G34870",2.66793827407868e-25,-0.614103399584256,0.754,0.892,3.372113902139e-20
"AT1G29340",2.69990547680346e-25,-0.760463827898833,0.066,0.216,3.41251852835096e-20
"AT4G40042",2.79440266384975e-25,-0.695028863835892,0.079,0.239,3.53195730294625e-20
"AT1G15130",2.91728964575892e-25,-0.743069206205158,0.085,0.244,3.68727907486053e-20
"AT3G07230",2.93544672107579e-25,-0.438153885418648,0.439,0.674,3.71022852863654e-20
"AT5G27420",2.94510668472729e-25,-0.959257663696337,0.077,0.23,3.72243814309421e-20
"AT1G63660",2.94583641458592e-25,-1.46970920973377,0.042,0.178,3.72336047785172e-20
"AT3G01340",2.94869105518735e-25,-0.650173506297171,0.072,0.228,3.72696857229351e-20
"AT3G56020",2.95211449404463e-25,-0.740380795745805,0.902,0.966,3.73129559360277e-20
"AT3G55380",2.99243296706293e-25,-1.08579563023954,0.067,0.217,3.78225572438952e-20
"AT1G78680",3.04933515009486e-25,-0.752418985738704,0.109,0.276,3.8541766696109e-20
"AT2G36950",3.07721894544348e-25,-0.689258991446896,0.165,0.356,3.88942011390383e-20
"AT4G25170",3.09259845373606e-25,-0.806998707802976,0.152,0.329,3.90885888961516e-20
"AT3G18165",3.09353558751542e-25,-1.65526927841943,0.032,0.164,3.91004337048424e-20
"AT3G23325",3.10696210089779e-25,-1.17305328536799,0.047,0.187,3.92701367780875e-20
"AT5G25560",3.165303662738e-25,-0.598301768856176,0.175,0.363,4.00075391148107e-20
"AT1G28480",3.2085941950397e-25,-0.862552549238225,0.143,0.32,4.05547054687848e-20
"AT5G19590",3.21962557305546e-25,-0.390074483334723,0.168,0.366,4.06941354680772e-20
"AT5G12190",3.22799415051837e-25,-0.710119945726704,0.066,0.218,4.07999092660619e-20
"AT2G18510",3.23241084196091e-25,-1.56110569980366,0.033,0.166,4.08557335958808e-20
"AT4G28300",3.2581069846721e-25,-0.611151931559373,0.109,0.28,4.11805174220646e-20
"AT2G26355",3.31698423459855e-25,-0.853673623715359,0.107,0.274,4.19246905347849e-20
"AT2G20860",3.35179275432867e-25,-0.953587958534548,0.06,0.208,4.23646493390618e-20
"AT2G38360",3.38634029281714e-25,-1.13865286408423,0.07,0.221,4.2801309497033e-20
"ATCG00670",3.39485045100153e-25,-0.517804430781546,0.181,0.381,4.29088727903888e-20
"AT2G43780",3.40873279858058e-25,-0.933862688147542,0.087,0.245,4.30843373343794e-20
"AT3G46830",3.41786929033151e-25,-0.996136756609596,0.08,0.236,4.31998171082161e-20
"AT4G17615",3.44570333745833e-25,-1.01301093469172,0.156,0.331,4.35516227634708e-20
"AT4G10100",3.50756944724665e-25,-0.640505376871805,0.097,0.261,4.43335732715293e-20
"ATMG00090",3.52240259528751e-25,-0.765132692082488,0.104,0.269,4.45210553628769e-20
"AT4G30460",3.52449002927078e-25,-1.1295612650484,0.146,0.323,4.45474392759651e-20
"AT5G26880",3.56791256535706e-25,-1.3652823391124,0.047,0.186,4.5096274078574e-20
"AT1G70350",3.59404999234546e-25,-1.53829034259056,0.046,0.183,4.54266354732513e-20
"AT1G16170",3.60275650795107e-25,-0.978770981625998,0.081,0.237,4.55366806065968e-20
"AT5G48385",3.66709483022001e-25,-1.11255268475724,0.074,0.226,4.63498783970828e-20
"AT3G03050",3.77253915217297e-25,-1.00562139922641,0.07,0.223,4.76826313599751e-20
"AT1G69980",3.84108234371212e-25,-0.85550167782473,0.079,0.236,4.8548976175115e-20
"AT5G17710",3.8927832830908e-25,-2.01882143135437,0.028,0.156,4.92024450282979e-20
"AT5G03280",4.00329443046305e-25,-1.01916005242761,0.074,0.226,5.05992396243946e-20
"AT4G20360",4.03524466089149e-25,-1.0531390355164,0.046,0.188,5.10030713668719e-20
"AT1G70160",4.0375224141751e-25,-1.19838294271935,0.057,0.2,5.10318608017247e-20
"AT2G34690",4.09421995718418e-25,-0.664658480753358,0.087,0.249,5.17484837268338e-20
"AT1G13360",4.12575147037171e-25,-0.670278433102116,0.149,0.334,5.21470231346162e-20
"AT4G13350",4.14304516121657e-25,-1.09565605948635,0.059,0.204,5.23656050106807e-20
"AT2G17840",4.1688381689687e-25,-0.936774530816761,0.147,0.323,5.2691613152863e-20
"AT1G07830",4.18307804239812e-25,-0.735183558543405,0.096,0.258,5.28715966090869e-20
"AT5G24670",4.33136089966628e-25,-0.733385322379232,0.108,0.276,5.4745802955242e-20
"AT1G26920",4.33624482987307e-25,-0.987936557448337,0.074,0.227,5.48075329026977e-20
"AT2G44650",4.3545107009209e-25,-0.725726999804618,0.096,0.262,5.50384025532197e-20
"AT3G54210",4.40167445503683e-25,-0.827991296621309,0.069,0.223,5.56345241069925e-20
"AT1G07070",4.42290187387758e-25,-0.64709229586028,0.124,0.297,5.59028259446883e-20
"AT2G40660",4.44295360574215e-25,-0.874581832642579,0.069,0.221,5.61562678044173e-20
"AT1G62790",4.55188483135308e-25,-0.637994211181841,0.142,0.326,5.75330931374041e-20
"AT5G47230",4.57380899564668e-25,-0.955287938902022,0.088,0.244,5.78102014195766e-20
"AT1G08510",4.60055985500225e-25,-0.52735658945673,0.132,0.313,5.81483162313154e-20
"AT5G02050",4.6778331302676e-25,-1.00657975145667,0.099,0.26,5.91250040667043e-20
"AT5G35460",4.68938319755055e-25,-1.11747520070435,0.069,0.219,5.92709899871204e-20
"AT1G12910",4.69293767774179e-25,-1.73967668836197,0.032,0.162,5.93159164840495e-20
"AT5G11260",4.83103954057478e-25,-0.793052408234963,0.08,0.238,6.10614411691409e-20
"AT1G71220",5.01816663662226e-25,-0.965048686407455,0.069,0.222,6.34266153869234e-20
"AT3G19420",5.19843058771348e-25,-0.801744878279305,0.074,0.227,6.57050435703457e-20
"AT2G03690",5.20997365196706e-25,-0.851873557353789,0.061,0.209,6.58509409766724e-20
"AT3G46845",5.22452922779065e-25,-1.08801865619648,0.062,0.208,6.60349147217372e-20
"AT3G44750",5.40365340318792e-25,-1.04207924535728,0.167,0.341,6.82989368242534e-20
"AT3G54640",5.54570000855174e-25,-0.715154421276334,0.128,0.303,7.00943206880889e-20
"AT5G39600",5.59927752024791e-25,-0.890750224545335,0.091,0.251,7.07715082894214e-20
"AT2G27310",5.60357961814239e-25,-0.683274207856431,0.128,0.302,7.08258842255489e-20
"AT1G75860",5.60766179664263e-25,-1.14458320784294,0.06,0.207,7.08774805124849e-20
"AT5G08420",5.67644641214944e-25,-0.765417203914938,0.095,0.261,7.17468767817216e-20
"AT1G76560",5.68549447018879e-25,-0.823508330628274,0.078,0.235,7.18612388065042e-20
"AT1G07870",5.68554630801627e-25,-1.3174488820608,0.055,0.196,7.18618940055408e-20
"AT4G35905",5.81193303378259e-25,-1.38941146414401,0.033,0.166,7.34593463871916e-20
"AT2G02570",5.81216607055056e-25,-0.650029031355344,0.104,0.27,7.34622918321167e-20
"AT4G31550",5.87805461722165e-25,-0.869631552128868,0.09,0.25,7.42950835289113e-20
"AT2G44360",5.89668980851904e-25,-0.96236626740722,0.075,0.227,7.45306211657955e-20
"AT1G69040",5.93799800592314e-25,-0.855539242621168,0.085,0.241,7.50527319960649e-20
"AT5G09225",5.97626927209278e-25,-0.734635570706492,0.082,0.242,7.55364578376895e-20
"AT3G54085",6.02776819169163e-25,-1.3085283433866,0.049,0.189,7.61873732820672e-20
"AT3G10410",6.18797976874885e-25,-0.598703836121131,0.087,0.251,7.82123514891242e-20
"AT1G62820",6.24523302742758e-25,-0.926388009474369,0.068,0.22,7.89359983268681e-20
"AT4G26300",6.2718374419274e-25,-0.774607081405379,0.098,0.261,7.92722621634971e-20
"AT1G67880",6.27229373178825e-25,-1.67875873505125,0.037,0.169,7.92780293935644e-20
"AT5G02260",6.37930228144292e-25,-1.49956025849561,0.054,0.195,8.06305532560696e-20
"AT1G64650",6.42282701177365e-25,-1.04359120561985,0.1,0.259,8.11806797326119e-20
"AT3G16690",6.45896902002953e-25,-0.970007265103893,0.09,0.248,8.16374930317613e-20
"AT1G79260",6.4774318039611e-25,-1.18830590640674,0.054,0.197,8.18708515429859e-20
"AT4G15770",6.7557772581473e-25,-1.10946985463622,0.064,0.208,8.53889710766269e-20
"AT4G30930",6.81127060241194e-25,-1.32253848322481,0.056,0.198,8.60903736521255e-20
"AT4G19006",6.88537012114382e-25,-0.947941045399874,0.081,0.236,8.70269471091851e-20
"AT2G28370",6.93141087821893e-25,-0.954561764576476,0.052,0.196,8.76088746541604e-20
"AT2G35790",7.09925674216609e-25,-1.03009069574905,0.058,0.205,8.9730345666934e-20
"AT3G29035",7.19099450576125e-25,-0.90560539921545,0.076,0.229,9.08898559561187e-20
"AT2G42490",7.2626898580283e-25,-0.84261702361877,0.08,0.236,9.17960421915629e-20
"AT4G27410",7.26585769656005e-25,-0.843268663941268,0.129,0.304,9.1836081769901e-20
"AT1G69700",7.28246623720065e-25,-1.27419472115098,0.051,0.191,9.20460037584739e-20
"AT5G16510",7.6105145442874e-25,-1.06597963910589,0.062,0.209,9.61923375310662e-20
"AT1G19770",7.62435517290196e-25,-0.570523309333128,0.149,0.332,9.6367274772377e-20
"AT5G49450",7.68066678534512e-25,-0.738706230784635,0.145,0.321,9.70790197666911e-20
"AT3G26780",7.6904416856661e-25,-0.667128285133909,0.088,0.247,9.72025686418082e-20
"AT1G70330",7.70772718353535e-25,-0.999164699349754,0.08,0.235,9.74210469635767e-20
"AT2G35520",7.7873553474636e-25,-0.958412106788212,0.058,0.204,9.84274991787315e-20
"AT5G37720",7.79739623674339e-25,-0.995316841901069,0.058,0.202,9.85544099946944e-20
"AT3G61640",7.94302582633399e-25,-0.514584070029858,0.144,0.33,1.00395080629366e-19
"AT3G04730",8.00954815083714e-25,-0.319252426715951,0.249,0.47,1.01235882897691e-19
"AT3G16480",8.24376487046091e-25,-1.23026823538043,0.041,0.178,1.04196241703704e-19
"AT2G01220",8.47002924794818e-25,-0.638943381549406,0.084,0.244,1.07056087676516e-19
"AT3G11780",8.50509437101655e-25,-0.59947590525276,0.148,0.331,1.07499289793027e-19
"AT3G25530",8.61911570669479e-25,-0.433142275409373,0.151,0.339,1.08940451063198e-19
"AT5G52370",8.95075216965671e-25,-1.01617263836484,0.057,0.2,1.13132136973159e-19
"AT1G53320",9.14735750007626e-25,-1.17732926932933,0.048,0.186,1.15617110386464e-19
"AT4G36780",9.24182973501361e-25,-1.34644075451579,0.048,0.186,1.16811182752731e-19
"AT5G25890",9.3088959507083e-25,-0.571973578990886,0.213,0.414,1.17658859479383e-19
"AT5G58730",9.50299330793058e-25,-1.38275061879372,0.057,0.198,1.20112133616258e-19
"AT1G55450",9.66293117373836e-25,-1.24159745514073,0.06,0.205,1.22133652277349e-19
"AT5G40850",9.66540914673631e-25,-0.859848804552604,0.079,0.234,1.22164972369259e-19
"AT1G51060",9.70339071782456e-25,-0.530914186034265,0.382,0.626,1.22645036638872e-19
"AT5G67320",1.00435998772859e-24,-0.902049623567632,0.082,0.235,1.26945076288968e-19
"AT3G09090",1.02673613144921e-24,-1.3612332341301,0.036,0.168,1.29773286598391e-19
"AT5G47560",1.02746334417078e-24,-1.3597319972304,0.055,0.195,1.29865201923122e-19
"AT5G61840",1.03297809314729e-24,-1.28744354656024,0.039,0.173,1.30562233105259e-19
"AT1G68560",1.03712726059889e-24,-0.870192521037372,0.106,0.269,1.31086662976136e-19
"AT3G17185",1.03934618904198e-24,-0.845082727301868,0.087,0.247,1.31367122217773e-19
"AT2G45170",1.04110031311117e-24,-0.402570412456967,0.182,0.378,1.31588832975373e-19
"AT3G19580",1.04153370318815e-24,-0.653353539022209,0.125,0.298,1.31643610880763e-19
"2:3377607-3378795",1.04786299661477e-24,-1.85852036352207,0.036,0.165,1.32443595594127e-19
"AT2G30250",1.05328145240408e-24,-1.55206305407982,0.041,0.174,1.33128455895161e-19
"AT4G21710",1.06213128262334e-24,-1.05131472919804,0.051,0.191,1.34247021335895e-19
"AT2G37990",1.06247630806059e-24,-1.28285900405644,0.059,0.202,1.3429063048101e-19
"AT5G64670",1.08196033099739e-24,-1.25905224423458,0.052,0.192,1.36753294076085e-19
"AT5G49810",1.09154638512745e-24,-0.764183147947901,0.094,0.256,1.37964913801799e-19
"AT3G55020",1.09597983557674e-24,-0.641298388180626,0.11,0.279,1.38525275337886e-19
"AT5G10540",1.10763733364929e-24,-0.868113903727332,0.082,0.241,1.39998713149268e-19
"AT2G39550",1.13035978783082e-24,-1.98592550634127,0.023,0.147,1.42870695023089e-19
"AT5G62930",1.14477706088612e-24,-1.01997688121094,0.071,0.223,1.4469295183364e-19
"AT2G36310",1.16271514529502e-24,-0.422006249010689,0.167,0.361,1.46960218074419e-19
"AT5G11490",1.17617920773328e-24,-0.938686899279162,0.064,0.211,1.4866199478224e-19
"AT1G63770",1.18565502657132e-24,-0.696509838266834,0.104,0.273,1.49859681428455e-19
"AT4G16141",1.20350222460384e-24,-1.88524761399728,0.03,0.157,1.52115460176577e-19
"AT2G41160",1.20415176798881e-24,-0.956853687600695,0.071,0.221,1.52197558563178e-19
"AT3G20060",1.20556218517299e-24,-0.847626358861747,0.07,0.222,1.52375826832754e-19
"AT3G07430",1.2140035858577e-24,-1.27345173027843,0.038,0.171,1.53442769230899e-19
"AT2G45820",1.24611020970341e-24,-0.439259242251476,0.47,0.709,1.57500853845252e-19
"AT5G50370",1.24829832161465e-24,-0.99280198489646,0.07,0.221,1.57777418062163e-19
"AT1G70530",1.26410641228597e-24,-1.0894810249072,0.05,0.19,1.59775465874473e-19
"AT1G67250",1.31123436570268e-24,-0.451133997758287,0.298,0.514,1.65732156418624e-19
"AT1G05500",1.32246712954946e-24,-0.79353982352606,0.062,0.211,1.67151910372275e-19
"AT5G53160",1.37877590964832e-24,-0.728674489970509,0.076,0.23,1.74269002324089e-19
"AT5G16780",1.40600731851493e-24,-0.685484910943823,0.116,0.283,1.77710889016376e-19
"AT1G41880",1.4382786521031e-24,-0.710172060390694,0.609,0.784,1.81789791953919e-19
"AT1G27090",1.46012484300035e-24,-0.760712204135556,0.069,0.222,1.84551019406187e-19
"AT2G19520",1.48800059356701e-24,-1.14186927776023,0.055,0.196,1.88074347023309e-19
"AT4G33300",1.49709125793661e-24,-0.849825882141817,0.082,0.238,1.8922335245564e-19
"AT1G07750",1.52210899166769e-24,-1.29702672316059,0.065,0.209,1.92385443892846e-19
"AT1G32450",1.52326565491534e-24,-1.22953615862084,0.298,0.503,1.92531639187369e-19
"AT3G12610",1.52389969220332e-24,-0.838370714581451,0.099,0.26,1.92611777696346e-19
"AT3G02580",1.55037940837728e-24,-0.784109496571153,0.075,0.228,1.95958654942438e-19
"AT3G06310",1.55490612706473e-24,-0.667419619582841,0.088,0.249,1.96530805024219e-19
"AT2G27600",1.57250090416478e-24,-0.634660804018728,0.111,0.281,1.98754679281003e-19
"AT2G43350",1.60754273029772e-24,-1.03188899372184,0.068,0.217,2.0318375585325e-19
"AT2G46230",1.60766998009121e-24,-0.529259535279878,0.098,0.261,2.03199839463648e-19
"AT1G15100",1.6143859501597e-24,-0.440720602592652,0.142,0.327,2.04048697784485e-19
"AT3G48690",1.6159520582851e-24,-0.88056393069006,0.061,0.206,2.04246644454887e-19
"AT1G41830",1.61784703254319e-24,-1.2617566402713,0.099,0.255,2.04486157831263e-19
"AT3G08760",1.63660483979488e-24,-0.645651143742599,0.113,0.281,2.06857032121034e-19
"AT5G46630",1.68668926785906e-24,-0.757925024098695,0.103,0.266,2.13187403321778e-19
"AT4G39990",1.73953123008882e-24,-0.558743670107627,0.101,0.269,2.19866310295847e-19
"AT5G41970",1.74174607382637e-24,-1.34381002903386,0.039,0.171,2.2014625325521e-19
"AT1G76880",1.75974952537438e-24,-0.832936248298616,0.105,0.268,2.22421781510169e-19
"AT1G09760",1.78813089477931e-24,-1.09974707438662,0.075,0.222,2.26009016314736e-19
"AT1G02880",1.85452046109478e-24,-0.678946013025537,0.088,0.249,2.34400259159614e-19
"AT4G34270",1.93988924210245e-24,-0.894857530822213,0.056,0.199,2.45190360866297e-19
"AT4G27270",1.9468254559415e-24,-0.879868083544594,0.082,0.237,2.46067056678269e-19
"AT2G19540",1.966006700254e-24,-0.834908401860049,0.077,0.231,2.48491450871904e-19
"AT5G58700",1.97314721871758e-24,-1.35317088100497,0.057,0.196,2.4939396956259e-19
"AT5G28020",1.9796886482135e-24,-0.855917250661827,0.069,0.217,2.50220767002297e-19
"AT1G80600",2.01184825554706e-24,-1.21702158508327,0.056,0.197,2.54285548411615e-19
"AT2G24180",2.03518786892245e-24,-0.956441027931916,0.05,0.191,2.57235535504584e-19
"AT5G65930",2.03742935128322e-24,-0.813196530294515,0.076,0.23,2.57518845426092e-19
"AT2G01540",2.15546435370693e-24,-1.15933699903939,0.081,0.234,2.72437761522434e-19
"AT4G30490",2.21071003910112e-24,-1.1414962821469,0.089,0.244,2.79420484682147e-19
"AT5G42740",2.21406911848466e-24,-0.684203166423014,0.072,0.223,2.7984505216175e-19
"AT3G55750",2.26004159219235e-24,-0.796379188805949,0.608,0.772,2.8565569700356e-19
"AT1G78100",2.34426121780492e-24,-0.945121703370428,0.091,0.247,2.96300552363235e-19
"AT1G54830",2.41068329640439e-24,-0.870123816471616,0.05,0.192,3.04695904565736e-19
"AT5G66590",2.42618902363268e-24,-1.34987171140574,0.05,0.187,3.06655735453029e-19
"AT5G27820",2.44845954250266e-24,-0.894650170316698,0.08,0.235,3.09470595415082e-19
"AT2G27960",2.52918799693576e-24,-0.622807050555413,0.132,0.307,3.19674187684698e-19
"AT4G24440",2.53385912435053e-24,-0.787722966946604,0.093,0.251,3.20264590163161e-19
"AT5G13280",2.5688394667697e-24,-1.73338511954169,0.03,0.156,3.2468589556289e-19
"AT4G19490",2.59324994072293e-24,-1.64028949971613,0.042,0.174,3.27771233007734e-19
"AT3G10760",2.60584244399512e-24,-0.652787278469672,0.076,0.231,3.29362849866319e-19
"AT5G64650",2.64214715789078e-24,-1.28698393085608,0.038,0.17,3.33951547874447e-19
"AT1G26850",2.65088164177389e-24,-0.527439986470242,0.166,0.355,3.35055534230369e-19
"AT5G42820",2.6582512822823e-24,-1.00186846516941,0.079,0.231,3.35987012572788e-19
"AT5G48655",2.66886098297871e-24,-0.846157869475765,0.086,0.242,3.37328015082611e-19
"AT3G08930",2.70266796058208e-24,-0.677667165237904,0.057,0.201,3.41601014209811e-19
"AT3G49800",2.70402819082513e-24,-1.22943762744746,0.046,0.182,3.41772939151151e-19
"AT3G52120",2.78870728103322e-24,-0.61047044534852,0.105,0.271,3.52475868078913e-19
"AT2G33840",2.81794155941636e-24,-1.31560326190271,0.052,0.19,3.56170905460871e-19
"AT1G48140",2.83822904077305e-24,-0.445431251740065,0.109,0.28,3.58735121379469e-19
"AT5G64160",2.94064576609667e-24,-0.931154051949981,0.065,0.211,3.71679980960022e-19
"AT5G01650",2.95456884003456e-24,-0.781577115093803,0.096,0.253,3.73439773967328e-19
"AT3G13230",2.96687026910723e-24,-1.50419416193633,0.046,0.181,3.74994600793539e-19
"AT1G80410",2.97217606184766e-24,-1.00062937205734,0.067,0.212,3.75665221161174e-19
"AT5G23040",3.0030836931764e-24,-1.31684317753518,0.045,0.179,3.79571760315338e-19
"AT3G50950",3.03568610380597e-24,-1.70050721712046,0.027,0.15,3.83692509404452e-19
"AT5G14105",3.03994400259997e-24,-0.548658334553674,0.079,0.232,3.8423068226462e-19
"AT3G22460",3.0526688696781e-24,-1.38298893453192,0.072,0.213,3.85839029114093e-19
"AT4G25370",3.08169774860125e-24,-0.878208619997627,0.058,0.2,3.89508105236707e-19
"AT5G26800",3.09857982862948e-24,-0.704241501014928,0.109,0.273,3.91641898859794e-19
"AT2G38550",3.16259831053283e-24,-1.29287871911784,0.049,0.186,3.99733450861486e-19
"AT4G01290",3.17844686554171e-24,-0.630414599201114,0.116,0.285,4.01736613123278e-19
"AT2G32850",3.18353304879773e-24,-1.16482886222577,0.04,0.173,4.0237947616974e-19
"AT4G29160",3.29531145294107e-24,-0.339417546241935,0.184,0.387,4.16507595783033e-19
"AT3G55850",3.32840585206552e-24,-0.965794471380647,0.058,0.2,4.20690529265969e-19
"AT3G49870",3.33726908582315e-24,-0.684249074603714,0.097,0.261,4.21810788833531e-19
"AT3G25585",3.36815069497352e-24,-0.596914391083583,0.135,0.309,4.25714038940483e-19
"AT3G12800",3.37688665080826e-24,-0.493604015876919,0.143,0.323,4.26818211342259e-19
"AT1G27130",3.3975949320997e-24,-0.433163894189943,0.239,0.446,4.29435613847809e-19
"AT1G06983",3.46116669106563e-24,-2.09459940964339,0.027,0.149,4.3747070275055e-19
"AT1G25490",3.5310156167151e-24,-0.951082509192014,0.064,0.21,4.46299187859089e-19
"AT4G30260",3.57839831104086e-24,-1.36997395893056,0.05,0.187,4.52288076125699e-19
"AT1G66760",3.61218027315843e-24,-1.34837135881674,0.076,0.223,4.56557913445586e-19
"AT5G50375",3.66082605318061e-24,-1.04121884264097,0.061,0.204,4.6270644816571e-19
"AT1G49310",3.70044270310687e-24,-0.6663314307596,0.128,0.301,4.6771375501649e-19
"AT5G65390",3.72398889352981e-24,-1.20879779380311,0.185,0.362,4.70689852208806e-19
"AT3G25780",3.72499252648701e-24,-0.379990429757844,0.315,0.552,4.70816705392799e-19
"AT5G46250",3.75944589837275e-24,-0.689418416819517,0.077,0.228,4.75171404878925e-19
"AT5G43520",3.76887946143052e-24,-0.706119102653648,0.146,0.32,4.76363750648049e-19
"AT2G15490",3.77276510361101e-24,-0.966990694115243,0.066,0.211,4.76854872505809e-19
"AT5G56220",3.8844839022841e-24,-1.98432919788101,0.03,0.155,4.90975458345296e-19
"AT1G23710",3.95205106649624e-24,-0.412188347122211,0.194,0.392,4.99515542498726e-19
"AT4G20260",3.95447791230461e-24,-0.32997664116215,0.468,0.715,4.99822281247829e-19
"AT2G16950",4.03171623896547e-24,-0.647004290477058,0.07,0.218,5.09584742307802e-19
"AT3G22950",4.07087668009604e-24,-0.82235588102818,0.084,0.239,5.14534387104059e-19
"AT4G00740",4.08654477943002e-24,-0.767952800604057,0.058,0.201,5.16514740851278e-19
"AT4G28200",4.20643160641156e-24,-1.29197717787566,0.051,0.189,5.31667716460783e-19
"AT3G29350",4.22983683020348e-24,-0.93024113416892,0.079,0.23,5.34625996316739e-19
"AT5G46750",4.26480128294275e-24,-0.789812935634769,0.071,0.22,5.39045293356266e-19
"AT2G25590",4.35053424097642e-24,-0.962815376234129,0.08,0.229,5.49881424853974e-19
"AT2G38670",4.36242298237467e-24,-0.843770733683244,0.067,0.214,5.51384090434264e-19
"AT2G18280",4.4276875008641e-24,-0.794626346380818,0.086,0.241,5.59633133984216e-19
"AT2G42350",4.48087518033592e-24,-1.4663679221493,0.047,0.18,5.66355737543378e-19
"AT2G38280",4.49584974303435e-24,-1.64390918523262,0.032,0.159,5.68248432421084e-19
"AT5G07340",4.49610954691068e-24,-1.62618469431786,0.038,0.167,5.68281270072228e-19
"AT1G64350",4.64021188539275e-24,-1.89959617225076,0.02,0.139,5.86494941042331e-19
"AT1G79870",4.64367470742078e-24,-0.720059920014006,0.072,0.224,5.86932620969742e-19
"AT1G23860",4.64442281778761e-24,-1.02623188919108,0.088,0.24,5.87027177631447e-19
"AT5G49710",4.77352143136141e-24,-0.847073498444163,0.068,0.215,6.03344467795494e-19
"AT1G69810",4.82199159108111e-24,-0.96602669594241,0.066,0.211,6.09470805163105e-19
"AT5G53310",4.84156454137817e-24,-0.831511705625883,0.077,0.229,6.11944708642952e-19
"AT2G41640",4.88286330521603e-24,-0.979996539969366,0.078,0.226,6.17164624599475e-19
"AT1G29880",4.99982243079059e-24,-0.88129017815201,0.068,0.217,6.31947556317346e-19
"AT4G18160",5.0113808196559e-24,-1.49729211191362,0.045,0.178,6.33408467319587e-19
"AT3G58600",5.04462372971304e-24,-0.815756798121201,0.086,0.24,6.3761017169335e-19
"AT1G48230",5.07896836734831e-24,-1.24659560176485,0.041,0.175,6.41951127822622e-19
"AT4G35890",5.07936338250648e-24,-0.773533400492842,0.087,0.241,6.42001055368524e-19
"AT4G18590",5.22001264361902e-24,-1.24082361221182,0.049,0.185,6.59778278077582e-19
"AT2G21410",5.25569068926998e-24,-1.39791951327516,0.039,0.169,6.6428776897959e-19
"AT4G33380",5.35497962329712e-24,-1.02198105007384,0.054,0.192,6.76837294507017e-19
"AT3G56070",5.4790027625634e-24,-0.996209215935443,0.167,0.339,6.92513075171439e-19
"AT5G56500",5.52766309800034e-24,-0.660639099662605,0.113,0.277,6.98663449608655e-19
"AT5G42060",5.57422709566073e-24,-0.799692789086141,0.075,0.224,7.04548859528942e-19
"AT1G07080",5.61316130525987e-24,-0.618386845888898,0.11,0.276,7.09469910017016e-19
"AT4G28540",5.64979808433842e-24,-1.09717437689291,0.056,0.195,7.1410057907187e-19
"AT2G36900",5.69993615227439e-24,-1.04526326810003,0.066,0.21,7.20437730030569e-19
"AT3G02220",5.72715238397256e-24,-0.611935787764827,0.097,0.26,7.23877698419827e-19
"AT1G14740",5.89373166561734e-24,-0.943163905977364,0.091,0.245,7.44932320144038e-19
"AT5G47990",5.93691702704959e-24,-0.95836901437952,0.111,0.273,7.50390690716906e-19
"AT5G61440",6.00115520642944e-24,-0.584043202657625,0.147,0.323,7.58510011161443e-19
"AT3G57340",6.00171947599386e-24,-0.95630158261795,0.056,0.198,7.58581331448768e-19
"AT1G07820",6.00240760071228e-24,-0.820022327890859,0.246,0.454,7.58668306284428e-19
"AT5G41560",6.04142710166871e-24,-0.924690133930705,0.065,0.21,7.63600137088314e-19
"AT4G01750",6.10901222054974e-24,-1.95267903756359,0.028,0.151,7.72142490604164e-19
"AT1G17180",6.13457717570601e-24,-0.875172892045959,0.166,0.341,7.75373747546185e-19
"AT1G30110",6.1403124078744e-24,-1.39725349884913,0.049,0.184,7.76098646480877e-19
"AT4G23270",6.21100708835416e-24,-1.0959499771647,0.086,0.237,7.85034029925436e-19
"AT5G64905",6.38345547700649e-24,-0.801248595331871,0.084,0.237,8.06830471560759e-19
"AT1G04430",6.4258844368389e-24,-1.28762516273834,0.061,0.202,8.12193237509816e-19
"AT3G11770",6.56002077763746e-24,-0.75930434099973,0.079,0.229,8.29147266168709e-19
"AT5G26210",6.56989120394075e-24,-1.10080395364015,0.056,0.195,8.30394828830887e-19
"AT1G14650",6.59708710305327e-24,-0.822012223270248,0.067,0.213,8.33832227303314e-19
"AT4G22820",6.69573154601091e-24,-0.324663883610734,0.216,0.427,8.46300293026502e-19
"AT1G15350",6.73566645545369e-24,-0.705894811230974,0.077,0.229,8.51347825970614e-19
"AT4G21580",6.76134023779162e-24,-0.74550814398496,0.08,0.233,8.54592838015435e-19
"AT3G22440",6.84763328298889e-24,-0.554827118769814,0.117,0.285,8.65499761170097e-19
"AT1G12240",6.98775892323046e-24,-1.23791240613803,0.085,0.231,8.83210801342791e-19
"AT4G10840",7.07660093774252e-24,-0.916174528955262,0.088,0.242,8.94439898925028e-19
"AT5G58010",7.13727594526537e-24,-2.01626838705485,0.035,0.161,9.02108855825871e-19
"AT4G24290",7.23199472873886e-24,-0.840620991277258,0.084,0.237,9.1408074174422e-19
"AT1G08580",7.27635769648314e-24,-0.691393345229844,0.172,0.35,9.1968795468929e-19
"AT1G02810",7.31001795922008e-24,-1.62546357084077,0.042,0.173,9.23942409937663e-19
"AT3G60210",7.47287490012598e-24,-0.970011269692205,0.064,0.208,9.44526550126523e-19
"AT2G41740",7.49218902227683e-24,-0.577558689733287,0.1,0.262,9.46967739281657e-19
"AT1G30360",7.61704418700467e-24,-0.456538008370521,0.226,0.431,9.62748682972268e-19
"AT5G66030",7.73074836176567e-24,-0.516155750819713,0.12,0.288,9.7712020843701e-19
"AT5G26780",7.78145678312752e-24,-0.659850104686553,0.093,0.253,9.8352944864662e-19
"AT1G33050",7.79347199217017e-24,-0.820826004401099,0.108,0.268,9.85048098978356e-19
"AT3G63250",7.87472538252101e-24,-1.27549505451371,0.056,0.194,9.9531803999836e-19
"AT5G53550",7.88604114675525e-24,-0.90535585362949,0.086,0.239,9.96748284702983e-19
"AT3G07790",7.94691598595869e-24,-0.918336959319922,0.062,0.205,1.00444249912926e-18
"AT1G25520",7.98134643387215e-24,-1.31855806651222,0.052,0.187,1.00879430116284e-18
"AT5G46160",8.05582323673675e-24,-1.12310229088186,0.057,0.197,1.01820772218411e-18
"AT1G20510",8.33089689653955e-24,-0.632339356589275,0.161,0.34,1.05297538234122e-18
"AT2G37550",8.40049499752086e-24,-1.11956537867786,0.064,0.204,1.06177216471665e-18
"AT4G27120",8.51343975063372e-24,-0.636329173357178,0.088,0.246,1.0760477038416e-18
"AT1G48860",8.74729745399659e-24,-1.13227477203799,0.052,0.188,1.10560591440045e-18
"AT2G03870",8.89059101582719e-24,-0.441470950067403,0.184,0.376,1.12371736085446e-18
"AT5G05610",8.90597513239799e-24,-0.910212834751557,0.051,0.19,1.12566182088431e-18
"AT4G30210",8.95655504765033e-24,-0.615530837537647,0.111,0.28,1.13205481869272e-18
"AT1G67330",8.99826044240874e-24,-0.941546798210316,0.124,0.289,1.13732613035781e-18
"AT3G06400",9.04176801152449e-24,-0.793402507480457,0.089,0.245,1.14282522604863e-18
"AT5G66410",9.08454840481493e-24,-0.947717859077859,0.06,0.202,1.14823241107818e-18
"AT1G33680",9.23797053605864e-24,-1.29165667335747,0.049,0.184,1.1676240479346e-18
"AT1G59580",9.32587604945361e-24,-1.27579248432322,0.055,0.19,1.17873477739464e-18
"AT2G22122",9.36043230419465e-24,-0.727494174641165,0.177,0.364,1.18310248065638e-18
"AT5G58950",9.45450124378444e-24,-1.46186327457343,0.039,0.168,1.19499223020689e-18
"AT1G10940",9.47636691394949e-24,-0.617769525067143,0.103,0.264,1.19775591972173e-18
"AT3G14790",9.57614208656453e-24,-1.4097048673287,0.028,0.152,1.21036690288924e-18
"AT3G05545",9.63097801565389e-24,-0.379524120950895,0.2,0.403,1.21729783531056e-18
"AT1G15880",9.65127652426235e-24,-1.19952761739939,0.049,0.185,1.21986344500762e-18
"AT1G20770",9.74058578910708e-24,-0.749300936003263,0.068,0.214,1.2311516002284e-18
"AT1G67060",9.76114379394912e-24,-0.983676231623388,0.089,0.241,1.23375000869241e-18
"AT3G11710",9.88750481589891e-24,-0.556617624533637,0.174,0.361,1.24972128370073e-18
"AT2G27050",9.89216099661356e-24,-1.06890996378531,0.049,0.186,1.25030979700597e-18
"AT5G24290",1.00360999113878e-23,-1.42365166346038,0.041,0.171,1.26850281219995e-18
"AT1G76300",1.00500789393358e-23,-1.43407516191166,0.046,0.179,1.27026967745841e-18
"AT3G51910",1.00766806186707e-23,-0.806201127297455,0.116,0.277,1.27363197011626e-18
"AT1G11310",1.0091632579071e-23,-0.836843628363726,0.088,0.242,1.27552180819909e-18
"AT4G04910",1.02146240358255e-23,-0.765088187949078,0.082,0.236,1.29106719038413e-18
"AT5G54800",1.02797841055247e-23,-0.958137757029926,0.052,0.19,1.29930303223369e-18
"AT3G51330",1.04282102952272e-23,-1.19135480220873,0.06,0.2,1.31806321205494e-18
"AT3G07950",1.08282034780318e-23,-1.4083335846755,0.033,0.16,1.36861995040235e-18
"AT5G26830",1.10072419883881e-23,-1.00438589872568,0.071,0.218,1.39124934388033e-18
"AT3G18140",1.10415951481088e-23,-1.17140312227805,0.067,0.209,1.39559137715006e-18
"AT3G27820",1.10560718329051e-23,-0.434795291612594,0.095,0.256,1.39742114324821e-18
"AT1G08320",1.1158703677541e-23,-0.910521622750973,0.115,0.275,1.41039319261911e-18
"AT1G12650",1.12661500819126e-23,-1.03461854900476,0.065,0.209,1.42397377345326e-18
"AT5G13120",1.13815178990623e-23,-0.727823728117468,0.08,0.231,1.43855557333408e-18
"AT5G41950",1.14387318785152e-23,-0.763336008182267,0.087,0.241,1.44578707705305e-18
"AT5G67220",1.15437127506715e-23,-0.846082049935712,0.075,0.224,1.45905602940837e-18
"AT1G77130",1.15873613674226e-23,-1.1284349108828,0.039,0.168,1.46457295267402e-18
"AT5G02960",1.16638216116897e-23,-0.814160110931059,0.841,0.94,1.47423706878791e-18
"AT4G29950",1.18659965131035e-23,-0.63665991736623,0.127,0.297,1.4997907632772e-18
"AT1G14000",1.18885970657535e-23,-0.80191412558218,0.06,0.202,1.50264733752885e-18
"AT4G30220",1.19270512989636e-23,-0.649670550713723,0.256,0.445,1.50750772188121e-18
"AT2G16640",1.20014602723466e-23,-1.20050589237637,0.055,0.193,1.51691256966298e-18
"AT4G13270",1.20946606481563e-23,-0.857550819212924,0.077,0.226,1.52869253796306e-18
"AT4G22610",1.22181580948833e-23,-1.2185493751913,0.109,0.264,1.54430187424468e-18
"AT5G10920",1.22313288339909e-23,-1.46864317710324,0.03,0.154,1.54596657664345e-18
"AT5G23395",1.23164840593495e-23,-0.752556217701525,0.065,0.209,1.55672968619742e-18
"AT5G57150",1.23900323177186e-23,-0.795688870131831,0.132,0.298,1.56602574476573e-18
"AT2G28110",1.26937258973462e-23,-1.25627593097723,0.077,0.223,1.60441079106917e-18
"AT1G72160",1.29819240871908e-23,-0.544939844494892,0.128,0.298,1.6408373130764e-18
"AT3G01420",1.29860342977787e-23,-0.916026377665027,0.125,0.288,1.64135681903344e-18
"AT4G17900",1.30068988883286e-23,-0.61571938901289,0.161,0.34,1.6439939780914e-18
"AT3G50000",1.30981630557279e-23,-0.733894813920771,0.104,0.268,1.65552922126567e-18
"AT2G22125",1.31245383271549e-23,-1.0184667797822,0.072,0.22,1.65886289732242e-18
"AT4G11380",1.3165797428649e-23,-1.01166522431796,0.075,0.221,1.66407780019666e-18
"AT5G60160",1.33154123685628e-23,-0.716209714068622,0.072,0.218,1.68298823091213e-18
"AT4G26870",1.39606416517356e-23,-1.57131913394043,0.039,0.167,1.76454134092946e-18
"AT2G40060",1.41587742516924e-23,-0.45812894230153,0.226,0.427,1.78958411276841e-18
"AT1G76930",1.42673727766427e-23,-0.926618444709738,0.12,0.284,1.80331031473098e-18
"AT2G30040",1.43705711154541e-23,-1.07354271528895,0.067,0.21,1.8163539655667e-18
"AT4G30550",1.43875405398952e-23,-0.798297696775197,0.07,0.217,1.81849879899951e-18
"AT2G17800",1.44118342369736e-23,-1.88122266422318,0.031,0.154,1.82156937654804e-18
"AT4G19860",1.45027938214784e-23,-0.830458750522438,0.091,0.246,1.83306612227195e-18
"AT5G02270",1.46476551365155e-23,-0.465057723133257,0.165,0.35,1.85137572332474e-18
"AT3G54760",1.47907932587946e-23,-0.719813133778308,0.057,0.196,1.86946752315209e-18
"AT3G06320",1.49450329417657e-23,-0.610008402285031,0.159,0.335,1.88896249364153e-18
"AT4G17190",1.50766204564865e-23,-0.822366042533788,0.068,0.213,1.90559436597715e-18
"AT4G08850",1.51158173780169e-23,-1.40405836789364,0.046,0.176,1.91054862167706e-18
"AT2G29210",1.53483227657616e-23,-1.09317127895277,0.062,0.203,1.93993590765567e-18
"AT5G27330",1.54934035540069e-23,-1.80573620660989,0.027,0.148,1.95827324880515e-18
"AT2G45400",1.5615976062838e-23,-1.32187567448705,0.057,0.194,1.97376567848635e-18
"AT5G65260",1.56549961650805e-23,-0.67521818234587,0.08,0.232,1.97869758528918e-18
"AT1G15810",1.5794427496791e-23,-1.31014611092682,0.036,0.163,1.9963208690294e-18
"AT3G06500",1.59941121363399e-23,-0.773308902644237,0.122,0.285,2.02155980936054e-18
"AT1G71860",1.60255399885642e-23,-0.842405067514385,0.069,0.214,2.02553210131458e-18
"AT1G06700",1.61206917689934e-23,-0.901464503332669,0.077,0.225,2.03755871545015e-18
"AT4G02540",1.61375112594236e-23,-1.09352954014938,0.071,0.212,2.03968459812358e-18
"AT5G60950",1.62766897636742e-23,-1.22298273363869,0.085,0.233,2.05727592598984e-18
"AT1G11260",1.64925182137305e-23,-0.829841396317051,0.111,0.274,2.08455534710625e-18
"AT5G16730",1.65089881090901e-23,-0.787635086546059,0.119,0.284,2.08663704306033e-18
"AT3G13160",1.68411886513279e-23,-2.07546606711565,0.022,0.14,2.12862519839594e-18
"AT1G32170",1.70213140680052e-23,-0.651363140476282,0.191,0.376,2.15139197031145e-18
"AT3G23175",1.76257960033402e-23,-1.17908433336097,0.055,0.191,2.22779486004618e-18
"AT4G25210",1.77030497814099e-23,-0.767397313550902,0.08,0.232,2.23755927407153e-18
"AT5G51940",1.77884074583203e-23,-0.809198634110456,0.087,0.24,2.24834797228693e-18
"AT4G00570",1.7868205176015e-23,-1.07010479356199,0.048,0.181,2.25843392501725e-18
"AT2G45330",1.79440447318378e-23,-0.823192652131295,0.075,0.222,2.2680195898359e-18
"AT5G19930",1.81952495094143e-23,-0.791299014488542,0.059,0.201,2.29977036649291e-18
"AT3G10640",1.840055639473e-23,-0.435339076739626,0.139,0.315,2.3257199249555e-18
"AT3G11120",1.84631922270911e-23,-0.644192495862844,0.664,0.833,2.33363671835096e-18
"AT3G14100",1.86786192971111e-23,-0.97231928433364,0.065,0.207,2.36086540743906e-18
"AT5G08100",1.91317507851644e-23,-1.21806228120897,0.049,0.182,2.41813850874007e-18
"AT5G19680",1.96306794831707e-23,-1.18986287753358,0.03,0.155,2.48120010259588e-18
"AT5G62540",1.97865793360333e-23,-0.536065233013882,0.134,0.305,2.5009049085986e-18
"AT3G14230",2.00535887730808e-23,-0.491227240871967,0.117,0.284,2.53465329938477e-18
"AT4G39300",2.03029777053115e-23,-0.650623268690164,0.133,0.302,2.56617456408515e-18
"AT3G57330",2.05489100775732e-23,-0.911514788700592,0.061,0.203,2.59725894034479e-18
"AT3G20770",2.06589607968951e-23,-0.940396771617889,0.065,0.207,2.61116869096276e-18
"AT4G36440",2.08151657513274e-23,-1.10061917712852,0.05,0.185,2.63091205997328e-18
"AT1G11890",2.13164287863692e-23,-0.706023651054727,0.075,0.223,2.69426870002435e-18
"AT5G45550",2.1640353776174e-23,-0.687589975000281,0.099,0.256,2.73521087518574e-18
"AT1G72450",2.22160922453802e-23,-0.949609731691059,0.106,0.261,2.80798076326258e-18
"AT1G37130",2.32486036037765e-23,-0.625817956970683,0.133,0.307,2.93848400389572e-18
"AT1G72730",2.35926596057755e-23,-1.29142475929835,0.037,0.164,2.98197061821239e-18
"AT1G13280",2.36423249694542e-23,-0.771384566926179,0.104,0.263,2.98824802218919e-18
"AT3G18480",2.36543461371374e-23,-1.30348445590638,0.052,0.186,2.98976742565734e-18
"AT1G04970",2.36860918942e-23,-1.23347058009393,0.068,0.209,2.99377989887551e-18
"AT2G32260",2.37676746103024e-23,-0.665962696104411,0.078,0.23,3.00409146469456e-18
"AT1G49300",2.37694432274764e-23,-0.528171896678416,0.095,0.252,3.00431500729366e-18
"AT2G20140",2.41910153660735e-23,-1.07758705719468,0.051,0.186,3.0575991961795e-18
"AT3G32980",2.43305394273512e-23,-0.994140548969448,0.462,0.67,3.07523420038062e-18
"AT2G38140",2.43371464520492e-23,-1.09221927581436,0.06,0.2,3.0760692886603e-18
"AT5G64300",2.47325575456226e-23,-0.711176239025217,0.077,0.226,3.12604687842142e-18
"AT1G17210",2.63828820622114e-23,-0.979280900487764,0.042,0.171,3.33463799537115e-18
"AT3G59650",2.67736183824331e-23,-0.744888194637705,0.074,0.22,3.38402472182925e-18
"AT1G14060",2.70446621723453e-23,-1.51064015140865,0.046,0.177,3.41828303061142e-18
"AT1G47490",2.7246360317608e-23,-0.614825550601819,0.085,0.235,3.44377646598374e-18
"AT5G16060",2.78378473215488e-23,-0.802281209816482,0.078,0.227,3.51853687435984e-18
"AT1G55850",2.80410383181546e-23,-1.20745716665738,0.055,0.191,3.54421899718484e-18
"AT3G49680",2.81300859901772e-23,-0.696527145257668,0.082,0.234,3.55547408864246e-18
"AT2G38130",2.88729213589037e-23,-1.09223633380598,0.045,0.175,3.64936402223727e-18
"AT5G24620",2.90509882124718e-23,-0.935297183846326,0.065,0.207,3.67187060412716e-18
"AT1G02816",2.90521457559576e-23,-0.678512230804406,0.101,0.259,3.6720169106785e-18
"AT5G01810",2.964429292909e-23,-1.08128714771498,0.074,0.218,3.7468607604794e-18
"AT5G08570",2.96538141839528e-23,-0.669477879467049,0.11,0.271,3.74806418996653e-18
"AT5G12200",2.97569260248474e-23,-0.698606776332587,0.066,0.207,3.76109690798457e-18
"AT4G35410",3.02972571821446e-23,-1.3868702102615,0.032,0.157,3.82939152427999e-18
"AT3G25600",3.05583864695334e-23,-0.921140262375806,0.072,0.217,3.8623966994302e-18
"AT5G19820",3.18313194520411e-23,-1.06985856756703,0.067,0.208,4.02328779082128e-18
"AT2G39450",3.20907892916703e-23,-1.01155327656118,0.054,0.192,4.05608322173138e-18
"AT2G03820",3.23516797452062e-23,-1.06562611929947,0.047,0.179,4.08905820971559e-18
"AT1G18260",3.27981236441207e-23,-1.18316615026524,0.046,0.177,4.14548603987499e-18
"AT1G79270",3.29846787050724e-23,-0.948825909310769,0.089,0.238,4.16906548024892e-18
"AT3G29180",3.33404476182827e-23,-1.03620298540778,0.062,0.203,4.21403253626523e-18
"AT2G39970",3.43054069428009e-23,-0.919801513180388,0.058,0.195,4.33599760512838e-18
"AT3G51660",3.4408119197516e-23,-2.6909679098225,0.022,0.137,4.34897981785084e-18
"AT4G15900",3.46478248507629e-23,-1.13153622116473,0.043,0.173,4.37927717418732e-18
"AT1G60770",3.47560687489692e-23,-1.33326055556655,0.037,0.164,4.39295855345721e-18
"AT4G26650",3.51018306148428e-23,-1.00965408730298,0.061,0.202,4.43666077873245e-18
"AT2G24590",3.53186808788908e-23,-0.810468937935202,0.064,0.206,4.46406935100652e-18
"AT5G47040",3.53199768534301e-23,-1.17405689766342,0.074,0.217,4.46423315441245e-18
"AT3G15820",3.54420001471867e-23,-1.02850663684473,0.056,0.192,4.47965616660352e-18
"AT2G14045",3.57788282942023e-23,-0.828490475783118,0.079,0.228,4.52222922341741e-18
"AT3G63500",3.59437312278197e-23,-0.718352346327196,0.082,0.232,4.54307196480904e-18
"AT5G37370",3.59531346723159e-23,-0.507087917348332,0.116,0.28,4.5442605037727e-18
"AT3G23560",3.70234566853383e-23,-0.739739947707832,0.078,0.227,4.67954278428665e-18
"AT5G15490",3.78505873050137e-23,-1.33872239424163,0.052,0.186,4.7840871318299e-18
"AT3G45190",3.82880841386255e-23,-0.890079996054222,0.064,0.205,4.83938410661743e-18
"AT1G76690",3.83147307352554e-23,-0.783544518428713,0.111,0.272,4.84275207655187e-18
"AT3G23820",3.84102094509853e-23,-0.506829793405238,0.182,0.373,4.85482001334783e-18
"AT1G80270",3.88021058479652e-23,-1.58498780086833,0.045,0.172,4.90435336654772e-18
"AT4G05530",4.02771851419293e-23,-0.775761051502778,0.081,0.232,5.09079453882901e-18
"AT1G68060",4.04464680563319e-23,-0.792649775012008,0.081,0.231,5.11219088351202e-18
"AT2G28160",4.14168353752097e-23,-1.38071731271715,0.067,0.204,5.23483949041425e-18
"AT1G47970",4.15123392866543e-23,-0.878906145096006,0.08,0.226,5.24691061179739e-18
"AT2G43760",4.19638488260569e-23,-0.505505446240309,0.095,0.253,5.30397870852064e-18
"AT1G52930",4.21619458808126e-23,-0.952772781508633,0.079,0.227,5.32901698765943e-18
"AT4G20300",4.33131410213164e-23,-0.433611147263585,0.167,0.35,5.47452114624826e-18
"AT3G43800",4.356774390283e-23,-0.757182463720116,0.093,0.244,5.50670142285429e-18
"AT2G41790",4.36540291623906e-23,-0.638420819879385,0.08,0.229,5.5176073619512e-18
"AT3G57230",4.44558079241833e-23,-0.715089802347857,0.116,0.281,5.61894738676923e-18
"AT1G68370",4.51216486867753e-23,-1.06701833987344,0.039,0.166,5.70310566411628e-18
"AT2G43820",4.59543982997833e-23,-0.942169467480035,0.064,0.204,5.80836021870281e-18
"AT4G37120",4.7549062354844e-23,-0.456746208068927,0.103,0.263,6.00991618727816e-18
"AT4G09720",5.00195969045832e-23,-0.729910875215711,0.076,0.221,6.32217693115789e-18
"AT2G42880",5.10502143327808e-23,-0.577207909412833,0.107,0.266,6.45244079037749e-18
"AT1G21065",5.19146146412075e-23,-0.772430591957103,0.075,0.221,6.56169580296078e-18
"AT5G12240",5.35031353606824e-23,-0.600422758506295,0.078,0.227,6.76247529077809e-18
"AT1G14960",5.38615779272515e-23,-0.921868542688649,0.1,0.258,6.80778028053703e-18
"AT5G45480",5.39610294922774e-23,-1.42682422967814,0.041,0.168,6.82035036164691e-18
"AT3G15095",5.40345743106142e-23,-1.63332640927828,0.027,0.146,6.82964598541577e-18
"AT2G33730",5.664043551911e-23,-0.812724704631096,0.069,0.214,7.1590112070024e-18
"AT4G12420",5.8260285908204e-23,-1.0084410120563,0.076,0.222,7.36375057708154e-18
"AT1G76180",5.84998185432458e-23,-0.356246406423767,0.775,0.924,7.394026064955e-18
"AT5G12940",5.88598562046344e-23,-0.777723242513128,0.1,0.257,7.43953266512856e-18
"AT5G64250",6.0122673955603e-23,-0.39567483774922,0.143,0.322,7.59914525194449e-18
"AT1G62810",6.07385866778529e-23,-1.05255011541694,0.049,0.179,7.67699292456054e-18
"AT3G07720",6.1850906599129e-23,-0.712156044555049,0.084,0.232,7.8175834886903e-18
"AT4G10810",6.32358963457336e-23,-0.571224669111146,0.07,0.217,7.99263788272265e-18
"AT1G19130",6.35471422838307e-23,-0.637599192292477,0.08,0.229,8.0319775018225e-18
"AT2G45010",6.50208075500189e-23,-1.12875992636553,0.048,0.18,8.21823994947709e-18
"AT3G14350",6.53033128504431e-23,-1.05749440053418,0.086,0.232,8.25394692441891e-18
"AT1G06780",6.61437658422322e-23,-0.860689670581974,0.062,0.201,8.36017513986309e-18
"AT1G50560",6.61545242850705e-23,-1.53329254578952,0.029,0.148,8.3615349424872e-18
"AT2G36120",6.66260942692181e-23,-0.611503974861107,0.41,0.639,8.42113855906355e-18
"AT1G23750",6.75867088088837e-23,-1.15388133779072,0.089,0.236,8.54255447319004e-18
"AT1G04510",6.91632079355225e-23,-1.01504910403646,0.052,0.187,8.74181450380244e-18
"AT5G59440",6.96323571216624e-23,-1.90709531789416,0.031,0.151,8.80111214603539e-18
"AT2G43340",6.98146747035598e-23,-1.07946753026242,0.061,0.198,8.82415599448174e-18
"AT3G60530",7.00827601912025e-23,-1.11625382797986,0.066,0.205,8.85804039160685e-18
"AT1G72150",7.0428123192481e-23,-0.444335240495264,0.297,0.515,8.90169220279045e-18
"AT1G68000",7.16359779294451e-23,-1.12264686359591,0.054,0.187,9.05435779441429e-18
"AT2G26190",7.17689232523913e-23,-0.715516624785926,0.136,0.304,9.07116128556275e-18
"AT2G21270",7.33600116321734e-23,-0.748393564729558,0.065,0.205,9.27226531023693e-18
"AT1G27930",7.33990265306371e-23,-1.03941559733817,0.049,0.181,9.27719655931335e-18
"AT1G02400",7.34253745921369e-23,-1.14985106686666,0.104,0.253,9.28052679619855e-18
"AT5G46070",7.37672102982201e-23,-0.953928401015915,0.066,0.205,9.32373277843323e-18
"AT3G58840",7.3926999654813e-23,-1.13735670776613,0.046,0.176,9.34392919437044e-18
"AT5G44800",7.42779194520635e-23,-0.742925958263654,0.084,0.235,9.38828335122411e-18
"AT1G07660",7.44584151912348e-23,-0.586328477707769,0.068,0.211,9.41109692968093e-18
"AT3G14595",7.61064565570092e-23,-0.748295320342021,0.091,0.244,9.61939947006662e-18
"AT1G60900",7.67720601025893e-23,-0.847782228594046,0.108,0.264,9.70352776460667e-18
"AT5G14000",7.68274906750746e-23,-1.15773055976719,0.047,0.176,9.71053385638539e-18
"AT3G45650",7.70230253670149e-23,-1.26125382945864,0.056,0.189,9.73524826823848e-18
"AT4G29220",7.73079173292453e-23,-0.94052879605507,0.061,0.197,9.77125690291263e-18
"AT4G35060",7.73654975474817e-23,-0.714541541483758,0.104,0.26,9.7785346970164e-18
"AT4G14300",7.75861818777339e-23,-0.913189730208038,0.07,0.212,9.8064278722543e-18
"AT1G72200",7.83167518975764e-23,-1.02578190812955,0.061,0.198,9.89876753934227e-18
"AT2G21970",8.03856156374669e-23,-0.816381604515017,0.075,0.219,1.0160259502882e-17
"AT3G04790",8.05874429731096e-23,-1.30507148630768,0.041,0.167,1.01857692671432e-17
"AT5G22020",8.18109300157564e-23,-0.611998097263744,0.123,0.286,1.03404106884115e-17
"AT5G02100",8.18434690930065e-23,-1.3701890614685,0.051,0.182,1.03445234325415e-17
"AT3G44280",8.61937358683468e-23,-0.857034450276618,0.047,0.179,1.08943710513438e-17
"AT5G42540",8.74795543647693e-23,-1.12925699056396,0.06,0.196,1.10568907943806e-17
"AT5G13460",8.98927446754551e-23,-1.48289956979071,0.036,0.16,1.13619035705095e-17
"AT2G43610",9.0677759528254e-23,-1.41053714034824,0.313,0.504,1.14611247378141e-17
"AT2G34040",9.16541010899137e-23,-0.973983408110344,0.061,0.198,1.15845284531586e-17
"AT5G62440",9.23418700094074e-23,-1.14058255529855,0.069,0.207,1.1671458317969e-17
"AT5G66530",9.25809773728257e-23,-1.08626025972151,0.049,0.18,1.17016800540609e-17
"AT1G43190",9.36368776199568e-23,-0.950599849877515,0.046,0.175,1.18351395098968e-17
"AT5G42960",9.41208220058808e-23,-0.719156259680594,0.077,0.222,1.18963071766113e-17
"AT5G04170",9.45480534122737e-23,-0.542035383021385,0.088,0.241,1.19503066629909e-17
"AT1G18200",9.50244875916273e-23,-1.36543051121631,0.058,0.19,1.20105250846561e-17
"AT4G24770",9.61240775780374e-23,-1.15711517420726,0.05,0.18,1.21495066613985e-17
"AT2G37230",9.85128775534475e-23,-1.41619211314181,0.032,0.153,1.24514366454904e-17
"AT1G13080",9.86835333429092e-23,-1.11314476589637,0.075,0.216,1.24730065133437e-17
"AT1G13690",9.93460986416745e-23,-1.1427620133734,0.042,0.169,1.25567507917158e-17
"AT3G18560",9.99683980591458e-23,-0.831257586200551,0.084,0.233,1.26354057042877e-17
"AT1G76070",1.00069290135507e-22,-0.920348625514257,0.079,0.223,1.26481578573873e-17
"AT1G17620",1.0095411764587e-22,-0.559936100589791,0.158,0.334,1.27599947457321e-17
"AT5G45410",1.02159888665795e-22,-0.659321906648992,0.107,0.264,1.29123969680245e-17
"AT2G40430",1.04161351186407e-22,-0.641406168231282,0.108,0.265,1.31653698218547e-17
"AT1G79690",1.05277904317184e-22,-0.868047297904002,0.072,0.215,1.33064954382661e-17
"AT4G32940",1.08132586333774e-22,-0.66753123565713,0.117,0.279,1.36673101170711e-17
"AT5G53850",1.08164484369625e-22,-0.588232749629701,0.1,0.258,1.36713418374144e-17
"AT3G21630",1.08238523399034e-22,-1.04517840699784,0.066,0.202,1.36806999264974e-17
"AT5G40760",1.1141010897062e-22,-0.465272982972175,0.126,0.295,1.40815693132325e-17
"AT1G76360",1.13025574293707e-22,-1.36025265435227,0.062,0.196,1.42857544372788e-17
"AT4G35040",1.16265262892707e-22,-0.827846069903782,0.077,0.221,1.46952316380608e-17
"AT1G29310",1.16727738894528e-22,-0.855873524527517,0.12,0.278,1.4753685829835e-17
"AT3G54590",1.18466616560328e-22,-1.03718456876401,0.182,0.361,1.49734695335261e-17
"AT4G32030",1.19084672058476e-22,-1.35088373096151,0.052,0.183,1.5051588040159e-17
"AT2G32920",1.199236370363e-22,-0.561087169026541,0.163,0.341,1.51576281795661e-17
"AT1G72700",1.20667107558044e-22,-0.880858659132824,0.068,0.206,1.52515983926914e-17
"AT5G61530",1.21621181647341e-22,-0.830447112803174,0.078,0.222,1.5372187633134e-17
"AT2G39390",1.21891979828948e-22,-0.691466381922115,0.491,0.674,1.54064148985e-17
"AT3G02460",1.22626344215775e-22,-0.995303821712027,0.06,0.196,1.54992341508087e-17
"AT5G27350",1.22958875515569e-22,-0.742585272827246,0.113,0.267,1.55412641119148e-17
"AT5G42650",1.24583099387679e-22,-0.848387932998904,0.095,0.246,1.57465562640063e-17
"AT1G18450",1.25010696840902e-22,-0.776959023675611,0.065,0.206,1.58006020165089e-17
"AT1G21380",1.27707757267161e-22,-0.766412550567176,0.078,0.222,1.61414942720255e-17
"AT5G38530",1.29083764628757e-22,-0.971215173836915,0.067,0.206,1.63154133464871e-17
"AT3G51000",1.2913701433297e-22,-1.1732307519797,0.048,0.178,1.63221437896014e-17
"AT2G07360",1.29235716617819e-22,-0.769239112365674,0.084,0.23,1.63346191661926e-17
"AT5G61240",1.29568885332666e-22,-1.24751527330703,0.051,0.182,1.63767296927369e-17
"AT4G34131",1.29629040358106e-22,-0.57461608836984,0.115,0.276,1.63843329270225e-17
"AT1G80040",1.31414320886905e-22,-0.499429013820698,0.122,0.287,1.66099816741794e-17
"AT4G31460",1.31602661332041e-22,-0.646430923260996,0.069,0.213,1.66337867764019e-17
"AT4G08230",1.33153395810568e-22,-0.637022460779455,0.11,0.27,1.68297903100809e-17
"AT1G76680",1.33781000738238e-22,-0.545321478159393,0.447,0.662,1.69091158073089e-17
"AT2G43360",1.34396568918194e-22,-1.0501757615811,0.05,0.182,1.69869199318462e-17
"AT4G04745",1.35392431262506e-22,-0.905660466408445,0.066,0.205,1.71127909569932e-17
"AT4G01395",1.37850220140628e-22,-1.06212090245721,0.061,0.197,1.74234407244546e-17
"AT3G06580",1.38335870827677e-22,-1.17927869221777,0.05,0.179,1.74848240573934e-17
"AT2G37220",1.40019817414503e-22,-1.2856714706286,0.038,0.162,1.76976648022887e-17
"AT5G60170",1.43952212303537e-22,-0.781831972412028,0.077,0.221,1.81946959218932e-17
"AT1G70000",1.44130889960546e-22,-1.10492216648271,0.051,0.182,1.82172797056732e-17
"AT5G62810",1.45043320385598e-22,-0.888215484980857,0.061,0.198,1.83326054368173e-17
"AT1G69600",1.4610893836379e-22,-1.43344865981783,0.045,0.171,1.84672931555529e-17
"AT5G09310",1.49307476065298e-22,-1.05918694687012,0.05,0.182,1.88715691297973e-17
"AT5G47435",1.49434307951868e-22,-1.03085112455706,0.054,0.186,1.88875999192684e-17
"ATCG00800",1.5522288701113e-22,-1.03475346801676,0.065,0.202,1.96192415808848e-17
"AT3G18060",1.5632160633479e-22,-0.90083703040748,0.064,0.201,1.97581131110794e-17
"AT5G09330",1.57099527969963e-22,-1.50069233206443,0.035,0.156,1.98564377382354e-17
"AT5G26710",1.60820659374247e-22,-0.968066300885286,0.076,0.219,2.03267664209485e-17
"AT2G02310",1.60944644412837e-22,-2.39565500202015,0.06,0.188,2.03424373859161e-17
"AT5G35940",1.61767005277757e-22,-1.47436137751108,0.103,0.248,2.04463788650769e-17
"AT4G21860",1.62158529731259e-22,-0.719731995770164,0.058,0.195,2.04958652068527e-17
"AT1G07810",1.67721028947208e-22,-1.28785256842013,0.05,0.179,2.11989317327535e-17
"AT4G32650",1.69577524688896e-22,-0.915774024766225,0.089,0.235,2.14335816555283e-17
"AT4G39150",1.74950894892453e-22,-0.62351301427255,0.078,0.225,2.21127434090367e-17
"AT3G25540",1.75185361730041e-22,-1.27578259740296,0.049,0.177,2.21423786105068e-17
"AT5G44200",1.81220178353615e-22,-0.963744782611049,0.08,0.225,2.29051432228269e-17
"AT4G19210",1.82686206838184e-22,-0.734200593360486,0.096,0.25,2.30904404271054e-17
"AT1G29418",1.8584123686114e-22,-0.892540269727639,0.097,0.246,2.3489217291827e-17
"AT5G27150",1.86178340204999e-22,-0.719626780610866,0.1,0.255,2.35318251318707e-17
"AT2G36130",1.88179515746559e-22,-0.622145629537528,0.111,0.268,2.37847617132705e-17
"AT5G09890",1.8852491664382e-22,-1.0308738588593,0.086,0.229,2.3828418314279e-17
"AT1G64280",1.89947017474431e-22,-1.41161345460787,0.037,0.159,2.40081633266632e-17
"AT5G11810",1.90437598180633e-22,-1.15173695918216,0.042,0.169,2.40701697844429e-17
"AT4G36980",1.9476382588896e-22,-0.563582767718009,0.157,0.328,2.46169790094092e-17
"AT3G52470",1.9479873551537e-22,-0.426743824763193,0.195,0.384,2.46213913767296e-17
"AT3G52220",1.95128307063908e-22,-0.502440390322833,0.109,0.272,2.46630472430355e-17
"AT3G24670",1.96303817250693e-22,-1.03156862386961,0.085,0.229,2.48116246775841e-17
"AT2G23070",1.97173534846397e-22,-0.611753253682841,0.1,0.257,2.49215517633756e-17
"AT3G62260",1.98778282607218e-22,-0.590125441443637,0.132,0.295,2.51243822518567e-17
"AT1G47550",1.99345451269262e-22,-1.47074090132136,0.047,0.173,2.51960689677271e-17
"AT5G63500",2.01566853845785e-22,-0.556640352645779,0.099,0.255,2.54768409249841e-17
"AT3G26560",2.04224478105228e-22,-0.870430924585075,0.055,0.188,2.58127486856322e-17
"AT3G08630",2.06080289734473e-22,-1.18310375836849,0.038,0.162,2.6047312140699e-17
"AT5G24850",2.0980828115304e-22,-0.956937904509822,0.067,0.204,2.65185078880573e-17
"AT5G51300",2.11836362497617e-22,-0.746963849600242,0.08,0.226,2.67748452015239e-17
"AT4G22235",2.11997820766386e-22,-1.22550994288693,0.071,0.209,2.67952525579466e-17
"AT1G19835",2.15266702028676e-22,-0.807938781928266,0.087,0.234,2.72084195362125e-17
"AT3G48115",2.15346814738285e-22,-0.731117562238916,0.088,0.237,2.72185453020308e-17
"AT3G53970",2.1733466199109e-22,-0.909655117502124,0.076,0.217,2.74697972677018e-17
"AT5G65207",2.21099735967283e-22,-0.389276720477226,0.42,0.656,2.79456800278487e-17
"AT3G51270",2.25106402984214e-22,-0.889554016194818,0.049,0.179,2.84520986987868e-17
"AT4G35630",2.28933612133278e-22,-0.475949674104405,0.134,0.304,2.89358349719736e-17
"AT1G60810",2.3470999349397e-22,-0.97259395165185,0.06,0.195,2.96659349176768e-17
"AT5G50960",2.35582364753223e-22,-1.03922011659261,0.042,0.17,2.97761974106189e-17
"AT5G27540",2.3747806461022e-22,-0.99260020876551,0.043,0.171,3.00158024983441e-17
"AT2G32700",2.38111567109676e-22,-0.517256095913993,0.123,0.288,3.00958734132604e-17
"AT4G07410",2.39843373155927e-22,-0.884794223033053,0.062,0.2,3.03147633066702e-17
"AT5G27990",2.4101498810905e-22,-0.968454565820287,0.062,0.199,3.04628484070553e-17
"AT3G25940",2.41234274543697e-22,-1.24702660840982,0.033,0.154,3.04905648966761e-17
"AT4G33430",2.41391702638588e-22,-0.666894490410148,0.098,0.254,3.05104628633016e-17
"AT3G48760",2.55022373827482e-22,-0.868023414794552,0.064,0.201,3.22332979175508e-17
"AT3G29160",2.58000962345399e-22,-0.624162447421134,0.08,0.226,3.26097736346843e-17
"AT3G04880",2.58883409441125e-22,-0.92879458838574,0.061,0.197,3.27213096529016e-17
"AT1G22750",2.59967631414304e-22,-0.884644201712784,0.075,0.217,3.28583488049796e-17
"AT1G18270",2.62828398480336e-22,-0.358903922814448,0.239,0.44,3.32199325975236e-17
"AT1G28060",2.63569999243902e-22,-1.32413873906723,0.039,0.162,3.33136664844337e-17
"AT5G47310",2.63882626375869e-22,-1.08989012238933,0.048,0.177,3.33531806781516e-17
"AT4G25360",2.65817793623685e-22,-1.52069879242064,0.041,0.165,3.3597774207272e-17
"AT3G15630",2.67422053404107e-22,-0.476787927420784,0.246,0.441,3.38005430179587e-17
"AT4G39280",2.67924687267622e-22,-0.866386055901399,0.065,0.203,3.38640729225039e-17
"AT4G12760",2.69984496416132e-22,-0.669991746530956,0.108,0.265,3.41244204400206e-17
"AT5G51620",2.70588774959033e-22,-0.570968459919963,0.097,0.25,3.4200797622172e-17
"AT1G50370",2.72244871854948e-22,-0.854698985578076,0.06,0.195,3.44101183332343e-17
"AT5G61970",2.73009235832636e-22,-1.0851850012472,0.065,0.201,3.45067293538302e-17
"AT3G17609",2.73134306603318e-22,-0.435230680995322,0.168,0.348,3.45225375488197e-17
"AT1G66280",2.73253824405313e-22,-0.71303034575053,0.462,0.671,3.45376438818852e-17
"AT2G17790",2.7361610266866e-22,-1.01275830511884,0.067,0.205,3.45834336807027e-17
"AT3G62560",2.73672186339232e-22,-0.622809029396623,0.091,0.243,3.45905223201609e-17
"AT5G14050",2.73904162286356e-22,-2.65565308277487,0.02,0.13,3.46198426880216e-17
"AT4G39270",2.74031871062807e-22,-1.23824411517223,0.052,0.181,3.46359843111124e-17
"AT2G46170",2.74250058599876e-22,-0.874233457251703,0.081,0.228,3.46635619066727e-17
"AT3G13440",2.74571304974305e-22,-0.975304132751791,0.055,0.186,3.47041655209223e-17
"AT4G31880",2.77218839062785e-22,-1.01198665698995,0.062,0.198,3.50387979445016e-17
"AT5G57785",2.823040251812e-22,-0.513217647369107,0.146,0.319,3.56815349587526e-17
"AT5G04990",2.84574805475074e-22,-1.25494720888299,0.041,0.165,3.59685479632165e-17
"AT1G79650",2.86002800513831e-22,-1.34445651705786,0.039,0.162,3.61490379681452e-17
"AT5G25080",2.90783624749049e-22,-1.35473871043755,0.031,0.15,3.67533054665313e-17
"AT3G10090",2.96941407421415e-22,-0.559212068239273,0.182,0.358,3.75316122496223e-17
"AT2G22480",3.00003332842724e-22,-0.820822485626701,0.077,0.22,3.79186212513232e-17
"AT2G39800",3.01339997192463e-22,-1.13022568991842,0.056,0.188,3.80875676051442e-17
"AT1G09940",3.12378509477317e-22,-1.26269617287801,0.059,0.192,3.9482769326876e-17
"AT5G45750",3.12379794434779e-22,-0.881860885891622,0.077,0.22,3.94829317377894e-17
"AT1G18980",3.13324095135101e-22,-0.546480030905792,0.08,0.226,3.9602285680506e-17
"AT4G31080",3.15629777902385e-22,-0.850217233953069,0.077,0.219,3.98937101481941e-17
"AT5G04340",3.26042156545064e-22,-0.69494938739551,0.086,0.232,4.12097723343569e-17
"AT1G27300",3.33985196120053e-22,-0.79024641298763,0.078,0.221,4.2213724878398e-17
"AT3G09455",3.3884336590064e-22,-1.00503004630591,0.071,0.21,4.28277683896455e-17
"AT1G68580",3.38862000534839e-22,-1.28447639498996,0.049,0.176,4.28301236956005e-17
"AT1G52380",3.49868941402052e-22,-0.920276812491226,0.072,0.214,4.42213349795709e-17
"AT2G16860",3.51792278310284e-22,-0.752799302073905,0.097,0.248,4.446443322475e-17
"AT2G27389",3.52047910163809e-22,-1.28339925344612,0.042,0.165,4.44967435572445e-17
"AT1G04780",3.57411652197931e-22,-1.42876990949366,0.031,0.149,4.51746883679052e-17
"AT5G66240",3.59185028480855e-22,-1.05754134777869,0.037,0.159,4.53988324898091e-17
"AT4G35790",3.68051285388346e-22,-0.856651452803935,0.06,0.195,4.65194741653746e-17
"AT1G79660",3.75431630065661e-22,-0.719127181859163,0.084,0.231,4.74523054505192e-17
"AT2G18390",3.84478676699244e-22,-1.09136347933554,0.057,0.189,4.85957978627242e-17
"AT3G07170",3.86094059503689e-22,-0.747996577227112,0.068,0.207,4.87999725569093e-17
"AT1G27770",3.88449700654503e-22,-0.631601527985122,0.154,0.324,4.90977114645252e-17
"AT5G11640",3.90349417435998e-22,-0.860515019102351,0.047,0.176,4.93378242674056e-17
"AT4G29900",4.02206973223014e-22,-0.57931021221944,0.104,0.255,5.08365481735496e-17
"AT1G25280",4.04317010464846e-22,-0.885981183869471,0.072,0.213,5.11032442206937e-17
"AT3G06850",4.09231138019845e-22,-0.597965773975502,0.115,0.275,5.17243604588803e-17
"AT5G15640",4.21689775557166e-22,-1.53371788315377,0.036,0.156,5.32990574917724e-17
"AT5G64900",4.23136939311992e-22,-1.35319585854139,0.109,0.256,5.34819703073999e-17
"AT1G63780",4.23551610309388e-22,-1.42249454475783,0.035,0.154,5.35343822334448e-17
"AT1G53000",4.3029254565512e-22,-1.04990630602318,0.062,0.196,5.43863960155332e-17
"AT5G52060",4.31986280444812e-22,-0.533831346151697,0.101,0.253,5.46004739305416e-17
"AT5G32450",4.34514971029414e-22,-1.14960532963084,0.045,0.17,5.49200852482918e-17
"AT1G09630",4.35512952497926e-22,-1.19479592681322,0.048,0.177,5.50462241180229e-17
"AT5G37830",4.38230229609119e-22,-1.166141826548,0.05,0.179,5.5389671641215e-17
"AT4G08690",4.46257742061096e-22,-0.965129279234487,0.064,0.199,5.64043010500702e-17
"AT5G26290",4.53113989431502e-22,-1.33638002633621,0.03,0.147,5.72708895802053e-17
"AT5G10010",4.5342707613995e-22,-1.04133264316986,0.039,0.163,5.73104618616329e-17
"AT3G51370",4.57489801539599e-22,-0.603929531196907,0.067,0.206,5.78239659757961e-17
"AT1G80920",4.66137947681857e-22,-0.262132801111287,0.348,0.587,5.89170397593006e-17
"AT5G04860",4.70279422970196e-22,-1.32642577115932,0.048,0.175,5.9440497386895e-17
"AT1G09645",4.72929211733787e-22,-0.767845301998342,0.074,0.215,5.97754147878802e-17
"AT5G60960",4.83459486842872e-22,-0.749061095773756,0.067,0.204,6.1106378380018e-17
"AT1G30700",4.86922016715295e-22,-1.16927856587787,0.075,0.21,6.1544021380713e-17
"AT3G17465",4.92676316100024e-22,-0.784794572849576,0.055,0.188,6.22713302971465e-17
"AT5G60620",4.98486317021037e-22,-0.657684571896605,0.108,0.264,6.3005679553557e-17
"AT3G06720",4.99907043613028e-22,-0.678893041910292,0.072,0.212,6.31852508704251e-17
"AT5G13390",5.07902266840375e-22,-1.03328711688441,0.05,0.18,6.41957991150224e-17
"AT1G55900",5.17759475121987e-22,-1.68436038033065,0.026,0.14,6.54416910985684e-17
"AT3G05000",5.20479855889733e-22,-0.927310130731944,0.048,0.177,6.57855309053269e-17
"AT3G11964",5.22896853607243e-22,-1.0666798097819,0.051,0.181,6.60910249148339e-17
"AT1G19120",5.25740697183905e-22,-0.700367404477671,0.095,0.245,6.64504696798624e-17
"AT5G51430",5.26975516593839e-22,-0.896868999663015,0.068,0.205,6.66065434443617e-17
"AT3G19240",5.28986789303131e-22,-0.756574637386919,0.142,0.305,6.686075624718e-17
"AT5G14540",5.37847531502281e-22,-0.860771965244045,0.069,0.208,6.79807008966993e-17
"AT4G36500",5.38610264607751e-22,-0.470382857973491,0.346,0.559,6.8077105784832e-17
"AT5G18900",5.4219869897756e-22,-1.0538475854107,0.057,0.188,6.85306623585697e-17
"AT1G58440",5.47923261310319e-22,-1.0171457722508,0.069,0.205,6.92542126900564e-17
"ATCG00040",5.50994325554185e-22,-1.04278162844214,0.062,0.198,6.96423767840956e-17
"AT3G05230",5.54459440478982e-22,-0.593931409511927,0.101,0.255,7.00803465199005e-17
"AT5G12310",5.54692777648985e-22,-0.808505241255822,0.062,0.2,7.01098389381659e-17
"AT2G24500",5.58948973685113e-22,-1.29474647025354,0.052,0.18,7.06477965799562e-17
"AT5G42150",5.60937734802224e-22,-0.653297378625118,0.07,0.211,7.08991640525923e-17
"AT1G09920",5.64146664757505e-22,-0.692546692640769,0.067,0.205,7.13047535453601e-17
"AT1G78070",5.65436653159701e-22,-0.898738273808494,0.178,0.342,7.14678003394672e-17
"AT5G27660",5.71445142831275e-22,-0.369766239674976,0.276,0.487,7.22272373830162e-17
"AT3G50370",5.75312036831653e-22,-0.97016109299439,0.055,0.186,7.27159895833e-17
"AT1G53400",5.75432700405994e-22,-0.786816551176123,0.125,0.281,7.27312407351152e-17
"AT4G23760",5.75483252556562e-22,-0.805232323624257,0.072,0.213,7.27376302236341e-17
"AT5G44060",5.86404350655773e-22,-1.16833158857442,0.066,0.199,7.41179914967858e-17
"AT3G13845",5.89759581511713e-22,-0.526890237879575,0.082,0.228,7.45420725455914e-17
"AT3G14680",5.98703825177104e-22,-1.33235614860375,0.055,0.182,7.56725712794349e-17
"AT3G20920",5.98750626758855e-22,-0.72507330510147,0.075,0.216,7.56784867185587e-17
"AT4G30890",6.13136346460525e-22,-1.40899260264661,0.03,0.147,7.74967553745316e-17
"AT5G15265",6.16189557054046e-22,-0.678705323535124,0.159,0.327,7.78826628742892e-17
"AT1G78240",6.193625608826e-22,-0.868427138371188,0.056,0.187,7.82837115201953e-17
"AT2G30980",6.19738807103994e-22,-0.457325175962083,0.09,0.244,7.83312667851022e-17
"AT3G27230",6.2263760225565e-22,-1.78885203419358,0.025,0.138,7.86976570995006e-17
"AT2G35040",6.3516736135921e-22,-1.2276210651658,0.037,0.159,8.0281343471636e-17
"AT5G35730",6.39058941928324e-22,-1.1790725868104,0.048,0.175,8.07732159060885e-17
"AT1G04190",6.39857578844395e-22,-1.03368755931099,0.052,0.182,8.08741588204585e-17
"AT3G53460",6.42420202473516e-22,-1.74297781191326,0.036,0.154,8.11980590714376e-17
"AT3G55830",6.48052664238834e-22,-0.890981708399581,0.06,0.194,8.19099684438032e-17
"AT3G12977",6.59027809487126e-22,-1.29636690244062,0.095,0.233,8.32971609523157e-17
"AT2G35610",6.6714255687837e-22,-0.881573666232869,0.051,0.181,8.43228163340847e-17
"AT3G19450",6.68200353802303e-22,-0.390137934482991,0.347,0.568,8.44565155184882e-17
"AT3G43520",6.72273562927998e-22,-0.731336720169204,0.058,0.192,8.49713447127214e-17
"AT5G44290",6.86607994241133e-22,-0.717009944036332,0.104,0.256,8.67831308241138e-17
"AT4G16143",6.95549450773223e-22,-0.624451861065294,0.074,0.217,8.79132772810308e-17
"AT4G07820",6.96232510436915e-22,-1.05295487622993,0.086,0.228,8.79996119241634e-17
"AT5G24090",6.97861576386946e-22,-1.00846897615787,0.069,0.206,8.82055160858517e-17
"AT4G03430",7.03285744614517e-22,-0.780496331404888,0.074,0.214,8.88910984048073e-17
"AT1G54460",7.06996170510877e-22,-1.42612965034593,0.037,0.156,8.93600739755518e-17
"AT4G18880",7.30761689873433e-22,-1.1556725446634,0.071,0.207,9.23638930298627e-17
"AT5G13980",7.39454710306888e-22,-0.669839039980942,0.088,0.238,9.34626386545288e-17
"AT3G54840",7.53607152380576e-22,-0.64313263065519,0.107,0.261,9.52514224179906e-17
"AT5G27670",7.96636383949489e-22,-0.712478498994577,0.114,0.266,1.00690059112912e-16
"AT3G61390",8.02408042842874e-22,-1.55589332011794,0.066,0.194,1.01419562167082e-16
"AT5G24165",8.10904322461722e-22,-0.336782998346923,0.239,0.44,1.02493440933227e-16
"2:3334985-3335865",8.11399763444143e-22,-2.16443267872393,0.035,0.15,1.02556061700759e-16
"AT3G22790",8.15323709248159e-22,-1.41969288764884,0.029,0.145,1.03052024906712e-16
"2:3442320-3443224",8.22481061925258e-22,-1.71449714927695,0.026,0.138,1.03956671340981e-16
"AT5G18230",8.23858641848204e-22,-0.560049361665976,0.095,0.245,1.04130789177762e-16
"AT1G65010",8.26335375407743e-22,-0.745186933774427,0.077,0.218,1.04443833439286e-16
"AT1G21080",8.28356880105884e-22,-0.748240855651045,0.07,0.208,1.04699339504103e-16
"AT5G48240",8.64341063516973e-22,-1.13361081656962,0.038,0.159,1.09247524382164e-16
"AT3G60250",8.69314583969759e-22,-0.631706902415586,0.081,0.227,1.09876147526274e-16
"AT4G16180",8.70228747592e-22,-1.16504686654075,0.066,0.199,1.09991692323143e-16
"AT4G34410",8.76778934637798e-22,-0.704335928708615,0.312,0.498,1.1081959666461e-16
"AT5G47960",8.93557779976437e-22,-1.02142570258273,0.037,0.156,1.12940342042342e-16
"AT3G12370",8.9726229145342e-22,-0.969821661379474,0.045,0.171,1.13408570065964e-16
"AT1G11545",9.17627994509576e-22,-1.11037348723159,0.057,0.188,1.15982672738043e-16
"AT1G14710",9.18045089510584e-22,-0.798434487665067,0.066,0.202,1.16035391043601e-16
"AT5G05000",9.2804185066484e-22,-0.836178597839498,0.062,0.197,1.17298921672932e-16
"AT4G35080",9.3624140987525e-22,-1.07129483375377,0.046,0.171,1.18335296759772e-16
"AT4G10920",9.41152789768863e-22,-0.570602475005109,0.074,0.214,1.18956065710046e-16
"AT1G70300",9.58491038728202e-22,-0.842548231856931,0.087,0.231,1.21147516349012e-16
"AT3G12400",9.63522453820106e-22,-1.1565655080312,0.04,0.161,1.21783457028139e-16
"AT3G25110",9.68790158050454e-22,-2.01212780675325,0.03,0.144,1.22449263236629e-16
"AT5G62890",9.74587664376586e-22,-0.661879883777957,0.089,0.237,1.23182033251214e-16
"AT3G56460",9.76395121410487e-22,-0.556995862327696,0.08,0.223,1.23410484975557e-16
"AT1G53645",9.78551235746008e-22,-0.879611750987226,0.048,0.175,1.23683004890881e-16
"AT3G14660",9.79020308079168e-22,-0.514810191853368,0.105,0.257,1.23742292819358e-16
"AT1G75660",1.00753298732089e-21,-1.12683082270549,0.051,0.179,1.27346124399437e-16
"AT2G35010",1.02033603463889e-21,-0.750044196138351,0.065,0.201,1.28964352762148e-16
"AT3G13320",1.02429674498911e-21,-0.634000440880665,0.086,0.233,1.29464962786154e-16
"AT2G26650",1.03742909236371e-21,-0.404896434446281,0.148,0.32,1.31124812700219e-16
"AT1G10580",1.05785490918599e-21,-1.29145295902038,0.04,0.16,1.33706513391654e-16
"AT2G24260",1.06940417084242e-21,-0.898512049068138,0.097,0.244,1.35166270769457e-16
"AT1G44835",1.09274151953641e-21,-0.986224255000168,0.045,0.17,1.38115971620285e-16
"AT3G52230",1.1005861385375e-21,-0.7480831260156,0.069,0.208,1.39107484394309e-16
"AT5G20490",1.10076439417033e-21,-0.642340575665517,0.123,0.281,1.39130014836764e-16
"AT4G38250",1.10106125002021e-21,-0.805161785089832,0.072,0.21,1.39167535635055e-16
"AT2G46600",1.10827322912894e-21,-0.587152265545956,0.119,0.278,1.40079086522523e-16
"AT3G12570",1.13126515704588e-21,-1.26956703447977,0.04,0.162,1.42985128259657e-16
"AT4G15940",1.14384133750387e-21,-0.854414235488593,0.065,0.199,1.44574682012464e-16
"AT1G62740",1.1677766938091e-21,-0.890442314400538,0.067,0.202,1.47599967437307e-16
"AT2G02160",1.19254495552759e-21,-0.756435052576019,0.07,0.209,1.50730527108955e-16
"AT1G75400",1.20855012469162e-21,-1.08138749578367,0.038,0.158,1.52753484460273e-16
"AT2G46030",1.22089215101077e-21,-0.938167794234303,0.064,0.197,1.54313442534856e-16
"AT3G18600",1.22945745389233e-21,-1.30971917440718,0.061,0.191,1.55396045427267e-16
"AT5G15750",1.2547291223984e-21,-0.758461819114737,0.08,0.221,1.58590232696423e-16
"AT3G22330",1.25631689282918e-21,-1.53842447684452,0.033,0.15,1.58790917352252e-16
"AT3G16630",1.27623769812637e-21,-1.04093573841524,0.056,0.184,1.61308787616984e-16
"AT3G55150",1.28271887692626e-21,-1.4134173775732,0.032,0.149,1.62127969730217e-16
"AT2G31140",1.28506349354351e-21,-0.890077785478021,0.051,0.18,1.62424315202938e-16
"AT4G25690",1.29933666580082e-21,-0.986039708648982,0.055,0.183,1.64228358537228e-16
"AT5G50430",1.32022349583196e-21,-0.900877733435892,0.055,0.183,1.66868328532184e-16
"AT5G19250",1.32720838091309e-21,-1.0903882416933,0.087,0.227,1.67751176097129e-16
"AT5G45390",1.32887573831437e-21,-0.949950581668753,0.089,0.232,1.67961920068506e-16
"AT2G42810",1.34232302449564e-21,-1.87136859445526,0.028,0.141,1.69661576358102e-16
"AT3G28050",1.34635997897933e-21,-1.51830585549503,0.041,0.162,1.70171823183114e-16
"AT3G57930",1.36088065092297e-21,-0.676759092989598,0.078,0.22,1.72007148992758e-16
"AT1G14510",1.36266767274097e-21,-0.803942851139173,0.046,0.171,1.72233017828422e-16
"AT3G50260",1.38299338308364e-21,-0.914961084433915,0.075,0.21,1.74802065661474e-16
"AT1G31950",1.41023047947477e-21,-1.62136944697026,0.032,0.149,1.78244671222734e-16
"AT3G04670",1.4486157383403e-21,-0.46761781526154,0.114,0.275,1.83096337631784e-16
"AT2G22770",1.48137037177722e-21,-0.770699585197301,0.105,0.254,1.8723632677041e-16
"AT5G63320",1.50047860554415e-21,-0.54184701947806,0.114,0.27,1.89651492869147e-16
"AT4G21160",1.52062742074727e-21,-1.09456516939435,0.045,0.168,1.92198182217931e-16
"AT4G22750",1.53184775791453e-21,-1.3801198249096,0.03,0.146,1.93616365513849e-16
"AT2G21620",1.57583076102942e-21,-0.260064204178913,0.178,0.367,1.99175553209553e-16
"AT5G14640",1.5957882141838e-21,-1.45864358257325,0.045,0.166,2.01698055543547e-16
"AT5G15950",1.65583782245887e-21,-2.5831648862587,0.01,0.111,2.09287965731866e-16
"AT3G18940",1.66859161836016e-21,-1.27231446934422,0.032,0.15,2.10899969011015e-16
"AT5G08080",1.68858556875272e-21,-0.628290529828611,0.117,0.275,2.13427084376932e-16
"AT1G08370",1.69195365852662e-21,-0.934134374616192,0.057,0.187,2.13852790715813e-16
"AT5G17610",1.70022635681656e-21,-0.642300384579555,0.076,0.215,2.14898410143472e-16
"AT2G28600",1.70610058932316e-21,-1.11141113332634,0.045,0.168,2.15640877886912e-16
"AT2G29550",1.71864708512078e-21,-0.785344829167577,0.127,0.286,2.17226679676756e-16
"AT3G18860",1.71940751251859e-21,-0.811494513746324,0.054,0.182,2.17322793137274e-16
"AT2G38760",1.72549434603427e-21,-1.22890024212617,0.062,0.192,2.18092132372655e-16
"AT3G54190",1.75179242640216e-21,-1.03630914768461,0.033,0.151,2.21416051942675e-16
"AT3G48100",1.77668224941163e-21,-0.486596982041636,0.224,0.414,2.24561976232133e-16
"AT5G12040",1.78738450873264e-21,-0.931023549634645,0.062,0.196,2.25914677596753e-16
"AT2G14120",1.8154840629161e-21,-0.81543981969229,0.076,0.213,2.29466292648217e-16
"AT5G16360",1.82051423099645e-21,-0.643475262643354,0.2,0.371,2.30102075712565e-16
"AT2G27100",1.82817026937154e-21,-1.07827780814983,0.057,0.186,2.31069753026947e-16
"AT3G58170",1.83310127772735e-21,-0.461280165511298,0.075,0.216,2.3169300289707e-16
"AT5G58450",1.83314975209496e-21,-1.66731258810177,0.028,0.141,2.3169912976629e-16
"AT3G23530",1.87261042965941e-21,-0.778292183070872,0.107,0.259,2.36686722646372e-16
"AT1G52910",1.87616739266112e-21,-1.07298975211042,0.062,0.195,2.3713630142801e-16
"AT5G49760",1.87908132220327e-21,-1.31255770370745,0.062,0.191,2.37504604638561e-16
"AT3G47730",1.880526156157e-21,-0.941767382316494,0.072,0.207,2.37687222981307e-16
"AT2G20515",1.92509017793413e-21,-0.953530780539984,0.087,0.226,2.43319847949807e-16
"AT1G29357",1.94472511066276e-21,-0.861679189259375,0.091,0.237,2.45801585637109e-16
"AT4G38710",1.94568862241708e-21,-1.29331272380241,0.036,0.154,2.45923367741784e-16
"AT5G11230",1.95902829560493e-21,-1.14624481167259,0.041,0.164,2.47609422394689e-16
"AT4G24400",1.988034093456e-21,-0.713397292897425,0.071,0.208,2.51275581208277e-16
"AT1G12390",1.99095373570145e-21,-1.24895308681673,0.032,0.149,2.51644606470249e-16
"AT1G18630",2.00997320264974e-21,-1.11583472595386,0.046,0.17,2.54048552975711e-16
"AT1G77510",2.04864796085091e-21,-1.15910450305511,0.084,0.222,2.5893681036379e-16
"AT3G11250",2.05901023153766e-21,-0.688256455162694,0.103,0.252,2.60246539204971e-16
"AT5G11760",2.06197821281392e-21,-0.94430379326703,0.052,0.18,2.60621674230402e-16
"AT1G03230",2.06659578067474e-21,-0.71928661356415,0.111,0.264,2.61205307102603e-16
"AT4G11830",2.107201889079e-21,-0.490684118578024,0.133,0.294,2.66337675568251e-16
"ATCG00540",2.16274652180124e-21,-0.760492807490228,0.052,0.18,2.73358183876546e-16
"AT1G76550",2.18323367086596e-21,-0.688075829654808,0.096,0.244,2.75947636595432e-16
"AT2G47140",2.23695661825189e-21,-1.19192496099916,0.046,0.169,2.82737894807329e-16
"AT5G24530",2.23894011228753e-21,-0.752477698676297,0.144,0.302,2.8298859655247e-16
"AT1G17530",2.25291587804666e-21,-1.00161429584195,0.041,0.164,2.8475504948983e-16
"AT4G09570",2.25966078929203e-21,-0.917075642445163,0.054,0.181,2.85607565801777e-16
"AT1G55490",2.27588636552862e-21,-1.22908173105465,0.032,0.148,2.87658381284625e-16
"AT2G39760",2.27716745847341e-21,-1.50987014171729,0.039,0.157,2.87820303746289e-16
"AT1G69640",2.2838375771952e-21,-0.751921109523948,0.055,0.186,2.8866336673201e-16
"AT3G62040",2.31234029923274e-21,-1.49176706972697,0.111,0.256,2.92265939781222e-16
"AT5G43180",2.35659954905359e-21,-1.76781241272601,0.075,0.208,2.9786004340308e-16
"AT3G47965",2.36167941110288e-21,-0.614883900033407,0.091,0.237,2.98502107486938e-16
"AT3G05165",2.36915808943208e-21,-0.752718983343053,0.117,0.266,2.99447367555679e-16
"AT5G20620",2.37134330315592e-21,-0.796759787561791,0.051,0.18,2.99723565459089e-16
"AT1G76160",2.37879032259664e-21,-0.481065284473581,0.128,0.289,3.0066482403428e-16
"AT5G64310",2.38898438630925e-21,-0.797341555886138,0.184,0.356,3.01953292523171e-16
"AT2G45030",2.43112288395244e-21,-1.39802124694242,0.037,0.155,3.07279345794285e-16
"AT5G13180",2.46920924919854e-21,-0.633256618599519,0.109,0.261,3.120932338432e-16
"AT1G24350",2.47032236026128e-21,-1.01344465973771,0.046,0.167,3.12233924402864e-16
"AT3G02530",2.49366984094544e-21,-0.837279098498307,0.067,0.2,3.15184905876458e-16
"AT5G11970",2.50554959573415e-21,-0.607558077534194,0.116,0.27,3.16686435603222e-16
"AT4G24800",2.53339393431316e-21,-0.919636407352343,0.05,0.176,3.20205792933577e-16
"AT2G21060",2.54872274540371e-21,-1.20212064103668,0.07,0.202,3.22143262682557e-16
"AT3G02350",2.550419916772e-21,-0.938199501043801,0.058,0.188,3.22357774960481e-16
"AT5G51570",2.56792020008805e-21,-1.12964074115604,0.05,0.175,3.24569705769929e-16
"AT3G56860",2.58662660347047e-21,-0.510395027938992,0.133,0.296,3.26934082919047e-16
"AT3G51520",2.6080195830505e-21,-0.526262439741237,0.079,0.219,3.29638027180085e-16
"AT1G28580",2.61315893377528e-21,-0.50742705635213,0.136,0.296,3.30287610275592e-16
"AT5G66720",2.67994019539135e-21,-1.00428686355615,0.056,0.183,3.38728361056294e-16
"AT4G37660",2.68175578558065e-21,-1.16700996154401,0.043,0.165,3.3895784076268e-16
"AT5G17460",2.69336571427815e-21,-0.666772739176957,0.101,0.25,3.40425266090472e-16
"AT5G40670",2.72720673458011e-21,-0.915346998362544,0.065,0.197,3.44702568010518e-16
"AT1G17170",2.76565034284573e-21,-0.504559738180992,0.21,0.396,3.49561609433643e-16
"AT2G01600",2.7912027005069e-21,-0.731496804136389,0.068,0.203,3.52791274127869e-16
"AT4G38932",2.79479389324135e-21,-0.386736204690397,0.14,0.308,3.53245179342347e-16
"AT3G52420",2.86035580922352e-21,-0.789385449808526,0.074,0.211,3.61531812150998e-16
"AT3G09970",2.86710458926806e-21,-1.29272126837659,0.037,0.154,3.62384817455947e-16
"AT1G48850",2.88718545219844e-21,-0.44115889992441,0.145,0.314,3.64922918045169e-16
"AT1G48790",3.02020606468759e-21,-0.809515686691461,0.069,0.202,3.81735925340123e-16
"AT1G23100",3.02431621909068e-21,-0.726108685621718,0.088,0.23,3.82255424195747e-16
"AT1G04980",3.03138691801588e-21,-0.773927165381138,0.095,0.237,3.83149118115699e-16
"AT5G05670",3.03731986684161e-21,-1.23118885688811,0.041,0.162,3.83899007249578e-16
"AT3G11930",3.04189541899031e-21,-0.829131808220012,0.191,0.367,3.84477329587861e-16
"AT1G57765",3.13219109473393e-21,-0.944038032572627,0.067,0.2,3.95890161227801e-16
"AT1G01960",3.1720687921122e-21,-0.835517017138358,0.058,0.188,4.0093046291023e-16
"AT5G64290",3.17461593414712e-21,-0.996238283800218,0.037,0.155,4.01252406380591e-16
"AT5G44100",3.1832975836074e-21,-0.761141155507551,0.054,0.181,4.02349714782473e-16
"AT4G25500",3.19866121150864e-21,-0.498206009302256,0.094,0.242,4.04291585167423e-16
"AT1G06515",3.19902924113097e-21,-0.894562812184133,0.065,0.196,4.04338101903508e-16
"AT3G15940",3.22954722072206e-21,-1.32900555147194,0.036,0.152,4.08195391415945e-16
"AT3G01820",3.27751587614766e-21,-0.754416757935974,0.078,0.219,4.14258341649807e-16
"AT2G20230",3.30768816473878e-21,-0.451896664199186,0.129,0.293,4.18071937893993e-16
"AT3G11320",3.42305963425671e-21,-0.90995908963901,0.052,0.179,4.32654199412242e-16
"AT3G22310",3.42319696681873e-21,-1.29012562152255,0.047,0.169,4.32671557424086e-16
"AT5G52210",3.51862755669876e-21,-1.20469395718612,0.041,0.161,4.44733411401383e-16
"AT4G14455",3.56930333160474e-21,-0.751144169924864,0.061,0.192,4.5113852529485e-16
"ATCG00730",3.5974471995734e-21,-1.06129169520953,0.042,0.163,4.5469574134288e-16
"AT2G30930",3.63687927421683e-21,-0.626914979523021,0.28,0.479,4.59679718985362e-16
"AT5G43330",3.64534292194444e-21,-1.04156242755465,0.062,0.193,4.60749473276246e-16
"AT1G36050",3.64674309823499e-21,-1.19690923598244,0.048,0.171,4.60926447158313e-16
"AT5G52820",3.66113837779362e-21,-1.28195342019295,0.045,0.166,4.62745924122847e-16
"AT3G13520",3.67262523499864e-21,-0.675479894857591,0.441,0.65,4.64197793952418e-16
"AT2G39950",3.68875433863171e-21,-1.51003130243029,0.035,0.15,4.66236415877016e-16
"AT3G12480",3.71658833992584e-21,-1.02006184593575,0.054,0.179,4.69754466636587e-16
"AT1G56700",3.74464213465152e-21,-0.34283160712197,0.24,0.438,4.73300297967144e-16
"AT1G11360",3.87873064141736e-21,-0.899628051882435,0.048,0.172,4.90248280691305e-16
"AT3G13330",3.95754383040093e-21,-0.609265936728902,0.081,0.222,5.00209794899696e-16
"AT5G17050",4.02945937136241e-21,-0.958735182589783,0.054,0.181,5.0929948778398e-16
"AT4G30470",4.04412265903789e-21,-0.821239389690962,0.097,0.243,5.11152839366436e-16
"AT5G65940",4.05984464320178e-21,-0.599480789732608,0.076,0.217,5.13140003832846e-16
"AT4G31920",4.15750182496224e-21,-1.0708771955931,0.05,0.174,5.25483285664277e-16
"AT2G43080",4.1723022547014e-21,-0.707301293446605,0.078,0.217,5.27353971180729e-16
"AT4G15800",4.18956486803624e-21,-0.604321854883892,0.088,0.232,5.29535861930573e-16
"AT1G19580",4.19348154400175e-21,-0.759559665391817,0.059,0.188,5.30030906272557e-16
"AT3G44340",4.26700462306838e-21,-0.99431392247426,0.067,0.199,5.39323782328105e-16
"AT4G11850",4.26944669548794e-21,-0.763280325269739,0.081,0.222,5.39632445629503e-16
"AT3G62030",4.34499950759196e-21,-1.43686443156778,0.037,0.153,5.49181867762579e-16
"ATCG00720",4.3490571305656e-21,-1.33252821860446,0.043,0.164,5.49694726960709e-16
"AT1G33810",4.36949729533443e-21,-0.691738140193305,0.051,0.179,5.522782411465e-16
"AT5G27410",4.37182813684528e-21,-1.01293998307932,0.064,0.194,5.52572845528422e-16
"AT1G02610",4.37385722569532e-21,-0.994296277454995,0.064,0.193,5.52829310184535e-16
"AT4G27080",4.40068987538903e-21,-0.924189128912015,0.051,0.178,5.56220796109921e-16
"AT5G17020",4.40354187011572e-21,-0.651602813013406,0.085,0.227,5.56581271131406e-16
"AT3G02630",4.40419993133638e-21,-0.58692116782484,0.071,0.207,5.56664446121331e-16
"AT4G32930",4.45854139482312e-21,-0.395091330335014,0.1,0.252,5.63532881057273e-16
"AT5G53480",4.56813679062529e-21,-0.746462679247802,0.082,0.222,5.77385081514293e-16
"AT1G23410",4.56881909596309e-21,-0.885770178648715,0.089,0.23,5.77471320815158e-16
"AT1G29040",4.59769607914358e-21,-0.567646136655725,0.084,0.226,5.81121198227274e-16
"AT3G03940",4.5991979461994e-21,-0.658020439290119,0.082,0.224,5.81311025211927e-16
"AT5G16660",4.60380024532279e-21,-0.617180164232601,0.097,0.244,5.81892728207328e-16
"AT2G43650",4.68375262080337e-21,-0.893126808315936,0.078,0.214,5.9199822875382e-16
"AT1G58080",4.8026905091291e-21,-0.750649826989681,0.052,0.179,6.07031264210864e-16
"AT1G56140",4.82135883254187e-21,-0.756000621834054,0.118,0.27,6.09390828280297e-16
"AT5G15550",4.84208618879356e-21,-1.15316129005979,0.047,0.17,6.12010641746373e-16
"AT3G57090",4.91459916965633e-21,-0.540470015882526,0.122,0.28,6.21175847449543e-16
"AT1G33520",4.92884264043715e-21,-1.17377067121966,0.045,0.164,6.22976136695414e-16
"AT2G31350",4.94177061135192e-21,-0.537750683844581,0.093,0.236,6.24610154651215e-16
"AT1G17130",4.94981117087734e-21,-0.83677202150818,0.058,0.188,6.2562643313187e-16
"AT4G24550",4.9556238828111e-21,-0.700980839147432,0.061,0.193,6.26361125044026e-16
"AT2G01430",4.97407155422174e-21,-1.47716784349622,0.031,0.144,6.28692800024303e-16
"AT3G50500",4.99179378435806e-21,-1.19853105014991,0.056,0.182,6.30932783580152e-16
"AT1G51760",5.01828784134999e-21,-0.78927893970164,0.098,0.242,6.3428147341959e-16
"AT5G22360",5.11438217038005e-21,-0.6848282991365,0.082,0.224,6.46427220043016e-16
"AT3G07050",5.11905167151645e-21,-1.27287210162853,0.048,0.17,6.47017416969651e-16
"AT5G28630",5.1209695750507e-21,-0.502440490369898,0.169,0.34,6.47259828468959e-16
"AT1G27330",5.1369984770946e-21,-0.482142351742349,0.377,0.582,6.49285785513894e-16
"AT4G05150",5.18901747209892e-21,-0.720392727365137,0.089,0.231,6.5586067436847e-16
"AT4G16360",5.23524317081177e-21,-0.814614176670978,0.058,0.188,6.61703325331582e-16
"AT1G79075",5.28040798079138e-21,-0.45600162953484,0.623,0.793,6.67411886324146e-16
"AT1G58100",5.31651186916501e-21,-1.27797236434428,0.038,0.156,6.71975201191243e-16
"AT1G04400",5.31913712601085e-21,-0.754250189475521,0.062,0.192,6.72307017905016e-16
"AT1G15860",5.33702189526678e-21,-0.85427760535709,0.072,0.208,6.7456754543035e-16
"AT1G33980",5.3423179284061e-21,-0.404583579488684,0.082,0.225,6.7523693224296e-16
"AT5G14060",5.35990809098433e-21,-1.76231558384838,0.026,0.135,6.77460223251874e-16
"AT2G48130",5.50299345203107e-21,-1.13528832565237,0.132,0.282,6.95545354376015e-16
"AT3G54010",5.55248868667801e-21,-0.95789560896791,0.067,0.199,7.0180125506398e-16
"AT5G51440",5.60496620924323e-21,-1.39897251782967,0.059,0.185,7.08434099051088e-16
"AT5G08450",5.63289435187472e-21,-0.762532140529613,0.101,0.249,7.11964048710853e-16
"AT1G09270",5.87361670742002e-21,-0.47371740898282,0.11,0.262,7.42389910117646e-16
"AT5G17870",5.99153670427432e-21,-0.527321731902351,0.104,0.254,7.57294290200049e-16
"AT4G32180",6.02015640981012e-21,-0.98951976607807,0.055,0.181,7.60911649261541e-16
"AT3G42170",6.02426979260907e-21,-1.33399378788117,0.033,0.148,7.61431556167031e-16
"AT5G17280",6.12274694181818e-21,-0.830413219456885,0.041,0.161,7.73878476964167e-16
"AT1G55805",6.21097629492415e-21,-1.29584100627163,0.058,0.183,7.85030137820643e-16
"AT2G45860",6.330972361e-21,-0.746449704389589,0.114,0.263,8.00196920596234e-16
"AT4G28040",6.34943813288547e-21,-1.02344567207776,0.067,0.198,8.02530883367926e-16
"AT1G58030",6.37825976916345e-21,-1.04170093281384,0.068,0.198,8.06173765263645e-16
"AT4G01950",6.39496173799412e-21,-1.60345019287567,0.032,0.146,8.08284793912028e-16
"AT3G58110",6.40910294997293e-21,-0.720959187149845,0.06,0.19,8.10072158258878e-16
"AT3G14280",6.48457831927901e-21,-0.608756327864368,0.135,0.295,8.19611792086952e-16
"AT1G14570",6.50487664184174e-21,-0.551011510069801,0.068,0.202,8.22177378268945e-16
"AT3G05070",6.50969350317524e-21,-0.807531750070404,0.078,0.216,8.22786200640332e-16
"2:3398409-3399319",6.6075092550118e-21,-2.10739677093214,0.026,0.134,8.35149524777961e-16
"AT3G04810",6.63957706334804e-21,-0.792614021824727,0.105,0.248,8.39202703344812e-16
"AT3G50360",6.69534684653984e-21,-0.489414779824557,0.11,0.266,8.46251669321557e-16
"AT5G58320",6.75020746374294e-21,-0.636300552408869,0.103,0.248,8.53185722172326e-16
"AT5G18670",6.83582328729873e-21,-0.635830982894842,0.146,0.308,8.64007048574836e-16
"AT4G13020",6.90533975970988e-21,-1.23033921746788,0.042,0.161,8.72793513588771e-16
"AT2G36850",6.95322365812909e-21,-1.04753271825681,0.065,0.194,8.78845751045569e-16
"AT3G23470",7.04958030652764e-21,-0.977501648737191,0.1,0.242,8.91024653263255e-16
"AT2G48100",7.05699820753634e-21,-0.86331626957054,0.079,0.217,8.91962231443349e-16
"AT2G42390",7.12428535386623e-21,-0.88572089431122,0.049,0.172,9.00466923016568e-16
"AT5G19330",7.19595615651995e-21,-0.898888481113832,0.081,0.219,9.09525682447183e-16
"AT5G61410",7.2030710498594e-21,-1.35047341177517,0.029,0.141,9.1042496227593e-16
"AT4G28025",7.21760275983016e-21,-1.33761432898937,0.033,0.148,9.12261683225974e-16
"AT1G69526",7.23436335692453e-21,-1.06307636033357,0.057,0.185,9.14380122135119e-16
"AT1G04810",7.37272979433174e-21,-0.840170802609654,0.052,0.178,9.31868809624767e-16
"AT1G78670",7.38636775176447e-21,-0.552485532119476,0.089,0.232,9.33592565616518e-16
"AT5G14020",7.4401067171778e-21,-1.25104869626272,0.028,0.139,9.40384848410971e-16
"AT4G26940",7.47962898172531e-21,-0.747176878084908,0.07,0.204,9.45380225516189e-16
"AT2G46220",7.60101944585013e-21,-1.29674131167933,0.052,0.174,9.60723251838781e-16
"AT4G08810",7.60219481492982e-21,-1.14645408543068,0.037,0.154,9.6087181143824e-16
"AT1G07360",7.79125965851007e-21,-1.16257750064756,0.039,0.157,9.84768473277722e-16
"AT2G05440",7.79440861165688e-21,-0.618863722986006,0.281,0.486,9.8516648206176e-16
"AT5G55610",7.91247393999159e-21,-0.866006487958697,0.059,0.188,1.0000892311713e-15
"AT4G33100",7.9827932025535e-21,-0.91619812658478,0.042,0.162,1.00897716404355e-15
"AT1G61100",7.98473316671261e-21,-1.18051035180252,0.045,0.165,1.00922236387347e-15
"AT2G42710",8.10017499425927e-21,-1.27216467874154,0.028,0.139,1.02381351822441e-15
"AT1G06950",8.24002288593833e-21,-0.672219146985563,0.072,0.207,1.04148945264529e-15
"AT3G07760",8.29252529739764e-21,-0.710071910819231,0.061,0.19,1.04812544243928e-15
"AT1G76140",8.31192516363666e-21,-0.798527844818422,0.052,0.178,1.05057746913269e-15
"AT3G04910",8.3899987498474e-21,-0.922203262033618,0.06,0.189,1.06044550198821e-15
"AT3G29170",8.44647642520991e-21,-0.605570662840903,0.071,0.205,1.06758394128798e-15
"AT3G47780",8.56057591214259e-21,-1.58940568865893,0.029,0.14,1.08200543183935e-15
"AT4G04800",8.72989886382405e-21,-0.677004958147807,0.086,0.227,1.10340683699418e-15
"AT4G31130",8.75835446649072e-21,-0.751968377306982,0.071,0.205,1.10700345443763e-15
"AT3G04600",8.77054883236774e-21,-0.696663228088699,0.062,0.193,1.10854474911829e-15
"AT5G10810",8.78006078742044e-21,-0.504454579553739,0.077,0.216,1.10974700316522e-15
"AT3G56910",8.86475491692616e-21,-0.398988679164415,0.104,0.257,1.12045183296996e-15
"AT2G47420",8.96358134269196e-21,-0.707638829795717,0.062,0.193,1.13294290022821e-15
"AT2G17120",8.98667233645246e-21,-0.931226442586876,0.06,0.189,1.13586146329357e-15
"AT4G32520",9.19803906351736e-21,-0.866552029449484,0.048,0.171,1.16257694939421e-15
"AT1G69960",9.2388658107906e-21,-1.19090262003945,0.049,0.17,1.16773720528907e-15
"AT2G35630",9.27778929320862e-21,-0.458515350494755,0.136,0.301,1.17265689992581e-15
"AT4G04860",9.34850634883929e-21,-0.998381065026521,0.045,0.164,1.18159511145519e-15
"AT1G57620",9.40143928932624e-21,-0.793009514489643,0.081,0.22,1.1882855175351e-15
"AT1G09130",9.44445021850022e-21,-0.737587372887648,0.049,0.174,1.19372184091712e-15
"AT5G41750",9.45481758916945e-21,-1.45439389975668,0.045,0.162,1.19503221436548e-15
"AT1G51850",9.61186407286128e-21,-1.29585422153358,0.055,0.176,1.21488194762523e-15
"AT1G17340",9.87608069679553e-21,-1.40727699552955,0.055,0.177,1.24827734359077e-15
"AT5G15580",9.97170767807893e-21,-1.37816788572604,0.035,0.148,1.26036402026311e-15
"AT3G61060",1.01414745717155e-20,-0.475212290749374,0.278,0.472,1.28182153701741e-15
"AT1G67325",1.03872860442038e-20,-1.40682000125772,0.03,0.141,1.31289063227109e-15
"AT2G27330",1.04475965168125e-20,-1.59311233318887,0.045,0.162,1.320513514146e-15
"AT3G10770",1.05349804318329e-20,-0.738351210833685,0.064,0.195,1.33155831670109e-15
"AT5G59780",1.05931733781586e-20,-0.619769723082864,0.2,0.379,1.33891355595897e-15
"AT1G22520",1.07580774342328e-20,-0.378472260376954,0.144,0.307,1.35975643922243e-15
"AT1G79850",1.07930751721622e-20,-0.848515612703348,0.066,0.197,1.36417994331028e-15
"AT1G44100",1.08217317464266e-20,-1.42633056671068,0.05,0.171,1.36780196235785e-15
"AT2G31660",1.08490461652931e-20,-1.72067199352104,0.031,0.142,1.37125434101606e-15
"AT5G22780",1.08529870211209e-20,-0.983126338509904,0.064,0.193,1.37175244154755e-15
"AT5G12230",1.08531207154432e-20,-1.32955735236157,0.047,0.167,1.37176933970772e-15
"AT2G33740",1.09475625773073e-20,-0.83689091188694,0.074,0.208,1.38370622439618e-15
"AT1G75560",1.1194922383261e-20,-0.98122344376686,0.059,0.186,1.41497101970989e-15
"AT5G65010",1.13669026298744e-20,-1.07292535367866,0.039,0.156,1.43670829100035e-15
"AT5G27520",1.15067692275408e-20,-1.11694157038517,0.055,0.178,1.45438658974579e-15
"AT3G58460",1.15282387001966e-20,-1.09720773219597,0.032,0.144,1.45710020227265e-15
"AT3G53710",1.1768516694918e-20,-0.841191346972562,0.071,0.203,1.48746989913746e-15
"AT2G35795",1.19309729316279e-20,-0.729771041687354,0.076,0.212,1.50800339272018e-15
"AT3G02650",1.19465499174833e-20,-1.47500579124164,0.027,0.136,1.50997223027038e-15
"2:3313937-3315117",1.20615269434929e-20,-1.75210362224328,0.062,0.185,1.52450463649584e-15
"AT3G22660",1.23717719772201e-20,-0.96867622854749,0.062,0.191,1.56371774728876e-15
"AT2G46020",1.25321964335421e-20,-0.708419372427184,0.082,0.22,1.58399443602112e-15
"AT1G47500",1.2546116871993e-20,-0.994602305970198,0.049,0.171,1.58575389591869e-15
"AT3G11530",1.27548041547649e-20,-0.775083963012135,0.072,0.206,1.61213071633736e-15
"AT2G39660",1.31514869189417e-20,-0.877558745360667,0.05,0.172,1.66226903763272e-15
"AT1G62800",1.32075250406748e-20,-0.589546207720794,0.077,0.212,1.66935191999105e-15
"AT4G19690",1.32369570850968e-20,-1.08615386069274,0.179,0.347,1.67307195381373e-15
"AT3G59020",1.33844068486046e-20,-1.10565658180738,0.043,0.161,1.69170871922253e-15
"AT3G11420",1.35052424681441e-20,-0.373009412645962,0.177,0.353,1.7069816165186e-15
"AT3G57000",1.3688549085486e-20,-0.888249212200156,0.064,0.193,1.73015047311092e-15
"AT2G45980",1.3704036046343e-20,-0.496920083973202,0.072,0.208,1.73210793204148e-15
"AT2G45540",1.37444654211081e-20,-1.00012923611223,0.058,0.184,1.73721796243554e-15
"AT5G20900",1.37871459535632e-20,-0.525133561283785,0.135,0.295,1.74261252565467e-15
"AT2G02860",1.38563178242919e-20,-1.01180279008727,0.069,0.199,1.75135543508355e-15
"AT5G54100",1.38971206261526e-20,-1.4140587241688,0.025,0.132,1.75651266442193e-15
"AT2G25310",1.4031287397908e-20,-0.899641011199726,0.061,0.189,1.77347053937118e-15
"AT5G39990",1.41470040404412e-20,-0.848876019280902,0.054,0.179,1.78809642868753e-15
"AT2G05790",1.41816953130943e-20,-1.25336776470061,0.039,0.155,1.79248119740324e-15
"AT4G00720",1.42476037487698e-20,-0.93081457814983,0.065,0.193,1.80081162822201e-15
"AT5G15810",1.44713806938209e-20,-1.17272771836295,0.036,0.151,1.8290956914148e-15
"AT2G29140",1.47428266917683e-20,-0.993434463278652,0.035,0.149,1.86340483687936e-15
"AT5G62520",1.47765156301476e-20,-1.0946909113063,0.13,0.276,1.86766291655688e-15
"AT1G10290",1.48739997655154e-20,-0.373181522693547,0.108,0.26,1.87998432636256e-15
"AT1G11475",1.49123234701528e-20,-0.402368004466744,0.171,0.339,1.8848282126865e-15
"AT5G11700",1.51579299693663e-20,-0.459929713878201,0.099,0.247,1.91587140054808e-15
"AT5G05500",1.52975756506022e-20,-1.45753359874359,0.12,0.268,1.93352177678221e-15
"AT5G62460",1.53770240904706e-20,-0.860350400795099,0.043,0.163,1.94356358289095e-15
"AT1G79280",1.55750226873759e-20,-0.529416852480536,0.122,0.276,1.96858941754819e-15
"AT3G08640",1.56435817722943e-20,-1.11578861387413,0.032,0.145,1.97725487452737e-15
"AT3G05990",1.59994243420921e-20,-1.63542053803635,0.03,0.14,2.02223124029439e-15
"AT1G69250",1.61404604879366e-20,-1.2473110094483,0.033,0.146,2.04005736291226e-15
"AT1G21780",1.65303412676524e-20,-0.897483375620843,0.05,0.173,2.08933595418365e-15
"AT2G23120",1.65466331533973e-20,-0.292878379258273,0.557,0.788,2.0913951507905e-15
"AT3G25717",1.66228985176674e-20,-0.477224990407957,0.157,0.328,2.10103463524206e-15
"AT5G66920",1.66404561225518e-20,-0.861415290589651,0.085,0.222,2.10325381115381e-15
"AT3G15240",1.69229584266996e-20,-1.64494671709978,0.043,0.159,2.13896040738427e-15
"AT5G62680",1.69472775248044e-20,-1.10924581167558,0.066,0.194,2.14203419547013e-15
"AT1G73490",1.70814217798597e-20,-0.47002256984525,0.128,0.285,2.15898922444359e-15
"AT5G03905",1.75525162663054e-20,-0.772363689376276,0.062,0.191,2.21853274096341e-15
"AT2G32070",1.79752451062505e-20,-0.758507870276471,0.069,0.2,2.27196312995943e-15
"AT3G58040",1.81609737725862e-20,-1.54038191446271,0.029,0.139,2.29543811901226e-15
"AT1G74790",1.83664508458609e-20,-1.02952487231521,0.051,0.172,2.32140918821174e-15
"AT2G42790",1.86275755319064e-20,-0.521233117064291,0.075,0.211,2.35441378177978e-15
"AT2G44200",1.86655487755057e-20,-0.838456261990566,0.072,0.205,2.35921337193127e-15
"AT2G44310",1.87100245059388e-20,-0.405158165478146,0.105,0.254,2.36483483740363e-15
"AT3G17100",1.9058129082649e-20,-0.638237742743079,0.085,0.224,2.40883316727234e-15
"AT1G78890",1.93528701828908e-20,-0.455247123071961,0.09,0.234,2.4460866738963e-15
"AT5G26860",1.94846854954047e-20,-1.35783915274365,0.032,0.145,2.46274733850618e-15
"AT3G48070",1.97011439051132e-20,-0.65657254827933,0.075,0.209,2.49010638274288e-15
"AT3G05970",1.97622606629733e-20,-0.789437231165435,0.069,0.2,2.49783117423584e-15
"AT4G30100",1.97803412478304e-20,-0.874194818763996,0.065,0.193,2.50011645167827e-15
"AT1G79090",2.00258647478836e-20,-1.79452730785306,0.029,0.137,2.53114914894401e-15
"AT5G49940",2.00467354043787e-20,-0.624990175425699,0.059,0.187,2.53378707470104e-15
"AT4G17800",2.01166036861213e-20,-0.873621241131223,0.081,0.215,2.54261800630361e-15
"AT5G48657",2.01867261274793e-20,-0.945868797689342,0.046,0.165,2.55148106215662e-15
"AT5G63670",2.06345072868006e-20,-0.801087750220203,0.068,0.199,2.60807791400788e-15
"AT2G19710",2.07242696990365e-20,-1.20557685624487,0.041,0.158,2.61942334434003e-15
"AT5G67250",2.1015854120016e-20,-0.714033998962749,0.081,0.22,2.6562778656453e-15
"AT5G05100",2.15601771033002e-20,-0.737890111969375,0.062,0.19,2.72507702479452e-15
"AT3G07560",2.16383392586759e-20,-0.616004982950115,0.094,0.235,2.73495625226108e-15
"AT1G28395",2.16473824724067e-20,-1.09602319213333,0.058,0.182,2.73609926021738e-15
"AT5G18580",2.19239397689427e-20,-0.57693703085133,0.074,0.209,2.77105444315574e-15
"AT4G03120",2.20506200689285e-20,-1.27250245139849,0.036,0.15,2.78706607299215e-15
"AT3G49470",2.2220543302683e-20,-0.891986028739131,0.052,0.177,2.80854335019932e-15
"AT2G27450",2.24169594945227e-20,-0.801966388469096,0.06,0.188,2.8333691783507e-15
"AT1G69750",2.25095369152884e-20,-0.704551884668884,0.086,0.226,2.84507040887097e-15
"AT2G45670",2.30418000349876e-20,-0.461258225703282,0.068,0.201,2.91234527362223e-15
"AT2G25280",2.30797925941791e-20,-0.992998410320849,0.051,0.174,2.91714730514868e-15
"AT1G01060",2.32551371030622e-20,-0.630088633322925,0.109,0.256,2.93930979900444e-15
"AT4G30810",2.3391503247735e-20,-1.412699454051,0.039,0.153,2.95654566149422e-15
"AT3G60240",2.35849791517631e-20,-0.866243605799633,0.067,0.196,2.98099985490794e-15
"AT5G42110",2.40749137302708e-20,-1.46366271434596,0.033,0.145,3.04292464602384e-15
"AT1G02870",2.43305610218859e-20,-0.803943888586798,0.068,0.199,3.07523692980024e-15
"AT5G20070",2.49311122022244e-20,-0.831040587938767,0.058,0.183,3.15114299568795e-15
"AT1G65660",2.50639925213418e-20,-1.21940004862434,0.047,0.167,3.16793827074247e-15
"AT1G26665",2.5253011853669e-20,-0.783686513233684,0.05,0.172,3.19182918023264e-15
"AT1G05210",2.54184266482491e-20,-0.712683937676669,0.061,0.188,3.2127366177788e-15
"AT2G37975",2.55725562121135e-20,-0.745627554519383,0.086,0.224,3.23221766987387e-15
"AT3G46460",2.56280636196559e-20,-0.815275249414979,0.056,0.179,3.23923347314279e-15
"AT3G47470",2.5728208626461e-20,-1.34040196041662,0.038,0.153,3.25189120113292e-15
"AT1G64990",2.58527825105319e-20,-0.999345028513634,0.057,0.182,3.26763659263617e-15
"AT4G08280",2.64097682780838e-20,-0.898713686501683,0.052,0.175,3.33803625174012e-15
"AT4G11280",2.68031188642996e-20,-0.513201396908379,0.28,0.472,3.38775340573428e-15
"AT5G03500",2.69236857167185e-20,-1.25993241429391,0.036,0.148,3.40299233247892e-15
"AT5G48540",2.69371951948642e-20,-0.618710520692944,0.065,0.194,3.40469984945966e-15
"AT1G31020",2.73222821737777e-20,-1.47585386376667,0.029,0.137,3.45337253307246e-15
"AT5G57815",2.74002415288802e-20,-0.944192271213254,0.066,0.194,3.46322612780128e-15
"AT3G19960",2.80767603802722e-20,-0.69135549724566,0.057,0.183,3.54873405150412e-15
"AT2G27190",2.82002090215591e-20,-0.724287347584709,0.076,0.209,3.56433721907094e-15
"AT4G31320",2.82058115787958e-20,-1.28375920802803,0.035,0.146,3.56504534869032e-15
"AT3G07810",2.86100745202009e-20,-0.890909399311474,0.079,0.212,3.61614175890627e-15
"AT2G01350",2.88238440574364e-20,-0.774454960736523,0.074,0.206,3.64316094579562e-15
"AT5G12400",2.8855123814142e-20,-1.17343926518495,0.04,0.156,3.64711451936466e-15
"AT2G24290",2.8938868154979e-20,-1.3938223388916,0.033,0.145,3.65769930158041e-15
"AT1G60640",2.92405949763505e-20,-1.12404819282003,0.048,0.168,3.69583576144085e-15
"AT3G57650",2.93727836119096e-20,-0.567299170191243,0.091,0.232,3.7125436118437e-15
"AT1G31300",2.94385362825655e-20,-1.26428319815661,0.031,0.141,3.72085435489859e-15
"AT3G52040",2.96986735506239e-20,-0.623353162795992,0.097,0.241,3.75373414475756e-15
"AT2G47160",2.98766059063459e-20,-1.2873787516414,0.036,0.148,3.77622372692669e-15
"AT1G05350",3.05452762755626e-20,-1.04901278898412,0.038,0.152,3.86073964957346e-15
"AT5G53400",3.1244963692623e-20,-0.709621153862798,0.104,0.247,3.94917594096539e-15
"AT2G22400",3.13043355315265e-20,-1.01222570044154,0.045,0.163,3.95668018517176e-15
"AT1G35670",3.14256512425718e-20,-0.828833735400386,0.051,0.172,3.97201376315362e-15
"AT4G01900",3.16378758711684e-20,-1.04029457688614,0.038,0.153,3.99883768286046e-15
"AT1G75840",3.16651081113574e-20,-0.796053115954306,0.076,0.208,4.0022796746269e-15
"AT4G22330",3.18125983063787e-20,-0.921397481067249,0.061,0.187,4.02092155033643e-15
"AT1G06230",3.19828853048082e-20,-0.802331544249886,0.05,0.171,4.04244480521592e-15
"AT5G64940",3.25326536099415e-20,-0.964022848237192,0.055,0.177,4.11193222037494e-15
"AT5G52280",3.27394684138378e-20,-1.13737021503365,0.047,0.166,4.13807237069862e-15
"AT2G06520",3.28775208650501e-20,-0.886336366730392,0.061,0.188,4.15552137221714e-15
"AT5G46800",3.31714158764275e-20,-1.26880305388285,0.048,0.166,4.19266793828518e-15
"AT3G14720",3.3647541545011e-20,-1.35393704141842,0.045,0.161,4.25284736604013e-15
"AT3G23810",3.39249374246368e-20,-0.858393329100033,0.164,0.323,4.28790854084955e-15
"AT2G25870",3.39461840143864e-20,-1.52881481510047,0.036,0.146,4.29059398231435e-15
"AT5G28640",3.42930641472715e-20,-1.49778283320311,0.043,0.16,4.33443754983023e-15
"AT5G61880",3.43027321831024e-20,-1.15875254430984,0.036,0.148,4.33565953155105e-15
"AT4G17100",3.46388378431173e-20,-1.3215786418426,0.055,0.175,4.37814127034297e-15
"AT5G65780",3.51133823582875e-20,-0.723540715341225,0.051,0.174,4.43812084979339e-15
"AT3G21215",3.56055255664926e-20,-0.907124932843359,0.068,0.196,4.50032479845127e-15
"AT1G06870",3.59527888971379e-20,-0.793930197574443,0.05,0.171,4.54421679986485e-15
"AT2G04160",3.5985161200922e-20,-1.75079130132554,0.037,0.149,4.54830846482933e-15
"AT1G20980",3.61868917562022e-20,-0.96476128046426,0.054,0.176,4.57380599663342e-15
"AT2G16750",3.69687204216661e-20,-1.83677881974452,0.031,0.14,4.67262444897607e-15
"AT4G32870",3.73507165511462e-20,-0.783445580068957,0.093,0.23,4.72090646776557e-15
"AT3G53520",3.80941172583391e-20,-1.2122359458883,0.045,0.163,4.81486785675051e-15
"AT2G46500",3.81545662478512e-20,-0.402720983484224,0.113,0.263,4.8225082463309e-15
"AT1G10900",3.82865177655121e-20,-1.19801553911263,0.038,0.151,4.83918612645413e-15
"AT5G61130",3.86464316815459e-20,-1.22054024892629,0.048,0.166,4.88467708595731e-15
"AT5G06970",3.88227763778832e-20,-0.797781337304236,0.062,0.188,4.90696599750617e-15
"AT5G40950",3.900159693212e-20,-0.898370115561637,0.059,0.185,4.92956784263837e-15
"AT1G49340",3.94103294374079e-20,-0.966541969193314,0.068,0.195,4.98122917891174e-15
"AT4G00090",3.96408227910237e-20,-0.874975537124784,0.047,0.165,5.01036215584866e-15
"AT3G05280",3.96883748920946e-20,-1.00819131336624,0.05,0.17,5.01637245611141e-15
"AT4G28910",4.01361790433175e-20,-0.866031081015903,0.06,0.186,5.07297221400108e-15
"AT1G68410",4.01391198791363e-20,-0.905196457559547,0.051,0.173,5.07334391800356e-15
"AT2G34357",4.07169096226314e-20,-1.13147883810922,0.05,0.17,5.14637307484288e-15
"AT1G30690",4.14116091757815e-20,-1.11272833601852,0.074,0.204,5.23417893016372e-15
"AT4G32850",4.30860571250338e-20,-0.28900925362647,0.207,0.388,5.44581910426152e-15
"AT1G06290",4.33012972847989e-20,-1.25205730416551,0.046,0.163,5.47302416901487e-15
"AT1G70730",4.34667830535794e-20,-1.11083968613987,0.057,0.18,5.49394057727411e-15
"AT1G64060",4.44124553999669e-20,-0.504763657042603,0.139,0.296,5.61346788782342e-15
"AT2G01570",4.46456712231168e-20,-0.945761566458601,0.046,0.163,5.64294496857463e-15
"AT1G66070",4.51128498444486e-20,-0.783086551974824,0.042,0.16,5.70199354323924e-15
"AT2G16900",4.51809515465411e-20,-1.00053948380212,0.065,0.192,5.71060118977352e-15
"AT2G46750",4.53272704179456e-20,-1.32422099187778,0.041,0.155,5.72909501720581e-15
"ATMG01390",4.53405952015118e-20,-0.349061818499968,0.43,0.636,5.73077918989988e-15
"AT2G03150",4.55059964178084e-20,-0.631550718826302,0.064,0.192,5.75168491123247e-15
"AT5G60550",4.60514267579024e-20,-1.04161666900854,0.036,0.148,5.82062403363831e-15
"AT4G27585",4.61210370590598e-20,-0.774113472618203,0.054,0.175,5.8294223580428e-15
"AT1G49400",4.69303407541342e-20,-0.576074671172756,0.088,0.228,5.93171348927804e-15
"AT3G15290",4.69949303321997e-20,-1.09470251036195,0.046,0.163,5.93987722440805e-15
"AT3G25140",4.75057947777459e-20,-0.688466926291335,0.068,0.198,6.00444742513841e-15
"AT4G39690",4.76984519200729e-20,-1.03862010883599,0.047,0.165,6.0287981319857e-15
"AT5G16300",4.80665893825583e-20,-1.33642296001306,0.032,0.142,6.07532849841908e-15
"AT1G13320",4.88404298666743e-20,-0.679730287042951,0.08,0.216,6.17313729256843e-15
"AT2G31800",4.91747140017187e-20,-1.13334441896111,0.055,0.175,6.21538880153323e-15
"AT4G29960",4.94981588412873e-20,-0.784322843869589,0.067,0.194,6.25627028858566e-15
"AT1G02330",5.02842024941427e-20,-0.449567026682398,0.078,0.212,6.35562149004468e-15
"AT5G53050",5.08135614358392e-20,-1.33735183545368,0.048,0.165,6.42252928412146e-15
"AT4G35380",5.09857945791096e-20,-1.65179367198231,0.045,0.158,6.44429852003198e-15
"AT1G43130",5.10070882711739e-20,-0.766617744284688,0.068,0.197,6.44698991494676e-15
"AT4G02430",5.11196593980698e-20,-0.807053950692859,0.084,0.218,6.46121822995963e-15
"AT4G22810",5.14569779885357e-20,-0.871748212001971,0.058,0.181,6.50385327588298e-15
"AT2G27830",5.15327506920951e-20,-1.00957325164777,0.055,0.177,6.51343049097667e-15
"AT5G02840",5.161006509541e-20,-0.764046424442207,0.069,0.2,6.52320256766926e-15
"AT5G20960",5.17940204837257e-20,-0.510527056741924,0.172,0.339,6.54645342502003e-15
"AT3G01690",5.184302301348e-20,-0.407970466681813,0.134,0.291,6.5526470507658e-15
"AT5G45500",5.21920013291724e-20,-0.665110164583961,0.059,0.185,6.59675581599942e-15
"AT4G17085",5.26178962765132e-20,-0.438195622339462,0.081,0.219,6.6505863819736e-15
"AT4G00080",5.30455545354637e-20,-1.40662727132114,0.072,0.198,6.7046398199554e-15
"AT3G60440",5.32621789631612e-20,-1.0868940920931,0.04,0.154,6.73201984786979e-15
"AT3G53730",5.35654250598683e-20,-0.485821679166469,0.337,0.558,6.770348335017e-15
"AT3G26395",5.37164931550611e-20,-1.03673724941268,0.079,0.211,6.7894424358408e-15
"AT1G74690",5.38836717628431e-20,-0.818056501740152,0.065,0.191,6.81057280879279e-15
"AT5G44720",5.42671047839883e-20,-0.486117805549002,0.085,0.223,6.85903644206742e-15
"AT2G29490",5.46097989447398e-20,-0.426803445807954,0.156,0.322,6.90235092782144e-15
"AT1G05710",5.46357585773688e-20,-0.546924180691464,0.126,0.281,6.90563206962796e-15
"AT2G39270",5.48548129966724e-20,-1.29524453893066,0.029,0.136,6.93331923390141e-15
"AT3G62940",5.53265998570521e-20,-1.12348860485965,0.056,0.175,6.99295026233225e-15
"AT4G25840",5.5707144764607e-20,-1.16892937265191,0.042,0.157,7.04104885537773e-15
"AT4G37590",5.63143666286959e-20,-0.368342640467069,0.234,0.42,7.11779805566739e-15
"AT1G43160",5.6463016183147e-20,-1.26803209391509,0.148,0.296,7.13658646745269e-15
"AT4G13530",5.66052933282779e-20,-0.677686926252229,0.08,0.214,7.15456944493435e-15
"AT1G14210",5.66148419799049e-20,-0.539325681758598,0.123,0.273,7.1557763372081e-15
"AT4G02075",5.77205183981159e-20,-0.683041043446064,0.147,0.3,7.29552720241146e-15
"AT4G13660",5.83680063375823e-20,-0.667201087358066,0.097,0.239,7.37736579303238e-15
"AT5G03160",5.86943848097246e-20,-0.902106282021825,0.072,0.201,7.41861807364034e-15
"AT3G03420",5.95419349730724e-20,-1.46975558962706,0.032,0.141,7.52574332898651e-15
"AT3G07660",6.001936027802e-20,-1.54038586845489,0.033,0.143,7.58608702298006e-15
"AT5G62050",6.02913177772494e-20,-0.700673849663651,0.049,0.169,7.62046081913766e-15
"AT4G01370",6.03761265511845e-20,-0.701814904078663,0.062,0.189,7.63118013931042e-15
"AT2G20610",6.04384938867793e-20,-1.07849495696091,0.055,0.176,7.63906299632558e-15
"AT3G53630",6.16405342975073e-20,-0.83462087844776,0.048,0.167,7.79099369199914e-15
"AT1G55890",6.21278469234385e-20,-1.34308915871985,0.031,0.14,7.85258708404109e-15
"AT5G28740",6.27706401443441e-20,-1.13538231497456,0.045,0.16,7.93383229040423e-15
"AT5G44070",6.30934237888449e-20,-0.725027042554061,0.059,0.183,7.97463020636726e-15
"AT1G07020",6.37084490929612e-20,-0.535066639272771,0.077,0.211,8.05236571465573e-15
"AT4G38360",6.42687849360522e-20,-1.0258971083558,0.067,0.192,8.12318880320738e-15
"AT2G36835",6.51189421297355e-20,-0.792986790721373,0.055,0.177,8.23064357154579e-15
"AT1G74100",6.52882748733896e-20,-0.506219811564972,0.182,0.349,8.25204621434721e-15
"AT5G23670",6.53756174028076e-20,-1.23683823469497,0.036,0.147,8.26308578601047e-15
"AT5G10580",6.5619102442913e-20,-1.38785432680051,0.082,0.213,8.29386083416954e-15
"AT1G55680",6.58039340451207e-20,-0.442492602979532,0.074,0.205,8.31722243969899e-15
"AT3G13445",6.64776315995681e-20,-1.07957293335407,0.03,0.138,8.40237376839581e-15
"AT2G20830",6.90064580244634e-20,-1.37426682510128,0.033,0.142,8.72200225554402e-15
"AT1G71270",6.96838171551763e-20,-0.789260326843103,0.037,0.149,8.80761638551135e-15
"AT2G25964",6.96868771271832e-20,-0.777891298068438,0.052,0.174,8.8080031476132e-15
"AT2G02800",6.99259084286188e-20,-0.85706071548831,0.086,0.219,8.83821526992685e-15
"AT3G17860",7.01993846302112e-20,-0.922787599579076,0.072,0.201,8.87278102095092e-15
"AT4G30850",7.02903659327157e-20,-1.31321421821922,0.036,0.146,8.88428051169967e-15
"AT1G51420",7.16791329359297e-20,-0.779094522490107,0.061,0.187,9.0598123283039e-15
"AT3G11070",7.28620838146782e-20,-1.0773332201119,0.02,0.123,9.20933022167243e-15
"AT5G56550",7.34675631441525e-20,-0.623984499497942,0.274,0.457,9.28585917604201e-15
"AT1G11930",7.37156734508725e-20,-1.01280077047575,0.068,0.194,9.31721883014957e-15
"AT3G61420",7.37748329143567e-20,-0.830775780258615,0.094,0.229,9.3246962313772e-15
"AT2G44180",7.38027934357213e-20,-0.628264438108508,0.085,0.22,9.32823027351456e-15
"AT1G03910",7.56668044897402e-20,-0.8097849269089,0.065,0.191,9.56383008667622e-15
"AT1G09150",7.60926917229356e-20,-0.42105187812855,0.098,0.243,9.61765967762872e-15
"AT1G04120",7.6527567537967e-20,-0.815347848233314,0.077,0.209,9.6726253713938e-15
"AT2G45810",7.65309279318485e-20,-0.751181618531323,0.062,0.188,9.67305010501806e-15
"AT4G26610",7.71364439629019e-20,-0.912885397667775,0.047,0.165,9.74958369824702e-15
"AT5G54840",7.75319093084459e-20,-1.36874812727191,0.031,0.14,9.79956814513172e-15
"AT4G17486",8.09036866732186e-20,-0.749841100153473,0.064,0.191,1.02257405733748e-14
"AT3G48340",8.09076060835076e-20,-1.3796715245793,0.127,0.269,1.02262359633189e-14
"AT4G33420",8.10022141044404e-20,-0.904897085514037,0.152,0.304,1.02381938495166e-14
"AT1G59710",8.136315229094e-20,-1.26366459758235,0.032,0.141,1.02838142706611e-14
"AT3G46280",8.1445706188798e-20,-1.04118050037651,0.099,0.239,1.02942485880269e-14
"AT1G06530",8.19230638126359e-20,-0.702916574992144,0.082,0.215,1.03545837275343e-14
"AT5G18190",8.33326471883026e-20,-0.680056991528626,0.059,0.184,1.05327466087183e-14
"AT5G41770",8.34008105534704e-20,-1.00635728552274,0.052,0.172,1.05413620490953e-14
"AT5G03540",8.36536921564347e-20,-0.881283738533465,0.061,0.185,1.05733247664204e-14
"AT1G69220",8.48560163100265e-20,-0.703277060762394,0.058,0.182,1.07252913254895e-14
"AT5G26610",8.49102479125443e-20,-0.764173437954945,0.061,0.186,1.07321458746581e-14
"AT5G24810",8.52585790048985e-20,-1.00969998689809,0.058,0.179,1.07761728347451e-14
"AT5G51220",8.54884858456504e-20,-1.07278233290932,0.039,0.152,1.08052316799751e-14
"AT1G07000",8.65262257825973e-20,-1.36198367765174,0.035,0.143,1.09363957815656e-14
"AT4G02940",8.91440112803169e-20,-0.811359943211612,0.074,0.203,1.12672681617644e-14
"AT3G20100",8.93122259635016e-20,-0.738653938249635,0.058,0.18,1.12885294884308e-14
"AT1G04250",8.99045559146391e-20,-0.65507809141631,0.2,0.367,1.13633964402749e-14
"AT2G39650",9.14846488342374e-20,-1.07528879992563,0.055,0.174,1.15631107047546e-14
"AT4G38600",9.23500295056892e-20,-0.605046340534977,0.061,0.188,1.16724896293421e-14
"AT5G22140",9.41719089985388e-20,-0.620229467577583,0.09,0.228,1.19027642659613e-14
"AT5G27450",9.51758723596306e-20,-0.453807724846557,0.081,0.215,1.20296592110232e-14
"AT1G23020",9.58129141529218e-20,-1.29640791569804,0.05,0.165,1.21101774714444e-14
"AT3G16410",9.63523830108782e-20,-1.31288500992374,0.096,0.23,1.21783630982769e-14
"AT2G39500",9.66019811267224e-20,-0.663923501733755,0.062,0.19,1.22099108025309e-14
"AT3G45710",9.66425067609746e-20,-0.927259959863296,0.082,0.214,1.22150329995466e-14
"AT1G19450",9.66932413367655e-20,-0.85087338124028,0.081,0.214,1.22214455455191e-14
"AT2G35880",9.6761052049757e-20,-0.664814963574639,0.086,0.222,1.2230016412777e-14
"AT4G22150",9.71941317913019e-20,-0.861179790997231,0.062,0.186,1.22847550936298e-14
"AT3G08943",9.89356417331783e-20,-1.54913691083591,0.042,0.155,1.25048715012233e-14
"AT4G04470",9.93322178965525e-20,-0.563476462167911,0.089,0.227,1.25549963488169e-14
"2:3336995-3338373",1.00570489941638e-19,-1.71656166062738,0.036,0.144,1.27115065056834e-14
"AT2G20120",1.0153271153706e-19,-1.14441872936984,0.032,0.141,1.28331255420151e-14
"AT5G66280",1.02658655020843e-19,-1.12232739663789,0.086,0.217,1.29754380427044e-14
"AT2G24040",1.0324780224087e-19,-0.745424357593878,0.07,0.2,1.30499027164325e-14
"AT5G41990",1.03311824067129e-19,-0.956611063521412,0.07,0.198,1.30579946911406e-14
"AT5G20885",1.04846014476868e-19,-0.392839299358983,0.113,0.262,1.32519071537892e-14
"AT3G60360",1.05415754019173e-19,-0.848862587236253,0.061,0.185,1.33239188134994e-14
"AT3G46740",1.05732366573949e-19,-1.32769212582286,0.025,0.128,1.33639367407477e-14
"AT2G21190",1.0583439190322e-19,-0.454752483725379,0.099,0.242,1.33768321302156e-14
"AT2G26230",1.07519273122681e-19,-0.556395797547617,0.08,0.215,1.35897910070682e-14
"AT3G18990",1.09528158842973e-19,-0.669450330113237,0.067,0.194,1.38437021087987e-14
"AT2G20670",1.12026943272614e-19,-0.445244825321394,0.276,0.462,1.41595334679988e-14
"AT3G56680",1.12529252438075e-19,-1.51211846473269,0.022,0.125,1.4223022332658e-14
"AT3G06410",1.12612438405068e-19,-0.884295193919166,0.065,0.19,1.42335365397702e-14
"AT1G22500",1.13566121434215e-19,-1.07078033797379,0.049,0.167,1.43540763525562e-14
"AT3G02540",1.14304102078855e-19,-1.41818677782899,0.028,0.133,1.44473526781549e-14
"AT3G19740",1.14774535354221e-19,-1.37608548552697,0.028,0.133,1.45068126215614e-14
"AT4G38430",1.15165789750068e-19,-1.33704658412934,0.038,0.149,1.45562648296701e-14
"AT1G70320",1.15657279876745e-19,-0.349376559752458,0.116,0.266,1.46183862327413e-14
"AT5G58005",1.16059742084461e-19,-0.728200696156307,0.072,0.204,1.46692550410234e-14
"AT5G53620",1.19116925726857e-19,-1.17814820763277,0.031,0.139,1.50556647103204e-14
"AT5G47480",1.19118021279421e-19,-0.935111246361737,0.067,0.191,1.50558031815912e-14
"AT1G74960",1.2020491454754e-19,-1.20385955072735,0.028,0.134,1.51931799693218e-14
"AT1G69740",1.21514053961717e-19,-0.995348166542026,0.056,0.176,1.53586473364373e-14
"AT1G24170",1.21766459913043e-19,-0.949125566970611,0.067,0.192,1.53905499342491e-14
"AT5G51880",1.22151124159732e-19,-0.605505323631673,0.056,0.179,1.54391691870452e-14
"AT4G17330",1.22271772764894e-19,-0.348394049254159,0.09,0.23,1.5454418446846e-14
"AT3G20790",1.2318923352879e-19,-1.21330223917944,0.039,0.151,1.55703799826379e-14
"AT2G01090",1.24973918126228e-19,-0.794513004075031,0.051,0.17,1.57959534076464e-14
"AT5G52640",1.25235352136184e-19,-0.70142515764835,0.158,0.316,1.58289970979009e-14
"AT2G31750",1.27398634568421e-19,-0.71887362177469,0.095,0.231,1.6102423017641e-14
"AT1G12810",1.28327546964845e-19,-0.767423474159972,0.077,0.207,1.62198319710747e-14
"AT3G59770",1.30471934855258e-19,-1.12761552402014,0.048,0.163,1.64908697340955e-14
"AT5G66675",1.30969779826542e-19,-0.534793679997828,0.09,0.229,1.6553794351396e-14
"AT3G05920",1.31124027093507e-19,-0.888091778524023,0.093,0.228,1.65732902804567e-14
"AT2G43290",1.31213013597945e-19,-0.597968346291154,0.113,0.258,1.65845376406987e-14
"AT3G54580",1.32866844467374e-19,-0.887468621903557,0.33,0.523,1.67935719396093e-14
"AT3G28860",1.33124552046588e-19,-0.443008029208719,0.109,0.255,1.68261446313764e-14
"AT2G47630",1.34042637623152e-19,-1.46084380409967,0.04,0.151,1.69421851397407e-14
"AT3G49530",1.3552190640857e-19,-0.447264690110009,0.12,0.27,1.71291558386048e-14
"AT2G20930",1.3577730769276e-19,-0.378831252297495,0.096,0.238,1.71614370285187e-14
"AT2G20940",1.38224394458556e-19,-0.932748016769088,0.037,0.148,1.74707341131947e-14
"AT3G10300",1.39538197111916e-19,-1.03035116327712,0.07,0.196,1.76367908857635e-14
"AT4G40090",1.39694549259883e-19,-1.70645563901119,0.099,0.232,1.76565528591537e-14
"AT2G17190",1.43008548022945e-19,-0.756038140575878,0.07,0.199,1.80754224188121e-14
"AT2G41190",1.44990925104636e-19,-1.5053645761033,0.039,0.149,1.83259829876753e-14
"AT3G19520",1.45449472051811e-19,-0.837428926723603,0.061,0.185,1.83839405705166e-14
"AT3G48780",1.48653120149609e-19,-1.36473054532072,0.038,0.148,1.87888624681896e-14
"AT2G41380",1.48713614617722e-19,-0.920270111331235,0.059,0.182,1.87965086059923e-14
"AT5G61220",1.49140427017575e-19,-0.573212061298576,0.076,0.207,1.88504551324594e-14
"AT2G25170",1.49310953532678e-19,-0.773704324106294,0.079,0.209,1.88720086608093e-14
"AT1G03150",1.49368408456212e-19,-1.25155911240031,0.04,0.152,1.88792706184144e-14
"AT5G57580",1.51786828105801e-19,-1.03129750766093,0.043,0.159,1.91849443516046e-14
"AT2G47970",1.53129722918389e-19,-0.823755358023928,0.059,0.181,1.93546781985468e-14
"AT5G06300",1.54011805239053e-19,-0.607525584924164,0.149,0.305,1.94661681113849e-14
"AT3G17770",1.56252383017299e-19,-1.16974629148261,0.055,0.173,1.97493636990885e-14
"AT3G52748",1.56754293249362e-19,-0.953357954230574,0.046,0.16,1.98128021409598e-14
"AT3G19400",1.575405342492e-19,-1.03398514709532,0.035,0.143,1.99121782858934e-14
"AT3G63120",1.57924988290555e-19,-0.554488089094315,0.06,0.184,1.99607709699965e-14
"AT5G64370",1.58363937079309e-19,-0.399850196053039,0.104,0.248,2.00162514632021e-14
"AT4G39390",1.60179978003163e-19,-1.38205783084396,0.038,0.148,2.02457881397317e-14
"AT1G58190",1.61116226950408e-19,-1.04384481743632,0.045,0.158,2.03641243891699e-14
"AT2G30340",1.6111813437349e-19,-1.81372208567308,0.027,0.129,2.03643654760029e-14
"AT3G47670",1.61701656356319e-19,-1.18384190238194,0.052,0.171,2.04381191535006e-14
"AT3G26030",1.63330254471261e-19,-0.775351951739676,0.047,0.163,2.06439641836406e-14
"AT4G23910",1.6452484442769e-19,-0.556551674636556,0.075,0.204,2.07949531865934e-14
"AT1G27210",1.69169175620368e-19,-0.780017179526532,0.06,0.183,2.13819687833608e-14
"AT1G04960",1.69456536809728e-19,-0.80192357982047,0.069,0.196,2.14182895135287e-14
"AT4G33740",1.69481815010799e-19,-0.589120257375783,0.106,0.249,2.14214845264749e-14
"AT4G38350",1.7083604879368e-19,-0.776563239358517,0.079,0.21,2.15926515512284e-14
"AT5G50000",1.71944256155411e-19,-0.407693221640192,0.096,0.24,2.1732722312507e-14
"AT2G45160",1.76438549614604e-19,-1.44087936013885,0.028,0.132,2.23007740399883e-14
"AT4G01710",1.7736276036864e-19,-0.823793789743644,0.051,0.17,2.24175887340338e-14
"AT5G05460",1.81693559253491e-19,-1.05709225012851,0.032,0.142,2.29649757282857e-14
"AT1G16460",1.83833559602972e-19,-0.959553656456095,0.061,0.182,2.32354589324581e-14
"AT1G72130",1.90125317687614e-19,-1.29697711613747,0.039,0.149,2.40306994038083e-14
"AT3G44260",1.91310169428285e-19,-0.642053182127452,0.114,0.257,2.41804575547187e-14
"AT2G11890",1.95155704959159e-19,-1.23516046805156,0.035,0.142,2.4666510172608e-14
"AT2G06050",1.96316207537741e-19,-0.534175941307413,0.229,0.406,2.48131907355252e-14
"AT1G64040",1.96428452892211e-19,-0.578199012405355,0.069,0.197,2.48273778748581e-14
"AT1G44810",2.03086014161936e-19,-1.31221414545476,0.038,0.147,2.56688536739838e-14
"AT3G51630",2.03999593430658e-19,-0.79495940364007,0.08,0.209,2.57843246120746e-14
"AT4G03020",2.09933776990792e-19,-0.645290220012101,0.088,0.223,2.65343698089741e-14
"AT3G61180",2.13260142019021e-19,-0.52266504629479,0.072,0.2,2.69548023903522e-14
"AT2G40730",2.17219176269017e-19,-0.703959348790087,0.057,0.179,2.74552005653461e-14
"AT5G20230",2.23731651803199e-19,-1.90205639181613,0.052,0.166,2.82783383980136e-14
"AT3G07590",2.27712944621776e-19,-0.534108111615716,0.075,0.203,2.87815499225247e-14
"AT2G22475",2.2883655378882e-19,-0.946794632862333,0.046,0.16,2.89235673795841e-14
"AT1G76150",2.29827936940947e-19,-0.680049493840275,0.075,0.202,2.9048872261714e-14
"AT2G38770",2.31852390579247e-19,-0.953389748367221,0.032,0.14,2.93047510548733e-14
"AT3G25900",2.31912220839283e-19,-1.92116524823997,0.021,0.12,2.93123132407603e-14
"AT3G49080",2.32281569956251e-19,-0.921301399771284,0.042,0.156,2.93589967530504e-14
"AT5G67600",2.3354874507678e-19,-0.43913368127783,0.214,0.396,2.95191600852346e-14
"AT3G05200",2.37349956388935e-19,-0.533436678544919,0.089,0.225,2.9999610387823e-14
"AT5G02550",2.39732149757342e-19,-0.993023911163085,0.08,0.21,3.03007053364295e-14
"AT5G63190",2.42791815899794e-19,-0.713975436591614,0.107,0.248,3.06874287788386e-14
"AT1G69310",2.46661145400188e-19,-0.820553732490481,0.06,0.18,3.11764888117113e-14
"AT5G25780",2.4979347186472e-19,-1.8444204781113,0.023,0.124,3.15723960828694e-14
"AT4G27380",2.49927475551146e-19,-0.489310455268744,0.071,0.2,3.15893333448115e-14
"AT2G15430",2.53702121098384e-19,-1.22004163518407,0.04,0.151,3.20664258941092e-14
"AT2G39940",2.58006179694022e-19,-1.17766746317369,0.036,0.144,3.26104330762462e-14
"AT4G30060",2.62117092227653e-19,-0.80031197674677,0.039,0.15,3.3130027755022e-14
"AT1G45332",2.66944998773108e-19,-1.47486819606201,0.022,0.123,3.37402461749283e-14
"AT1G79730",2.67341036054199e-19,-1.20284679421526,0.038,0.148,3.37903029110344e-14
"AT1G26470",2.68783848698541e-19,-0.71838733366453,0.088,0.222,3.39726657724034e-14
"AT5G26260",2.78113856045741e-19,-1.03192390229531,0.474,0.66,3.51519227210454e-14
"AT5G17840",2.78430818632632e-19,-1.43637226802883,0.033,0.14,3.51919848902529e-14
"AT5G20190",2.7859019145139e-19,-0.378545325341876,0.114,0.263,3.5212128658307e-14
"AT4G02860",2.79947261455676e-19,-0.693974812355738,0.067,0.192,3.53836541644288e-14
"AT1G22140",2.80167518331342e-19,-0.827144017744359,0.06,0.182,3.54114933119716e-14
"AT5G10730",2.80698160020619e-19,-1.20952166085697,0.032,0.139,3.54785632376461e-14
"AT4G36990",2.87394688828692e-19,-0.398375165726479,0.193,0.363,3.63249642998137e-14
"2:3334072-3334832",2.90784862491261e-19,-1.59914821231759,0.042,0.152,3.67534619097205e-14
"AT4G34070",2.95270550021976e-19,-1.01831554217409,0.055,0.173,3.73204258994776e-14
"AT4G28860",2.95364624653052e-19,-0.814430318885291,0.09,0.223,3.73323163683979e-14
"AT5G25350",2.9722268973305e-19,-0.887108696386673,0.05,0.167,3.75671646461192e-14
"AT1G21930",2.9756147161073e-19,-0.882284258332214,0.055,0.174,3.76099846427666e-14
"AT1G72550",3.01374746818882e-19,-0.66918764570956,0.061,0.183,3.80919597494258e-14
"AT1G12820",3.04830547066987e-19,-1.07554937065765,0.03,0.136,3.85287521659848e-14
"AT5G06750",3.06273686017869e-19,-0.95041364264384,0.045,0.158,3.87111562705425e-14
"AT1G54130",3.07362623882649e-19,-0.312443386409804,0.12,0.271,3.88487914830235e-14
"AT4G08310",3.08717746226924e-19,-0.84372347908296,0.051,0.168,3.90200708166058e-14
"AT3G16310",3.08949296713528e-19,-0.936346800054212,0.027,0.131,3.90493374088096e-14
"AT5G57370",3.11072431121812e-19,-0.841004973547474,0.041,0.153,3.93176888592103e-14
"AT4G23050",3.12333172018561e-19,-0.396908441270875,0.082,0.217,3.9477038944114e-14
"AT1G30200",3.17292695551958e-19,-1.32233712902175,0.033,0.14,4.01038929615942e-14
"AT4G30670",3.20349189867363e-19,-0.877492226678102,0.123,0.265,4.04902155040955e-14
"AT2G40600",3.22225419682003e-19,-0.649737546202414,0.057,0.179,4.07273596952871e-14
"AT4G31790",3.26461164892696e-19,-1.23145133221388,0.037,0.146,4.12627324754474e-14
"AT1G34315",3.29804074450689e-19,-1.02589525571798,0.059,0.177,4.16852561861204e-14
"AT5G45600",3.38898808170813e-19,-0.578792148490762,0.041,0.154,4.28347759599417e-14
"AT3G05810",3.40619771692002e-19,-0.975499085976674,0.055,0.173,4.3052295423239e-14
"AT2G23780",3.44220513548712e-19,-0.71473735594918,0.069,0.194,4.35074075894759e-14
"AT4G22240",3.44712970516343e-19,-0.944805862634524,0.057,0.176,4.35696511954427e-14
"AT3G12650",3.4523374166923e-19,-1.07363849903648,0.046,0.16,4.36354735445407e-14
"AT1G11660",3.45800714065797e-19,-0.741087020838808,0.051,0.169,4.37071354536324e-14
"AT1G61870",3.49787359624111e-19,-0.918645828021552,0.047,0.162,4.42110235323299e-14
"AT1G09730",3.53276810415285e-19,-0.959047903651085,0.039,0.15,4.46520691756295e-14
"AT1G29690",3.53594790906856e-19,-0.681113613217142,0.055,0.173,4.46922600018811e-14
"AT2G02870",3.55739236812874e-19,-0.692388881780723,0.072,0.199,4.49633050977264e-14
"AT1G66800",3.55976848708754e-19,-1.50191863727284,0.033,0.14,4.49933378156942e-14
"AT4G32620",3.57547906352113e-19,-1.27480171740091,0.05,0.164,4.5191910075469e-14
"AT1G02100",3.58752916868442e-19,-0.954542743103852,0.049,0.164,4.53442161746699e-14
"2:3486001-3486837",3.63253311960284e-19,-1.08480536486379,0.123,0.254,4.59130391119082e-14
"AT1G22280",3.64716351400306e-19,-0.287750201775316,0.136,0.296,4.60979585188903e-14
"AT4G31120",3.70025532011276e-19,-1.25122950473194,0.037,0.146,4.67690070930332e-14
"AT1G62980",3.76084754011677e-19,-1.81167461883463,0.055,0.169,4.75348563985519e-14
"AT1G55160",3.78596893993727e-19,-0.425627996797805,0.101,0.246,4.78523758194432e-14
"AT4G17790",3.7995256672629e-19,-0.911654552971676,0.038,0.148,4.80237247188026e-14
"AT3G59600",3.9080330839985e-19,-1.0198993331183,0.042,0.154,4.93951933618907e-14
"AT5G60030",3.95694233292227e-19,-0.924838488055898,0.048,0.163,5.00133769227377e-14
"AT4G38790",3.9645820689869e-19,-0.544800608663316,0.087,0.22,5.0109938602753e-14
"AT4G01560",3.9845791855851e-19,-1.01362041305216,0.047,0.161,5.03626901582843e-14
"AT5G01020",4.03892747662061e-19,-0.621750373023436,0.069,0.196,5.10496199479986e-14
"AT3G09470",4.04190747542805e-19,-0.802664310846726,0.056,0.174,5.10872853449253e-14
"AT1G49820",4.0475226060713e-19,-1.18038598281329,0.032,0.139,5.11582572271776e-14
"AT1G65985",4.09460837749546e-19,-0.964311546892033,0.062,0.183,5.17533931265161e-14
"AT4G16830",4.09535999044064e-19,-0.59065104171311,0.096,0.235,5.17628930631754e-14
"AT1G68790",4.1427168598708e-19,-1.115411123686,0.051,0.166,5.2361455478651e-14
"AT4G24275",4.26891544042319e-19,-0.892102598109098,0.057,0.176,5.39565298176849e-14
"AT4G20980",4.28561579295285e-19,-0.435072744512471,0.074,0.203,5.41676122534483e-14
"AT5G15970",4.31095937988629e-19,-0.370394892237923,0.385,0.603,5.44879399861348e-14
"AT3G61130",4.32353893528126e-19,-0.996393235764617,0.051,0.167,5.46469380185939e-14
"AT2G33845",4.34287245736305e-19,-1.28752041957367,0.048,0.161,5.48913021375945e-14
"AT1G60190",4.38206058306139e-19,-1.90149164950041,0.028,0.129,5.53866165335462e-14
"AT2G04700",4.4009190541592e-19,-0.871035743143133,0.047,0.162,5.56249762931398e-14
"AT5G39590",4.47896049367705e-19,-0.5495186372186,0.087,0.22,5.66113732637817e-14
"AT3G46510",4.52396864985007e-19,-0.9805425212616,0.048,0.162,5.7180249352915e-14
"AT1G26640",4.56683788596445e-19,-0.700147308452264,0.057,0.177,5.77220907758591e-14
"AT1G78830",4.60413110787004e-19,-0.45050320676342,0.168,0.331,5.81934547248125e-14
"AT3G06420",4.72525021793465e-19,-0.295654476302772,0.226,0.41,5.97243276045632e-14
"AT3G24300",4.77355206517881e-19,-1.41285869679075,0.031,0.136,6.03348339726211e-14
"AT5G48680",4.77549968464114e-19,-0.948138015566679,0.032,0.139,6.03594507140532e-14
"AT3G15610",4.80167368054883e-19,-0.640202707781962,0.056,0.175,6.06902743179289e-14
"AT1G26460",4.83746281731419e-19,-1.19710708896267,0.046,0.157,6.1142627533161e-14
"AT2G46520",4.84491722393043e-19,-1.10789701050573,0.043,0.155,6.12368467601463e-14
"AT1G62640",4.87281723169862e-19,-0.911442024103334,0.047,0.16,6.15894861183315e-14
"AT2G32720",4.926087125816e-19,-0.492552169529579,0.111,0.257,6.22627856180387e-14
"AT5G23575",4.93476141922331e-19,-0.566349798984533,0.125,0.269,6.23724234821311e-14
"AT2G01890",4.95425531446677e-19,-0.989175410868009,0.062,0.182,6.26188146216712e-14
"AT1G08880",5.04062074086735e-19,-0.600220523096067,0.162,0.318,6.37104217921188e-14
"AT5G07460",5.05483119634784e-19,-0.632554017987106,0.095,0.23,6.38900334231188e-14
"AT5G63370",5.10532551790987e-19,-0.237296682537692,0.223,0.406,6.452825135107e-14
"AT3G18240",5.15186421711994e-19,-1.67989763647967,0.018,0.114,6.51164725858658e-14
"AT5G66250",5.3846042520104e-19,-0.676514298021764,0.074,0.2,6.80581669828602e-14
"AT5G04920",5.38733802749648e-19,-0.773044067971441,0.048,0.163,6.8092720264739e-14
"AT1G08450",5.41321066617098e-19,-0.512398138286164,0.099,0.237,6.84197348940015e-14
"AT3G20550",5.4777667848563e-19,-0.904508836006567,0.048,0.162,6.92356855005127e-14
"AT5G40660",5.48301012307362e-19,-0.872459054739485,0.047,0.161,6.93019581495767e-14
"AT5G42220",5.5225272636722e-19,-1.00445599549215,0.05,0.165,6.98014310964584e-14
"AT3G14080",5.52399952004386e-19,-1.2547392595288,0.031,0.136,6.98200395336423e-14
"AT5G25060",5.53446236013813e-19,-1.12823547546252,0.049,0.162,6.99522835547299e-14
"AT3G15480",5.56450840546302e-19,-0.686066490776478,0.08,0.209,7.03320475400093e-14
"AT1G03590",5.58347838234767e-19,-1.33528741020227,0.029,0.132,7.05718166658451e-14
"AT5G15980",5.63021030614855e-19,-2.08618612496471,0.01,0.1,7.11624801435339e-14
"AT2G32580",5.71785806593329e-19,-0.508672522122649,0.089,0.222,7.22702952385573e-14
"AT1G07350",5.78732278341635e-19,-0.49824983644486,0.132,0.279,7.31482875887126e-14
"AT4G32760",5.87650022001508e-19,-0.741421663301188,0.071,0.197,7.42754368808586e-14
"AT5G04410",5.89185519224948e-19,-0.725226055485819,0.072,0.199,7.44695145169181e-14
"AT3G15590",5.97348430029215e-19,-1.24000346798542,0.038,0.145,7.55012574651127e-14
"AT3G15357",5.97414966511626e-19,-1.16174502889556,0.1,0.229,7.55096672772705e-14
"AT3G25470",6.01446500137439e-19,-1.01214362476005,0.04,0.15,7.60192289383714e-14
"AT4G00300",6.09068649985886e-19,-0.939701301845668,0.05,0.165,7.6982622946316e-14
"AT3G23750",6.14366837429208e-19,-0.944946596825177,0.039,0.149,7.76522820500274e-14
"AT4G25970",6.1790121700133e-19,-1.12651711958125,0.04,0.149,7.80990064216662e-14
"AT4G12090",6.22763821667347e-19,-2.29958005620314,0.019,0.114,7.87136104758227e-14
"AT4G14385",6.23510713847086e-19,-1.08593421357151,0.047,0.159,7.88080131659886e-14
"AT1G74910",6.28196979190071e-19,-0.760787740694941,0.054,0.17,7.94003289877498e-14
"ATMG00580",6.37450008332164e-19,-0.719047751281559,0.126,0.27,8.05698563531355e-14
"AT4G20380",6.39577902874036e-19,-0.635549261666523,0.081,0.213,8.08388094558609e-14
"AT3G07330",6.4499279037071e-19,-1.35542344195012,0.035,0.141,8.15232187461155e-14
"AT1G01470",6.4564373569431e-19,-0.702506782707377,0.304,0.479,8.16054943293466e-14
"AT2G40650",6.48192694623331e-19,-0.828399428120404,0.066,0.188,8.19276674442213e-14
"AT1G16040",6.53299681970151e-19,-0.862078019936087,0.035,0.142,8.25731600029353e-14
"AT3G54480",6.71079016707963e-19,-0.572645469414804,0.068,0.193,8.48203612377862e-14
"AT5G11520",6.783083326677e-19,-0.339714375685847,0.191,0.364,8.57341033992012e-14
"AT1G72440",6.80725516103616e-19,-0.696005508101368,0.064,0.186,8.60396208824004e-14
"AT5G61600",6.84889670861723e-19,-0.476570836513553,0.13,0.278,8.65659450588967e-14
"AT3G48570",6.8948536439284e-19,-0.594574649158817,0.081,0.21,8.71468131470687e-14
"AT2G24100",6.91013591242472e-19,-0.978250609779973,0.069,0.192,8.73399718515011e-14
"AT2G30360",6.92329994207038e-19,-0.516628987354705,0.118,0.262,8.75063572878044e-14
"AT5G42950",6.9361482543646e-19,-0.548252782405983,0.069,0.195,8.76687522462159e-14
"AT1G19210",6.98570006244696e-19,-0.79016718709715,0.074,0.199,8.82950573692921e-14
"AT5G06265",7.05261702425024e-19,-0.519213876043115,0.107,0.246,8.91408476163085e-14
"AT3G45930",7.09976328383362e-19,-0.71841402156387,0.143,0.296,8.97367480496867e-14
"AT2G34160",7.11647890170739e-19,-0.425680276283335,0.096,0.235,8.99480234302403e-14
"AT1G04183",7.13261593810486e-19,-0.784426081872371,0.055,0.172,9.01519858880825e-14
"AT4G21800",7.14529505992261e-19,-1.50478304201899,0.026,0.127,9.03122423803858e-14
"AT4G26760",7.14820818122419e-19,-0.916368027397253,0.075,0.2,9.03490624857651e-14
"AT5G17900",7.14944178910545e-19,-1.35303888376892,0.039,0.146,9.03646545492194e-14
"AT1G79590",7.32155694162663e-19,-0.628241674828203,0.059,0.179,9.25400868079956e-14
"AT2G33590",7.32674161100659e-19,-0.807532272340251,0.084,0.212,9.26056179181567e-14
"AT2G32910",7.47106299456278e-19,-1.2531519991673,0.033,0.139,9.44297536134768e-14
"AT5G66930",7.51195028238244e-19,-0.568689289552799,0.078,0.207,9.49465443991446e-14
"2:3312934-3313780",7.51637949560887e-19,-1.66872888055619,0.043,0.152,9.50025269967987e-14
"AT4G12400",7.53762881609537e-19,-0.659948898745219,0.098,0.232,9.52711056581559e-14
"AT1G64490",7.55800477060666e-19,-0.608878770306229,0.079,0.208,9.55286454976059e-14
"AT1G80790",7.59507620497926e-19,-0.762187639730648,0.061,0.18,9.59972061852149e-14
"AT1G43850",7.59771008141583e-19,-1.56078457747372,0.027,0.128,9.60304968030473e-14
"AT5G55140",7.69564534111873e-19,-0.972586625291707,0.054,0.17,9.72683397245361e-14
"AT1G69030",7.6965313389902e-19,-0.721530311802671,0.057,0.177,9.72795382060327e-14
"AT4G13590",7.73614751709322e-19,-1.07064548752157,0.03,0.135,9.77802629275481e-14
"AT2G24360",7.7940693093473e-19,-0.528289616035994,0.071,0.199,9.85123596285643e-14
"AT5G48010",7.84841024506991e-19,-1.3510237438376,0.061,0.178,9.91991964515367e-14
"AT2G47250",7.99593997302585e-19,-1.19340932868026,0.042,0.151,1.01063883695063e-13
"AT2G29730",8.04453963647327e-19,-1.2264144361288,0.049,0.162,1.0167815428124e-13
"AT1G12830",8.05351795220165e-19,-0.914844703262305,0.036,0.143,1.01791634805058e-13
"AT5G42630",8.05719354072126e-19,-1.95213007591398,0.02,0.116,1.01838092038592e-13
"AT1G22410",8.0589021191568e-19,-0.283465879869635,0.229,0.417,1.0185968744487e-13
"AT4G36900",8.30790890412745e-19,-1.28322732614702,0.043,0.154,1.05006983802829e-13
"2:3496926-3497821",8.37502623301654e-19,-2.06136110104959,0.031,0.133,1.05855306569589e-13
"AT2G18876",8.4286338186996e-19,-1.1021978047388,0.055,0.17,1.06532874288072e-13
"AT3G59300",8.43842665946766e-19,-1.25360255027893,0.035,0.14,1.06656649919676e-13
"AT4G12880",8.44812036446551e-19,-0.725498947918582,0.13,0.275,1.06779172534625e-13
"AT4G31500",8.45748060689237e-19,-0.800759962332683,0.123,0.263,1.06897480382755e-13
"AT4G02100",8.53363062214935e-19,-1.51750215367826,0.031,0.134,1.07859970885594e-13
"AT5G56660",8.77971960767414e-19,-0.954298154037346,0.045,0.156,1.10970388009237e-13
"AT3G53830",8.83449935940087e-19,-1.00148257994835,0.055,0.169,1.11662771203211e-13
"AT5G54970",8.96456664976834e-19,-0.67654559350488,0.082,0.212,1.13306743713082e-13
"AT3G08730",9.13353674972166e-19,-1.28230409488066,0.031,0.135,1.15442424394432e-13
"AT5G63130",9.14637439314749e-19,-1.60761598639091,0.038,0.144,1.15604684504748e-13
"AT1G74510",9.28934270979385e-19,-1.09212251358323,0.045,0.156,1.17411718246168e-13
"AT4G19150",9.41492740097627e-19,-0.970905571504562,0.038,0.146,1.18999033391899e-13
"AT1G76980",9.43105045932125e-19,-1.39435730754691,0.043,0.152,1.19202819175545e-13
"AT5G19180",9.56212513092334e-19,-1.02287175089288,0.045,0.155,1.20859524379792e-13
"AT3G51310",9.58092725612887e-19,-0.586562332922073,0.07,0.196,1.21097171961115e-13
"AT2G47980",9.70285899032788e-19,-1.14448193318802,0.048,0.16,1.2263831592235e-13
"AT1G17280",9.74030797257538e-19,-0.726232182974532,0.077,0.203,1.23111648588569e-13
"AT5G54310",9.84513567766226e-19,-0.644055417067098,0.09,0.224,1.24436607884244e-13
"AT1G71070",9.85019822573816e-19,-1.17962026679307,0.036,0.143,1.24500595454395e-13
"AT4G28480",9.86044140149002e-19,-0.682458108645785,0.07,0.195,1.24630063049993e-13
"AT1G52600",9.88534107539643e-19,-0.391176768053718,0.158,0.316,1.24944779988366e-13
"AT4G30650",1.00220811652194e-18,-0.786086942828873,0.077,0.204,1.26673092679674e-13
"AT3G14840",1.00317936417857e-18,-0.48864547627919,0.139,0.292,1.26795852555986e-13
"AT1G50640",1.00577385292796e-18,-0.795996102813097,0.078,0.203,1.27123780366977e-13
"AT3G28690",1.00776728569888e-18,-0.674833088366752,0.11,0.248,1.27375738308624e-13
"AT2G15390",1.03931722368154e-18,-0.512538460300776,0.072,0.197,1.31363461170004e-13
"AT2G43940",1.05547917633434e-18,-0.859727643250643,0.047,0.159,1.33406235013603e-13
"AT4G05200",1.05801098304711e-18,-1.04749352411746,0.048,0.159,1.33726240191256e-13
"AT5G01100",1.08313160045196e-18,-1.23486326685601,0.072,0.192,1.36901335507525e-13
"AT3G06125",1.08800799128742e-18,-0.357805627972245,0.129,0.28,1.37517682050782e-13
"AT1G69760",1.09555630939213e-18,-0.140611118137079,0.259,0.449,1.38471744169308e-13
"AT5G59450",1.09764012045794e-18,-0.347810258641135,0.115,0.258,1.3873512538516e-13
"AT2G31585",1.10567761587058e-18,-1.03003028748148,0.043,0.154,1.39751016580347e-13
"AT4G23670",1.10897379451044e-18,-0.793086499277101,0.204,0.369,1.40167633783353e-13
"AT4G01320",1.11847935951515e-18,-0.346416400153086,0.111,0.255,1.41369080166558e-13
"AT5G61030",1.12516068451123e-18,-0.703671012052874,0.069,0.192,1.42213559558113e-13
"AT1G32490",1.12972345457834e-18,-0.713059779161183,0.046,0.159,1.42790266317975e-13
"AT3G24570",1.13483088213674e-18,-1.13621370481628,0.039,0.146,1.43435814516791e-13
"AT1G04870",1.13790553687328e-18,-1.44769122421698,0.04,0.147,1.43824432427561e-13
"AT3G24050",1.14151688564269e-18,-0.296419158558443,0.124,0.272,1.44280885243923e-13
"AT2G45695",1.14484921933212e-18,-0.870909731094202,0.055,0.17,1.44702072228264e-13
"AT1G03550",1.19406041712854e-18,-1.05035243719682,0.049,0.16,1.50922072362545e-13
"AT1G13260",1.20113774991902e-18,-0.33154462440439,0.191,0.359,1.51816604763264e-13
"AT3G01770",1.20692145648831e-18,-1.09452630133274,0.048,0.161,1.52547630571383e-13
"AT1G59960",1.21986803028126e-18,-0.848330948812273,0.067,0.19,1.54183999819369e-13
"AT5G62270",1.2200310259425e-18,-0.687961223458868,0.067,0.189,1.54204601492977e-13
"AT5G60680",1.24855167467027e-18,-0.489004264644707,0.12,0.264,1.57809440368274e-13
"AT3G05910",1.2507542527285e-18,-0.60281720009139,0.097,0.232,1.58087833019365e-13
"AT4G31810",1.25189503455858e-18,-0.77308827813575,0.037,0.144,1.58232020997997e-13
"AT4G19960",1.26297438226801e-18,-1.65583226716709,0.017,0.11,1.59632384072383e-13
"AT1G09570",1.26801551993833e-18,-0.655837128851032,0.071,0.195,1.60269553627085e-13
"AT2G40940",1.27343143353985e-18,-0.712942076152034,0.076,0.201,1.60954092610836e-13
"AT1G31230",1.28607702557915e-18,-1.05048124761592,0.03,0.133,1.62552419571052e-13
"AT4G08555",1.29926551945926e-18,-0.538613338129261,0.13,0.278,1.64219366066533e-13
"AT2G28890",1.31886806575482e-18,-1.05906741575361,0.054,0.167,1.66697010303014e-13
"AT2G15570",1.32953864518891e-18,-0.757451098155897,0.061,0.181,1.68045707520007e-13
"AT3G14050",1.33944689429902e-18,-0.851358514867285,0.056,0.17,1.69298050758031e-13
"AT5G01430",1.34606819410816e-18,-0.786022934030838,0.052,0.168,1.70134943326107e-13
"AT1G16860",1.35743665056016e-18,-1.14003017717456,0.031,0.135,1.71571848010901e-13
"AT1G20575",1.3588944139579e-18,-0.778035188908042,0.049,0.163,1.71756100557795e-13
"AT5G59550",1.37526411923988e-18,-0.676208356898913,0.088,0.218,1.73825133087206e-13
"AT4G08350",1.39783277129111e-18,-0.389265861724775,0.105,0.244,1.76677675294569e-13
"AT5G58800",1.39810589786194e-18,-0.711723136650221,0.07,0.194,1.76712196854362e-13
"AT5G66050",1.40310605588967e-18,-0.550855789132928,0.108,0.248,1.77344186828118e-13
"AT5G58100",1.40365550443479e-18,-0.54894342379641,0.065,0.187,1.77413633827531e-13
"AT1G06220",1.41444056164822e-18,-0.789372275628087,0.056,0.173,1.78776800348965e-13
"AT5G53350",1.42231770606285e-18,-0.436231361185387,0.091,0.224,1.79772424140108e-13
"AT5G13020",1.44136718806632e-18,-0.793210044793742,0.059,0.175,1.82180164368454e-13
"AT3G60880",1.44579556956934e-18,-1.5689407948981,0.016,0.108,1.82739885220147e-13
"AT4G31310",1.4762570456972e-18,-0.60845481143016,0.064,0.185,1.86590033033852e-13
"AT2G17710",1.48597961999281e-18,-0.568747503487105,0.07,0.192,1.87818908089371e-13
"AT2G28430",1.48894816316505e-18,-0.34136641492721,0.085,0.217,1.88194114135083e-13
"AT1G28350",1.49952306256709e-18,-1.59875500672855,0.033,0.136,1.89530717970104e-13
"AT1G06550",1.51136310645515e-18,-0.484174378458119,0.132,0.281,1.91027228477292e-13
"AT4G01040",1.51893956652954e-18,-1.58059480471699,0.02,0.116,1.91984847571935e-13
"AT2G17220",1.52598351871296e-18,-1.61394891486306,0.036,0.139,1.92875160864206e-13
"AT3G27030",1.56428435808999e-18,-0.706762908974321,0.125,0.268,1.97716157156427e-13
"AT2G43070",1.57791885459413e-18,-0.447346570087262,0.072,0.198,1.99439475707571e-13
"AT3G50550",1.59345534564954e-18,-0.669268130199486,0.081,0.211,2.01403194958028e-13
"AT1G71820",1.59760467924785e-18,-1.84499699443903,0.029,0.129,2.01927645828853e-13
"AT1G36310",1.59766769679263e-18,-1.00775599228231,0.047,0.157,2.01935610868408e-13
"AT1G66270",1.60419547423752e-18,-1.03707962566799,0.546,0.734,2.02760682770777e-13
"AT3G56510",1.60970744397653e-18,-0.854478765236849,0.05,0.163,2.03457362673969e-13
"AT1G13640",1.64252421702977e-18,-1.56692991169688,0.025,0.123,2.07605205887261e-13
"AT3G19170",1.65375556904968e-18,-1.10290264310567,0.038,0.144,2.09024781394466e-13
"AT3G28200",1.66433462733297e-18,-1.00592244062037,0.055,0.17,2.10361910887124e-13
"AT2G26670",1.69336627003255e-18,-0.877281569389286,0.052,0.166,2.14031336334494e-13
"AT2G46100",1.70103300824669e-18,-1.06320270060782,0.055,0.168,2.15000366044332e-13
"AT2G37080",1.70382608571882e-18,-1.13834555509218,0.056,0.17,2.15353394278345e-13
"AT4G11120",1.72103679391079e-18,-0.911279766190208,0.041,0.15,2.1752872452956e-13
"AT1G25682",1.7322080712507e-18,-0.82312419005273,0.068,0.19,2.18940706957661e-13
"AT3G15970",1.73772468035026e-18,-1.75967675262799,0.017,0.11,2.19637973248191e-13
"AT1G31860",1.7517222844681e-18,-0.735634718601409,0.061,0.18,2.21407186423061e-13
"AT5G45420",1.76289323123183e-18,-1.19427611171793,0.036,0.14,2.22819127068316e-13
"AT5G36180",1.76349642734384e-18,-1.56708557848167,0.033,0.136,2.22895367437698e-13
"AT2G41420",1.77035317259812e-18,-0.359364819843482,0.21,0.375,2.23762018897367e-13
"AT3G03000",1.77983294836783e-18,-0.796418873283234,0.061,0.179,2.24960205676003e-13
"AT5G09620",1.78521652624055e-18,-1.34410062681638,0.038,0.143,2.25640657617649e-13
"AT1G53470",1.78656886632339e-18,-1.47536326270188,0.026,0.124,2.25811585290078e-13
"AT3G15518",1.79141377752324e-18,-1.12001535977354,0.051,0.163,2.26423952996273e-13
"AT3G14690",1.79185721960625e-18,-1.09057729125235,0.058,0.174,2.26480001414912e-13
"AT2G03730",1.80218565818867e-18,-0.474532991980887,0.097,0.231,2.27785454081099e-13
"AT4G04614",1.82100465017931e-18,-1.28914921566346,0.039,0.146,2.30164061754764e-13
"AT5G64180",1.82517906118554e-18,-0.566940795335427,0.059,0.179,2.30691682259485e-13
"AT1G13160",1.82570989580379e-18,-2.13876158214562,0.022,0.118,2.30758776570225e-13
"AT4G16330",1.8377961437621e-18,-0.911467832037612,0.047,0.158,2.32286405794666e-13
"AT5G16750",1.85372781981789e-18,-1.32868278005674,0.033,0.137,2.34300074058063e-13
"AT4G29430",1.85829063039666e-18,-0.431499230975813,0.076,0.203,2.34876785938356e-13
"AT4G05390",1.87105192006278e-18,-0.627608699115886,0.072,0.198,2.36489736384415e-13
"AT5G04420",1.91723915311338e-18,-1.08940654860697,0.05,0.163,2.42327525518613e-13
"AT1G15740",1.94853337858076e-18,-0.605346787304259,0.09,0.22,2.46282927852337e-13
"AT4G29270",1.96169261610081e-18,-0.997818803034581,0.036,0.141,2.47946176519445e-13
"AT3G22570",1.99081821882233e-18,-0.92364561822231,0.066,0.184,2.51627477949829e-13
"AT4G36380",2.00177897648646e-18,-0.628343109782488,0.071,0.195,2.5301285195403e-13
"AT1G09815",2.0305080868975e-18,-0.847886249509861,0.05,0.163,2.56644039135322e-13
"AT5G17440",2.03637178438038e-18,-0.740467163295474,0.071,0.192,2.57385175314973e-13
"AT2G28570",2.04191215856401e-18,-0.932755630361992,0.162,0.309,2.5808544536954e-13
"AT1G79150",2.04380886851307e-18,-0.860427290173769,0.056,0.172,2.58325178126841e-13
"AT2G18990",2.05355599891111e-18,-0.927595302126764,0.054,0.167,2.5955715692637e-13
"AT1G76520",2.05489502875975e-18,-1.31644862062024,0.035,0.138,2.5972640226506e-13
"AT5G54540",2.06264851367144e-18,-0.556084752937038,0.068,0.191,2.60706396236987e-13
"AT2G27000",2.07639253453469e-18,-1.05920002096387,0.035,0.138,2.62443558009978e-13
"AT5G38830",2.09497323447246e-18,-0.453405192035858,0.098,0.234,2.64792046997912e-13
"AT2G03240",2.10162993579404e-18,-0.415889132763396,0.192,0.357,2.65633414104751e-13
"AT2G45300",2.12491873780035e-18,-0.748752388941887,0.074,0.198,2.68576978945538e-13
"AT1G03060",2.13538522691545e-18,-1.02659984784139,0.061,0.178,2.69899880370751e-13
"AT4G00026",2.13605224010719e-18,-0.850299437684642,0.055,0.17,2.69984186836108e-13
"AT2G27775",2.15098010516873e-18,-1.05478155780255,0.038,0.144,2.71870979412696e-13
"AT1G74450",2.16456358161756e-18,-0.40622765529252,0.126,0.272,2.7358784933497e-13
"AT2G31060",2.19254501235704e-18,-1.10237328226156,0.047,0.156,2.77124534291856e-13
"AT5G66200",2.19706087464311e-18,-0.887912906884714,0.056,0.171,2.77695312189641e-13
"AT1G03350",2.22118705601114e-18,-0.902817633383808,0.038,0.145,2.80744716757472e-13
"AT3G56410",2.23903339646252e-18,-1.13280377256895,0.058,0.172,2.83000387112484e-13
"AT4G21840",2.26043090589664e-18,-1.18712764466893,0.075,0.195,2.85704903919899e-13
"AT4G01070",2.2688776151641e-18,-0.696063887507953,0.081,0.209,2.86772517291051e-13
"AT3G57040",2.26945579161229e-18,-0.457568899099452,0.143,0.294,2.86845595325044e-13
"AT1G06110",2.29911012316555e-18,-0.739203325386692,0.043,0.152,2.90593724907386e-13
"AT3G59840",2.30888551645821e-18,-0.792216008309075,0.067,0.187,2.91829275967219e-13
"AT3G46210",2.39439793265917e-18,-1.20110244323633,0.027,0.126,3.02637532300524e-13
"AT5G37710",2.39849549778179e-18,-0.834484237406601,0.038,0.144,3.03155439946632e-13
"AT5G23920",2.40782090356863e-18,-1.71328910980552,0.028,0.127,3.04334115285653e-13
"AT3G63260",2.41233454847708e-18,-1.07980131091821,0.047,0.156,3.04904612920212e-13
"AT1G75440",2.4128287318587e-18,-0.383914165220735,0.107,0.245,3.04967074734549e-13
"AT3G22942",2.43453415254934e-18,-0.423949906151817,0.059,0.177,3.07710509677321e-13
"AT3G33530",2.47435607455682e-18,-0.902012475015034,0.047,0.158,3.12743761687534e-13
"AT5G06960",2.47818283435408e-18,-1.24069277098302,0.048,0.158,3.1322744116535e-13
"AT1G12410",2.54003896582719e-18,-0.627722555801275,0.052,0.166,3.21045685046762e-13
"AT1G50600",2.56420436897513e-18,-0.795133132461163,0.057,0.173,3.24100047012243e-13
"AT3G18760",2.57444372161449e-18,-0.673432590783185,0.082,0.211,3.25394239749741e-13
"AT3G53340",2.58520814103885e-18,-0.929320335103043,0.038,0.144,3.26754797778464e-13
"AT5G12370",2.58536157216533e-18,-1.09335697303072,0.046,0.155,3.26774190552265e-13
"AT5G23250",2.61487889196444e-18,-1.06367986883349,0.048,0.159,3.30505002670954e-13
"AT1G32700",2.6188993684184e-18,-0.346358094083479,0.227,0.404,3.31013166771875e-13
"AT1G30870",2.64135197336001e-18,-0.906920261878062,0.135,0.283,3.33851041320865e-13
"AT2G01270",2.65680733151915e-18,-1.14429466911002,0.041,0.149,3.35804505860032e-13
"AT2G31710",2.67076173536741e-18,-0.66662376844588,0.052,0.167,3.37568258780029e-13
"AT4G15560",2.67658882667745e-18,-0.845387841053916,0.07,0.191,3.38304768159069e-13
"AT2G19950",2.67662401321703e-18,-1.23468462256441,0.033,0.137,3.38309215526553e-13
"AT4G01150",2.71613589302354e-18,-0.738544295776162,0.05,0.163,3.43303280062817e-13
"AT1G13390",2.73478047825004e-18,-0.28487397188739,0.153,0.31,3.45659843767935e-13
"AT5G22770",2.75725833260051e-18,-0.771191866418883,0.068,0.187,3.48500909690709e-13
"AT1G01230",2.86635844256411e-18,-0.46036786699698,0.074,0.2,3.62290508989448e-13
"AT4G18030",2.86774462133367e-18,-0.449389686341369,0.164,0.323,3.62465713668848e-13
"AT5G13260",2.87910109375148e-18,-1.13033794334069,0.046,0.155,3.63901103643625e-13
"AT1G12850",2.89852459546567e-18,-0.844484758114023,0.052,0.165,3.66356117719288e-13
"AT4G04950",2.9364869745656e-18,-0.84196375005886,0.039,0.146,3.71154334663245e-13
"AT5G51840",2.99464581937639e-18,-0.638852390821673,0.068,0.19,3.7850526369426e-13
"AT2G47060",3.01499291307605e-18,-0.668502745605815,0.09,0.22,3.81077014255334e-13
"AT5G54640",3.0790487848928e-18,-0.591006162923772,0.095,0.228,3.8917329211774e-13
"AT3G62370",3.08398880852094e-18,-1.13765620183826,0.032,0.134,3.89797681464196e-13
"AT4G04840",3.1223465890412e-18,-1.30149295746072,0.129,0.268,3.94645874775274e-13
"AT3G25800",3.12287361722674e-18,-0.303920827131048,0.094,0.229,3.94712487975757e-13
"AT1G21110",3.14026493214729e-18,-1.49677358165161,0.035,0.136,3.96910645833825e-13
"AT3G51100",3.15234901974389e-18,-0.76421396620143,0.042,0.15,3.98438002001509e-13
"AT5G65960",3.19404810182942e-18,-0.883103818135068,0.047,0.158,4.03708515782627e-13
"AT3G13060",3.25670264935107e-18,-0.679348697561043,0.07,0.193,4.11627674662079e-13
"AT5G13520",3.26066500251281e-18,-0.791762851025051,0.052,0.165,4.12128492327605e-13
"AT4G25230",3.26952562657206e-18,-0.927057371024976,0.049,0.159,4.13248422044949e-13
"AT5G64440",3.27707755638239e-18,-1.09938361351345,0.051,0.163,4.14202940661396e-13
"AT1G45976",3.27850416478592e-18,-0.945260078106974,0.047,0.156,4.14383255403952e-13
"AT2G42190",3.30262380556151e-18,-1.39038135560251,0.042,0.148,4.17431833280141e-13
"AT5G50740",3.36884227727504e-18,-1.37393866725051,0.033,0.135,4.25801450793902e-13
"AT1G26340",3.39167932706407e-18,-0.524116962408704,0.047,0.158,4.28687916864936e-13
"AT4G05160",3.3974378031124e-18,-0.937870437333237,0.055,0.167,4.29415753686588e-13
"AT5G65380",3.41939701140392e-18,-0.689016421210338,0.072,0.194,4.32191265859387e-13
"AT5G14590",3.44085856422074e-18,-1.20181931623062,0.046,0.154,4.34903877366116e-13
"AT4G05590",3.46517434020577e-18,-0.676031294597923,0.061,0.179,4.37977245555968e-13
"AT2G29560",3.53592267795275e-18,-0.526176959576073,0.054,0.168,4.4691941095716e-13
"AT1G69340",3.55154999065982e-18,-1.23317321326344,0.035,0.137,4.48894609519457e-13
"AT1G34000",3.56428981729726e-18,-0.427865282787367,0.079,0.206,4.50504847167469e-13
"AT5G63680",3.60649683614286e-18,-0.639317493135229,0.062,0.181,4.55839561107441e-13
"AT1G28130",3.61684014004514e-18,-0.901055214899645,0.059,0.173,4.57146892660865e-13
"AT4G32480",3.64192753491434e-18,-0.471911817052777,0.21,0.374,4.60317788847963e-13
"AT3G16150",3.64223988499342e-18,-1.46955978223627,0.035,0.137,4.60357268023858e-13
"AT1G80560",3.72084043628033e-18,-1.08197847358468,0.036,0.139,4.70291906103216e-13
"AT3G57450",3.72227392800978e-18,-0.250257783326868,0.398,0.62,4.70473090856868e-13
"AT1G59760",3.72634063130471e-18,-1.11581882031353,0.032,0.134,4.70987097753128e-13
"AT4G26400",3.78194180422269e-18,-0.977528381769628,0.046,0.156,4.78014752402922e-13
"AT3G48050",3.83885472169229e-18,-0.412166750301429,0.08,0.205,4.85208203693576e-13
"AT1G70620",3.83989516006141e-18,-0.564027942890076,0.126,0.266,4.85339708860802e-13
"AT4G22140",3.93055168505578e-18,-0.635038059281672,0.042,0.149,4.96798149680941e-13
"AT1G64790",3.93078372526019e-18,-0.537814912477844,0.068,0.191,4.96827478170537e-13
"AT2G42780",3.96321152770552e-18,-0.783972151957574,0.057,0.172,5.00926157832812e-13
"AT2G27080",4.01794013125236e-18,-0.367478705485768,0.217,0.386,5.07843524949511e-13
"AT1G67030",4.02053923931092e-18,-0.551814725795762,0.07,0.192,5.08172036613464e-13
"AT3G60910",4.06962147662832e-18,-1.00733157125973,0.04,0.146,5.1437573691696e-13
"AT4G29210",4.07420511245086e-18,-0.374808046025521,0.077,0.202,5.14955080983114e-13
"AT3G62450",4.09731817242622e-18,-0.853244793998727,0.042,0.149,5.17876433085639e-13
"AT3G44300",4.09908828769777e-18,-0.790024146964971,0.081,0.206,5.18100165035272e-13
"AT5G04850",4.17751909304073e-18,-0.893338218424106,0.049,0.16,5.2801334824579e-13
"AT5G67360",4.20036823612999e-18,-0.532187063847495,0.106,0.243,5.30901342837414e-13
"AT5G57510",4.25566233906744e-18,-1.02492198423398,0.043,0.15,5.3789018568409e-13
"AT1G19600",4.34687690246336e-18,-0.83438510682038,0.067,0.186,5.49419159209954e-13
"AT1G04680",4.35513150219873e-18,-0.808262892932467,0.057,0.172,5.50462491088906e-13
"AT3G16840",4.37042286160523e-18,-0.593238002468427,0.117,0.255,5.52395227169732e-13
"AT5G02280",4.46285488435117e-18,-0.556559125186005,0.088,0.217,5.64078080252682e-13
"AT4G25670",4.46311524316258e-18,-0.887298144077755,0.057,0.17,5.64110988044291e-13
"AT1G74160",4.52589320318985e-18,-1.27668394796802,0.028,0.127,5.72045745523978e-13
"AT1G48350",4.57448894062527e-18,-0.767331970448609,0.052,0.165,5.78187955161391e-13
"AT1G21370",4.59049429086713e-18,-0.875220192409479,0.035,0.137,5.8021093539986e-13
"AT1G12120",4.60592050864633e-18,-1.32514565045991,0.035,0.136,5.82160716769845e-13
"AT1G09100",4.6331464855488e-18,-0.913587213420042,0.042,0.15,5.85601916894455e-13
"AT4G18700",4.64068241822255e-18,-1.13105550889762,0.042,0.149,5.8655441356882e-13
"AT4G02640",4.67320823051507e-18,-1.11559108239226,0.046,0.154,5.90665481087722e-13
"AT5G01460",4.69263186634822e-18,-1.39245876482693,0.028,0.126,5.93120512115217e-13
"AT2G14820",4.71799622043373e-18,-1.81080138634545,0.025,0.12,5.96326414285501e-13
"AT5G53530",4.744356640145e-18,-0.730541307186131,0.065,0.182,5.99658213174488e-13
"AT1G15420",4.79336885242163e-18,-1.11976917660865,0.043,0.15,6.0585306273298e-13
"AT3G09700",4.79828317755883e-18,-1.36231499975947,0.029,0.128,6.06474203944371e-13
"AT1G75850",4.84222522014822e-18,-1.09899486916271,0.048,0.156,6.12028214475414e-13
"AT4G01700",4.85197963199544e-18,-1.07424396212048,0.051,0.162,6.13261113606432e-13
"AT4G26060",4.91732885226086e-18,-0.986565630788964,0.037,0.141,6.21520862952658e-13
"AT2G44525",4.92237007059459e-18,-0.703528184252403,0.066,0.184,6.22158042702732e-13
"AT1G54690",4.95294508594415e-18,-0.727417639101709,0.164,0.311,6.26022541192825e-13
"AT5G41190",5.04644202887589e-18,-1.40497495386662,0.03,0.13,6.37839993797739e-13
"ATCG01020",5.08746125804087e-18,-0.298603315341652,0.089,0.222,6.43024578248817e-13
"AT1G73920",5.08983258453214e-18,-0.59000536627525,0.084,0.211,6.43324299689355e-13
"AT2G26210",5.12218799536147e-18,-0.546185837093832,0.077,0.201,6.47413829485717e-13
"AT1G30720",5.14881829728654e-18,-1.38169741576434,0.048,0.154,6.50779739867235e-13
"AT1G47840",5.15762414525487e-18,-1.50054112267921,0.018,0.11,6.51892746215344e-13
"AT5G51410",5.15955831291822e-18,-0.682638220260868,0.051,0.163,6.52137213402985e-13
"AT5G27395",5.19501554991821e-18,-1.41249906212362,0.032,0.133,6.56618795416362e-13
"AT4G11160",5.20725081801514e-18,-0.968998821749197,0.048,0.158,6.58165259892206e-13
"AT5G04550",5.22298538348423e-18,-0.938094233364274,0.055,0.167,6.60154014560106e-13
"AT2G47900",5.25116761610238e-18,-0.582836438802793,0.051,0.165,6.63716079669644e-13
"AT4G28360",5.25375689337426e-18,-0.730495712113991,0.054,0.166,6.64043348781147e-13
"AT5G43430",5.2554751663793e-18,-0.413805854123056,0.052,0.167,6.64260528179346e-13
"AT1G16916",5.33654478775494e-18,-1.02605049200185,0.052,0.163,6.74507241903498e-13
"AT2G25070",5.34847848979495e-18,-0.338160782074974,0.113,0.252,6.76015590239143e-13
"AT3G61600",5.3866018175313e-18,-0.781105333612115,0.052,0.165,6.80834150125051e-13
"AT5G53330",5.52300668463063e-18,-0.63358254919776,0.068,0.187,6.98074906897204e-13
"AT5G58470",5.56545533693542e-18,-0.775216522971705,0.064,0.181,7.03440161856615e-13
"AT5G01160",5.59340143330356e-18,-1.16697120045181,0.03,0.129,7.0697238076097e-13
"AT2G45200",5.61065852184841e-18,-0.795384296313304,0.056,0.169,7.09153573210509e-13
"AT3G08520",5.67435882778079e-18,-0.390567389232699,0.583,0.765,7.17204909678525e-13
"AT4G14147",5.7402895209268e-18,-0.815259846314953,0.045,0.152,7.25538153708021e-13
"AT3G13860",5.80679134172295e-18,-1.21461258138772,0.04,0.145,7.3394358484573e-13
"AT1G34190",5.8101975320225e-18,-0.851738680049627,0.052,0.164,7.34374106862452e-13
"AT5G05980",5.83699728854525e-18,-0.47490564763221,0.082,0.208,7.37761435288388e-13
"AT1G20920",5.91033188089561e-18,-0.387345983131557,0.178,0.338,7.4703048775392e-13
"AT5G60410",5.93216304832483e-18,-0.618806372704432,0.059,0.174,7.49789816329969e-13
"AT5G51960",6.0310611570428e-18,-0.679258039373231,0.05,0.161,7.62289943883268e-13
"AT5G61510",6.20901710222385e-18,-0.537255924084353,0.06,0.176,7.84782507618482e-13
"AT1G43580",6.21559274700974e-18,-0.777493459296526,0.05,0.162,7.85613629665549e-13
"AT1G56580",6.22800159527588e-18,-0.652742740594892,0.084,0.21,7.871820336333e-13
"AT1G10170",6.23846933174854e-18,-1.27489045374837,0.036,0.137,7.88505092717025e-13
"AT3G17440",6.26466129170625e-18,-0.796143682515313,0.052,0.164,7.9181559930392e-13
"AT5G57440",6.39901444857042e-18,-1.23135021672425,0.036,0.138,8.0879703221261e-13
"AT1G06680",6.52071178087356e-18,-0.942782853206585,0.052,0.164,8.24178844831733e-13
"AT3G51830",6.52843911098451e-18,-0.949496484100561,0.064,0.177,8.25155532993776e-13
"AT4G36195",6.59862709333916e-18,-0.633231836013848,0.081,0.207,8.3402687283551e-13
"AT1G26690",6.61890300824125e-18,-0.750063017848798,0.069,0.187,8.36589626823645e-13
"AT1G53380",6.69887572191931e-18,-1.87657786356182,0.018,0.109,8.46697697996269e-13
"AT1G33230",6.80227420658301e-18,-0.396103711555257,0.075,0.199,8.59766646066853e-13
"AT4G24210",6.90632513286699e-18,-0.611269963664099,0.059,0.175,8.7291805884359e-13
"AT5G14430",6.91348140510535e-18,-0.647188965110645,0.067,0.186,8.73822568716885e-13
"AT4G22300",6.98751791368031e-18,-0.98586569944736,0.043,0.15,8.83180339181709e-13
"AT1G07790",6.99685200117189e-18,-0.764685035870282,0.104,0.235,8.8436011183612e-13
"AT5G59090",7.00203299442192e-18,-0.830249732139708,0.134,0.275,8.85014958296964e-13
"AT4G35940",7.14940843943789e-18,-0.752470178342562,0.039,0.143,9.03642330294313e-13
"AT5G57280",7.1963904397016e-18,-1.36467803119666,0.027,0.123,9.09580573235644e-13
"AT3G13674",7.27076030800874e-18,-1.68243579475299,0.013,0.102,9.18980478370457e-13
"AT1G09010",7.31772526994258e-18,-1.26861044997428,0.029,0.127,9.24916567769122e-13
"AT2G29750",7.44273528132392e-18,-0.772663033027944,0.076,0.197,9.40717083147656e-13
"AT1G77610",7.45104025548406e-18,-0.996700194505036,0.033,0.135,9.41766782051652e-13
"AT4G18580",7.49442131288236e-18,-1.17557128807072,0.04,0.144,9.47249887420453e-13
"AT1G02120",7.56594138787498e-18,-0.419543364235909,0.108,0.245,9.5628959577907e-13
"AT1G04070",7.59868451581769e-18,-1.06308334516784,0.042,0.148,9.60428130692261e-13
"AT1G65520",7.62962907935402e-18,-1.15764733958967,0.025,0.12,9.64339337855872e-13
"AT1G60170",7.79082208099822e-18,-0.766416878407337,0.058,0.171,9.84713166105689e-13
"AT5G57625",7.86825301525977e-18,-1.1982063034971,0.167,0.317,9.94499971610743e-13
"AT2G20390",7.90558260587085e-18,-0.820676920867709,0.043,0.15,9.9921820788644e-13
"AT4G00620",7.9237522418955e-18,-2.16490481164588,0.013,0.101,1.00151474086214e-12
"AT1G25560",7.93694659419895e-18,-0.533162243854853,0.094,0.224,1.00318242782718e-12
"AT5G64660",7.95746248251112e-18,-0.618411681493968,0.065,0.184,1.00577551301451e-12
"AT1G26940",8.02734064302731e-18,-0.863546549166243,0.043,0.149,1.01460769323479e-12
"AT1G68670",8.10088176916229e-18,-0.42907813139371,0.132,0.275,1.0239028503315e-12
"AT5G19400",8.10800665096171e-18,-1.17854173200393,0.038,0.14,1.02480339264165e-12
"AT2G26890",8.18369828565006e-18,-1.20091849408221,0.037,0.139,1.03437036111645e-12
"AT3G09850",8.30641171833036e-18,-0.77725710249813,0.059,0.173,1.04988060272665e-12
"AT5G51780",8.35298662515422e-18,-0.294492996312076,0.192,0.361,1.05576739149974e-12
"AT1G73080",8.36818168385015e-18,-0.682273723789429,0.118,0.253,1.05768795574856e-12
"AT5G03080",8.40369443816159e-18,-0.641812582720538,0.071,0.191,1.062176554817e-12
"AT2G23790",8.41216819662272e-18,-0.780331698876757,0.071,0.191,1.06324758704393e-12
"AT1G51800",8.43579122925487e-18,-1.16934817536132,0.041,0.146,1.06623339663044e-12
"AT3G13040",8.43852316316389e-18,-0.43689989517023,0.151,0.301,1.06657869668494e-12
"AT1G34750",8.44233490750474e-18,-1.19122199213996,0.041,0.146,1.06706047829915e-12
"AT3G18790",8.44819245193938e-18,-0.886574215387371,0.041,0.146,1.06780083677043e-12
"AT5G04910",8.53854405457872e-18,-0.876924083836066,0.056,0.168,1.07922073723442e-12
"AT1G64140",8.60777334837347e-18,-1.41450955615594,0.029,0.126,1.08797090459432e-12
"AT4G36750",8.64745297882071e-18,-1.00827825219136,0.036,0.138,1.09298617180506e-12
"AT4G31430",8.6786613070829e-18,-1.45822838505061,0.023,0.117,1.09693071724744e-12
"AT1G30730",8.8234745501981e-18,-0.71464336434093,0.071,0.191,1.11523424229774e-12
"AT5G18420",8.8378150142494e-18,-1.0349713973452,0.029,0.128,1.11704679091104e-12
"AT1G14685",8.85684941107522e-18,-0.833730502887912,0.055,0.166,1.11945262446344e-12
"AT5G22280",8.87949744522822e-18,-0.800123577667688,0.05,0.16,1.12231520009218e-12
"AT3G17900",8.9112889085999e-18,-1.43232982053875,0.035,0.135,1.12633345031358e-12
"AT3G61100",9.08627480388673e-18,-1.32669655509783,0.022,0.116,1.14845061756246e-12
"AT1G22530",9.09111099976172e-18,-0.691556430505807,0.285,0.462,1.14906188370388e-12
"AT4G30330",9.1092006838597e-18,-0.640707216032792,0.077,0.199,1.15134831123576e-12
"AT2G32600",9.19655135191053e-18,-0.650332972816608,0.048,0.157,1.16238891157338e-12
"AT1G04260",9.22773577785207e-18,-0.650655065531211,0.061,0.178,1.16633043590583e-12
"AT3G08960",9.26635294335584e-18,-1.93121815257307,0.026,0.12,1.17121141392252e-12
"AT3G06670",9.44627453163266e-18,-0.848482851344882,0.049,0.159,1.19395242315118e-12
"AT5G18480",9.53960438698829e-18,-0.657013683970992,0.066,0.184,1.205748756889e-12
"AT3G07160",9.54097700393727e-18,-0.675876257854586,0.068,0.186,1.20592224743565e-12
"AT3G16240",9.92470034672357e-18,-1.07737025174607,0.22,0.381,1.25442257562378e-12
"AT4G20020",9.95109372811234e-18,-0.797224080284376,0.056,0.167,1.25775854067103e-12
"AT5G13810",9.98752520486576e-18,-0.449851749430288,0.103,0.234,1.2623632607438e-12
"AT3G11800",1.00992259279813e-17,-0.377841875170546,0.099,0.234,1.27648156194127e-12
"AT1G80950",1.00998869926367e-17,-0.747405693033979,0.05,0.16,1.27656511654733e-12
"AT4G27745",1.04704764960703e-17,-0.813086265229021,0.077,0.198,1.32340540624431e-12
"AT5G15470",1.05788001239707e-17,-1.09240845800763,0.028,0.125,1.33709686286915e-12
"AT1G67920",1.07964426794634e-17,-0.788039977554296,0.072,0.19,1.3646055760281e-12
"AT5G35690",1.08110507872124e-17,-1.13843007135221,0.043,0.148,1.36645195319893e-12
"AT1G48330",1.08149290080027e-17,-1.35583252400405,0.028,0.125,1.3669421370375e-12
"AT1G15110",1.09087051975865e-17,-0.971158708716088,0.066,0.182,1.37879488474374e-12
"AT3G23030",1.10603416561507e-17,-0.420542019748495,0.173,0.33,1.39796082328751e-12
"AT3G01830",1.10942983810087e-17,-0.731682179376631,0.137,0.274,1.40225274956921e-12
"AT5G21990",1.12533359505522e-17,-0.973281175247944,0.055,0.165,1.42235414413409e-12
"AT3G19290",1.1263897057343e-17,-0.685969979184147,0.059,0.173,1.42368900466581e-12
"AT1G67590",1.13447443591195e-17,-1.39627070402138,0.036,0.137,1.43390761852656e-12
"AT2G01650",1.14898085176941e-17,-0.912978473968618,0.04,0.144,1.45224285778543e-12
"AT4G24130",1.15642771318025e-17,-1.69524210703483,0.041,0.144,1.46165524379704e-12
"AT4G10360",1.16320235539927e-17,-0.706085881241522,0.051,0.161,1.47021798508335e-12
"AT3G49845",1.1700072124669e-17,-0.816369453241135,0.07,0.187,1.47881891612541e-12
"AT4G29510",1.17921483021322e-17,-1.34001115049524,0.041,0.144,1.4904567924997e-12
"AT1G13530",1.1961593091464e-17,-1.6312572014148,0.035,0.133,1.5118735972025e-12
"AT5G48430",1.20369909388992e-17,-0.942351204415891,0.048,0.156,1.52140343273122e-12
"AT1G26830",1.21378898624054e-17,-1.04164635043026,0.051,0.159,1.53415645126887e-12
"AT1G17510",1.21552172664805e-17,-0.876216269533848,0.045,0.151,1.53634653117954e-12
"AT1G06010",1.21745190847408e-17,-0.876464216767142,0.064,0.179,1.53878616519673e-12
"AT5G24140",1.22142053782563e-17,-1.8931682475651,0.04,0.141,1.54380227457933e-12
"AT5G07080",1.22149357796577e-17,-1.57893522868068,0.038,0.139,1.54389459293406e-12
"AT1G79985",1.22384592156473e-17,-1.1507114721222,0.051,0.16,1.54686781410252e-12
"AT5G64680",1.2247271084551e-17,-0.725648844014923,0.066,0.183,1.54798158146073e-12
"AT2G39900",1.23317053516537e-17,-0.583926871862927,0.098,0.228,1.55865356621692e-12
"AT1G08820",1.23317085167868e-17,-0.467847362006826,0.082,0.207,1.55865396627075e-12
"AT4G21140",1.24384341733583e-17,-1.90663446258164,0.014,0.102,1.57214344890745e-12
"AT3G50210",1.25221123065253e-17,-0.766230078981216,0.061,0.175,1.58271986287096e-12
"AT1G56550",1.2607006132238e-17,-0.991553377424694,0.042,0.145,1.59344993307809e-12
"AT5G58490",1.28184391308832e-17,-0.854300738333951,0.051,0.162,1.62017379550885e-12
"AT4G33865",1.28236837382568e-17,-0.508455455463451,0.853,0.942,1.62083668241323e-12
"AT1G35430",1.30164387979339e-17,-2.1819156001806,0.013,0.1,1.64519976542606e-12
"AT3G22170",1.3028469831617e-17,-0.60757482927229,0.048,0.157,1.6467204158974e-12
"AT1G03610",1.30979142739925e-17,-1.15301549461461,0.036,0.136,1.65549777674701e-12
"2:3275510-3276405",1.3135374302699e-17,-2.40322341512845,0.018,0.107,1.66023249961534e-12
"AT5G07300",1.32165834695359e-17,-1.68863525034192,0.023,0.117,1.67049685104853e-12
"AT4G30630",1.32818078424647e-17,-0.840707317438983,0.047,0.154,1.67874082044048e-12
"AT5G03030",1.33680514582427e-17,-0.801596784452477,0.05,0.161,1.68964149601313e-12
"AT1G06670",1.33744547050911e-17,-0.701890050745163,0.062,0.177,1.69045082799529e-12
"AT3G10720",1.34602934250365e-17,-1.29622025474479,0.054,0.161,1.70130032716406e-12
"AT5G58350",1.35158523728072e-17,-0.930856485568097,0.062,0.176,1.7083226448086e-12
"AT5G18840",1.36738093079495e-17,-1.28526045835915,0.041,0.145,1.72828745366897e-12
"AT3G54360",1.37140545821446e-17,-0.699773941203896,0.057,0.169,1.73337421485558e-12
"AT1G05520",1.3800744372508e-17,-1.43111427092678,0.029,0.125,1.74433128421878e-12
"AT1G63010",1.40172314227665e-17,-0.776809349494725,0.05,0.159,1.77169394844915e-12
"AT5G45100",1.40245452196555e-17,-0.876271500290964,0.052,0.162,1.77261836849313e-12
"AT1G20460",1.41558352509242e-17,-1.02149387511345,0.043,0.149,1.78921264070532e-12
"AT5G51070",1.41877589856624e-17,-0.834069693211815,0.067,0.182,1.79324760923382e-12
"AT2G16280",1.42423565083304e-17,-0.677046434200947,0.03,0.129,1.80014840851392e-12
"AT1G73660",1.43406972221292e-17,-0.339397041700464,0.153,0.303,1.81257808469379e-12
"AT4G16150",1.45514805010778e-17,-1.29991299838613,0.033,0.132,1.83921982645322e-12
"AT1G69295",1.45836165885476e-17,-0.780633646465803,0.07,0.189,1.84328163509288e-12
"AT5G63550",1.46732563848332e-17,-1.07353466492936,0.037,0.139,1.85461156750461e-12
"AT4G30350",1.47070241144637e-17,-0.557441196977658,0.056,0.169,1.85887960592352e-12
"AT4G17890",1.47496971119549e-17,-0.810228023841422,0.039,0.143,1.86427321676843e-12
"AT4G12050",1.47694125225088e-17,-1.43380103965872,0.027,0.122,1.86676512636997e-12
"AT3G08550",1.48962387565029e-17,-0.707877842971648,0.052,0.163,1.88279520138943e-12
"AT3G23050",1.49450692285688e-17,-0.58980867462181,0.14,0.284,1.88896708007572e-12
"AT4G30530",1.50217621233178e-17,-0.414389166773683,0.324,0.519,1.89866060181463e-12
"AT2G38640",1.50597967511459e-17,-0.821154407946312,0.059,0.172,1.90346795056434e-12
"AT5G20520",1.51141256352531e-17,-0.460531633714276,0.091,0.221,1.91033479554218e-12
"AT3G23300",1.5154925313735e-17,-1.02497902867192,0.042,0.147,1.91549163010423e-12
"AT4G24990",1.56598897040462e-17,-0.261234309009486,0.129,0.275,1.97931609925322e-12
"AT4G10110",1.57277408028902e-17,-0.903371091375408,0.049,0.156,1.98789207104051e-12
"AT2G30000",1.59496121626946e-17,-0.96072000269264,0.037,0.138,2.01593527969163e-12
"AT5G40730",1.61106541529673e-17,-0.832186264669739,0.664,0.838,2.03629002101015e-12
"AT2G29570",1.65743047559469e-17,-0.983624999426806,0.045,0.149,2.09489267532316e-12
"AT2G19080",1.65894553846932e-17,-0.937575883695107,0.048,0.155,2.09680762389291e-12
"AT5G64030",1.66444890754707e-17,-0.583618956129803,0.084,0.208,2.10376355220505e-12
"AT5G61500",1.68866545193941e-17,-0.435001147986797,0.088,0.216,2.1343718113243e-12
"AT4G00040",1.69659957616319e-17,-0.411378994578196,0.127,0.266,2.1444000682957e-12
"AT1G75170",1.70455497968263e-17,-0.623244524801978,0.06,0.175,2.15445522102006e-12
"AT1G19240",1.71155871001892e-17,-0.904575428426023,0.033,0.134,2.16330751594131e-12
"AT3G25120",1.72582369182087e-17,-1.29049325974106,0.032,0.131,2.18133759704006e-12
"AT4G32400",1.72623329173532e-17,-0.743082765481843,0.061,0.174,2.18185530675594e-12
"AT5G25930",1.72998803119849e-17,-0.796464966164113,0.072,0.189,2.18660107215302e-12
"AT4G39050",1.73533595031084e-17,-0.807741120970782,0.075,0.192,2.19336052103588e-12
"AT3G10380",1.73873426791655e-17,-0.866142276750074,0.046,0.151,2.19765579059044e-12
"AT1G55840",1.74240851619255e-17,-0.62004307623676,0.089,0.214,2.20229981995641e-12
"AT5G47680",1.74894957790535e-17,-0.520325626698858,0.071,0.191,2.21056732949769e-12
"AT5G58650",1.78381713183016e-17,-0.878730410637384,0.085,0.207,2.25463782560541e-12
"AT5G42500",1.78785475111495e-17,-0.904296479880108,0.068,0.182,2.25974113412423e-12
"AT2G25650",1.78836465071962e-17,-0.822966513792328,0.05,0.158,2.26038561663055e-12
"AT1G29970",1.81318627309887e-17,-0.870285894008223,0.052,0.161,2.29175865802059e-12
"AT1G07310",1.81676841113109e-17,-0.943385368450209,0.039,0.142,2.29628626556503e-12
"AT5G56870",1.82604524167103e-17,-0.508089876401526,0.205,0.365,2.30801162275768e-12
"AT4G10430",1.82651694230998e-17,-0.90741789007899,0.058,0.169,2.30860782406328e-12
"AT3G55920",1.84171846910051e-17,-1.26358374021285,0.035,0.134,2.3278216418349e-12
"AT5G42000",1.85225061119276e-17,-0.848269010609317,0.042,0.147,2.34113363751098e-12
"AT3G24506",1.86642359452178e-17,-1.26027070689089,0.037,0.137,2.35904743805985e-12
"AT5G03040",1.87557322606621e-17,-0.764161289921594,0.065,0.179,2.37061202335413e-12
"AT1G35620",1.889410523538e-17,-0.466473745782116,0.071,0.193,2.38810153712062e-12
"AT2G21850",1.8936485239909e-17,-1.64002511716799,0.032,0.129,2.39345811541306e-12
"AT2G03760",2.03874657226093e-17,-0.852123940520304,0.046,0.152,2.57685334254347e-12
"AT3G16050",2.05167107285568e-17,-1.38521100283735,0.029,0.125,2.59318913582521e-12
"AT3G09100",2.09868094006805e-17,-0.779686782161088,0.057,0.168,2.65260678738961e-12
"AT5G54110",2.0992204267046e-17,-0.599265127054053,0.082,0.204,2.65328866612901e-12
"AT3G58470",2.11618509330381e-17,-1.85369927361667,0.02,0.11,2.67473098683042e-12
"AT3G04610",2.18374450900118e-17,-0.518242711723886,0.056,0.167,2.76012203470696e-12
"AT3G59930",2.18859952932137e-17,-0.40923545050083,0.143,0.29,2.76625848909046e-12
"AT1G28280",2.20337583189089e-17,-0.438979433205279,0.086,0.213,2.78493484896017e-12
"AT1G44170",2.2046542190804e-17,-0.583759665712262,0.074,0.194,2.78655065366449e-12
"AT3G09570",2.20667942259762e-17,-0.693917847820313,0.045,0.151,2.78911038939803e-12
"AT5G42560",2.20779778972472e-17,-0.505608285513813,0.058,0.171,2.79052393834466e-12
"AT5G02480",2.24537041521884e-17,-0.694093677600446,0.057,0.168,2.8380134826117e-12
"AT5G54580",2.30196705577664e-17,-0.656588209130645,0.066,0.181,2.90954824047832e-12
"AT5G11040",2.33049214337496e-17,-1.35286705351648,0.031,0.128,2.94560223969735e-12
"AT2G19270",2.3534459047746e-17,-0.624023859615938,0.062,0.176,2.9746144168808e-12
"AT3G19660",2.35948076513589e-17,-1.19924304278203,0.035,0.133,2.98224211828585e-12
"AT1G80860",2.36273993212469e-17,-0.870644766007453,0.048,0.155,2.98636150980969e-12
"AT4G32070",2.38059512638669e-17,-0.500807516490856,0.09,0.214,3.00892940404519e-12
"AT1G60730",2.38330963878002e-17,-0.933906825165407,0.037,0.138,3.01236038483962e-12
"AT2G26900",2.41221067147602e-17,-0.839247530127011,0.033,0.133,3.0488895561054e-12
"AT1G13020",2.41804680070313e-17,-0.650377979361035,0.031,0.129,3.05626607328072e-12
"AT5G66540",2.43028676605502e-17,-0.98693134144071,0.036,0.135,3.07173665508758e-12
"AT1G17730",2.43342695237279e-17,-0.356249496544958,0.094,0.224,3.07570566218207e-12
"AT5G63310",2.50854357599089e-17,-1.15806888630074,0.036,0.135,3.17064856743792e-12
"AT5G23450",2.51316136056072e-17,-0.762591389645665,0.051,0.16,3.17648517006711e-12
"AT1G05890",2.53450511574546e-17,-0.658836038342141,0.058,0.168,3.20346239599531e-12
"AT1G28680",2.56817852104184e-17,-0.465220883792202,0.074,0.194,3.24602355988562e-12
"AT3G51050",2.58963275631494e-17,-0.790238971210479,0.048,0.154,3.27314042601671e-12
"AT5G12140",2.59795206616511e-17,-0.217694500531258,0.381,0.596,3.28365553450873e-12
"AT2G01820",2.60117150493195e-17,-1.02968849864704,0.04,0.143,3.28772471194369e-12
"AT1G15020",2.60125647115561e-17,-1.30959766482427,0.032,0.129,3.28783210415243e-12
"AT3G54100",2.61838327251022e-17,-0.859623668125814,0.057,0.167,3.30947935345656e-12
"AT1G72320",2.62299430152111e-17,-1.79300082599244,0.023,0.115,3.31530741746459e-12
"AT5G64850",2.63550326824781e-17,-0.543582684344385,0.099,0.231,3.33111800086913e-12
"AT1G13000",2.68585161628574e-17,-0.840984714365792,0.04,0.143,3.3947552918882e-12
"AT1G80620",2.71938643693303e-17,-1.52233979605651,0.028,0.123,3.43714129309713e-12
"AT4G04720",2.73005056157645e-17,-0.945714125984798,0.048,0.154,3.45062010679894e-12
"AT4G32420",2.73892295716962e-17,-1.05080591999735,0.04,0.142,3.46183428248497e-12
"AT1G01300",2.74376165406447e-17,-1.09282704998738,0.036,0.136,3.46795010503824e-12
"AT1G54250",2.74930030878575e-17,-0.918012646256352,0.04,0.143,3.47495063228666e-12
"AT1G75990",2.7781392697272e-17,-0.94261645445679,0.043,0.148,3.51140134857899e-12
"AT1G24440",2.79273833537678e-17,-0.998739981002614,0.062,0.173,3.52985369161613e-12
"AT1G68100",2.80641009783335e-17,-1.23533088379253,0.035,0.133,3.54713397905548e-12
"AT5G63570",2.80742259722213e-17,-0.855342774055172,0.042,0.146,3.54841371753294e-12
"AT2G36070",2.80839175735882e-17,-1.25588176454805,0.035,0.133,3.54963867779611e-12
"AT4G19003",2.82944272284911e-17,-0.624389767313318,0.057,0.168,3.5762458351179e-12
"AT2G32980",2.83787556360534e-17,-0.89928045411142,0.045,0.15,3.58690443986333e-12
"AT4G32330",2.88680308305425e-17,-0.611574199942705,0.076,0.196,3.64874588879559e-12
"AT5G10520",2.88860809743115e-17,-1.01248222612469,0.09,0.213,3.65102731866712e-12
"AT3G48430",2.89509390809032e-17,-1.25653916837229,0.031,0.128,3.65922499419168e-12
"AT2G17870",2.90702196161435e-17,-0.844139954438813,0.037,0.138,3.67430133816284e-12
"AT5G23300",2.91207721103336e-17,-1.51500209987973,0.022,0.113,3.6806908701135e-12
"AT1G18500",2.92614582827469e-17,-0.831471131053474,0.052,0.162,3.69847275818951e-12
"AT4G28990",2.929448438808e-17,-1.43840138469744,0.018,0.106,3.70264705974698e-12
"AT1G28490",2.97927398299844e-17,-0.767981363240859,0.049,0.155,3.76562355807104e-12
"AT5G07770",3.06459613264736e-17,-1.2410633234267,0.045,0.147,3.8734656358983e-12
"AT1G77590",3.11830441950661e-17,-0.825243105505203,0.048,0.154,3.94134968799118e-12
"AT2G47360",3.12313919290474e-17,-1.5515637625028,0.027,0.121,3.94746055148002e-12
"AT4G19670",3.17871215955345e-17,-0.963746932857402,0.05,0.156,4.01770144694598e-12
"AT5G63110",3.19306986370112e-17,-1.02304625507717,0.022,0.114,4.03584872352639e-12
"AT1G07950",3.20070350381088e-17,-0.824186042596575,0.045,0.149,4.04549718660672e-12
"AT1G63500",3.22411911493159e-17,-1.00849047859568,0.05,0.156,4.07509311412664e-12
"ATCG00340",3.22452600902215e-17,-0.986605520320143,0.035,0.134,4.07560740384346e-12
"AT5G65880",3.25580557368603e-17,-0.952287210203455,0.04,0.143,4.11514289680472e-12
"AT1G66725",3.26164290077465e-17,-1.13502040648611,0.039,0.14,4.12252092800511e-12
"AT3G49560",3.26821851445971e-17,-0.624234139675473,0.061,0.174,4.1308321091662e-12
"AT3G63200",3.27362534926807e-17,-0.512622081586078,0.093,0.218,4.13766602395388e-12
"AT1G36640",3.28690056899788e-17,-2.45754998265083,0.017,0.103,4.15444510517918e-12
"AT2G20370",3.33470949251001e-17,-1.19684323727379,0.038,0.139,4.2148727159631e-12
"AT4G38495",3.38935860460146e-17,-0.941559113498609,0.048,0.153,4.28394591469997e-12
"AT2G17340",3.43316464131408e-17,-0.687612887585392,0.055,0.164,4.33931411674251e-12
"AT5G59970",3.4371078562485e-17,-0.522857864223547,0.245,0.422,4.34429810382673e-12
"AT1G65650",3.4614513417347e-17,-0.691430620339735,0.047,0.153,4.37506680887215e-12
"AT2G39130",3.4957435973997e-17,-0.707436183311526,0.06,0.171,4.41841016249738e-12
"AT2G23820",3.49595730356213e-17,-0.956269759432945,0.033,0.132,4.41868027426432e-12
"AT1G61620",3.51349220619368e-17,-0.612572290887913,0.068,0.185,4.44084333909645e-12
"AT5G21170",3.56113832662014e-17,-0.358440064640608,0.089,0.214,4.50106517654826e-12
"AT3G21350",3.57940203413016e-17,-1.64799324537157,0.026,0.118,4.52414940701848e-12
"AT2G41960",3.63653737236023e-17,-0.725436577099116,0.067,0.181,4.59636504642099e-12
"AT4G25720",3.6710256127699e-17,-0.609555448160312,0.072,0.191,4.63995611300439e-12
"AT1G30890",3.67887188945845e-17,-0.890008233578305,0.047,0.152,4.64987333596211e-12
"AT2G07718",3.68274518025309e-17,-1.35446517736328,0.033,0.13,4.65476894312909e-12
"AT3G55010",3.68853046420103e-17,-1.67262422629925,0.025,0.117,4.66208119492225e-12
"AT5G14680",3.71062797401721e-17,-1.00479416036527,0.047,0.152,4.69001112147931e-12
"AT4G11630",3.73883396784444e-17,-1.15149297895975,0.029,0.124,4.7256618053173e-12
"AT1G69770",3.75273339397604e-17,-1.48911294285465,0.031,0.127,4.74322984598207e-12
"AT5G64270",3.76091554783892e-17,-0.53211379915014,0.081,0.204,4.75357159753552e-12
"AT3G08850",3.82339049708953e-17,-0.758575792226721,0.05,0.156,4.83253618489134e-12
"AT3G06530",3.86182528948195e-17,-1.72431297329236,0.027,0.12,4.88111545638782e-12
"AT2G18840",3.88203059736304e-17,-1.37625876206267,0.02,0.109,4.90665375323104e-12
"AT5G24610",3.90112250925705e-17,-0.873538908443855,0.055,0.163,4.93078478435035e-12
"AT2G09795",3.90816891875566e-17,-0.805806628825891,0.039,0.14,4.93969102317203e-12
"AT1G25420",3.9152564164722e-17,-0.783807658312456,0.055,0.164,4.94864919503587e-12
"AT3G11810",3.9484801774182e-17,-0.847106883186477,0.05,0.156,4.99064203544596e-12
"AT5G44480",3.94948280860756e-17,-1.0089987445683,0.062,0.171,4.99190930111143e-12
"AT1G70900",3.95104872538981e-17,-2.10843931052373,0.016,0.101,4.9938885259692e-12
"AT2G47400",3.96085381351944e-17,-0.508249313758488,0.076,0.197,5.00628156905976e-12
"AT4G28050",4.00142610664611e-17,-0.838531899294193,0.043,0.148,5.05756251323429e-12
"AT1G48610",4.03576899887674e-17,-1.38659110698462,0.023,0.115,5.10096986844027e-12
"AT3G44200",4.05235040785927e-17,-0.369798435714139,0.082,0.204,5.12192777450965e-12
"AT5G37850",4.05363689326458e-17,-0.417903017716498,0.081,0.203,5.12355381487283e-12
"AT4G17940",4.0567485284685e-17,-0.647388490797145,0.059,0.171,5.12748673507248e-12
"AT3G03340",4.14896557170607e-17,-0.778441092780398,0.059,0.169,5.24404354470217e-12
"AT5G42970",4.16027439793756e-17,-0.974855043079577,0.035,0.133,5.2583372225292e-12
"AT1G20340",4.17447973471938e-17,-0.896914846277523,0.049,0.156,5.27629191590122e-12
"AT4G21610",4.19206634006074e-17,-1.12991818550197,0.029,0.124,5.29852032985637e-12
"AT1G47290",4.30886080258374e-17,-1.0566938037595,0.033,0.131,5.44614152281769e-12
"AT5G48020",4.3277309085582e-17,-0.83305697154579,0.045,0.149,5.46999220456305e-12
"AT5G56240",4.34980889969205e-17,-0.950498863478219,0.039,0.139,5.49789746067677e-12
"AT2G39020",4.40261813411216e-17,-0.65424108634015,0.065,0.179,5.56464516442972e-12
"AT2G41010",4.41767817571572e-17,-0.583853249749861,0.082,0.203,5.58368015341413e-12
"AT4G38200",4.4909180123403e-17,-0.950772194954924,0.042,0.144,5.6762509125174e-12
"AT4G13050",4.50623971987132e-17,-1.50094713789323,0.031,0.127,5.69561663153416e-12
"AT5G47540",4.53032780644557e-17,-1.08975468084891,0.029,0.124,5.72606252767881e-12
"AT3G11900",4.53753713492943e-17,-0.765711350587812,0.055,0.163,5.7351746863227e-12
"AT5G47430",4.53905850110225e-17,-0.303853019656003,0.109,0.245,5.73709760188318e-12
"AT1G57540",4.54274985592225e-17,-0.787928982599681,0.05,0.157,5.74176325289437e-12
"AT3G06760",4.70569897346422e-17,-0.575987053721472,0.078,0.198,5.94772116052036e-12
"AT5G54490",4.7141758926398e-17,-0.86095156427766,0.09,0.213,5.95843547774315e-12
"AT3G11280",4.7639096651885e-17,-0.521107050305914,0.123,0.259,6.02129598221836e-12
"AT2G07671",4.78203634272434e-17,-0.24721945386055,0.182,0.341,6.04420701502301e-12
"AT1G08970",4.79047102467569e-17,-0.505071496616979,0.067,0.181,6.05486794692859e-12
"AT5G43620",4.84398477792386e-17,-0.405486663140168,0.181,0.337,6.12250612020908e-12
"AT4G36020",4.90059677498425e-17,-1.41588201713508,0.026,0.118,6.1940602877736e-12
"AT5G22630",5.00279172514277e-17,-0.273004326400795,0.205,0.378,6.32322857307695e-12
"AT2G14100",5.00694275914575e-17,-0.605508131796403,0.04,0.143,6.32847523099468e-12
"AT3G62270",5.05528544509184e-17,-1.46130591211064,0.025,0.116,6.38957748546938e-12
"AT1G16370",5.077042407399e-17,-0.743405729446141,0.059,0.17,6.41707698040789e-12
"AT4G34960",5.09872355344391e-17,-1.12391961465224,0.022,0.113,6.4444806481399e-12
"2:3332656-3333430",5.12594120219482e-17,-1.67042192700755,0.035,0.131,6.47888212310212e-12
"AT5G53000",5.14893624334688e-17,-0.580212424470262,0.04,0.141,6.50794647541585e-12
"AT1G31730",5.18383973307052e-17,-0.907932317163965,0.065,0.177,6.55206239221715e-12
"AT4G30920",5.20643159053168e-17,-0.956707553456708,0.05,0.157,6.58061714453661e-12
"AT1G50630",5.23218720941907e-17,-0.868251125627543,0.059,0.168,6.61317070147314e-12
"AT1G02560",5.26046042106646e-17,-0.451135793252432,0.094,0.221,6.64890634460274e-12
"AT4G02030",5.26204792407925e-17,-1.21627054084008,0.028,0.122,6.65091285316073e-12
"AT5G23090",5.27048357142903e-17,-0.987692125585346,0.039,0.139,6.66157500527201e-12
"AT1G51690",5.28957349772627e-17,-0.549020159441723,0.082,0.206,6.68570352671614e-12
"AT3G61140",5.30592518924402e-17,-0.621473405091474,0.07,0.186,6.70637108369308e-12
"AT4G30750",5.31957295724201e-17,-0.408318806274001,0.049,0.156,6.72362104357646e-12
"AT3G07010",5.39404242281531e-17,-1.69991161194154,0.032,0.127,6.81774597989318e-12
"AT5G57860",5.42411823972522e-17,-0.574144568238639,0.047,0.152,6.85576000791829e-12
"AT3G21250",5.43902101538491e-17,-0.65644154561852,0.058,0.168,6.87459622218561e-12
"AT4G25880",5.44385129237e-17,-0.927992363472542,0.035,0.132,6.88070140247814e-12
"AT4G17620",5.49793516669606e-17,-0.971381098520502,0.045,0.148,6.94906017459382e-12
"AT2G01930",5.53667656460608e-17,-0.455839175940042,0.06,0.174,6.99802697706821e-12
"AT4G00420",5.54069777819504e-17,-0.691337818574472,0.045,0.148,7.00310954977184e-12
"AT1G32370",5.55515820984954e-17,-0.672850487476862,0.059,0.17,7.02138666775722e-12
"AT5G05270",5.55894366787847e-17,-0.540814654854728,0.268,0.443,7.02617125957831e-12
"AT4G26100",5.71725659157725e-17,-1.29403516265316,0.029,0.123,7.22626929635815e-12
"AT3G28720",5.74412526502695e-17,-0.669321336219832,0.05,0.157,7.26022968747816e-12
"AT1G52420",5.74609757973958e-17,-0.826411947921562,0.057,0.165,7.26272257493605e-12
"AT5G22350",5.75584425884589e-17,-1.17804321819299,0.033,0.13,7.27504179252567e-12
"AT5G63490",5.82965059906975e-17,-0.95456157691441,0.042,0.144,7.36832857818822e-12
"AT1G20450",5.85942053917125e-17,-0.399215786295899,0.457,0.664,7.40595599628011e-12
"AT5G42580",5.89907067356252e-17,-1.30999974037238,0.039,0.137,7.45607138714261e-12
"AT1G17980",5.91471167627463e-17,-0.726958078741227,0.082,0.202,7.47584067611055e-12
"AT3G05050",5.91789991621496e-17,-0.916023221241147,0.047,0.15,7.47987042010073e-12
"AT3G14390",5.97149986147542e-17,-0.904003535041801,0.04,0.14,7.54761753491324e-12
"AT5G62340",6.00768014267069e-17,-1.26580513428878,0.094,0.211,7.5933472395272e-12
"AT3G62240",6.04978498521931e-17,-0.862007816012483,0.037,0.136,7.6465652342181e-12
"AT5G39500",6.25970388774872e-17,-1.3075985157657,0.021,0.111,7.91189013188112e-12
"AT5G40080",6.30103393405067e-17,-0.579769482342173,0.059,0.17,7.96412883060401e-12
"AT5G43960",6.35117887577314e-17,-0.593376925197224,0.069,0.184,8.0275090282447e-12
"AT5G03545",6.41887964028746e-17,-0.976270933736033,0.049,0.155,8.11307873254494e-12
"AT3G16860",6.49637545758828e-17,-1.05243051914613,0.054,0.16,8.21102879586413e-12
"AT5G22330",6.52866047042665e-17,-1.08538099331186,0.027,0.12,8.25183511499106e-12
"AT3G16785",6.56377820166644e-17,-0.693063717266563,0.049,0.153,8.29622182021428e-12
"AT4G39170",6.6576617548564e-17,-0.835925555401232,0.056,0.164,8.4148849984332e-12
"AT5G62480",6.76837969339067e-17,-1.04693716129155,0.057,0.163,8.5548258296642e-12
"AT2G16780",6.81092895927251e-17,-1.56645200370597,0.022,0.112,8.6086055487829e-12
"AT5G18850",6.82631015311474e-17,-0.784407671838631,0.068,0.181,8.62804645492784e-12
"AT1G58180",6.89600819183927e-17,-0.352476513913531,0.201,0.366,8.71614059399333e-12
"2:3488383-3489215",6.8998323970711e-17,-1.89385493044592,0.023,0.113,8.72097415995404e-12
"AT3G07220",6.91914998209569e-17,-1.21009414477702,0.035,0.133,8.74539042837003e-12
"AT5G55480",6.99246201980926e-17,-1.06647402634236,0.04,0.14,8.83805244531772e-12
"AT4G00660",7.07094278375674e-17,-0.774190203909104,0.087,0.207,8.9372474221015e-12
"AT1G54490",7.15593011125615e-17,-0.92859659505951,0.055,0.161,9.0446663048211e-12
"AT1G48600",7.18209560242289e-17,-0.31749053687342,0.261,0.44,9.07773791572639e-12
"AT3G56210",7.23190350646147e-17,-0.777938631065346,0.052,0.16,9.14069211795691e-12
"AT2G31360",7.35531392181231e-17,-0.752151864984955,0.079,0.197,9.29667547833546e-12
"AT5G45360",7.37979669062973e-17,-0.906626593407334,0.045,0.147,9.32762022915454e-12
"AT2G46470",7.47834077037458e-17,-1.08145665655089,0.036,0.133,9.45217403330724e-12
"AT4G33080",7.49398621688365e-17,-0.793188940483574,0.069,0.181,9.47194893896791e-12
"AT5G19940",7.57282243195118e-17,-0.748070716304194,0.055,0.163,9.57159318464038e-12
"AT3G06540",7.64815969074881e-17,-1.12375750854147,0.05,0.153,9.66681495952505e-12
"AT3G29390",7.74174038767675e-17,-0.477737008701834,0.09,0.211,9.78509534560015e-12
"AT1G21390",7.78609655784563e-17,-0.982013164490381,0.048,0.149,9.8411588833234e-12
"AT1G61580",7.8270438387967e-17,-0.573375669620117,0.09,0.215,9.8929137896087e-12
"AT5G43400",7.924054578388e-17,-0.988997522333013,0.042,0.144,1.00155295438077e-11
"AT1G72770",7.94615648635074e-17,-0.578017474275672,0.068,0.182,1.00434650293582e-11
"AT2G16790",7.95417309824204e-17,-0.642022461694789,0.065,0.177,1.0053597545792e-11
"AT5G13750",7.98246601002852e-17,-0.477987250509827,0.117,0.254,1.00893580887154e-11
"AT1G18160",7.99471662176352e-17,-0.946401633329292,0.052,0.157,1.01048421269118e-11
"AT2G30330",8.05880504021209e-17,-1.21980571692924,0.036,0.132,1.01858460425257e-11
"AT1G18480",8.10478446260514e-17,-1.162678593729,0.03,0.124,1.02439612736651e-11
"AT3G13450",8.31305709334649e-17,-0.943745725375605,0.043,0.145,1.05072053825644e-11
"AT5G26110",8.35060453179969e-17,-1.55242935406081,0.029,0.122,1.05546630919229e-11
"AT4G30480",8.36641703804345e-17,-0.59533999091083,0.069,0.183,1.05746491510646e-11
"AT1G03290",8.3805449420062e-17,-0.622234299380085,0.049,0.154,1.05925059739993e-11
"AT3G20330",8.40128700815608e-17,-1.37611432697553,0.027,0.119,1.06187227010888e-11
"AT5G23860",8.41224924045818e-17,-0.564566906100166,0.082,0.203,1.06325783049847e-11
"AT1G12580",8.41995939658507e-17,-1.05867133395438,0.049,0.153,1.06423234797197e-11
"AT1G23280",8.42597839453022e-17,-0.818332681620331,0.045,0.146,1.06499311319825e-11
"AT3G04710",8.45954039403337e-17,-0.838372650741285,0.036,0.134,1.06923514856345e-11
"AT5G22880",8.5090816189878e-17,-1.18077768358354,0.116,0.241,1.07549686215034e-11
"AT1G02080",8.78994224009091e-17,-0.413790147996894,0.089,0.21,1.11099595949405e-11
"AT3G12670",8.82563642028005e-17,-0.688864551774056,0.05,0.156,1.11550748970488e-11
"AT2G33390",8.90987170692421e-17,-0.867603390718045,0.056,0.163,1.12615432452498e-11
"AT4G25400",8.9601124442874e-17,-0.472868270946307,0.129,0.266,1.13250445228326e-11
"AT2G26430",8.98905375968774e-17,-0.735264974962051,0.046,0.149,1.13616246090197e-11
"AT5G64960",9.12316393022285e-17,-0.304092105037384,0.122,0.259,1.15311318179659e-11
"AT5G42520",9.24519252320133e-17,-0.89974306132936,0.042,0.143,1.16853686377751e-11
"AT5G57460",9.41450481305454e-17,-0.954901542120919,0.032,0.128,1.18993692134122e-11
"AT1G61730",9.42181532208349e-17,-0.717138596776618,0.045,0.147,1.19086092581942e-11
"AT4G03510",9.44327143476693e-17,-0.321017093473128,0.106,0.237,1.19357284972593e-11
"AT2G38810",9.52359324470568e-17,-0.844399323224233,0.049,0.152,1.20372504457133e-11
"AT1G16870",9.54168372305873e-17,-0.916216674764462,0.048,0.151,1.20601157249229e-11
"AT5G17640",9.65327382685e-17,-0.459269981002807,0.08,0.198,1.22011589207088e-11
"AT5G41810",9.66456419567416e-17,-1.00149158375278,0.036,0.133,1.22154292694804e-11
"2:3471137-3472040",9.67152533291748e-17,-1.88855533323866,0.016,0.1,1.22242277292877e-11
"AT1G22920",9.6930751842012e-17,-0.735877437795723,0.056,0.163,1.22514654483193e-11
"AT1G27600",9.73213408728706e-17,-1.32561975633377,0.026,0.117,1.23008335582856e-11
"AT4G38570",9.8066489159256e-17,-1.27032454952551,0.031,0.125,1.2395015830795e-11
"AT5G39730",9.874617480648e-17,-0.220574004712583,0.149,0.301,1.24809240184902e-11
"AT5G16950",1.01096575318706e-16,-1.41654742528555,0.025,0.115,1.27780005408325e-11
"AT4G29690",1.01127004049031e-16,-0.706479665612131,0.082,0.201,1.27818465497732e-11
"AT5G50870",1.01331335967104e-16,-0.388263965628897,0.08,0.201,1.28076728782261e-11
"AT1G31660",1.01812355011316e-16,-1.36513840965841,0.04,0.138,1.28684707993003e-11
"AT4G39780",1.01828304921374e-16,-1.43649457477788,0.03,0.123,1.28704867722321e-11
"AT3G22890",1.02685070326969e-16,-0.411016499733185,0.159,0.308,1.29787767789069e-11
"AT2G13360",1.02848366727624e-16,-0.740123484713825,0.047,0.149,1.29994164641713e-11
"AT5G46410",1.0380404313824e-16,-0.79434614886176,0.068,0.179,1.31202082284147e-11
"AT5G58020",1.0423853711382e-16,-1.23762177607541,0.033,0.129,1.31751256599641e-11
"AT2G04400",1.04310126373302e-16,-0.918023482246079,0.047,0.151,1.31841741128271e-11
"AT4G22380",1.05506854529425e-16,-1.00372051340163,0.043,0.145,1.33354333713922e-11
"AT3G11590",1.0586829448848e-16,-1.34925261238395,0.028,0.12,1.3381117213577e-11
"AT5G52510",1.06882777720486e-16,-1.12841463189687,0.04,0.138,1.35093418072031e-11
"AT1G75800",1.06902705775948e-16,-0.675458415666241,0.085,0.205,1.35118605938452e-11
"AT1G18660",1.07084102870507e-16,-0.883073484139272,0.065,0.176,1.35347880982148e-11
"AT5G04440",1.07520431403958e-16,-0.641332081954813,0.056,0.164,1.35899374068719e-11
"AT1G18460",1.07798050717424e-16,-0.717205260181109,0.069,0.183,1.3625026822378e-11
"AT5G06120",1.09039933847857e-16,-1.02051463284409,0.039,0.137,1.37819933987661e-11
"AT3G19508",1.0944128434736e-16,-1.17373651568762,0.027,0.119,1.38327216938002e-11
"AT3G54250",1.11081414140995e-16,-1.32927765573046,0.031,0.125,1.4040024258937e-11
"AT5G67630",1.11208148646941e-16,-0.90200071995101,0.032,0.128,1.40560427400814e-11
"AT4G37460",1.15111149930241e-16,-0.653544871433913,0.064,0.174,1.45493586842829e-11
"AT3G02880",1.15812326543775e-16,-0.661036937312381,0.064,0.174,1.46379832011739e-11
"AT3G14180",1.17016809868442e-16,-0.718184381070561,0.032,0.128,1.47902226665118e-11
"AT1G06400",1.17639141335399e-16,-0.293143742450219,0.144,0.291,1.48688816299464e-11
"AT5G18830",1.18674738273043e-16,-1.38336997084855,0.04,0.137,1.4999774869283e-11
"AT4G06744",1.18997083811184e-16,-0.310709654095892,0.111,0.246,1.50405174112309e-11
"AT5G11850",1.22068149223649e-16,-0.496682831374368,0.09,0.212,1.54286816529739e-11
"AT1G24160",1.22182310439563e-16,-1.10961114507114,0.039,0.137,1.54431109456981e-11
"AT2G17240",1.22543303945576e-16,-0.857960131445197,0.048,0.151,1.54887383588972e-11
"AT1G69252",1.22552476582383e-16,-0.596278073534373,0.071,0.187,1.54898977251537e-11
"AT5G63460",1.22741502180678e-16,-0.515448052048095,0.091,0.213,1.55137894266246e-11
"AT1G44750",1.23188118265081e-16,-1.02977118699693,0.033,0.129,1.55702390199967e-11
"AT3G29780",1.23576957716681e-16,-0.75657814211389,0.051,0.157,1.56193859936421e-11
"AT1G42440",1.2379878836468e-16,-0.533270577168648,0.059,0.167,1.56474240565654e-11
"AT1G14360",1.24322240354749e-16,-0.813772906074535,0.068,0.179,1.57135852473981e-11
"AT1G28510",1.25128116715056e-16,-0.501635008714544,0.078,0.195,1.58154431840828e-11
"AT5G12290",1.25257444854207e-16,-0.91382285189598,0.04,0.139,1.58317894849027e-11
"AT1G74250",1.25641749337037e-16,-1.04133000737074,0.045,0.146,1.58803632657054e-11
"AT4G34100",1.2587089673219e-16,-0.873088849401745,0.059,0.168,1.59093261215685e-11
"AT2G44820",1.26106824650351e-16,-0.615406679340199,0.055,0.161,1.59391459948565e-11
"AT4G28470",1.26138500872924e-16,-0.724996136171506,0.057,0.164,1.59431496793324e-11
"AT3G11660",1.28615089327727e-16,-0.71910857679042,0.054,0.159,1.62561756004887e-11
"AT4G30500",1.2870105244125e-16,-0.942670791177368,0.041,0.141,1.62670408222594e-11
"AT5G51830",1.29348507486989e-16,-1.09112793875495,0.042,0.142,1.63488752553105e-11
"AT5G27730",1.29980333592207e-16,-1.00816042844365,0.047,0.149,1.64287342840534e-11
"AT2G36680",1.30294036981776e-16,-0.685685188956734,0.059,0.166,1.64683845102746e-11
"AT3G02840",1.30693761401652e-16,-1.04375389749749,0.054,0.158,1.65189072786004e-11
"2:3331872-3332532",1.31185800581457e-16,-2.05112536325164,0.019,0.104,1.65810980786927e-11
"AT1G58280",1.31602758130571e-16,-1.04664458296884,0.045,0.145,1.66337990111554e-11
"AT2G12400",1.33086247718108e-16,-0.390427661291656,0.115,0.248,1.68213031940825e-11
"AT1G48490",1.34625787819272e-16,-0.844352354306868,0.057,0.163,1.70158918256291e-11
"AT1G65540",1.35914667560657e-16,-0.669383185367007,0.054,0.16,1.71787984916617e-11
"AT4G38100",1.35952966013869e-16,-0.501674076938166,0.043,0.144,1.7183639186357e-11
"AT1G73300",1.36125597738351e-16,-0.821799125334238,0.066,0.175,1.72054588005411e-11
"AT4G10140",1.39511388271844e-16,-0.759434783128166,0.047,0.149,1.76334024092314e-11
"AT3G03740",1.40572532975214e-16,-0.681401245943395,0.041,0.141,1.77675247328691e-11
"AT1G32750",1.40914240675957e-16,-0.460095847819188,0.061,0.171,1.7810714535997e-11
"AT1G28250",1.42406606223393e-16,-0.775516608722266,0.041,0.14,1.79993405869995e-11
"AT1G63830",1.42592591337229e-16,-0.515169934774685,0.088,0.211,1.80228479894778e-11
"AT3G55120",1.44185468829468e-16,-0.355126137220568,0.144,0.286,1.82241781472317e-11
"AT1G22550",1.47415991333755e-16,-1.55765787646166,0.029,0.12,1.86324968086386e-11
"AT2G21150",1.50350791001627e-16,-0.547879593685067,0.077,0.194,1.90034378778597e-11
"AT5G65110",1.51161945614032e-16,-0.15100419158497,0.133,0.276,1.91059629539399e-11
"AT1G08940",1.51800759366119e-16,-1.05646646554497,0.047,0.147,1.91867051793213e-11
"AT1G12140",1.52191708919782e-16,-1.18724953070268,0.036,0.131,1.9236118857207e-11
"AT5G47390",1.53124601186147e-16,-0.616567651198651,0.078,0.194,1.93540308423219e-11
"AT3G09000",1.53891430633913e-16,-1.31612999230764,0.02,0.107,1.94509534835428e-11
"AT4G15930",1.54069599196915e-16,-0.382819170435625,0.084,0.206,1.94734729208949e-11
"AT4G01660",1.54521546472862e-16,-1.69526847572304,0.028,0.119,1.95305963448909e-11
"AT1G57820",1.57442296282932e-16,-1.27440265099045,0.031,0.124,1.98997615963849e-11
"AT3G13110",1.5837087719504e-16,-0.739240745534093,0.069,0.183,2.00171286521899e-11
"AT2G38650",1.5949857271509e-16,-0.786609114951605,0.052,0.156,2.01596625997511e-11
"AT1G78620",1.59898566089028e-16,-0.957851796522424,0.043,0.144,2.02102193622566e-11
"AT1G65020",1.60627988752906e-16,-0.852963123820174,0.033,0.129,2.03024140104348e-11
"AT2G19160",1.61735853891644e-16,-1.52203381577337,0.02,0.107,2.04424415167805e-11
"AT1G48620",1.62799241048413e-16,-0.660713170776919,0.078,0.194,2.05768472730731e-11
"AT1G18745",1.63703370594512e-16,-0.952497034507136,0.027,0.118,2.06911238229227e-11
"AT5G04930",1.6410838031328e-16,-1.03210277573132,0.036,0.132,2.07423146213167e-11
"AT5G47455",1.65315124746838e-16,-1.30670063084407,0.036,0.131,2.08948398772519e-11
"AT1G12740",1.65326894478906e-16,-0.850599608872545,0.08,0.196,2.08963275007668e-11
"AT2G04280",1.66834380567049e-16,-0.77399651133489,0.045,0.145,2.10868646973916e-11
"AT1G01350",1.67000497789608e-16,-1.1060903800579,0.038,0.135,2.11078609176197e-11
"AT4G34460",1.67414164062839e-16,-0.414832173198142,0.086,0.208,2.11601458525584e-11
"AT1G33750",1.6781566947414e-16,-1.28159686223146,0.037,0.132,2.12108937275144e-11
"AT1G53730",1.67833711317417e-16,-0.642878568018314,0.071,0.187,2.12131741082537e-11
"AT5G66490",1.69173756174214e-16,-0.528835351360272,0.081,0.201,2.13825477378836e-11
"AT4G27640",1.70650289591926e-16,-1.19747428977027,0.032,0.127,2.15691727026819e-11
"AT2G24610",1.71421830880281e-16,-1.57916639638824,0.023,0.112,2.16666908922822e-11
"AT3G19980",1.71828693740098e-16,-0.71714875765202,0.041,0.141,2.17181159165859e-11
"AT1G63110",1.71897183750553e-16,-1.01561409747051,0.029,0.122,2.17267726429673e-11
"AT5G53440",1.7196297814593e-16,-0.476560152389012,0.072,0.188,2.17350886597767e-11
"AT2G38230",1.72082304579372e-16,-1.08520311636977,0.045,0.143,2.17501708050051e-11
"AT2G07180",1.72144698268448e-16,-1.80622877446302,0.017,0.1,2.17580569929422e-11
"AT4G37640",1.73374928562399e-16,-1.02294668602647,0.047,0.148,2.19135507207158e-11
"AT5G65575",1.76239419637301e-16,-0.579251412921261,0.061,0.171,2.22756052056371e-11
"AT5G16210",1.76513585234666e-16,-0.789685814369545,0.059,0.165,2.23102580921504e-11
"AT1G23040",1.76640304206201e-16,-0.560444630290072,0.067,0.179,2.23262746098386e-11
"AT1G54890",1.77256901770158e-16,-1.38060497460873,0.074,0.183,2.24042088423373e-11
"AT4G01870",1.78477022209246e-16,-0.715114878209089,0.065,0.175,2.25584247451155e-11
"AT5G65470",1.80858393662691e-16,-0.641822873952377,0.078,0.195,2.28594158086022e-11
"2:3376430-3377434",1.82010969271635e-16,-1.46511853860901,0.033,0.127,2.30050944501191e-11
"AT5G47630",1.82589910399347e-16,-1.30256704733211,0.027,0.117,2.30782691350151e-11
"AT4G37680",1.84056330515529e-16,-0.69895433476773,0.05,0.156,2.32636158391797e-11
"AT1G03475",1.84442198419461e-16,-0.99625403014746,0.032,0.127,2.33123872270294e-11
"AT3G20870",1.84491460798532e-16,-0.598396041574429,0.054,0.16,2.33186136961696e-11
"AT1G71170",1.84521635748098e-16,-1.53413257869832,0.022,0.109,2.33224276287451e-11
"AT3G14205",1.8661381814311e-16,-0.454547220752644,0.072,0.188,2.35868669303802e-11
"AT1G68760",1.87134682664102e-16,-0.572611100443206,0.062,0.172,2.36527010806465e-11
"AT3G15430",1.88292130156418e-16,-0.684588403809657,0.049,0.153,2.37989954989904e-11
"AT5G35980",1.89298432459034e-16,-0.828603441693013,0.069,0.18,2.39261860722272e-11
"AT4G21560",1.90455398466951e-16,-0.943150582257828,0.054,0.159,2.40724196338318e-11
"AT3G58510",1.91264615441703e-16,-0.611900794856521,0.057,0.165,2.41746998041386e-11
"AT3G03990",1.9130318619432e-16,-0.391500443438573,0.117,0.249,2.41795749158449e-11
"AT1G77760",1.91470328942369e-16,-1.41743483132172,0.029,0.121,2.42007007563418e-11
"AT1G23960",1.93285420212087e-16,-0.678972278250676,0.056,0.162,2.44301174022865e-11
"AT4G40050",1.94802540183315e-16,-1.23453362801407,0.027,0.117,2.46218722639299e-11
"AT5G45070",1.94932163221886e-16,-1.5017842063741,0.03,0.121,2.4638255838267e-11
"AT3G44150",1.96651358235083e-16,-1.01622169475706,0.041,0.139,2.48555517727651e-11
"AT1G76500",1.96872268252621e-16,-1.01065006900629,0.04,0.137,2.48834734735218e-11
"AT2G30950",2.0063511508144e-16,-0.732050959635063,0.051,0.154,2.53590747356035e-11
"AT3G62720",2.00718023894764e-16,-0.572230391920839,0.078,0.194,2.53695539121548e-11
"AT3G03320",2.02229816547025e-16,-0.379873637633119,0.045,0.147,2.55606354326447e-11
"AT5G65620",2.04435856878701e-16,-0.360969887270281,0.068,0.183,2.58394656943266e-11
"AT4G24760",2.04791753323929e-16,-1.27882410325916,0.027,0.117,2.58844488696247e-11
"AT2G36300",2.06829586636898e-16,-1.65862418120889,0.03,0.121,2.61420187733841e-11
"AT1G01540",2.08376719868572e-16,-1.13078072064012,0.041,0.14,2.63375671310683e-11
"AT5G24650",2.08514635742897e-16,-0.633409301174416,0.066,0.176,2.63549988700877e-11
"AT1G55320",2.08575763346776e-16,-0.923243002451088,0.029,0.121,2.63627250324524e-11
"AT4G39955",2.09812453887139e-16,-0.684799077838072,0.058,0.164,2.6519035296611e-11
"AT4G13360",2.104634959065e-16,-0.667765791339571,0.048,0.151,2.66013231016061e-11
"AT4G25680",2.11380568175467e-16,-0.569958877973146,0.06,0.169,2.671723553397e-11
"AT3G66654",2.11604340278232e-16,-0.641950213681487,0.071,0.184,2.67455189851268e-11
"AT5G01980",2.12804093348307e-16,-1.24521654876503,0.031,0.124,2.68971605746659e-11
"AT1G15140",2.14941250369802e-16,-1.50835469298666,0.018,0.102,2.71672843992408e-11
"AT5G56180",2.17021638721792e-16,-1.29994978068934,0.032,0.126,2.74302330046022e-11
"AT4G27750",2.17359702237077e-16,-0.66826705603567,0.038,0.136,2.74729622045532e-11
"AT3G62920",2.17991953416635e-16,-0.843509459888231,0.03,0.123,2.75528749601421e-11
"AT4G17720",2.20182569442304e-16,-0.815831969506226,0.055,0.16,2.78297556820906e-11
"AT1G04910",2.21130691631721e-16,-0.949355971646463,0.033,0.128,2.79495926380997e-11
"AT3G54680",2.21422901311903e-16,-0.588047878839594,0.055,0.162,2.79865261884167e-11
"AT3G57070",2.21913619045723e-16,-1.146627361818,0.038,0.135,2.80485499656651e-11
"5:21688079-21689007",2.22044604925031e-16,1.90689516379027,0.118,0.055,2.80651057948944e-11
"AT2G20890",2.29044726888254e-16,-0.891356117827368,0.036,0.13,2.8949879210314e-11
"AT4G26080",2.29759839487723e-16,-0.718320354958121,0.056,0.16,2.90402651522113e-11
"AT3G15260",2.33135162875271e-16,-0.846118864614977,0.036,0.132,2.9466885776457e-11
"AT5G01610",2.37420276635889e-16,-0.829298063093031,0.052,0.156,3.00084984451165e-11
"AT1G43700",2.3822006971378e-16,-0.756688841138312,0.049,0.153,3.01095874914035e-11
"AT3G60480",2.38796727710561e-16,-0.893264724123009,0.05,0.152,3.01824736022486e-11
"AT4G23420",2.38888572773963e-16,-0.709851320645786,0.082,0.2,3.01940822671923e-11
"AT3G10620",2.38944044999261e-16,-0.815939460430305,0.042,0.141,3.02010936236366e-11
"AT4G33530",2.42481407861473e-16,-0.925177179300185,0.043,0.143,3.0648195065243e-11
"AT4G08960",2.4292323480822e-16,-1.71451298435784,0.018,0.102,3.07040393403501e-11
"AT3G12500",2.44238600432987e-16,-0.77967489630105,0.051,0.155,3.0870293663127e-11
"AT1G35680",2.44919956771249e-16,-1.00706154027324,0.042,0.141,3.09564130161453e-11
"2:3381459-3382364",2.45377888054446e-16,-1.32718134577788,0.035,0.128,3.10142927827536e-11
"AT4G30290",2.46313634520472e-16,-0.677215435975976,0.146,0.284,3.11325655215805e-11
"AT4G40080",2.46551062551488e-16,-0.981580537235951,0.049,0.15,3.11625750001328e-11
"AT1G06720",2.49934438047479e-16,-1.03364430028636,0.037,0.133,3.15902133625731e-11
"AT3G48880",2.50296632800331e-16,-1.37092350120649,0.03,0.122,3.1635992606165e-11
"AT3G61620",2.52315794534758e-16,-1.03322306846231,0.042,0.14,3.18912025344262e-11
"AT2G04690",2.52579505645685e-16,-0.80928388510198,0.064,0.171,3.19245340365807e-11
"AT4G08035",2.55016645628945e-16,-0.653055186785735,0.093,0.214,3.22325739076249e-11
"AT3G55520",2.55632940480528e-16,-0.475758217736767,0.077,0.194,3.23104698790959e-11
"AT5G03340",2.56752208037998e-16,-0.574513786378902,0.038,0.135,3.24519385827548e-11
"AT5G65900",2.6218420632192e-16,-0.501698827376029,0.087,0.207,3.31385105738528e-11
"AT5G53045",2.63647431640023e-16,-0.12933340229147,0.057,0.165,3.33234534747091e-11
"AT5G19980",2.6409931214927e-16,-1.1762496035522,0.032,0.125,3.33805684597948e-11
"AT5G07360",2.64221806555398e-16,-0.990998640370749,0.031,0.124,3.3396051017763e-11
"AT3G11200",2.64396448947319e-16,-0.353507644922362,0.095,0.218,3.34181247682475e-11
"AT1G13190",2.69917831395269e-16,-0.623098162215752,0.067,0.178,3.41159943813736e-11
"AT5G24260",2.72707371804837e-16,-0.982745617643483,0.041,0.139,3.44685755519006e-11
"AT4G01590",2.7322968242199e-16,-0.761974524375268,0.048,0.149,3.45345924800449e-11
"AT1G04300",2.7374426831546e-16,-0.893569659707583,0.054,0.156,3.45996330494642e-11
"AT2G19670",2.74246199279787e-16,-1.57743092929228,0.026,0.114,3.46630741117694e-11
"AT4G23570",2.77807100801297e-16,-0.735053188208156,0.057,0.163,3.51131506986791e-11
"AT1G79970",2.79290425706493e-16,-0.951016007497793,0.037,0.133,3.53006340667465e-11
"AT1G19880",2.80994618565425e-16,-1.00756762523163,0.042,0.139,3.55160338189583e-11
"AT1G67560",2.8197722317304e-16,-0.989140761308049,0.047,0.147,3.56402291457332e-11
"AT3G63150",2.84626261891e-16,-0.913522309525647,0.031,0.124,3.59750517454511e-11
"AT4G29120",2.85830952891339e-16,-1.76605706620844,0.022,0.108,3.61273174597479e-11
"AT1G80890",2.8775850005075e-16,-1.29243769462259,0.041,0.138,3.63709478554145e-11
"AT2G39530",2.87763982627119e-16,-1.05166986403736,0.067,0.176,3.63716408201721e-11
"AT5G51020",2.91258598775284e-16,-1.48719077280064,0.021,0.107,3.68133393336033e-11
"AT3G18035",2.96130726859553e-16,-0.332713210493697,0.114,0.243,3.74291470906863e-11
"AT4G30950",2.99879994481481e-16,-1.19574441056258,0.031,0.124,3.79030320224923e-11
"AT1G29370",3.16285438681558e-16,-1.05218026947402,0.031,0.124,3.99765817367169e-11
"AT1G12400",3.1637452853915e-16,-0.753967126673907,0.041,0.14,3.99878421601774e-11
"AT2G17980",3.20046460216886e-16,-0.997130037867145,0.03,0.122,4.04519522926531e-11
"AT3G04500",3.20888194859269e-16,-0.524953794121262,0.111,0.237,4.05583425010425e-11
"AT1G77670",3.24346726901768e-16,-1.16754452348037,0.026,0.115,4.09954802000221e-11
"AT3G61990",3.24659170947578e-16,-1.18864269168408,0.043,0.141,4.10349712527482e-11
"AT3G24010",3.2494354435326e-16,-0.786359534059552,0.039,0.135,4.1070914344986e-11
"AT2G19110",3.25237891654469e-16,-0.865606005226053,0.13,0.26,4.11081180777749e-11
"AT5G59510",3.26061410311532e-16,-0.867496657685351,0.042,0.141,4.12122058949157e-11
"AT5G19350",3.27419243369701e-16,-0.681545341440839,0.051,0.155,4.13838278464699e-11
"AT3G18040",3.28028257046236e-16,-1.14606446621594,0.036,0.13,4.14608035211019e-11
"AT3G02140",3.29590414513034e-16,-0.538685680753216,0.075,0.188,4.16582508519605e-11
"AT3G02700",3.30244074054056e-16,-0.770220417326832,0.049,0.151,4.17408694959884e-11
"AT3G02300",3.30483400839602e-16,-0.60741045731459,0.095,0.215,4.17711189657206e-11
"AT1G13245",3.30865703379681e-16,-0.678165438750019,0.097,0.218,4.18194397129714e-11
"AT4G01720",3.32815287281609e-16,-2.29382284079223,0.018,0.101,4.20658554206717e-11
"AT1G16670",3.36641615208056e-16,-0.925434537123885,0.06,0.164,4.2549480312607e-11
"AT1G29790",3.38455621802692e-16,-0.914591960729083,0.036,0.131,4.27787598621295e-11
"AT5G49020",3.3917385131761e-16,-1.47427736897119,0.019,0.103,4.28695397634381e-11
"AT5G35740",3.45747213024318e-16,-1.02553464201152,0.052,0.154,4.37003732429956e-11
"AT2G05920",3.47442986488931e-16,-0.179255695996437,0.193,0.354,4.3914708834282e-11
"AT3G09830",3.47522312259946e-16,-0.689684394381644,0.097,0.219,4.39247351357836e-11
"AT5G58230",3.54679866654418e-16,-0.643235084019735,0.038,0.134,4.48294070659185e-11
"AT1G19110",3.55064544055792e-16,-0.877614712245475,0.05,0.151,4.48780279813878e-11
"AT5G26990",3.61183286110717e-16,-0.656735653228454,0.052,0.155,4.5651400264678e-11
"AT5G45470",3.62258577825642e-16,-0.781969985235699,0.054,0.157,4.57873106856942e-11
"AT3G11410",3.65559911644645e-16,-0.918717619457422,0.051,0.153,4.62045794724133e-11
"AT3G02710",3.68423577489478e-16,-0.794755169433356,0.031,0.124,4.65665296532051e-11
"AT4G16340",3.68844319597549e-16,-1.17613612113813,0.029,0.119,4.66197089312126e-11
"AT3G02070",3.69499295793256e-16,-1.04692462577481,0.056,0.158,4.67024939924928e-11
"AT3G47610",3.70829270264052e-16,-0.901586815213563,0.039,0.136,4.68705947857546e-11
"AT5G06800",3.72684064198688e-16,-1.4426329119945,0.033,0.124,4.7105029610329e-11
"AT3G52030",3.7510801499729e-16,-0.950888161383894,0.045,0.143,4.74114024475675e-11
"AT5G62900",3.76675880368689e-16,-0.772002171351241,0.042,0.141,4.76095712233201e-11
"AT3G54660",3.80446946044979e-16,-0.592139645731645,0.049,0.152,4.80862112984091e-11
"AT2G39795",3.8263216186721e-16,-1.0058550159895,0.038,0.133,4.83624094670441e-11
"AT1G24190",3.82908959380933e-16,-0.962536920772113,0.056,0.16,4.83973950119937e-11
"AT1G08600",3.88365327558294e-16,-0.669169896343415,0.082,0.198,4.9087047211403e-11
"AT1G61560",3.91478554695978e-16,-1.71609867374931,0.033,0.123,4.94805404422434e-11
"AT2G01640",3.94165591616952e-16,-0.440791549928073,0.049,0.153,4.9820165786833e-11
"AT1G80420",3.98103847908199e-16,-0.924427847412762,0.037,0.132,5.03179377525089e-11
"AT5G66985",3.9951338604911e-16,-0.646930567219545,0.074,0.188,5.04960949162912e-11
"AT5G07870",4.0036775013399e-16,-0.747244020679423,0.077,0.189,5.06040814104356e-11
"AT5G65750",4.00589891687779e-16,-0.585926370333126,0.055,0.16,5.06321587699852e-11
"AT4G17420",4.01522822310641e-16,-1.24834119734293,0.028,0.118,5.07500756031311e-11
"AT5G07370",4.0254293564478e-16,-1.04177979358931,0.047,0.146,5.08790118078864e-11
"AT1G60660",4.0572177058564e-16,-0.75119324905931,0.079,0.194,5.12807974714014e-11
"AT3G24120",4.06644746274786e-16,-1.30887245274358,0.023,0.111,5.13974560606553e-11
"AT3G26730",4.07959837393805e-16,-1.12326278464639,0.039,0.134,5.15636756875526e-11
"AT4G33910",4.10847297075993e-16,-0.723919662461744,0.057,0.162,5.19286332666231e-11
"AT5G20550",4.11268656105268e-16,-0.97530090918644,0.031,0.124,5.19818905197692e-11
"AT4G14145",4.13796881187295e-16,-0.696454790798788,0.048,0.15,5.2301443000787e-11
"AT3G49390",4.14998782298957e-16,-0.695851572543495,0.056,0.16,5.24533560898944e-11
"AT4G39850",4.16856099381415e-16,-0.601560094770973,0.057,0.163,5.26881098252146e-11
"AT2G43750",4.21871229603594e-16,-0.83031057539917,0.031,0.123,5.33219921945166e-11
"AT4G25820",4.22206763119444e-16,-1.10070557140578,0.111,0.236,5.3364401617719e-11
"AT2G36400",4.31524551787388e-16,-1.57525791916023,0.023,0.11,5.45421141986152e-11
"AT3G19340",4.42644060767512e-16,-0.921751914017144,0.062,0.167,5.59475534166489e-11
"AT3G09900",4.4312085616787e-16,-0.530105718236887,0.049,0.151,5.60078174944817e-11
"AT2G36810",4.51133453230249e-16,-0.977237441285812,0.056,0.159,5.70205616875841e-11
"AT4G30780",4.51272690077038e-16,-1.51565727934396,0.023,0.109,5.70381603895972e-11
"AT1G44790",4.52767276483879e-16,-1.32031172857839,0.035,0.127,5.72270671439035e-11
"AT2G37790",4.53423826406844e-16,-1.2270846014483,0.022,0.109,5.73100511148667e-11
"AT5G59960",4.59904331802463e-16,-0.437901680912409,0.085,0.201,5.81291481138405e-11
"AT2G39720",4.61520774688016e-16,-1.30604915257066,0.036,0.129,5.83334567959171e-11
"AT2G38400",4.65412458564338e-16,-1.12214024122449,0.066,0.174,5.8825342287781e-11
"AT2G33435",4.67528471650847e-16,-0.492529697778398,0.095,0.215,5.90927936458371e-11
"AT1G27695",4.68337380663179e-16,-0.761373438263246,0.059,0.164,5.91950348915419e-11
"AT3G17430",4.73622235550896e-16,-1.14626369491614,0.038,0.133,5.98630088402199e-11
"AT5G64920",4.76057063830235e-16,-0.914831213509609,0.038,0.134,6.01707565257587e-11
"AT3G26340",4.82248189793852e-16,-0.805547410306534,0.028,0.118,6.09532777008041e-11
"AT1G29260",4.84642529631486e-16,-0.813248381640078,0.047,0.146,6.1255907890242e-11
"AT2G33450",4.87040984352173e-16,-0.804850872779295,0.042,0.14,6.15590581762085e-11
"AT3G26670",4.87851449045876e-16,-0.85589535969547,0.035,0.128,6.16614960507045e-11
"AT2G20560",4.89704603901806e-16,-0.706217081070843,0.062,0.169,6.18957237055649e-11
"AT3G17880",4.90121451773495e-16,-0.770657097691926,0.041,0.138,6.19484107754591e-11
"AT5G14950",4.9109618543167e-16,-1.09909277885244,0.036,0.129,6.20716112614505e-11
"AT3G06110",4.92071361328716e-16,-0.979925087860286,0.047,0.147,6.21948676437817e-11
"AT1G70290",4.92620670824788e-16,-0.478047250439379,0.093,0.213,6.22642970682283e-11
"AT1G13450",4.98547213037811e-16,-0.840342342232443,0.048,0.148,6.30133764447011e-11
"AT3G16760",5.02087392517397e-16,-0.770794455247316,0.058,0.164,6.34608338898439e-11
"AT5G49980",5.03210931079147e-16,-0.973482324803546,0.037,0.132,6.36028424228177e-11
"AT3G22290",5.05821541178335e-16,-0.446791615609126,0.076,0.19,6.39328078756945e-11
"AT4G20780",5.06119935923357e-16,-0.865920579367563,0.042,0.141,6.39705231810968e-11
"AT2G38580",5.15153707641896e-16,-1.02765102769364,0.038,0.133,6.51123377236898e-11
"AT1G75510",5.15997644350268e-16,-0.620095822947444,0.049,0.151,6.52190062600077e-11
"AT1G54170",5.19767721730351e-16,-0.678396582294242,0.042,0.14,6.5695521420386e-11
"AT5G48380",5.20020383418427e-16,-0.770034030455565,0.055,0.158,6.57274563417887e-11
"AT5G26751",5.20252839496645e-16,-0.342142672635026,0.098,0.221,6.5756837395339e-11
"AT5G15460",5.21146196205830e-16,-1.06906178564931,0.033,0.126,6.58697523232396e-11
"AT3G09890",5.22984006619969e-16,-0.969085024758509,0.033,0.126,6.61020405327244e-11
"AT4G34660",5.24733263986542e-16,-0.521377537235116,0.077,0.192,6.6323136168315e-11
"AT4G03260",5.30375949330338e-16,-0.961544582623391,0.055,0.157,6.70363377396587e-11
"AT3G50830",5.39653768411938e-16,-0.607222284072948,0.042,0.141,6.82089984046585e-11
"AT5G55670",5.40055565324016e-16,-1.25652359376287,0.036,0.129,6.82597831235636e-11
"AT1G80490",5.42567734414184e-16,-1.03948269835518,0.049,0.149,6.85773062235464e-11
"AT3G14010",5.4450456022902e-16,-0.454057286264574,0.101,0.226,6.88221093855868e-11
"AT3G55000",5.51864650990545e-16,-0.703725730992502,0.061,0.167,6.97523806972989e-11
"AT2G46270",5.59398754823076e-16,-0.868292617512746,0.056,0.159,7.07046462171079e-11
"AT3G18215",5.61468400617695e-16,-0.748749502852911,0.038,0.134,7.09662370276729e-11
"AT5G57300",5.6221196409784e-16,-1.00048396134748,0.033,0.126,7.10602189901823e-11
"AT2G23320",5.75226935859964e-16,-0.464341673746937,0.082,0.2,7.27052333310843e-11
"AT5G18680",5.76319590301015e-16,-0.953257480857517,0.079,0.19,7.28433382965064e-11
"AT4G32551",5.789795885937e-16,-0.766660032783006,0.046,0.145,7.31795461207122e-11
"AT3G27310",5.8016464416224e-16,-0.652813641588116,0.064,0.172,7.33293300342421e-11
"AT2G20840",5.85390045275213e-16,-0.881385581867026,0.035,0.128,7.39897893825153e-11
"2:3376426-3377434",5.86336683247898e-16,-2.50213048450595,0.021,0.104,7.41094387424348e-11
"AT3G12010",5.9421261668052e-16,-1.15025960012832,0.028,0.118,7.51049094727177e-11
"2:3396590-3397536",5.99527225532217e-16,-1.46819715722002,0.027,0.114,7.5776644143919e-11
"AT1G03090",6.01485283580302e-16,-0.42130983337703,0.123,0.254,7.60241309328487e-11
"AT3G26020",6.02474771150999e-16,-0.549957096578296,0.059,0.165,7.61491962248594e-11
"AT5G19010",6.06008620744345e-16,-0.557139624965975,0.062,0.169,7.65958536103608e-11
"AT3G15190",6.07784009126822e-16,-0.532595928884957,0.054,0.158,7.68202520495755e-11
"AT3G12130",6.08597794429875e-16,-0.624503919017976,0.05,0.152,7.69231096291696e-11
"AT1G01940",6.10273697341504e-16,-1.03501801113154,0.039,0.134,7.71349337017821e-11
"AT3G07630",6.10791789257244e-16,-0.952244407018301,0.033,0.125,7.72004174113801e-11
"AT3G12920",6.16715493737035e-16,-0.233402336637558,0.103,0.229,7.79491381153988e-11
"AT4G18360",6.17729747123716e-16,-0.339732153964686,0.089,0.209,7.80773336579549e-11
"AT4G28260",6.1832047929796e-16,-0.559989805298253,0.061,0.167,7.81519986603863e-11
"AT1G30650",6.18705360399363e-16,-1.13525722683645,0.039,0.133,7.82006453223171e-11
"AT5G14170",6.21138020418771e-16,-0.892349678196962,0.041,0.138,7.85081189528102e-11
"AT1G72300",6.21503438687748e-16,-1.80785247391522,0.019,0.102,7.85543056294992e-11
"AT2G26510",6.33650936781807e-16,-0.746887878199388,0.058,0.162,8.00896765035998e-11
"AT5G13640",6.34705679992748e-16,-1.09809971010776,0.04,0.135,8.02229897170034e-11
"AT5G18500",6.37979477038157e-16,-0.682586839616233,0.048,0.148,8.06367780207608e-11
"AT5G11960",6.39916614100333e-16,-0.527806164292287,0.054,0.157,8.08816205225975e-11
"AT3G16060",6.40097329188663e-16,-0.799168812742798,0.048,0.147,8.09044618254718e-11
"AT5G15400",6.45214418365779e-16,-0.917277568087992,0.045,0.141,8.15512311949243e-11
"AT4G24680",6.50164807885329e-16,-0.616483327291429,0.064,0.17,8.21769307278583e-11
"AT1G77770",6.50349138004978e-16,-0.928779718415787,0.036,0.129,8.22002289490012e-11
"AT5G48030",6.50573033291108e-16,-1.11570861174213,0.033,0.124,8.22285279697963e-11
"AT3G18690",6.50891103763706e-16,-0.816154395145898,0.037,0.131,8.22687301691099e-11
"AT1G43860",6.53178328007951e-16,-1.12300216400765,0.025,0.111,8.2557821590237e-11
"AT3G47000",6.62875065710947e-16,-0.871117696425455,0.07,0.179,8.37834310554695e-11
"3:14201318-14202045",6.66133814775094e-16,1.87023627552102,0.147,0.077,8.41953173846832e-11
"AT5G47730",6.79225834504776e-16,-0.0380859763636711,0.262,0.443,8.58500701263967e-11
"AT3G18520",6.83366973577239e-16,-0.467423988529695,0.068,0.178,8.63734852583215e-11
"AT4G27180",6.87530015967152e-16,-0.808606463535665,0.061,0.167,8.68996688381523e-11
"AT5G54440",6.9235712578338e-16,-0.502276955892607,0.057,0.161,8.75097865562645e-11
"AT4G17010",6.98112146149063e-16,-0.88512406767986,0.038,0.133,8.82371866003647e-11
"AT3G60500",7.07567129679629e-16,-1.2401312778201,0.026,0.114,8.9432239788727e-11
"AT3G03860",7.07747610430914e-16,-0.802896685836914,0.054,0.155,8.94550514728049e-11
"AT1G71696",7.12791327834047e-16,-0.721016789501636,0.047,0.146,9.00925470902565e-11
"AT3G01160",7.13074072593179e-16,-1.00986009194024,0.037,0.131,9.01282843313423e-11
"AT2G43630",7.18259017643674e-16,-0.680470805957231,0.049,0.15,9.07836302760546e-11
"AT1G22200",7.25920707631475e-16,-0.583651556409712,0.064,0.172,9.17520219203727e-11
"AT1G68660",7.28919932669454e-16,-0.667660223513327,0.042,0.139,9.21311059698229e-11
"AT3G54440",7.40737628981604e-16,-0.61220018852101,0.05,0.151,9.36247918775008e-11
"AT4G25620",7.43040420713524e-16,-1.42369938992962,0.035,0.126,9.39158509356651e-11
"AT3G18830",7.44733087006986e-16,-1.19851810314816,0.039,0.132,9.4129793799161e-11
"AT2G26060",7.54724685058555e-16,-0.819485470706166,0.048,0.147,9.5392671843291e-11
"AT5G55040",7.56089185695951e-16,-0.499869504320368,0.098,0.219,9.5565136536854e-11
"AT4G02120",7.58373463666578e-16,-0.971784191908664,0.048,0.146,9.58538555666735e-11
"AT1G76650",7.58799172727592e-16,-0.488596716450059,0.216,0.371,9.59076626377312e-11
"AT5G66580",7.74730110081831e-16,-0.917146403670542,0.055,0.157,9.7921237533683e-11
"AT5G23630",7.74756880900045e-16,-0.51374514817202,0.088,0.202,9.79246212044803e-11
"AT2G02040",7.77034169269426e-16,-0.897893748683629,0.04,0.136,9.82124567906398e-11
"AT4G11060",7.77752573568938e-16,-1.54726527063969,0.019,0.102,9.83032587836723e-11
"AT5G58410",7.78249380391528e-16,-0.835760138671354,0.037,0.131,9.83660521852068e-11
"AT3G59320",7.7908265350395e-16,-0.726600389438758,0.049,0.15,9.84713729069783e-11
"AT5G49230",7.80296633836636e-16,-1.24629497433002,0.027,0.114,9.86248127371478e-11
"AT1G50320",7.84104579185622e-16,-0.616562754362187,0.058,0.163,9.91061141815875e-11
"AT3G56170",7.86513013032882e-16,-0.793966483728586,0.046,0.144,9.94105257692781e-11
"AT2G39210",7.88608559042803e-16,-1.10200452955151,0.028,0.116,9.96753902116561e-11
"AT2G47930",7.88840087274416e-16,-1.58913585619658,0.031,0.121,9.97046539909625e-11
"AT3G54670",7.95835450150916e-16,-0.378026977403068,0.091,0.21,1.00588825886375e-10
"2:3336988-3338375",7.99008938556778e-16,-1.95657184324254,0.03,0.117,1.00989935779945e-10
"AT2G35050",8.07906748077583e-16,-0.778987715206857,0.048,0.148,1.02114565516518e-10
"AT4G15030",8.24052062830176e-16,-0.561243980558338,0.069,0.178,1.04155236429357e-10
"AT4G03180",8.27691048974982e-16,-0.927687705636486,0.033,0.125,1.04615182444144e-10
"AT4G34030",8.35354821584565e-16,-1.17424046389182,0.042,0.137,1.0558383731936e-10
"AT2G22630",8.42778124544457e-16,-0.606070838663016,0.058,0.162,1.06522098273672e-10
"AT3G21465",8.51273132803808e-16,-1.09349494573048,0.039,0.133,1.07595816347605e-10
"AT1G21010",8.63070544569268e-16,-1.14547120316887,0.043,0.14,1.09086938410288e-10
"AT4G21910",8.63118427398893e-16,-1.17679340481017,0.03,0.119,1.09092990512656e-10
"AT5G06839",8.69828473378597e-16,-1.10533024143825,0.033,0.123,1.09941100064214e-10
"AT5G62165",8.70284975147679e-16,-0.176771605679772,0.117,0.248,1.09998799148816e-10
"AT3G07300",8.71301764446337e-16,-1.38667830656922,0.027,0.114,1.1012731521543e-10
"AT3G10525",8.72737769738378e-16,-0.774724583095666,0.093,0.21,1.10308817668313e-10
"AT3G58130",8.80055618384769e-16,-0.879135290613892,0.032,0.123,1.11233749830125e-10
"AT1G49032",8.8137288453413e-16,-0.935922635172408,0.04,0.136,1.11400244367807e-10
"AT5G35910",8.87999557167295e-16,-1.11955899404148,0.035,0.126,1.12237816028603e-10
"AT5G16550",9.00279302795725e-16,-0.577188299016308,0.062,0.169,1.13789902197563e-10
"AT3G04470",9.15382986706766e-16,-0.832241942670197,0.04,0.136,1.15698917221815e-10
"AT5G63000",9.16307827942404e-16,-0.802220551555068,0.052,0.154,1.15815811604952e-10
"AT3G13360",9.20407485767995e-16,-1.15135893200203,0.025,0.112,1.1633398375616e-10
"ATCG00180",9.35970626043945e-16,-1.33981306643163,0.023,0.108,1.18301071308198e-10
"AT5G53540",9.36250406019381e-16,-0.801008637932628,0.041,0.138,1.18336433818414e-10
"AT4G00330",9.45884789188549e-16,-0.879419170317446,0.039,0.132,1.19554162044697e-10
"AT3G56740",9.4717173246703e-16,-1.25241666099586,0.028,0.116,1.19716823953438e-10
"AT2G47490",9.55494997263083e-16,-0.790902153644465,0.041,0.137,1.2076883468407e-10
"AT1G78560",9.64672883312445e-16,-1.1826005170106,0.021,0.105,1.21928864413393e-10
"AT5G09250",9.66784442394452e-16,-0.596923194522502,0.054,0.156,1.22195752812004e-10
"AT1G66150",9.71879034902795e-16,-0.578339072115964,0.057,0.16,1.22839678737504e-10
"AT3G09980",9.74086687447005e-16,-0.438823116106183,0.097,0.22,1.23118712773177e-10
"AT1G49050",9.78064668927194e-16,-0.882743511696129,0.047,0.145,1.23621505764384e-10
"AT1G19520",9.90060690144393e-16,-0.80594024204088,0.051,0.152,1.2513773087011e-10
"AT5G19340",9.91352072114391e-16,-0.649056818448545,0.104,0.223,1.25300953802826e-10
"AT4G10970",9.96827190541686e-16,-0.285787296222049,0.091,0.211,1.25992975921326e-10
"AT4G00730",1.00045481779532e-15,-1.1530594740145,0.026,0.112,1.26451486240421e-10
"AT5G03660",1.00435026525092e-15,-0.296989790872068,0.104,0.229,1.26943847426125e-10
"AT3G06190",1.01190354896124e-15,-1.11896775724183,0.031,0.121,1.27898537167407e-10
"AT1G66670",1.01354778097139e-15,-0.904636200514851,0.049,0.149,1.28106358228098e-10
"AT5G48000",1.02682009147306e-15,-1.27576527310768,0.046,0.141,1.29783898641646e-10
"AT1G27340",1.0276383555713e-15,-1.62524413642042,0.02,0.103,1.29887322314079e-10
"AT5G20680",1.02907362771679e-15,-0.451782705749248,0.061,0.169,1.30068732101636e-10
"AT5G47520",1.03388488498342e-15,-1.17046533222155,0.029,0.118,1.30676846152595e-10
"AT4G32915",1.0368696361948e-15,-1.13679115480411,0.037,0.13,1.31054100797206e-10
"AT3G18230",1.04880934701001e-15,-1.38562400594621,0.029,0.117,1.32563208605983e-10
"2:3344191-3344996",1.04926025750388e-15,-0.883575727644155,0.041,0.135,1.32620200986945e-10
"AT1G68840",1.05045941674423e-15,-0.45800064567331,0.142,0.275,1.3277176751997e-10
"AT4G22530",1.0562178095672e-15,-0.649910994845691,0.043,0.14,1.33499593822436e-10
"AT4G24020",1.06301030354551e-15,-0.904215523497763,0.043,0.139,1.34358124306332e-10
"AT2G14460",1.06957135469086e-15,-1.72718241968386,0.025,0.11,1.35187401804796e-10
"AT2G35920",1.07241242252563e-15,-1.41643025681372,0.031,0.121,1.35546495732704e-10
"AT1G71190",1.07498690585735e-15,-1.15972594847027,0.037,0.129,1.35871894978934e-10
"AT3G27300",1.07954821213302e-15,-0.718687316891072,0.051,0.152,1.36448416724341e-10
"AT5G10240",1.08325099577328e-15,-1.18297633439331,0.025,0.11,1.36916426359768e-10
"AT2G45990",1.0883612844505e-15,-0.640338385776896,0.052,0.155,1.37562336186836e-10
"AT2G17080",1.09237473977983e-15,-1.21545585094085,0.029,0.117,1.38069612859732e-10
"AT1G59910",1.09418452331934e-15,-0.526555638369798,0.091,0.21,1.38298358640425e-10
"AT1G48430",1.09449953516177e-15,-1.04078822084834,0.045,0.14,1.38338174247237e-10
"AT3G59210",1.09569414868663e-15,-1.12096989935468,0.036,0.126,1.38489166229098e-10
"AT2G19180",1.1048229138455e-15,-0.517054553826858,0.051,0.153,1.39642987372588e-10
"AT1G73180",1.11789813581638e-15,-0.808984306443553,0.039,0.133,1.41295616978375e-10
"AT4G34910",1.12287856106668e-15,-1.15817321961214,0.018,0.1,1.41925112847462e-10
"AT3G12300",1.13741181980782e-15,-1.24425228505866,0.022,0.106,1.4376202955279e-10
"AT3G62680",1.1400849828103e-15,-1.0807972405525,0.2,0.347,1.44099901317325e-10
"AT5G17010",1.14386918759326e-15,-0.888023801407199,0.054,0.154,1.44578202096662e-10
"AT5G27600",1.14675526878571e-15,-0.884292416842103,0.04,0.135,1.44942985442901e-10
"AT1G22790",1.15353078639226e-15,-0.790534705605662,0.045,0.142,1.45799370215263e-10
"ATCG00130",1.15448981778497e-15,-0.763784451479393,0.065,0.171,1.45920586029113e-10
"AT1G70590",1.15903396389058e-15,-0.600204618235058,0.059,0.163,1.46494938831985e-10
"AT4G29670",1.17260787686352e-15,-0.657441116668142,0.095,0.214,1.48210599988288e-10
"AT2G46430",1.1790108067417e-15,-1.1466176252267,0.047,0.142,1.4901989190731e-10
"AT5G52530",1.20280828240065e-15,-0.40508562475656,0.064,0.171,1.52027750045748e-10
"AT2G34900",1.21271782643502e-15,-0.901265648069784,0.039,0.133,1.53280256954427e-10
"AT5G09850",1.24128454225532e-15,-0.240668660349466,0.107,0.234,1.56890918433819e-10
"AT3G16870",1.25308185683509e-15,-1.25265813876553,0.033,0.123,1.58382028212814e-10
"AT4G01120",1.25372060763245e-15,-0.590002985332962,0.064,0.168,1.58462762481096e-10
"AT2G28790",1.26210766326209e-15,-1.44180137578579,0.043,0.137,1.59522835990348e-10
"AT3G15010",1.26828829290435e-15,-0.828058762261042,0.05,0.15,1.60304030493352e-10
"AT2G33585",1.26944996065462e-15,-0.288048619272343,0.055,0.158,1.6045085832698e-10
"AT3G27170",1.27518992388485e-15,-0.47958953493267,0.055,0.157,1.61176355239502e-10
"AT4G14750",1.27716283451003e-15,-1.05745952620312,0.035,0.125,1.61425719305061e-10
"AT5G13030",1.29915385137608e-15,-0.749115099379073,0.058,0.162,1.64205251890828e-10
"AT1G19710",1.32823552100206e-15,-1.34025911370106,0.023,0.108,1.67881000441535e-10
"AT5G58440",1.32887182239746e-15,-0.588661295162857,0.059,0.163,1.67961425120105e-10
"AT2G06210",1.33514900146616e-15,-0.753936557117522,0.05,0.15,1.68754822891314e-10
"AT1G06900",1.34471824750259e-15,-0.820555811835209,0.027,0.114,1.69964318174842e-10
"AT1G49480",1.35258455974149e-15,-0.728838605657783,0.049,0.148,1.70958572843966e-10
"AT1G21630",1.35493343247787e-15,-0.655687230953909,0.047,0.145,1.71255456264608e-10
"AT3G27190",1.35587498126529e-15,-0.713093469530806,0.066,0.171,1.71374462382045e-10
"AT5G63800",1.35886056455832e-15,-0.641666812169524,0.055,0.157,1.71751822196784e-10
"AT4G15093",1.36652045557882e-15,-0.831851079398265,0.068,0.174,1.7271998646243e-10
"AT1G26300",1.37223168795748e-15,-0.574955266344484,0.056,0.159,1.73441851967698e-10
"AT1G71090",1.3860194389594e-15,-1.21070937637913,0.038,0.13,1.75184540967834e-10
"AT2G14750",1.38894264316759e-15,-0.631147880730205,0.066,0.171,1.75554016440525e-10
"AT4G38460",1.39591325808641e-15,-0.933166196113898,0.03,0.119,1.76435060342573e-10
"AT1G54710",1.4047774577784e-15,-1.09356900497612,0.046,0.14,1.77555441998443e-10
"AT1G23480",1.40774235107287e-15,-0.9386939430146,0.04,0.134,1.77930186721504e-10
"AT4G00990",1.40864534846152e-15,-1.19128445507659,0.027,0.113,1.78044320173445e-10
"AT4G37180",1.41614466606572e-15,-0.65449908036773,0.054,0.155,1.7899218892271e-10
"AT5G67380",1.42416778802045e-15,-0.335928380035843,0.071,0.183,1.80006263399057e-10
"AT3G01360",1.44698319667861e-15,-1.71288067857491,0.026,0.111,1.82889994160997e-10
"AT5G38880",1.46588461414717e-15,-1.41743504074154,0.032,0.121,1.85279019920517e-10
"AT5G19480",1.4768220051518e-15,-0.540667621454467,0.07,0.179,1.86661440519156e-10
"AT2G17265",1.47709723681259e-15,-0.679849675198704,0.057,0.16,1.8669622814969e-10
"AT4G24840",1.47810366710318e-15,-0.938916331696153,0.057,0.158,1.86823434899839e-10
"AT1G53625",1.48012187542258e-15,-0.619516629489262,0.045,0.142,1.87078524322161e-10
"AT2G28380",1.49625107308211e-15,-1.16155613148694,0.023,0.107,1.8911715813114e-10
"AT5G55100",1.50638478535525e-15,-0.908875552019552,0.055,0.153,1.90397998560192e-10
"AT2G15270",1.51063310705275e-15,-0.765524656096378,0.056,0.157,1.90934960932826e-10
"AT2G45440",1.5295456446139e-15,-1.53414083775379,0.021,0.104,1.9332539220533e-10
"AT1G23310",1.53362020562616e-15,-0.599779862299342,0.046,0.143,1.93840392269913e-10
"AT1G62510",1.59640571393847e-15,-1.0790164401428,0.057,0.158,2.01776103807539e-10
"AT2G37430",1.60085039919699e-15,-1.24779295324302,0.04,0.133,2.02337885356105e-10
"AT5G16260",1.60119973399503e-15,-0.698007833876965,0.06,0.163,2.02382039178567e-10
"AT4G28610",1.61714453600367e-15,-0.918014829186229,0.041,0.135,2.04397366483648e-10
"AT2G43110",1.61752177715071e-15,-1.36183158261069,0.021,0.104,2.04445047501187e-10
"AT1G62990",1.62271082318042e-15,-1.38759484612375,0.027,0.113,2.05100911785065e-10
"AT4G20000",1.63161875084698e-15,-1.09345597505176,0.039,0.132,2.06226820394553e-10
"2:3260094-3260982",1.63642573609552e-15,-1.13651669231379,0.047,0.142,2.06834394488057e-10
"AT1G60200",1.65200697276881e-15,-0.330969897603513,0.125,0.254,2.08803769316141e-10
"AT1G31930",1.65869061168179e-15,-0.863128252205769,0.036,0.128,2.09648541172908e-10
"AT3G52860",1.65912539753004e-15,-0.791371366618958,0.038,0.132,2.09703495495412e-10
"AT4G29340",1.65935653009008e-15,-1.53399630150016,0.032,0.121,2.09732709264206e-10
"AT1G22470",1.66191663624905e-15,-1.12561354657279,0.041,0.135,2.10056291322062e-10
"AT1G33265",1.67156082249447e-15,-0.579700283191653,0.046,0.143,2.11275258598367e-10
"AT1G07510",1.68297248409565e-15,-0.487126267980736,0.054,0.155,2.12717624154785e-10
"AT5G15880",1.75393899118023e-15,-0.93746756041439,0.036,0.127,2.21687364851234e-10
"AT4G35470",1.75455689521465e-15,-1.47919405744778,0.026,0.11,2.2176546421376e-10
"AT5G08280",1.75848353907272e-15,-1.06432504738098,0.045,0.14,2.22261768437557e-10
"AT2G43770",1.76648799325733e-15,-0.923628945854143,0.038,0.13,2.23273483419767e-10
"AT1G53210",1.78570360137394e-15,-0.321482688999777,0.197,0.352,2.25702220992057e-10
"AT3G20940",1.79159504061736e-15,-0.72444556134033,0.035,0.126,2.26446863563791e-10
"AT2G36100",1.79487734779854e-15,-1.35246122786846,0.135,0.261,2.26861727497648e-10
"AT5G23510",1.80304716678843e-15,-1.01265256386224,0.04,0.133,2.27894343599057e-10
"AT5G61330",1.81901496823393e-15,-1.08878274898392,0.035,0.126,2.2991257789496e-10
"AT4G15550",1.84010775798927e-15,-1.4240646705028,0.03,0.117,2.32578579963296e-10
"AT2G42890",1.85111716280395e-15,-1.25424613606078,0.041,0.133,2.33970102675443e-10
"AT3G12180",1.87032473763853e-15,-1.35560161538742,0.025,0.109,2.36397824889084e-10
"AT5G53800",1.8767712869672e-15,-0.466900541748106,0.086,0.2,2.37212630044932e-10
"AT4G36210",1.88418609851911e-15,-0.646152487019219,0.043,0.14,2.38149817736225e-10
"AT3G25910",1.885258730504e-15,-0.423150602566651,0.103,0.226,2.38285391983323e-10
"AT2G33610",1.8881968108672e-15,-0.837105594012554,0.037,0.129,2.38656747712749e-10
"AT5G44500",1.90743695536259e-15,-1.11886543069651,0.023,0.108,2.41088586536099e-10
"AT1G80210",1.9077511995115e-15,-1.09035298792858,0.04,0.133,2.41128305111056e-10
"AT3G03773",1.90809830214028e-15,-1.21062451491454,0.03,0.118,2.41172176800718e-10
"AT3G26980",1.92125262350089e-15,-0.358386660338303,0.088,0.207,2.42834804094772e-10
"AT3G66658",1.92647558272036e-15,-0.722235159962754,0.038,0.131,2.43494954802357e-10
"AT4G10330",1.92833728587927e-15,-0.759313765146753,0.057,0.158,2.43730262911424e-10
"AT3G60130",1.97009010130394e-15,-0.763020951286125,0.101,0.217,2.4900756826421e-10
"AT2G01970",1.97032167134403e-15,-0.430097140570928,0.088,0.204,2.49036837327857e-10
"AT4G27760",1.97454570974367e-15,-1.42808240365954,0.033,0.122,2.49570730437341e-10
"AT5G21070",2.01269912296442e-15,-0.975751705262832,0.04,0.133,2.54393092947965e-10
"AT2G01260",2.01713417979884e-15,-0.648717744047848,0.036,0.127,2.54953657521494e-10
"AT2G46260",2.05274469242679e-15,-0.65302481429367,0.04,0.133,2.59454612654592e-10
"AT5G12150",2.07339312035746e-15,-1.55508241776228,0.025,0.109,2.6206445005446e-10
"AT3G16910",2.08045263530567e-15,-0.784812409027725,0.057,0.159,2.62956730386825e-10
"AT5G46230",2.0839072376384e-15,-0.992113521871586,0.036,0.127,2.63393371394069e-10
"AT1G65040",2.09780298284031e-15,-0.542435035364597,0.095,0.211,2.65149710213118e-10
"AT3G53370",2.10530332489683e-15,-0.869246584790917,0.043,0.138,2.6609770844701e-10
"AT4G16710",2.10635412662653e-15,-0.723258228017836,0.057,0.159,2.66230523480834e-10
"AT5G13240",2.10698657512376e-15,-0.774748976065313,0.072,0.18,2.66310461176193e-10
"AT5G45590",2.11046879064628e-15,-0.62535028570915,0.06,0.163,2.66750592324947e-10
"AT2G26300",2.1123937100689e-15,-0.382431635715451,0.093,0.212,2.66993890590448e-10
"AT4G18060",2.11650551840215e-15,-0.719259235692002,0.048,0.146,2.67513598492921e-10
"AT5G39800",2.1313452754185e-15,-0.409371971201098,0.058,0.162,2.69389254741246e-10
"AT3G60340",2.14224592461333e-15,-0.823090431911285,0.05,0.147,2.70767031395578e-10
"AT1G61670",2.14256169070699e-15,-1.16114425085582,0.037,0.128,2.70806942335219e-10
"AT2G33790",2.15365994922021e-15,-1.72786550571748,0.051,0.149,2.72209695621739e-10
"2:3365253-3365967",2.15745800090681e-15,-2.16006937778041,0.02,0.101,2.72689746566615e-10
"AT3G25655",2.16834324020563e-15,-1.37383934762974,0.026,0.11,2.7406557550255e-10
"AT3G52760",2.18175245891851e-15,-1.25047411258627,0.029,0.115,2.75760420292546e-10
"AT3G63210",2.24502315653568e-15,-0.513938436241885,0.088,0.205,2.83757456847171e-10
"AT1G50490",2.25074522090341e-15,-1.3422480067027,0.089,0.198,2.84480691450866e-10
"AT1G51270",2.26284281207138e-15,-1.35791708126284,0.045,0.136,2.8600975438895e-10
"AT5G16800",2.28519148384027e-15,-0.497027683385624,0.064,0.168,2.88834492408507e-10
"AT4G24780",2.28763222028676e-15,-1.09112021925115,0.031,0.12,2.89142986850925e-10
"AT5G61450",2.29019120000205e-15,-0.439367828011708,0.068,0.176,2.89466426533059e-10
"AT5G09270",2.29839834755626e-15,-1.61788234840176,0.02,0.101,2.90503760741025e-10
"AT4G28650",2.32408971478317e-15,-1.41416432505399,0.03,0.116,2.93750995410304e-10
"AT4G28400",2.32424987998811e-15,-0.682257271587746,0.08,0.192,2.93771239331217e-10
"AT5G55960",2.32530150742116e-15,-1.27874423301546,0.025,0.109,2.9390415872899e-10
"2:3438108-3438991",2.33152445111551e-15,-1.4726302619186,0.022,0.104,2.94690701474294e-10
"AT4G13620",2.33743618283888e-15,-0.791519379358179,0.061,0.165,2.95437908893737e-10
"AT1G10500",2.34080683976357e-15,-1.17577486896275,0.048,0.144,2.95863939705076e-10
"AT5G25360",2.35721322682134e-15,-1.15298613156594,0.041,0.134,2.97937608590856e-10
"AT4G34215",2.39954013435994e-15,-0.459691197323345,0.054,0.154,3.0328747574229e-10
"AT2G42270",2.40552403381406e-15,-1.41125360046158,0.043,0.136,3.04043804729894e-10
"AT1G10410",2.43340035634796e-15,-0.86475514771925,0.041,0.134,3.07567204640243e-10
"AT5G47080",2.4514487546022e-15,-0.687478300111935,0.055,0.155,3.09848413889191e-10
"AT4G37470",2.45305338420051e-15,-0.407764392765576,0.059,0.164,3.1005122944264e-10
"AT1G33240",2.49149165694814e-15,-1.19022046896577,0.039,0.13,3.14909596488303e-10
"AT5G45710",2.49509046072333e-15,-0.835801684105921,0.045,0.139,3.15364463692665e-10
"AT2G02970",2.49940987748588e-15,-0.858439869558794,0.052,0.15,3.15910412054951e-10
"AT3G06060",2.50235922450044e-15,-1.28942386008788,0.041,0.133,3.16283191821509e-10
"AT1G04280",2.50417321223464e-15,-0.673815654315679,0.061,0.164,3.16512468987185e-10
"AT4G12790",2.50706187016976e-15,-0.179823191650789,0.14,0.28,3.16877578018236e-10
"AT1G30450",2.50967943513074e-15,-0.970927932449094,0.033,0.123,3.17208422523915e-10
"AT1G67930",2.51542163049934e-15,-1.50164109398355,0.023,0.107,3.17934201565334e-10
"AT1G55360",2.52707925907972e-15,-0.628797218874515,0.06,0.163,3.19407655872122e-10
"AT3G07320",2.54207430137262e-15,-0.964541708637926,0.038,0.13,3.21302939247691e-10
"AT3G52640",2.54211550322215e-15,-1.01970721802833,0.031,0.12,3.21308146914261e-10
"AT2G40830",2.55565688274994e-15,-1.05147671676884,0.028,0.114,3.23019696038296e-10
"AT3G43960",2.56168404897593e-15,-1.26015414354212,0.03,0.117,3.23781493686263e-10
"AT5G55300",2.58443810610694e-15,-0.690427518851191,0.065,0.169,3.2665746998328e-10
"AT1G15470",2.58731000471615e-15,-0.522753526888402,0.055,0.154,3.27020460736093e-10
"AT5G64500",2.59672533803457e-15,-0.36665469317437,0.077,0.188,3.28210502375541e-10
"AT4G39910",2.59841671811405e-15,-0.835804768507254,0.05,0.148,3.28424282669307e-10
"AT2G34910",2.599569860938e-15,-0.951123640596819,0.069,0.175,3.28570033003398e-10
"AT4G23620",2.62470021336281e-15,-0.837875955392091,0.042,0.136,3.31746358767779e-10
"AT2G11520",2.63163017650183e-15,-1.28605378484184,0.029,0.115,3.32622264528773e-10
"AT4G02600",2.7142089089255e-15,-0.927000771431373,0.062,0.164,3.4305972083473e-10
"AT5G30510",2.71555785345193e-15,-0.613016385690015,0.038,0.131,3.43230219329203e-10
"AT5G43760",2.74647864203021e-15,-1.04611024431647,0.042,0.136,3.47138421480766e-10
"AT3G15880",2.79617045066729e-15,-0.509934094388257,0.056,0.156,3.53419167941641e-10
"AT3G26510",2.79858772143423e-15,-1.04120445221321,0.054,0.152,3.53724696462958e-10
"AT2G15860",2.80579477570424e-15,-0.804676735156507,0.04,0.134,3.54635624880361e-10
"AT1G58110",2.8290458437341e-15,-1.16349125257102,0.029,0.116,3.57574420372928e-10
"AT2G13540",2.83110616512127e-15,-1.00974786013201,0.029,0.116,3.57834832634337e-10
"AT1G73350",2.83566994609327e-15,-0.774502936068194,0.046,0.14,3.58411667166513e-10
"AT2G37690",2.87966531858359e-15,-1.52726269056042,0.028,0.113,3.63972418277055e-10
"AT5G66090",2.88483280764243e-15,-1.17855862579042,0.029,0.116,3.64625557889157e-10
"AT1G10050",2.89060855366207e-15,-0.901371095958374,0.041,0.134,3.65355577531564e-10
"AT3G20380",2.91433877348129e-15,-1.10599586647242,0.027,0.112,3.68354934935394e-10
"AT2G20190",2.91820531802368e-15,-0.305170358178821,0.066,0.172,3.68843642966285e-10
"AT4G38260",2.9208320882971e-15,-0.926020880502112,0.057,0.155,3.69175650968224e-10
"AT5G17000",2.92596539397919e-15,-0.9465417941043,0.042,0.135,3.69824470006605e-10
"AT5G47880",2.93902600167616e-15,-0.405078898871981,0.062,0.168,3.71475252455856e-10
"AT5G04950",3.01543634117037e-15,-0.846599414603217,0.049,0.146,3.81133060905888e-10
"AT5G37055",3.03252879447954e-15,-0.644959104075129,0.058,0.159,3.83293444449447e-10
"AT5G02020",3.05214954155596e-15,-1.05651094205815,0.045,0.138,3.85773389155424e-10
"AT5G64420",3.05509702916715e-15,-0.946827827272644,0.035,0.124,3.86145933904553e-10
"AT2G44520",3.0768852924081e-15,-0.594163953033385,0.046,0.143,3.88899839648629e-10
"AT3G14400",3.10925983329811e-15,-0.929506722537706,0.055,0.153,3.92991787369881e-10
"AT1G61040",3.12965987589339e-15,-1.45647264559168,0.026,0.109,3.95570230353669e-10
"AT2G40095",3.14993225507458e-15,-1.21486239847829,0.03,0.117,3.98132537447896e-10
"AT3G02040",3.17967925315527e-15,-0.866018987155757,0.06,0.162,4.01892379523308e-10
"AT5G49550",3.21189008270775e-15,-0.600299108445698,0.055,0.155,4.05963635113763e-10
"AT5G57685",3.24635248702304e-15,-0.688274144088814,0.099,0.218,4.10319476244791e-10
"AT5G57560",3.25327953783941e-15,-0.640263933038618,0.134,0.261,4.11195013905674e-10
"AT1G62750",3.26571911661491e-15,-1.14104870085813,0.038,0.128,4.12767302025425e-10
"AT1G14230",3.29767523440707e-15,-1.55217511161105,0.033,0.121,4.16806363577647e-10
"AT2G36910",3.32329268478308e-15,-0.32553558039674,0.072,0.183,4.20044255600472e-10
"AT5G47750",3.3351157401886e-15,-0.873627815595994,0.032,0.122,4.21538618865398e-10
"AT3G10660",3.36705403755339e-15,-1.14018623446685,0.03,0.117,4.25575428022523e-10
"AT5G17070",3.38178809395982e-15,-1.18145275141657,0.031,0.118,4.27437724347958e-10
"AT2G47700",3.38634418450082e-15,-0.607285035260998,0.056,0.156,4.28013586855796e-10
"AT3G23000",3.39870457690233e-15,-0.266804366316839,0.093,0.212,4.29575866292993e-10
"AT2G23450",3.46988824569098e-15,-0.817172987524638,0.051,0.149,4.38573054925866e-10
"ATCG00160",3.4772303736012e-15,-1.37855102828215,0.026,0.109,4.39501055840951e-10
"AT1G09660",3.48303414964054e-15,-0.554985367112578,0.065,0.17,4.40234618309666e-10
"AT5G62790",3.49523054465104e-15,-0.6861716920817,0.039,0.132,4.41776169460624e-10
"AT2G35530",3.51032177995834e-15,-1.26054638670835,0.02,0.101,4.43683611056055e-10
"AT1G07420",3.51177900903467e-15,-0.609654728727894,0.085,0.199,4.43867796067927e-10
"AT3G03280",3.52034073639485e-15,-0.904321602946603,0.049,0.146,4.44949947035891e-10
"AT1G71410",3.53680585036173e-15,-1.1226310189325,0.029,0.116,4.47031038650621e-10
"AT1G11905",3.54982345727325e-15,-1.01283633903047,0.03,0.117,4.48676386058596e-10
"AT1G17500",3.56350802419541e-15,-0.776718404299292,0.054,0.153,4.50406033210155e-10
"AT3G27020",3.64542823844269e-15,-0.686433982891823,0.037,0.127,4.60760256769725e-10
"AT1G07040",3.67164694219741e-15,-0.843098074043713,0.037,0.127,4.64074143612099e-10
"AT5G48530",3.67592325872737e-15,-1.11401452532585,0.042,0.135,4.64614644363588e-10
"AT2G17630",3.68852871343546e-15,-0.951073369946392,0.027,0.111,4.66207898205961e-10
"AT5G11900",3.69594252713239e-15,-0.450074152043728,0.072,0.181,4.67144959774371e-10
"AT1G06890",3.70018992691465e-15,-0.800906741520226,0.047,0.142,4.6768180562245e-10
"AT3G52940",3.74648743079806e-15,-0.865401658696574,0.041,0.134,4.7353353232829e-10
"AT3G02420",3.74753571142291e-15,-0.520826919805627,0.057,0.158,4.73666028709587e-10
"AT1G10720",3.76279043077816e-15,-0.42311122202767,0.065,0.17,4.75594133707774e-10
"AT4G32600",3.78074092669231e-15,-1.28232329503864,0.033,0.121,4.77862968688348e-10
"AT5G07860",3.78445063766385e-15,-0.661405404710997,0.062,0.165,4.78331853896885e-10
"AT5G62000",3.81585173318701e-15,-0.918023059732763,0.048,0.143,4.82300763964439e-10
"AT5G48150",3.8580626083775e-15,-1.08524713923042,0.032,0.12,4.87635965323265e-10
"AT5G15600",3.86465122061373e-15,-0.949627555510714,0.055,0.154,4.88468726378252e-10
"AT2G05940",3.8983489670106e-15,-0.957170483601413,0.087,0.195,4.92727919336338e-10
"AT5G01050",3.90996027129959e-15,-1.37752480218925,0.051,0.145,4.94195518530641e-10
"AT1G19920",3.92043673463566e-15,-0.986107498162101,0.045,0.138,4.9551968063754e-10
"AT2G05830",3.92211473641137e-15,-0.609880006223387,0.06,0.161,4.95731769993979e-10
"AT4G22130",3.9388614394535e-15,-0.789297513323212,0.045,0.139,4.97848452778286e-10
"AT3G04560",3.94028807803504e-15,-0.683651947362128,0.039,0.131,4.98028771335161e-10
"AT5G09440",4.00253110593009e-15,-0.814413514023296,0.108,0.227,5.05895916602928e-10
"AT5G44130",4.01514054633616e-15,-1.04053972328913,0.039,0.131,5.07489674213613e-10
"AT5G49830",4.031400627702e-15,-0.826818192132334,0.036,0.125,5.09544850937767e-10
"AT3G49990",4.05606431597045e-15,-0.724749148784928,0.039,0.131,5.1266219315277e-10
"AT5G08190",4.08764249123371e-15,-0.597729565199204,0.058,0.159,5.16653485036994e-10
"AT4G09990",4.14129156389779e-15,-1.4983440072609,0.039,0.13,5.23434405927297e-10
"AT5G43900",4.15553980860638e-15,-0.253509298922366,0.108,0.23,5.25235298568995e-10
"AT5G36160",4.18713966684552e-15,-1.26285959313632,0.04,0.13,5.29229331051273e-10
"AT5G10745",4.21030612169768e-15,-0.61065113547948,0.078,0.186,5.32157431945856e-10
"AT4G05420",4.2128668165962e-15,-0.625215254839168,0.043,0.137,5.3248108841686e-10
"AT1G61590",4.21448719007531e-15,-1.15155399941143,0.051,0.148,5.32685893902379e-10
"AT4G38240",4.33593797003589e-15,-0.869923451880546,0.084,0.192,5.48036543784717e-10
"AT3G06790",4.34525638707146e-15,-0.645393639830367,0.055,0.154,5.49214335787511e-10
"AT5G27950",4.34699792194214e-15,-0.616795033639228,0.1,0.216,5.49434455345955e-10
"AT3G08680",4.36872094114209e-15,-0.856549739002853,0.035,0.123,5.52180114634713e-10
"AT3G20800",4.3822091500923e-15,-1.40781566988865,0.025,0.107,5.53884943316766e-10
"AT4G31420",4.38847297113765e-15,-0.801042179923786,0.051,0.148,5.54676652713972e-10
"AT5G54860",4.44661214380443e-15,-1.06453506422139,0.037,0.127,5.62025095304018e-10
"AT5G50310",4.45806441663487e-15,-0.904039287803798,0.042,0.136,5.63472593876147e-10
"AT2G35910",4.46817617556828e-15,-1.83180157231369,0.021,0.101,5.64750659534777e-10
"AT2G27490",4.47184335725929e-15,-0.925620831307646,0.035,0.124,5.65214169297431e-10
"AT3G52740",4.51126510842868e-15,-0.82255974846769,0.067,0.169,5.70196842114735e-10
"AT2G46740",4.51667325554319e-15,-0.837539199908334,0.076,0.184,5.70880399461126e-10
"AT1G13350",4.55883559430994e-15,-0.530909861499356,0.074,0.182,5.76209466107211e-10
"AT5G05570",4.59325768632621e-15,-1.17988990548802,0.025,0.107,5.80560212005515e-10
"AT5G55120",4.64680878119418e-15,-1.2445735695924,0.049,0.143,5.87328749090258e-10
"AT3G17000",4.6657127731505e-15,-0.63820449556793,0.054,0.153,5.89718100249584e-10
"AT2G23050",4.80812929096638e-15,-0.905795006905695,0.033,0.122,6.07718693602405e-10
"AT1G54990",4.8279519639087e-15,-0.574605296032686,0.059,0.161,6.10224160526276e-10
"AT4G00110",4.84372346472291e-15,-1.12463431220107,0.031,0.117,6.12217583600187e-10
"AT4G20362",4.84935909150218e-15,-0.629776395831907,0.084,0.194,6.12929893011326e-10
"AT5G44090",4.85011582773714e-15,-0.783255400491678,0.043,0.137,6.13025539931009e-10
"AT3G60690",4.86079277784273e-15,-1.29778930824589,0.022,0.104,6.14375042362654e-10
"AT5G41340",4.8698302151992e-15,-0.537335963501854,0.066,0.171,6.15517320219888e-10
"AT3G11397",4.93873358432798e-15,-0.892865813395644,0.037,0.126,6.2422629265755e-10
"AT2G27900",4.98154572219577e-15,-0.848837589793117,0.04,0.131,6.29637490011212e-10
"AT2G27660",5.02911484828455e-15,-1.21243517557798,0.028,0.112,6.35649942134077e-10
"AT3G24040",5.03579703195009e-15,-0.760946446024259,0.04,0.132,6.364945300563e-10
"AT4G26900",5.0510363232976e-15,-0.869915395474888,0.036,0.125,6.38420685046877e-10
"AT1G60710",5.15067766318075e-15,-0.153436275079947,0.178,0.329,6.51014752560068e-10
"AT3G27530",5.15743187443117e-15,-0.732970192700711,0.066,0.169,6.51868444336854e-10
"AT5G58900",5.26814927872275e-15,-1.57773860297576,0.028,0.112,6.65862459934883e-10
"AT3G47990",5.2755714696247e-15,-0.683738144659462,0.062,0.164,6.66800580331744e-10
"AT3G49210",5.28457350545875e-15,-1.23878152167161,0.03,0.115,6.67938383648953e-10
"AT3G58120",5.29090658492963e-15,-0.914429881310863,0.041,0.132,6.68738846895595e-10
"AT5G65270",5.30867272174311e-15,-0.462656058479212,0.079,0.189,6.70984379991999e-10
"AT5G18620",5.31888827623535e-15,-0.91369268212348,0.06,0.159,6.72275564786491e-10
"AT5G24710",5.34312393489625e-15,-0.743174088261993,0.049,0.146,6.75338806627277e-10
"AT4G17070",5.35339677712723e-15,-1.66657116312742,0.022,0.103,6.76637232248219e-10
"AT2G23370",5.44270321673349e-15,-0.607782955059461,0.036,0.126,6.87925030375813e-10
"AT1G29220",5.44408524467378e-15,-0.772124691548478,0.047,0.141,6.88099710415297e-10
"AT3G13720",5.44412668773434e-15,-0.634851897973241,0.07,0.175,6.88104948569494e-10
"2:3334987-3335863",5.47748603812553e-15,-1.59175043676612,0.036,0.123,6.92321370302838e-10
"AT4G22780",5.48806088652173e-15,-0.981661752039852,0.058,0.157,6.93657967691028e-10
"AT1G17370",5.54438578320969e-15,-0.756355877417962,0.05,0.147,7.00777096683005e-10
"AT1G02680",5.62055296486537e-15,-0.736892192775596,0.039,0.131,7.10404171441194e-10
"AT1G75380",5.62119695047458e-15,-0.51394283743136,0.104,0.223,7.10485567358284e-10
"AT3G02875",5.64811028769381e-15,-0.642215096438844,0.047,0.143,7.13887251702771e-10
"AT2G28470",5.69570889749091e-15,-1.41415092366511,0.043,0.135,7.19903430389466e-10
"AT2G20960",5.70453132977683e-15,-0.752022921477838,0.049,0.144,7.21018532895813e-10
"AT1G77260",5.75115190607925e-15,-0.946387433984494,0.033,0.121,7.2691109401698e-10
"AT5G67070",5.77579799233582e-15,-1.4004094258565,0.03,0.115,7.30026211443293e-10
"AT2G19385",5.78357553271019e-15,-1.21522989743392,0.027,0.11,7.31009245881371e-10
"AT1G06390",5.82997498861787e-15,-0.695929990553688,0.059,0.16,7.36873858711368e-10
"AT5G54870",5.85305861675791e-15,-0.910896325864014,0.04,0.131,7.397914908065e-10
"2:3492930-3493733",5.86346234509133e-15,-1.61472317716999,0.02,0.1,7.41106459645473e-10
"AT5G66570",5.86456099948403e-15,-0.54785261952817,0.072,0.18,7.41245322968784e-10
"AT2G41600",5.87561565934491e-15,-0.5514434093152,0.046,0.141,7.4264256564724e-10
"AT5G12430",5.9498966203173e-15,-1.30945903673872,0.042,0.133,7.52031233428385e-10
"AT5G21160",5.95091445619025e-15,-0.745623553489873,0.075,0.181,7.52159881775711e-10
"AT3G50640",5.97714461013618e-15,-0.818637390933635,0.109,0.227,7.55475215853552e-10
"AT1G10200",6.0438121312883e-15,-0.607678253546566,0.066,0.17,7.63901590522053e-10
"AT5G04560",6.05868385272338e-15,-0.860164014602645,0.062,0.163,7.65781286881119e-10
"AT4G20330",6.1007406782392e-15,-0.7083786256117,0.049,0.145,7.71097017285365e-10
"AT1G50520",6.25719636589559e-15,-1.68363755427816,0.025,0.105,7.90872077471008e-10
"AT1G32260",6.29673755303316e-15,-1.52845839216106,0.023,0.104,7.95869846278073e-10
"AT4G16444",6.33805492975976e-15,-0.76924285957866,0.039,0.13,8.01092114792055e-10
"AT5G06160",6.34520917218808e-15,-0.89857817736199,0.045,0.138,8.0199636810954e-10
"AT5G63530",6.35185115006761e-15,-0.828810140259945,0.033,0.121,8.02835874261645e-10
"AT2G31305",6.43188460853154e-15,-0.861485336460556,0.036,0.124,8.12951623210736e-10
"AT1G73430",6.43732335550059e-15,-0.903706670451487,0.036,0.123,8.13639048195141e-10
"5:2615546-2616393",6.43929354282591e-15,1.66347464559778,0.122,0.06,8.13888068051938e-10
"AT1G54740",6.46536233510664e-15,-0.612528571530111,0.072,0.178,8.17183006983469e-10
"AT1G10650",6.5543903866955e-15,-0.676599607858543,0.061,0.162,8.28435618535991e-10
"AT2G22670",6.67582679493497e-15,-0.349535121173009,0.116,0.242,8.43784451919011e-10
"AT1G02270",6.68743620592221e-15,-1.73242267782287,0.026,0.107,8.45251811811331e-10
"AT3G15352",6.7195847086289e-15,-0.721622521028177,0.046,0.14,8.49315189662441e-10
"AT5G05520",6.74867847222087e-15,-1.08875250496326,0.027,0.111,8.52992466817884e-10
"AT3G55005",6.78098424619253e-15,-0.807797835238154,0.038,0.127,8.57075722813259e-10
"AT3G26935",6.78194859479061e-15,-0.756763586177347,0.038,0.127,8.57197610689964e-10
"AT3G27390",6.86329163730484e-15,-0.68286964136968,0.061,0.162,8.67478883205509e-10
"AT1G78290",6.94779667701037e-15,-1.0382392318036,0.059,0.157,8.78159813194049e-10
"AT5G06460",6.95896368320623e-15,-1.1561764179379,0.025,0.107,8.79571255775169e-10
"AT4G24370",6.98156766210869e-15,-0.698822198718334,0.048,0.143,8.82428263084566e-10
"AT4G25260",6.99362539805898e-15,-1.04865134117873,0.039,0.129,8.83952288562267e-10
"AT1G11750",7.01421563444453e-15,-0.572940722721439,0.037,0.128,8.86554770899982e-10
"AT1G01510",7.06949108242011e-15,-1.07161939534253,0.039,0.129,8.93541255871408e-10
"AT3G01590",7.09784041695886e-15,-0.525332724168177,0.049,0.145,8.97124441661098e-10
"AT3G49810",7.10979120250053e-15,-0.786683586378644,0.084,0.193,8.98634949248852e-10
"AT3G03380",7.15693829627527e-15,-0.672284569506645,0.047,0.141,9.04594059019416e-10
"AT4G27430",7.17537529550775e-15,-0.478348182858862,0.065,0.169,9.06924385100407e-10
"AT4G35950",7.21661920857714e-15,-1.10088102745763,0.028,0.111,9.12137368248899e-10
"AT3G26400",7.26878530661181e-15,-1.17919643970164,0.029,0.113,9.18730850043893e-10
"AT5G59770",7.27807393141583e-15,-0.569431145324232,0.058,0.159,9.19904876487372e-10
"AT4G36890",7.46590922168029e-15,-0.504405343194861,0.047,0.141,9.43646130165059e-10
"AT5G67240",7.56506531065847e-15,-0.731218260428428,0.046,0.139,9.56178864875366e-10
"AT5G56540",7.58487448604236e-15,-0.592094728153258,0.191,0.334,9.58682625788838e-10
"AT1G18640",7.59083136659281e-15,-0.639999336506581,0.048,0.143,9.59435539749132e-10
"AT4G30990",7.74391044034921e-15,-0.923778483454808,0.038,0.128,9.78783816197498e-10
"AT3G19640",7.76404774691222e-15,-0.358496765730534,0.057,0.158,9.81329050923223e-10
"AT3G55270",7.90279358748492e-15,-0.783446702097538,0.039,0.129,9.98865692696569e-10
"AT1G31540",7.96249216973837e-15,-1.58936253293643,0.04,0.128,1.00641123530191e-09
"AT4G09320",7.96739497975318e-15,-0.41743447825013,0.806,0.919,1.00703092107092e-09
"AT1G24460",8.0072384507396e-15,-0.671339482589084,0.064,0.164,1.01206689674278e-09
"AT2G37840",8.00794452971078e-15,-0.164263030964233,0.097,0.214,1.01215614088826e-09
"AT1G79790",8.07224228550345e-15,-1.28891662882797,0.031,0.117,1.02028299143392e-09
"AT4G29810",8.10502754382171e-15,-0.727646272877248,0.049,0.145,1.0244268513738e-09
"AT2G46340",8.1511347416048e-15,-0.482626455978788,0.051,0.147,1.0302545245304e-09
"AT5G13160",8.22869226934406e-15,-0.809847766269888,0.036,0.124,1.04005733069147e-09
"AT5G40610",8.23139746824115e-15,-1.00721271351807,0.036,0.124,1.04039925160087e-09
"AT3G07180",8.29679183893003e-15,-0.950894629187584,0.054,0.15,1.04866470768972e-09
"AT5G26850",8.45192381103391e-15,-0.662808227418329,0.043,0.136,1.06827245817182e-09
"AT3G20670",8.53134435482271e-15,-0.54471837962472,0.197,0.339,1.07831073838346e-09
"AT1G14290",8.56019283475104e-15,-0.894693020341512,0.051,0.146,1.08195701315552e-09
"AT5G62610",8.57084006548403e-15,-0.805437239375548,0.035,0.123,1.08330275923679e-09
"AT1G28370",8.57400550718665e-15,-1.03678201339587,0.042,0.134,1.08370285207535e-09
"AT5G61310",8.5899569663678e-15,-0.471781851653042,0.072,0.179,1.08571902080709e-09
"AT2G28760",8.72498179260932e-15,-0.858723609466158,0.039,0.128,1.10278534869506e-09
"AT4G33890",8.74178829613162e-15,-1.09106863330062,0.033,0.12,1.10490958990126e-09
"AT1G50500",8.83314905406078e-15,-0.669513089414706,0.046,0.14,1.11645704153896e-09
"AT1G18390",8.88980453291169e-15,-0.537989201590539,0.066,0.167,1.12361795413284e-09
"AT1G09850",8.91905615579748e-15,-0.628436410896839,0.041,0.133,1.12731518375587e-09
"AT2G27170",8.92767921503855e-15,-0.219585577971654,0.103,0.222,1.12840508670558e-09
"AT4G18010",8.96621571799276e-15,-0.639533463443156,0.079,0.187,1.13327586945998e-09
"5:19308424-19309268",9.10382880192628e-15,1.756965522107,0.143,0.076,1.15066933759067e-09
"AT4G02400",9.41259599226702e-15,-0.82912720651953,0.046,0.139,1.1896956578466e-09
"AT5G37930",9.43079002998771e-15,-0.740789621789506,0.04,0.131,1.19199527505027e-09
"AT4G30270",9.44456886759095e-15,-0.875975235163773,0.058,0.156,1.19373683745029e-09
"AT5G13200",9.48168116997451e-15,-1.0273907852913,0.061,0.158,1.19842760979776e-09
"AT1G09980",9.52100702512037e-15,-0.904865867929912,0.04,0.131,1.20339816193306e-09
"AT3G50960",9.54773249849521e-15,-0.91538004964805,0.036,0.123,1.2067761014148e-09
"AT3G59360",9.5804989962389e-15,-1.13323022163246,0.027,0.11,1.21091759013062e-09
"AT5G13870",9.62746787887973e-15,-1.07701652829992,0.047,0.139,1.21685417508312e-09
"AT3G10330",9.66199640304022e-15,-1.25359084222172,0.027,0.109,1.22121837336587e-09
"AT1G62040",9.66610332182196e-15,-0.276392852550568,0.096,0.213,1.22173746325837e-09
"AT3G03330",9.75873193665625e-15,-0.523617494152617,0.05,0.147,1.23344516440173e-09
"AT3G13340",9.81347898690991e-15,-0.647568160903194,0.051,0.146,1.24036486307149e-09
"AT2G30880",9.86057535772968e-15,-0.823063673217046,0.042,0.134,1.24631756176488e-09
"2:3477833-3478743",9.92505375214891e-15,-1.51425128196684,0.028,0.11,1.25446724394911e-09
"AT5G13110",1.00194356099222e-14,-0.960428392733711,0.048,0.14,1.2663965444805e-09
"AT1G53500",1.00684686927383e-14,-1.00760857154198,0.026,0.108,1.27259403194997e-09
"AT1G28420",1.00930041676111e-14,-0.882243279183071,0.035,0.121,1.27569516876103e-09
"AT3G47590",1.01371122990865e-14,-0.503314084238446,0.066,0.168,1.28127017193073e-09
"AT2G01830",1.04154319650107e-14,-0.920467027554611,0.049,0.142,1.31644810778556e-09
"AT3G10650",1.04469076239809e-14,-0.847747951656076,0.033,0.12,1.32042644222544e-09
"AT5G13650",1.04790066363742e-14,-0.661393390030276,0.035,0.122,1.32448356479789e-09
"AT1G76240",1.0495915729574e-14,-1.09906227993289,0.081,0.186,1.32662077272378e-09
"AT3G24350",1.04980177859984e-14,-0.631527995053709,0.047,0.14,1.32688646004348e-09
"AT3G09320",1.04987762803957e-14,-1.2974742661111,0.023,0.103,1.32698232918433e-09
"AT2G44530",1.05840246692582e-14,-1.60630988119923,0.023,0.104,1.33775721404623e-09
"AT1G64460",1.06124549212796e-14,-1.22606451253291,0.029,0.113,1.34135062732022e-09
"AT2G25900",1.06718872780628e-14,-0.895213165766143,0.071,0.174,1.34886252062347e-09
"AT3G56290",1.06967504769512e-14,-0.919289360634764,0.049,0.143,1.35200507978377e-09
"AT1G72680",1.07167829461675e-14,-0.480714065149129,0.087,0.198,1.35453706369789e-09
"AT5G19570",1.08128355851345e-14,-1.05304524391041,0.032,0.118,1.36667754094749e-09
"AT3G54020",1.09146643159106e-14,-0.422080494650343,0.159,0.293,1.3795480815452e-09
"AT3G50970",1.09307053595122e-14,-0.144985344101519,0.327,0.526,1.38157557321019e-09
"AT5G43130",1.10331260831377e-14,-0.923204420417741,0.039,0.128,1.39452093815211e-09
"AT5G49570",1.10477449517768e-14,-0.730804061195609,0.05,0.145,1.39636867543488e-09
"AT5G56000",1.10499526504715e-14,-0.618553015047,0.065,0.167,1.3966477153037e-09
"AT1G28200",1.11127649676349e-14,-0.593198052811087,0.058,0.157,1.40458681531924e-09
"AT5G62720",1.11287620068309e-14,-1.47249664060159,0.032,0.118,1.40660874509139e-09
"AT2G02180",1.11729035962736e-14,-0.423961926966418,0.087,0.199,1.4121879771474e-09
"AT5G56290",1.12227241641953e-14,-1.35002593969565,0.025,0.105,1.4184849980093e-09
"AT4G14990",1.13171969241357e-14,-0.826683596377414,0.059,0.158,1.4304257880292e-09
"AT3G43600",1.14272625632066e-14,-0.891409859669443,0.038,0.126,1.44433742441393e-09
"AT5G16560",1.14877121331292e-14,-1.6425935635422,0.023,0.102,1.45197788735473e-09
"AT4G25320",1.15407838396611e-14,-1.07490759050153,0.031,0.116,1.45868583263012e-09
"AT1G72410",1.16854511718791e-14,-1.21046282373681,0.028,0.111,1.47697091541849e-09
"AT1G73790",1.17208304635915e-14,-0.674958574259195,0.045,0.137,1.48144264561519e-09
"AT4G15780",1.18079613675566e-14,-0.974619624604982,0.035,0.122,1.49245546909095e-09
"AT2G20270",1.18606738808706e-14,-0.56822841718655,0.054,0.15,1.49911801449876e-09
"AT3G05670",1.18785884129461e-14,-0.636743832511251,0.06,0.159,1.5013823038659e-09
"AT5G24270",1.19455919993669e-14,-0.69226579772875,0.054,0.149,1.50985115516798e-09
"AT5G17910",1.19600925922014e-14,-0.561420018816988,0.06,0.16,1.51168394309871e-09
"AT2G31680",1.1999310354957e-14,-0.898955868835929,0.047,0.14,1.51664083300443e-09
"AT3G52190",1.20575523374901e-14,-0.869354091731501,0.036,0.123,1.52400227014472e-09
"AT4G39940",1.21275956257113e-14,-1.37107598168624,0.033,0.118,1.53285532151615e-09
"AT1G10130",1.21973610246932e-14,-0.800168367216815,0.038,0.127,1.54167324935507e-09
"AT5G35180",1.22016962200089e-14,-0.490838336604873,0.076,0.181,1.5422211920318e-09
"AT1G10340",1.22107436195433e-14,-1.42605992907896,0.027,0.108,1.54336472904855e-09
"AT5G15680",1.24110137284313e-14,-0.858003681556943,0.036,0.123,1.56867766919134e-09
"AT5G47420",1.24497763395007e-14,-0.880893021943532,0.038,0.127,1.57357703065485e-09
"AT5G37480",1.26950771836866e-14,-0.533657405611403,0.069,0.173,1.60458158555488e-09
"AT1G49970",1.27155355825314e-14,-0.764814628269169,0.051,0.146,1.60716740441848e-09
"AT1G25380",1.28607628097215e-14,-0.465065889639213,0.051,0.147,1.62552325457194e-09
"AT4G30160",1.29044357216506e-14,-0.709021053888007,0.065,0.166,1.63104324860231e-09
"AT5G42825",1.30501422442146e-14,-0.70401092245047,0.058,0.155,1.64945967881526e-09
"AT1G30070",1.31325519399153e-14,-0.602136727100571,0.068,0.171,1.65987576989366e-09
"AT5G16280",1.33519980326312e-14,-1.4361435567758,0.025,0.105,1.68761243933639e-09
"AT1G08660",1.37987069508546e-14,-0.536025803439236,0.051,0.147,1.74407376634632e-09
"AT2G18730",1.40682144025279e-14,-1.09623250363604,0.035,0.12,1.77813789119311e-09
"AT3G26370",1.40686074366891e-14,-1.28505804448166,0.025,0.105,1.77818756835288e-09
"AT5G25270",1.40772027399793e-14,-1.03804010078532,0.041,0.13,1.77927396311694e-09
"AT3G59950",1.42215112790196e-14,-1.38892915882944,0.029,0.111,1.7975136966004e-09
"AT4G29260",1.43138777773269e-14,-0.528443703143019,0.055,0.152,1.80918826778746e-09
"AT5G09390",1.44966587876324e-14,-1.58762886979092,0.022,0.102,1.83229069080401e-09
"AT3G54380",1.45868945070309e-14,-0.913121470831961,0.032,0.118,1.84369594432166e-09
"AT5G10130",1.46701527620386e-14,-1.5531477891263,0.061,0.158,1.8542192882051e-09
"AT1G51570",1.49540149268025e-14,-0.69162815612735,0.062,0.162,1.89009776265828e-09
"AT5G20840",1.5080604507372e-14,-0.788545113562607,0.054,0.148,1.90609792610477e-09
"AT5G56340",1.5103444346336e-14,-0.603810781725609,0.056,0.152,1.9089847447108e-09
"AT2G03890",1.51350348111374e-14,-1.16871690847009,0.04,0.129,1.9129775899189e-09
"AT2G22720",1.55487445254047e-14,-0.579156240932575,0.062,0.163,1.965268015544e-09
"AT5G24520",1.57320924083945e-14,-0.554202514758606,0.041,0.132,1.98844208786661e-09
"AT1G01650",1.57830437573325e-14,-0.473478094705951,0.096,0.208,1.99488203266428e-09
"AT3G25580",1.57928920948554e-14,-0.349877734619566,0.045,0.138,1.99612680343715e-09
"AT1G78630",1.60537349910733e-14,-1.00484816809524,0.022,0.101,2.02909578046172e-09
"AT1G09250",1.61065571600492e-14,-0.845359752155097,0.042,0.132,2.03577218568726e-09
"AT5G64170",1.62253089625511e-14,-0.443767552769339,0.07,0.174,2.05078170101268e-09
"AT4G39890",1.63511270053578e-14,-1.09314051485178,0.046,0.136,2.06668434671519e-09
"AT1G01730",1.64427574863907e-14,-0.367094097222127,0.071,0.177,2.07826588973486e-09
"AT3G13650",1.65346282668765e-14,-0.844508982205856,0.043,0.134,2.08987780516359e-09
"AT4G35220",1.65710600066366e-14,-0.727917732790059,0.056,0.153,2.09448255847883e-09
"AT4G34040",1.65732595427923e-14,-1.13987557305038,0.026,0.107,2.09476056665169e-09
"AT5G02380",1.65949309111458e-14,-0.479006767271059,0.443,0.648,2.09749969758336e-09
"AT3G20080",1.67590630654533e-14,-0.878144059537759,0.036,0.121,2.1182450170949e-09
"AT2G16460",1.68679724860064e-14,-1.04970647432932,0.029,0.113,2.13201051439629e-09
"AT2G21240",1.69130051896259e-14,-0.616615374588401,0.047,0.138,2.13770237793757e-09
"AT5G50900",1.69146528862556e-14,-0.784506804818776,0.043,0.134,2.13791063690539e-09
"AT3G42950",1.71311372936659e-14,-0.794654840755357,0.03,0.114,2.16527296709561e-09
"AT5G01960",1.71480055397833e-14,-0.719466528808681,0.046,0.138,2.16740501219537e-09
"AT3G47360",1.72817539253922e-14,-0.728461281169472,0.045,0.137,2.18431000564603e-09
"AT1G71840",1.73264131604857e-14,-0.50334482517257,0.049,0.143,2.18995466500642e-09
"AT2G17280",1.73567855029201e-14,-1.25521244670771,0.041,0.129,2.19379354685608e-09
"AT4G06676",1.74429144631501e-14,-1.08680164679488,0.031,0.115,2.20467973065539e-09
"AT3G20630",1.75410364151089e-14,-0.495185651832285,0.056,0.153,2.21708175665127e-09
"AT1G77030",1.7640409086575e-14,-1.26952008831617,0.025,0.105,2.22964186608856e-09
"AT5G64610",1.7851819290943e-14,-0.666425194125773,0.045,0.136,2.25636284745945e-09
"AT5G47620",1.79390816655271e-14,-0.47793341342877,0.068,0.171,2.26739228803263e-09
"AT4G21192",1.84659597439944e-14,-0.297083331918606,0.079,0.188,2.33398651588243e-09
"AT5G05470",1.84822309656204e-14,-0.963233943789881,0.03,0.113,2.33604310066862e-09
"AT3G54300",1.8536070998226e-14,-0.252583293269259,0.069,0.174,2.34284815774978e-09
"AT1G14370",1.85825220282474e-14,-1.37758798800188,0.033,0.117,2.3487192892383e-09
"2:3313942-3315116",1.8809072931742e-14,-1.91169175844818,0.06,0.152,2.3773539641346e-09
"AT5G46910",1.88710569716724e-14,-0.239753474010393,0.082,0.193,2.38518837487756e-09
"AT5G38700",1.88818806267157e-14,-0.501593430571189,0.082,0.19,2.38655641993311e-09
"AT3G48750",1.89236067681143e-14,-0.287414247069778,0.069,0.174,2.39183035384904e-09
"AT1G77540",1.89934452452346e-14,-0.530197304786665,0.059,0.158,2.40065751832618e-09
"AT3G54130",1.90021609434022e-14,-0.785715325692526,0.038,0.127,2.40175913028037e-09
"AT3G14172",1.91804613888129e-14,-0.637228532519599,0.045,0.136,2.42429523677762e-09
"AT1G60420",1.92427058726207e-14,-0.66009647035792,0.042,0.133,2.43216256606403e-09
"AT4G10080",1.93072452417447e-14,-0.82445338597437,0.058,0.154,2.44031995508508e-09
"AT2G39725",1.94674520845209e-14,-0.885487462402641,0.023,0.103,2.46056913877093e-09
"AT2G15290",1.95460525668175e-14,-0.835886027653468,0.025,0.105,2.47050376813033e-09
"AT2G37470",1.95987321565724e-14,-0.452228499267927,0.207,0.358,2.47716215219781e-09
"AT5G35735",1.96305526034696e-14,-1.11811874044865,0.054,0.147,2.48118406576294e-09
"AT3G26720",1.96810514559229e-14,-0.0332373403597063,0.19,0.339,2.48756681771992e-09
"AT1G79440",2.0196807659393e-14,-0.539242065250886,0.057,0.153,2.55275530730132e-09
"AT3G44326",2.03429985652686e-14,-1.01270142584083,0.057,0.151,2.57123296065855e-09
"AT5G63905",2.03981422405823e-14,-0.0760711944429084,0.12,0.245,2.57820279035616e-09
"AT5G65910",2.05115158395102e-14,-0.291831334351644,0.072,0.177,2.59253253301906e-09
"AT1G08130",2.06806954674635e-14,-1.34111997177942,0.031,0.115,2.61391582291458e-09
"AT4G16110",2.08605858631127e-14,-0.763939831584991,0.039,0.127,2.63665288958226e-09
"AT1G53710",2.09056105756009e-14,-1.14260177323873,0.026,0.106,2.6423437430925e-09
"AT2G35110",2.09489789913569e-14,-0.761089802322743,0.03,0.114,2.64782525063356e-09
"AT4G32640",2.13141576268491e-14,-1.5676918382445,0.022,0.1,2.69398163908797e-09
"AT1G24706",2.13664369273446e-14,-0.411121264104303,0.057,0.153,2.7005894289948e-09
"AT2G20790",2.13811526414012e-14,-1.43124449812145,0.023,0.102,2.70244940695726e-09
"AT5G54600",2.14286905342444e-14,-0.6782015680759,0.048,0.142,2.70845791138528e-09
"AT3G16100",2.14506635603619e-14,-1.13192946437866,0.027,0.108,2.71123517004839e-09
"AT4G37400",2.15852678864748e-14,-1.33919824400973,0.026,0.106,2.72824834924309e-09
"AT4G29830",2.18455378975741e-14,-0.776058926943028,0.035,0.121,2.76114491702598e-09
"AT1G29070",2.18833725557837e-14,-0.350008086881241,0.058,0.157,2.76592699081572e-09
"AT1G60490",2.20244985492604e-14,-0.864000243685771,0.04,0.129,2.78376446963522e-09
"AT4G27740",2.22954208974525e-14,-0.52701225813735,0.099,0.211,2.81800742891261e-09
"AT1G47380",2.23951726656495e-14,-0.876357726789107,0.035,0.12,2.8306154539021e-09
"AT5G08500",2.24956748260065e-14,-0.776138646842275,0.106,0.219,2.84331832395827e-09
"AT4G08980",2.25013349644496e-14,-0.501349009500016,0.068,0.17,2.84403373149664e-09
"AT5G63470",2.25054766754587e-14,-1.23177771350084,0.031,0.114,2.84455721891792e-09
"AT2G23340",2.25143488839726e-14,-0.574144707661642,0.045,0.135,2.84567861284084e-09
"AT2G37980",2.25464119337813e-14,-1.26073858288165,0.035,0.119,2.84973118995835e-09
"AT1G28540",2.26611734045747e-14,-0.887544723435226,0.037,0.124,2.86423635129781e-09
"AT1G05180",2.27737024855546e-14,-0.625628392995666,0.054,0.149,2.87845935195918e-09
"AT2G28740",2.27886150555298e-14,-0.523873194427635,0.174,0.31,2.88034421132863e-09
"AT3G09600",2.28527421631791e-14,-0.674231157547266,0.068,0.169,2.88844949297286e-09
"5:23506986-23507923",2.28705943072782e-14,1.91038674395698,0.101,0.047,2.89070589687412e-09
"AT2G27590",2.30066118571456e-14,-1.42357360747816,0.022,0.1,2.90789769907206e-09
"AT4G34580",2.30112102475544e-14,-1.25591527252551,0.035,0.119,2.9084789080294e-09
"AT2G32295",2.31295885679825e-14,-1.44543052187998,0.039,0.125,2.92344121746157e-09
"AT3G50520",2.32687601752688e-14,-0.496136499622153,0.059,0.157,2.94103167359292e-09
"AT4G04920",2.33675692760669e-14,-1.42639090212742,0.027,0.107,2.9535205510792e-09
"AT3G22930",2.36171082972048e-14,-0.556689320895259,0.101,0.216,2.98506078611691e-09
"AT1G29785",2.36792699070706e-14,-0.737566685371646,0.029,0.112,2.99291764063428e-09
"AT5G65860",2.38102418908825e-14,-0.97142175187164,0.035,0.12,3.0094717135562e-09
"AT1G45160",2.38755452263827e-14,-1.18590838411373,0.028,0.109,3.01772566334341e-09
"AT3G54650",2.39990140298444e-14,-0.868797610618209,0.032,0.117,3.03333137928815e-09
"AT5G48640",2.40929850948804e-14,-0.43377568211321,0.047,0.141,3.04520875808231e-09
"AT3G63490",2.41200935006745e-14,-0.982194817890367,0.032,0.117,3.04863509792425e-09
"AT1G66530",2.41238327060975e-14,-1.09910073471427,0.03,0.113,3.04910771105448e-09
"AT5G43100",2.43509411190133e-14,-0.800337237288457,0.039,0.127,3.07781285179657e-09
"AT5G61670",2.48517124761278e-14,-0.757290379650252,0.051,0.145,3.14110734670769e-09
"AT2G02560",2.5123812899619e-14,-0.554076040205274,0.066,0.166,3.17549920763444e-09
"AT5G26742",2.51286172336851e-14,-0.755767298829463,0.036,0.122,3.1761064466344e-09
"AT1G68720",2.51962097951995e-14,-0.859147833777639,0.032,0.116,3.18464974085445e-09
"AT5G42860",2.53819550522176e-14,-0.539392871415196,0.072,0.175,3.20812682687e-09
"AT5G49950",2.56564514100207e-14,-0.761854477273491,0.04,0.129,3.24282151951815e-09
"AT5G22640",2.56858304337156e-14,-0.82190522126978,0.049,0.142,3.24653485183905e-09
"AT1G57600",2.57059602360556e-14,-1.31703568582602,0.027,0.107,3.24907913807601e-09
"AT5G49030",2.60920780947633e-14,-0.952814746223161,0.022,0.101,3.29788211870951e-09
"AT5G43630",2.64411351597733e-14,-0.443697821184766,0.085,0.192,3.34200083738438e-09
"AT4G24805",2.6723193659706e-14,-0.568972527170279,0.059,0.157,3.37765133942488e-09
"AT1G13210",2.68983686307835e-14,-0.643545368177874,0.085,0.191,3.39979240471924e-09
"AT3G46940",2.70421603136709e-14,-1.41670370420206,0.036,0.12,3.41796681068612e-09
"AT5G01340",2.72487129696865e-14,-0.66330164023111,0.048,0.14,3.44407382709056e-09
"AT5G13590",2.75969197790757e-14,-1.09417576374989,0.045,0.134,3.4880850785565e-09
"AT3G06035",2.76371211640171e-14,-0.617349377474639,0.091,0.201,3.49316629240478e-09
"AT4G08240",2.8188060744099e-14,-0.51067640584098,0.047,0.138,3.56280174968965e-09
"AT1G25220",2.83400125756782e-14,-0.396473669823048,0.159,0.294,3.58200754949027e-09
"AT3G62770",2.91258966950231e-14,-0.707340682802897,0.043,0.133,3.68133858687076e-09
"AT1G78800",2.92066941140461e-14,-1.14274254343159,0.026,0.105,3.69155089585074e-09
"AT4G20410",2.94885770327971e-14,-0.398359883792931,0.057,0.154,3.72717920548336e-09
"AT3G25610",2.95369245995061e-14,-1.08919635937537,0.033,0.117,3.73329004782998e-09
"AT2G40316",2.96477430312147e-14,-1.0100437522896,0.037,0.123,3.74729683268736e-09
"AT3G49490",2.99618100598264e-14,-0.527399787314874,0.061,0.16,3.7869930207017e-09
"AT4G37090",2.99848754831635e-14,-0.67141469200686,0.064,0.163,3.78990835181896e-09
"AT5G09410",2.99898759138784e-14,-0.988968268729351,0.042,0.13,3.79054037625874e-09
"AT5G03150",3.01515636508833e-14,-0.702943753067268,0.045,0.135,3.81097673608974e-09
"AT4G35770",3.02468875474583e-14,-0.744527856392293,0.09,0.199,3.82302510467344e-09
"AT5G58920",3.0447294978253e-14,-0.682094535828647,0.042,0.131,3.84835540148131e-09
"AT1G79810",3.04549072572016e-14,-1.35539563332096,0.026,0.105,3.84931754786674e-09
"AT1G02260",3.04729809437624e-14,-1.28398081313222,0.027,0.106,3.85160195340591e-09
"AT2G47390",3.05033350223815e-14,-0.21807636943192,0.084,0.193,3.85543852681889e-09
"AT5G53170",3.07117839462432e-14,-0.736027218335612,0.035,0.12,3.88178522010146e-09
"AT3G52430",3.07335502981006e-14,-0.631858058998361,0.072,0.173,3.88453635637813e-09
"AT2G45290",3.07810310787448e-14,-0.10129176639171,0.082,0.194,3.89053764216687e-09
"AT5G02040",3.14456034621979e-14,-0.400610361227265,0.045,0.136,3.97453560400105e-09
"AT4G18800",3.1465439017229e-14,-0.800982054332122,0.033,0.118,3.97704269914364e-09
"AT4G16210",3.15504249632644e-14,-0.475693157755718,0.052,0.147,3.98778441280684e-09
"AT2G30840",3.16228231506034e-14,-1.46408107926767,0.042,0.128,3.99693510929736e-09
"AT4G17140",3.170867968257e-14,-0.546127552992362,0.065,0.164,4.00778685979875e-09
"AT1G73720",3.18011896923032e-14,-1.29659419393413,0.032,0.115,4.01947956996897e-09
"AT1G07990",3.19293872822076e-14,-0.526138853354168,0.064,0.162,4.03568297614735e-09
"AT1G17420",3.2028645310509e-14,-1.29578430314538,0.047,0.136,4.04822859537647e-09
"AT1G68310",3.21907890385472e-14,-0.300019596317313,0.081,0.188,4.06872258973813e-09
"AT4G09150",3.23438218596209e-14,-0.433405885764817,0.09,0.201,4.08806502012492e-09
"AT1G76850",3.25508577452752e-14,-0.729953162527934,0.051,0.145,4.11423311385631e-09
"AT5G42390",3.26417787795242e-14,-0.268497723328748,0.054,0.148,4.12572498705919e-09
"AT4G26480",3.32650056026071e-14,-0.777349226233654,0.035,0.12,4.20449711813592e-09
"AT4G34390",3.32942762582403e-14,-0.644107236273652,0.078,0.182,4.20819675338403e-09
"AT1G29940",3.3318082736463e-14,-0.719149015630277,0.033,0.118,4.2112057493925e-09
"AT1G69050",3.39075097283024e-14,-0.869246763427028,0.043,0.132,4.28570578459905e-09
"AT1G02410",3.39328601514738e-14,-1.12073188805944,0.03,0.111,4.28890992598539e-09
"AT3G20340",3.50111283903375e-14,-0.255609084001369,0.139,0.266,4.42519656176831e-09
"AT3G17420",3.51207363920398e-14,-0.534613398543411,0.099,0.211,4.43905035553547e-09
"AT4G32660",3.51746854718744e-14,-0.559942723227507,0.069,0.171,4.44586919553209e-09
"AT2G24980",3.54400095545818e-14,-1.19048548037484,0.048,0.138,4.47940456764181e-09
"AT3G10800",3.54435078778978e-14,-0.841891004443215,0.039,0.126,4.47984673471901e-09
"AT4G20480",3.61924360581698e-14,-0.519148986235095,0.069,0.17,4.57450676313632e-09
"AT3G15420",3.62542087369275e-14,-1.06715300193915,0.028,0.109,4.58231445909522e-09
"AT5G23550",3.65559544241842e-14,-1.2139201303539,0.023,0.102,4.62045330349034e-09
"AT1G19990",3.67911320661312e-14,-1.1698008070155,0.035,0.118,4.65017834636659e-09
"AT1G65700",3.69146341217448e-14,-0.573347645905532,0.056,0.151,4.66578826518381e-09
"AT1G10390",3.69701077280649e-14,-0.749167245424474,0.054,0.147,4.67279979618103e-09
"AT5G04280",3.70182291314654e-14,-0.799867644517129,0.051,0.144,4.67888205284244e-09
"AT4G01810",3.73657284922399e-14,-1.33766893926303,0.028,0.108,4.72280388704818e-09
"AT1G51630",3.74171704342297e-14,-0.379309311988689,0.094,0.206,4.72930583986403e-09
"2:17805789-17806677",3.75255382323303e-14,1.66888374965685,0.109,0.053,4.74300287933715e-09
"AT1G30970",3.75670292563345e-14,-0.561363794568877,0.056,0.151,4.74824709582515e-09
"AT3G06380",3.79358394737818e-14,-0.363793082057105,0.078,0.183,4.79486249444917e-09
"AT3G12030",3.79947854468762e-14,-0.590206596425062,0.065,0.165,4.80231291177247e-09
"AT5G53430",3.87773672548545e-14,-1.31997802683256,0.028,0.107,4.90122655681008e-09
"AT1G33360",3.88869914422745e-14,-1.00452070274703,0.037,0.121,4.91508239635485e-09
"AT4G21215",3.89514608612437e-14,-0.847294095352066,0.043,0.131,4.92323094409604e-09
"AT5G44180",3.91124061545234e-14,-0.640734907294189,0.055,0.148,4.94357346349483e-09
"AT1G07370",3.96261926405584e-14,-1.4294984076162,0.023,0.101,5.00851299261073e-09
"AT4G02150",3.97735826531704e-14,-0.758474915583748,0.037,0.123,5.02714220586481e-09
"AT2G44710",4.01250608286147e-14,-0.777910459216234,0.043,0.132,5.07156693837193e-09
"AT2G35330",4.027722635743e-14,-0.497078310189624,0.052,0.146,5.09079974822101e-09
"AT5G48290",4.04214175394605e-14,-0.987947939613706,0.057,0.15,5.10902464848257e-09
"AT1G47820",4.04305602675957e-14,-0.927216567318917,0.032,0.115,5.11018023446249e-09
"AT2G17320",4.06291488650492e-14,-0.68102559007143,0.05,0.142,5.13528064164902e-09
"AT4G08580",4.07200932295885e-14,-0.931033359885549,0.032,0.115,5.14677546366061e-09
"AT1G20160",4.07838478751564e-14,-1.5153713919843,0.049,0.139,5.15483366833251e-09
"AT1G71865",4.08266199717597e-14,-0.953546845951282,0.022,0.1,5.1602398047106e-09
"AT3G46640",4.09300462417551e-14,-0.983307254060193,0.03,0.112,5.17331226468039e-09
"AT2G17990",4.10129723577263e-14,-0.460967271315272,0.077,0.181,5.18379362818246e-09
"AT1G77500",4.14938380792289e-14,-0.551156501756718,0.057,0.153,5.24457217018606e-09
"AT2G32020",4.16635120965701e-14,-0.476195945750351,0.069,0.169,5.26601794793389e-09
"AT2G18220",4.17303033258314e-14,-1.16162164638784,0.032,0.115,5.27445995856513e-09
"AT2G42010",4.1886372680174e-14,-1.13079264038999,0.036,0.12,5.29418618853791e-09
"AT5G56750",4.20618320412195e-14,-0.751590320983246,0.051,0.143,5.3163631990179e-09
"AT3G14770",4.21109413749224e-14,-1.9366814233113,0.032,0.113,5.32257032414194e-09
"AT1G78260",4.22365447754902e-14,-1.58498237419954,0.026,0.104,5.33844584035331e-09
"AT2G29200",4.23538621812848e-14,-0.853332325204457,0.039,0.125,5.35327405654131e-09
"AT5G42770",4.242490032438e-14,-0.9704886506033,0.023,0.101,5.36225285159968e-09
"AT3G16830",4.25398715362889e-14,-0.673740474513727,0.041,0.13,5.3767845229577e-09
"AT5G14720",4.27448551274957e-14,-0.481887932153207,0.062,0.161,5.40269321898469e-09
"AT5G03430",4.30738426055955e-14,-1.00960927857768,0.027,0.106,5.44427526229163e-09
"AT5G10950",4.32440992956016e-14,-0.631340962529873,0.046,0.137,5.46579468636826e-09
"AT4G02270",4.32484203338746e-14,-1.04400262152718,0.164,0.294,5.46634083967975e-09
"AT2G03350",4.34305788168605e-14,-0.447070213459929,0.051,0.145,5.48936457897827e-09
"AT5G25440",4.41789996088262e-14,-1.36590662902421,0.039,0.122,5.58396047655798e-09
"AT5G52580",4.42155748076038e-14,-0.972956266243451,0.04,0.127,5.58858336223228e-09
"AT3G27830",4.44999864619411e-14,-0.71473031240713,0.045,0.135,5.62453128887058e-09
"AT1G80010",4.47018691302487e-14,-1.19583019019823,0.022,0.1,5.65004804684866e-09
"AT3G63420",4.4730660072614e-14,-0.934011445495387,0.038,0.123,5.65368704921798e-09
"AT1G01320",4.47773560810128e-14,-1.32679624644444,0.032,0.114,5.65958914450353e-09
"AT4G37940",4.50577149352271e-14,-0.412614846312721,0.081,0.188,5.6950248215231e-09
"AT2G35510",4.56422354388459e-14,-0.571199104809606,0.042,0.13,5.76890470605749e-09
"AT1G50290",4.57714404628614e-14,-1.12506681188792,0.041,0.128,5.7852354458629e-09
"AT1G75980",4.63166962624517e-14,-0.920014001614189,0.023,0.101,5.85415250739633e-09
"AT3G01050",4.6351175533696e-14,-0.656434228454462,0.032,0.115,5.85851048040597e-09
"AT1G15820",4.63909963352271e-14,-1.31105385213154,0.026,0.104,5.86354359079469e-09
"AT4G31170",4.64484180664431e-14,-0.600837156470093,0.06,0.155,5.87080135309001e-09
"AT1G12530",4.69226824920703e-14,-0.71887577941484,0.061,0.158,5.93074553090273e-09
"AT1G80350",4.71044095470064e-14,-1.41443851647657,0.025,0.102,5.95371474028433e-09
"AT4G33010",4.72989000694884e-14,-0.914976784727276,0.031,0.113,5.97829717538291e-09
"AT3G22240",4.75065581563288e-14,-0.357927929300468,0.129,0.251,6.00454391161103e-09
"AT5G16450",4.77933416176341e-14,-0.456785355979123,0.074,0.178,6.04079162041925e-09
"AT3G54770",4.92138037304659e-14,-0.568165779638538,0.058,0.153,6.22032950870851e-09
"AT5G27650",4.99078963975718e-14,-1.09193293020894,0.032,0.114,6.3080586572747e-09
"AT4G32605",5.01114055843924e-14,-1.01109820458147,0.052,0.144,6.3337809974337e-09
"AT3G51040",5.01650136521587e-14,-0.887733156680798,0.032,0.116,6.34055673555095e-09
"AT1G78420",5.03134096093911e-14,-0.613201566303335,0.057,0.152,6.35931309416938e-09
"AT1G50410",5.08417611955806e-14,-0.854608369289469,0.05,0.14,6.42609356455421e-09
"AT3G20250",5.09935712034722e-14,-0.370811963766077,0.114,0.231,6.44528143869167e-09
"AT1G80310",5.10170781982408e-14,-0.823419730247784,0.031,0.114,6.44825258178844e-09
"AT1G04000",5.17580135309082e-14,-0.820686106985248,0.037,0.122,6.54190236222561e-09
"AT2G16710",5.18092446894892e-14,-0.653851228939113,0.047,0.137,6.5483776732833e-09
"AT5G58380",5.18119726506409e-14,-1.21931308107988,0.023,0.1,6.5487224712051e-09
"AT1G21700",5.19658253023276e-14,-0.786939800427645,0.032,0.115,6.5681685232624e-09
"AT2G45730",5.26871180631344e-14,-1.01399913270711,0.039,0.125,6.65933560047181e-09
"AT1G05680",5.28081431078999e-14,-0.904613902909233,0.048,0.138,6.6746324399799e-09
"AT5G25810",5.31537511696067e-14,-0.581334888000045,0.061,0.157,6.71831522533127e-09
"AT5G63280",5.32378756378748e-14,-1.27116655303565,0.03,0.111,6.72894805337355e-09
"AT5G08630",5.33347098086425e-14,-1.08573059714702,0.03,0.111,6.74118731155357e-09
"AT1G73250",5.36806328703269e-14,-1.01457109382414,0.031,0.113,6.7849099110121e-09
"AT1G53050",5.40524584583867e-14,-1.09010692308858,0.03,0.11,6.83190643438933e-09
"AT5G42100",5.42629051217716e-14,-0.71464347382906,0.046,0.135,6.85850562996121e-09
"AT3G16990",5.43581246458807e-14,-0.819214598701523,0.035,0.119,6.87054080649145e-09
"AT5G16620",5.47591560939663e-14,-1.02630712530973,0.036,0.12,6.92122877534078e-09
"AT1G10350",5.50190254217573e-14,-1.22947421114181,0.025,0.102,6.95407469915759e-09
"AT3G02950",5.5673074156262e-14,-0.851650609499094,0.043,0.131,7.03674253490658e-09
"AT1G48170",5.63090542608327e-14,-0.593827465900474,0.046,0.135,7.11712660424369e-09
"AT5G41260",5.65728298412802e-14,-0.907135417541403,0.032,0.115,7.15046625495877e-09
"AT1G53300",5.77742696928049e-14,-1.13858860306015,0.036,0.119,7.30232104355238e-09
"AT1G44800",5.80109801460953e-14,-0.799881901275919,0.097,0.205,7.33223982458557e-09
"AT3G59800",5.80913459366156e-14,-0.764177623479223,0.037,0.122,7.3423975783126e-09
"AT4G23750",5.8453782546574e-14,-1.32323441732709,0.023,0.1,7.38820739119167e-09
"AT1G32127",5.90165466411991e-14,-1.54732146340626,0.023,0.1,7.45933739616772e-09
"AT3G05090",5.99346417963806e-14,-0.445369213460338,0.078,0.182,7.57537911521173e-09
"AT1G52825",6.00324914268033e-14,-0.545228311134108,0.059,0.156,7.58774672139938e-09
"AT5G13560",6.0040330486198e-14,-0.555936044545827,0.055,0.149,7.5887375314725e-09
"AT2G29480",6.0317841438495e-14,-0.642111627048389,0.086,0.192,7.62381325077713e-09
"AT4G11790",6.05118624832507e-14,-0.848807891323853,0.033,0.116,7.64833634670799e-09
"AT5G60300",6.07008130293153e-14,-0.867046031487063,0.046,0.134,7.67221856202727e-09
"AT1G56290",6.0776604624662e-14,-0.520211246030438,0.045,0.134,7.68179816492953e-09
"AT1G62600",6.07875528640058e-14,-0.669561546472714,0.05,0.14,7.68318195669315e-09
"AT2G15580",6.12493992114407e-14,-0.551916804374265,0.061,0.156,7.74155656393083e-09
"AT3G10740",6.31024358969643e-14,-0.365573556580625,0.084,0.189,7.9757692827609e-09
"AT2G37860",6.37048459867766e-14,-1.53966295866258,0.023,0.1,8.05191030365264e-09
"AT4G14965",6.42961204397184e-14,-1.00071875793035,0.036,0.118,8.12664384685777e-09
"AT3G55605",6.43809913011671e-14,-0.621162645971522,0.031,0.113,8.13737101451971e-09
"AT3G09350",6.49036801355952e-14,-0.809575507667061,0.046,0.135,8.20343574705842e-09
"AT3G21610",6.4991832373197e-14,-0.624927909405763,0.029,0.11,8.21457766097786e-09
"AT5G19000",6.63130625680175e-14,-0.438314965991287,0.055,0.148,8.38157323022201e-09
"AT1G17490",6.64841141533394e-14,-0.748862240561925,0.048,0.138,8.40319312429718e-09
"AT4G27490",6.65875583371638e-14,-1.38488759827743,0.026,0.103,8.41626784846748e-09
"AT5G51140",6.71063456730416e-14,-0.933388073814744,0.03,0.111,8.48183945499842e-09
"AT2G19310",6.74571008904542e-14,-0.755720692744448,0.045,0.133,8.52617280994806e-09
"AT5G50320",6.83861273277653e-14,-0.931286247600877,0.038,0.122,8.64359617746556e-09
"AT3G51980",6.83930230582597e-14,-0.856893836328205,0.06,0.154,8.64446775642567e-09
"AT5G45190",6.86072611490219e-14,-0.319607956022549,0.093,0.202,8.67154616566947e-09
"AT3G12140",6.90010443465107e-14,-0.656878330308482,0.047,0.136,8.72131799913287e-09
"AT5G17510",6.94220009341302e-14,-0.66676370842878,0.023,0.101,8.77452438606845e-09
"AT5G67620",7.02208786505445e-14,-1.2011898281049,0.032,0.113,8.87549773615693e-09
"AT1G23030",7.05365457165614e-14,-0.837725748224663,0.051,0.143,8.91539615929906e-09
"AT3G23805",7.10966391792807e-14,-0.470368073376054,0.058,0.154,8.986188612426e-09
"AT1G02145",7.15484670778809e-14,-0.803242912159933,0.036,0.121,9.04329694784168e-09
"AT3G03560",7.16945754497534e-14,-0.918384718027323,0.029,0.109,9.06176416939613e-09
"AT4G17830",7.18314059215548e-14,-0.902236925675884,0.032,0.114,9.079058720049e-09
"AT1G11400",7.22600076835737e-14,-0.802946672464755,0.051,0.142,9.13323141115761e-09
"AT5G01290",7.2474018378778e-14,-1.2540960723292,0.031,0.112,9.16028107896726e-09
"AT3G56880",7.28247088873788e-14,-0.26035660697218,0.165,0.3,9.20460625511135e-09
"AT1G76790",7.28809199033515e-14,-0.42326396889105,0.098,0.21,9.21171099026421e-09
"AT4G09630",7.29663852624792e-14,-0.762255940926222,0.039,0.125,9.2225132988658e-09
"AT1G45050",7.37961414369435e-14,-0.95426618056254,0.031,0.112,9.32738950078104e-09
"AT5G65700",7.52257736576703e-14,-0.650874936720368,0.059,0.155,9.50808643568758e-09
"AT3G54420",7.63251090042219e-14,-0.85598954893737,0.05,0.14,9.64703582747962e-09
"AT5G36210",7.63317851296192e-14,-1.0028578054385,0.029,0.109,9.64787964967309e-09
"AT4G12510",7.69553885061821e-14,-1.12713829660422,0.377,0.54,9.72669937485038e-09
"AT2G43410",7.71147086826435e-14,-0.665743214337084,0.047,0.135,9.74683648923404e-09
"AT3G59380",7.84693656264e-14,-0.547519382726149,0.054,0.147,9.91805699898321e-09
"AT5G35700",7.99038390363738e-14,-0.723129527372614,0.036,0.119,1.00993658311634e-08
"AT1G18890",8.00748055288178e-14,-1.23983358875149,0.036,0.117,1.01209749700094e-08
"AT4G01250",8.04290116429317e-14,-0.826261273806595,0.079,0.18,1.01657444975967e-08
"AT4G31470",8.04293449739265e-14,-0.817488286302877,0.059,0.153,1.01657866286345e-08
"AT3G13690",8.04516668629225e-14,-1.49794019696601,0.028,0.106,1.01686079814722e-08
"AT3G11560",8.10978561447449e-14,-0.407945173659347,0.074,0.175,1.02502824295589e-08
"AT2G36890",8.15399065912721e-14,-0.882116517187194,0.048,0.136,1.03061549536972e-08
"AT5G24500",8.24525791042287e-14,-0.717114691367183,0.032,0.114,1.04215112832999e-08
"AT5G11980",8.2477370368663e-14,-0.798418538163263,0.04,0.126,1.04246447503768e-08
"AT4G14600",8.25038791941023e-14,-0.755714295706306,0.041,0.127,1.04279953068594e-08
"AT3G27160",8.30817045517395e-14,-0.536490856826229,0.049,0.139,1.05010289651126e-08
"AT5G41800",8.3807760089771e-14,-1.41620141852319,0.028,0.106,1.05927980287865e-08
"AT5G58960",8.40472685361831e-14,-0.778983609217539,0.026,0.104,1.06230704593623e-08
"AT3G57560",8.52819436614006e-14,-0.913207739531153,0.03,0.111,1.07791259871391e-08
"AT3G57010",8.58062718119947e-14,-0.345727514383356,0.177,0.314,1.08453979194053e-08
"2:3312930-3313778",8.65723299854679e-14,-1.78697949859337,0.04,0.123,1.09422230761832e-08
"AT1G04985",8.6987374994347e-14,-0.648439005615869,0.068,0.165,1.09946822750355e-08
"AT3G14090",8.7029154746357e-14,-1.10491420677409,0.031,0.112,1.0999962985011e-08
"AT1G30910",8.7702624434772e-14,-0.732993043415027,0.038,0.123,1.10850855128086e-08
"2:3275509-3276404",8.80506841537558e-14,-0.818878413639563,0.077,0.175,1.11290781729298e-08
"AT5G48560",8.80718622437125e-14,-0.731195208477832,0.047,0.136,1.11317549564318e-08
"AT5G24890",8.82345165402274e-14,-0.16970526856421,0.098,0.21,1.11523134835855e-08
"AT1G75080",8.84870318253822e-14,-0.9867326608205,0.031,0.112,1.11842299005374e-08
"AT3G51250",8.92018593526117e-14,-0.854319283027538,0.032,0.113,1.1274579811014e-08
"AT2G43490",8.96513470173721e-14,-1.13277944281736,0.029,0.109,1.13313923549137e-08
"AT3G23640",8.96526146670341e-14,-1.08152368590456,0.04,0.125,1.13315525782251e-08
"AT4G38270",8.97340166109371e-14,-0.617152478876715,0.056,0.149,1.13418412955228e-08
"AT1G01020",8.99250766017624e-14,-0.861005482236498,0.048,0.136,1.13659901320032e-08
"AT1G05560",9.01194879365805e-14,-1.06734082357594,0.023,0.1,1.13905625582562e-08
"AT3G21400",9.02236109681397e-14,-1.05038470587399,0.026,0.104,1.1403723084707e-08
"AT1G67280",9.08141219497776e-14,-0.649038854228696,0.043,0.131,1.14783601297202e-08
"AT3G14590",9.08593752499393e-14,-0.774535278924655,0.081,0.182,1.14840798753408e-08
"AT5G49680",9.10369178435917e-14,-1.45736561995025,0.027,0.104,1.15065201939229e-08
"AT2G20780",9.14344641029573e-14,-1.14799516093472,0.028,0.106,1.15567676558292e-08
"AT4G31750",9.17466000473898e-14,-0.646490168954904,0.049,0.139,1.15962197663898e-08
"AT2G29500",9.18549124065005e-14,-0.920263426056575,0.074,0.172,1.16099097987072e-08
"AT3G13430",9.2127649083041e-14,-0.608819760903459,0.049,0.14,1.16443820782019e-08
"AT3G21680",9.2186291994359e-14,-0.867996037675021,0.048,0.137,1.1651794190335e-08
"AT4G28450",9.30050546299774e-14,-0.713161178484254,0.046,0.133,1.17552808749014e-08
"AT4G31360",9.33337964506293e-14,-0.688373525692268,0.027,0.106,1.17968318685808e-08
"AT1G69070",9.33544763207771e-14,-0.406159977992718,0.049,0.141,1.17994456800883e-08
"AT3G28730",9.37623169203739e-14,-0.41699184745239,0.079,0.183,1.18509942848337e-08
"AT4G30240",9.49443814325461e-14,-0.76251446117354,0.055,0.146,1.20004001467852e-08
"AT4G35030",9.50876979675314e-14,-0.718557723131983,0.074,0.172,1.20185144969082e-08
"AT5G56140",9.58369561340587e-14,-0.287666424377011,0.069,0.169,1.21132162336082e-08
"AT4G07990",9.63291325888624e-14,-1.126195209485,0.028,0.106,1.21754243844367e-08
"AT5G25170",9.72208295739905e-14,-0.683220395310614,0.056,0.148,1.2288129533175e-08
"AT5G38890",9.73534218348597e-14,-0.857049356103386,0.035,0.117,1.23048883993953e-08
"AT3G16030",9.76987626852145e-14,-1.45065362139613,0.029,0.107,1.2348537410835e-08
"AT1G70710",9.80583520186896e-14,-0.751643444834675,0.037,0.12,1.23939873450503e-08
"AT5G49400",9.83235914178776e-14,-0.320820651419617,0.059,0.155,1.24275120136712e-08
"AT1G79570",9.8423814177488e-14,-0.901743164552464,0.031,0.112,1.24401795691494e-08
"AT3G08890",9.85903062550819e-14,-0.803470064146862,0.039,0.124,1.24612231688048e-08
"ATCG00810",9.88248646049837e-14,-0.511083084825096,0.041,0.128,1.24908699368823e-08
"AT3G30380",9.88284258508686e-14,-0.760093785091912,0.043,0.131,1.24913200569947e-08
"AT4G32040",9.92434746804341e-14,-0.488916685331245,0.052,0.144,1.25437797387588e-08
"AT1G52370",9.95982067167187e-14,-1.09267562329496,0.028,0.107,1.25886157397529e-08
"AT1G31180",9.98295474764389e-14,-0.78951614251487,0.045,0.131,1.2617855823737e-08
"AT5G53120",9.99000351003468e-14,-0.916201235431984,0.046,0.133,1.26267650364732e-08
"AT2G18090",1.00307077323809e-13,-0.491337422191399,0.077,0.179,1.26782127312655e-08
"AT3G63010",1.00322455127442e-13,-0.579038188618879,0.066,0.163,1.26801563933779e-08
"AT5G19960",1.00572169293534e-13,-1.00265328893011,0.026,0.103,1.27117187656869e-08
"1:27785732-27786557",1.00808250635964e-13,1.89511202941372,0.133,0.071,1.27415580308821e-08
"AT2G35840",1.01553201902079e-13,-0.67147820837409,0.041,0.128,1.28357154012113e-08
"AT4G26850",1.01721847137799e-13,-0.588403820403664,0.043,0.131,1.2857031147135e-08
"AT2G21440",1.01769591519598e-13,-1.02639492530629,0.04,0.125,1.28630657505281e-08
"AT3G11730",1.01899321302759e-13,-0.346794307059978,0.079,0.183,1.2879462816741e-08
"AT3G53260",1.0206418069445e-13,-0.189847340417361,0.195,0.341,1.29003000546943e-08
"AT5G10560",1.023185379816e-13,-0.537869409782154,0.042,0.129,1.29324492896464e-08
"AT1G05940",1.02434478455176e-13,-0.710528122654106,0.049,0.139,1.29471034698635e-08
"AT2G07708",1.02540211178996e-13,-0.659672977476929,0.04,0.126,1.29604674517581e-08
"AT1G31780",1.03023097857676e-13,-0.835946400031155,0.04,0.125,1.30215014306231e-08
"AT3G05680",1.06114889448333e-13,-1.0561970041341,0.025,0.101,1.34122853369326e-08
"AT3G24840",1.08996574003082e-13,-0.93884990621429,0.028,0.106,1.37765129745456e-08
"AT5G43150",1.09685866574911e-13,-0.419038227637986,0.093,0.2,1.38636354198693e-08
"AT4G24026",1.10230384132994e-13,-0.785095298682971,0.038,0.122,1.39324591721057e-08
"AT1G19380",1.11065151016965e-13,-0.468808404615639,0.103,0.213,1.40379686976383e-08
"AT1G24267",1.11239261029245e-13,-0.493192360533296,0.062,0.157,1.40599751585304e-08
"AT5G47240",1.11336718838826e-13,-1.29203757685086,0.035,0.115,1.40722932409146e-08
"AT1G49590",1.11479156641202e-13,-0.7789030104475,0.043,0.13,1.40902965245081e-08
"AT5G60990",1.12594516107203e-13,-1.03246176152957,0.028,0.106,1.42312712688538e-08
"AT4G06599",1.13488515385409e-13,-0.550014281590746,0.045,0.133,1.43442674136234e-08
"AT1G01750",1.13570883915901e-13,-1.05142883533231,0.132,0.248,1.43546783016664e-08
"AT5G05987",1.15269465360773e-13,-1.19661051414985,0.028,0.106,1.45693688048095e-08
"AT5G26980",1.15293168894027e-13,-0.918306221920571,0.025,0.101,1.45723647891917e-08
"AT3G58640",1.17924517269198e-13,-0.671897448403368,0.039,0.124,1.4904951435723e-08
"AT5G09400",1.18029952533131e-13,-0.75108925845144,0.037,0.12,1.49182778204726e-08
"AT5G13890",1.18822999741865e-13,-1.02881027244044,0.027,0.104,1.50185142293733e-08
"AT5G62640",1.19522288303176e-13,-0.3663757208076,0.06,0.157,1.51069001077916e-08
"AT3G47160",1.20316666249279e-13,-0.903357495128556,0.039,0.123,1.52073047139113e-08
"AT2G32950",1.20431994208104e-13,-0.587397944409197,0.062,0.157,1.5221881475939e-08
"AT4G11290",1.20979084630184e-13,-0.859241991171112,0.108,0.218,1.52910304227475e-08
"AT3G12020",1.21217718079618e-13,-0.987778554503488,0.045,0.131,1.53211922589552e-08
"AT1G15430",1.21388166726494e-13,-0.708607972262925,0.049,0.138,1.53427359452285e-08
"AT1G55340",1.22655926781867e-13,-0.557392617588043,0.049,0.139,1.55029732096672e-08
"AT1G53590",1.23164616987759e-13,-0.684981914336444,0.05,0.139,1.55672685995508e-08
"AT5G50380",1.24185777570306e-13,-0.893321756606193,0.036,0.118,1.56963371702213e-08
"3:22731777-22732616",1.24567023362943e-13,1.72129049370015,0.117,0.059,1.57445243509358e-08
"AT5G54145",1.24951754648654e-13,-0.811294176562617,0.048,0.136,1.5793152077062e-08
"AT2G18196",1.25233157177718e-13,2.15780660730205,0.134,0.073,1.58287196683204e-08
"AT5G27840",1.27544143784623e-13,-0.465051551438739,0.06,0.154,1.61208145095136e-08
"AT2G18790",1.28185447567085e-13,-1.23687404674205,0.033,0.114,1.62018714597942e-08
"AT5G65310",1.28670367592658e-13,-0.723790387076046,0.046,0.134,1.62631624415064e-08
"AT5G44750",1.29176821765216e-13,-0.58434307263949,0.081,0.182,1.63271752101927e-08
"AT1G70420",1.29209845726179e-13,-1.16510755006401,0.029,0.107,1.63313492407147e-08
"AT1G61690",1.30051572607963e-13,-0.664859924815302,0.04,0.125,1.64377384682109e-08
"AT4G14900",1.30079693940862e-13,-0.434034112578325,0.046,0.134,1.64412928359613e-08
"AT3G19670",1.30152436583166e-13,-0.786425460261487,0.045,0.131,1.64504870694926e-08
"AT2G31400",1.32317495812251e-13,-0.528859192014099,0.058,0.151,1.67241375656937e-08
"AT1G27752",1.33395811326117e-13,-1.08360657591654,0.032,0.112,1.68604301767532e-08
"AT1G15280",1.35090992388958e-13,-0.28332919071967,0.091,0.201,1.707469089201e-08
"AT5G50760",1.35294368546946e-13,-0.664433328966049,0.049,0.138,1.71003964181227e-08
"AT5G25760",1.35304342719841e-13,-0.355529353136916,0.069,0.169,1.71016570937316e-08
"AT3G17590",1.35540695029396e-13,-1.10951536222879,0.025,0.101,1.71315306075454e-08
"AT4G28085",1.35674341827096e-13,-0.415398644160995,0.07,0.169,1.71484227608939e-08
"1:29388774-29389655",1.36113342819044e-13,1.85049013895676,0.1,0.048,1.72039098522703e-08
"AT1G04530",1.36350620807248e-13,-0.825403828727624,0.035,0.117,1.72339003663114e-08
"AT4G38890",1.36357767832432e-13,-0.851982031645253,0.055,0.145,1.72348037074125e-08
"4:484459-485236",1.36779476633819e-13,1.75832415033015,0.127,0.067,1.7288105169655e-08
"AT5G66910",1.36857004999926e-13,-0.809920771045094,0.054,0.143,1.72979042899606e-08
"AT2G31510",1.38249743192333e-13,-0.41945524429615,0.067,0.165,1.74739380410517e-08
"AT3G49350",1.3840033621785e-13,-0.916993965681409,0.035,0.116,1.7492972095919e-08
"AT5G55860",1.38654234416649e-13,-0.615270980715254,0.049,0.138,1.7525063304858e-08
"AT2G25710",1.39059837726868e-13,-1.08102428813404,0.042,0.128,1.75763291296497e-08
"AT1G07560",1.39534689111474e-13,-1.31851286667099,0.041,0.124,1.76363474955556e-08
"AT2G26680",1.39848591561638e-13,-0.98756040237498,0.027,0.103,1.76760228818417e-08
"AT1G53670",1.3985417606605e-13,-0.752126925219515,0.043,0.13,1.76767287296923e-08
"AT5G43720",1.39897546451171e-13,-1.00114428086408,0.028,0.107,1.76822104861493e-08
"AT3G15410",1.41778600586812e-13,-0.647290359382692,0.048,0.137,1.79199644425695e-08
"AT1G52730",1.4348833405297e-13,-0.480025284895293,0.049,0.139,1.81360644942911e-08
"AT1G73200",1.4514949961367e-13,-1.30148956202047,0.031,0.109,1.83460258541702e-08
"AT1G23560",1.46388895553273e-13,-1.27534979143778,0.033,0.113,1.85026780645603e-08
"2:19051561-19052461",1.46549439250521e-13,1.65075564500575,0.124,0.065,1.85229698246303e-08
"AT1G68690",1.4655059031466e-13,-1.42106293652462,0.028,0.105,1.85231153122311e-08
"AT5G64020",1.49977954193462e-13,-0.959499915694472,0.027,0.104,1.89563135423285e-08
"AT2G38730",1.50055503585276e-13,-0.998280475177291,0.026,0.103,1.89661153201574e-08
"AT2G14255",1.50437277623232e-13,-0.508997221988503,0.066,0.163,1.90143692679108e-08
"AT4G23460",1.50719691077558e-13,-0.857845212908632,0.051,0.141,1.90500646340568e-08
"3:22519473-22520227",1.54098955817972e-13,1.65495361541015,0.127,0.067,1.94771834216567e-08
"AT2G20010",1.54909520690216e-13,-0.686759705581728,0.046,0.132,1.95796339581192e-08
"AT5G53370",1.55109138982952e-13,-0.84597783574653,0.041,0.126,1.96048645126113e-08
"AT2G27260",1.57321877208008e-13,-0.977342922791248,0.043,0.129,1.9884541347829e-08
"AT5G13630",1.58629814092346e-13,-1.04499837734767,0.035,0.116,2.0049856722388e-08
"AT1G04140",1.59034285967292e-13,-0.686550284160638,0.057,0.149,2.01009795405499e-08
"AT3G45770",1.60121587904438e-13,-0.836261721454081,0.025,0.101,2.02384079815936e-08
"AT1G01780",1.60504931374353e-13,-1.08815104343547,0.041,0.125,2.028686029613e-08
"AT1G03030",1.60736182044639e-13,-1.0130433335785,0.03,0.109,2.03160889933502e-08
"AT5G37350",1.62081468555267e-13,-0.38990673934563,0.035,0.117,2.04861251365744e-08
"AT2G39360",1.62190306379488e-13,-1.10996780908351,0.035,0.115,2.0499881584529e-08
"AT2G25180",1.62325693731557e-13,-0.334199644992827,0.045,0.133,2.05169937335065e-08
"AT3G08780",1.6301317855153e-13,-0.890054698061696,0.037,0.119,2.06038876898421e-08
"AT1G58235",1.63293081796005e-13,-0.812388180159842,0.036,0.118,2.06392657805242e-08
"AT1G30370",1.63299292978739e-13,-1.48205246374391,0.03,0.108,2.06400508367548e-08
"AT3G54560",1.63511100943433e-13,-0.466184443150246,0.153,0.275,2.06668220926443e-08
"AT2G19940",1.64766242326035e-13,-0.817189757451507,0.032,0.113,2.08254644325569e-08
"AT1G34350",1.65082225296006e-13,-0.633633315145898,0.045,0.131,2.08654027840634e-08
"AT5G46295",1.6512079156106e-13,-1.30095685418412,0.039,0.121,2.08702773285686e-08
"AT3G10915",1.66104810106806e-13,-0.28147550559083,0.072,0.173,2.09946513686397e-08
"AT5G62290",1.66336260200755e-13,-0.698670568740441,0.04,0.124,2.10239052718143e-08
"AT2G02780",1.67664957603184e-13,-1.11047669962644,0.03,0.108,2.11918446512968e-08
"AT4G24590",1.68777418352788e-13,-0.616007017122112,0.056,0.148,2.13324530152823e-08
"AT2G46620",1.70619188721201e-13,-0.873201376954082,0.04,0.123,2.15652417392275e-08
"AT5G08580",1.70656537090106e-13,-1.38746465930967,0.026,0.102,2.15699623489669e-08
"AT1G74470",1.71177874164834e-13,-0.822682067214803,0.043,0.13,2.163585622719e-08
"AT1G21580",1.76424032122325e-13,-0.497147093471395,0.098,0.204,2.22989391160691e-08
"AT5G18100",1.77782256386366e-13,-0.504490413854018,0.085,0.188,2.24706105136983e-08
"AT1G05870",1.77874635664932e-13,-0.536310921300821,0.077,0.177,2.24822867002334e-08
"AT1G67140",1.79956030298023e-13,-0.468044570504026,0.059,0.152,2.27453624934883e-08
"AT3G47910",1.81119186879399e-13,-0.931646468346511,0.045,0.13,2.28923785064348e-08
"AT5G55130",1.82184038753247e-13,-1.01540129697301,0.037,0.118,2.30269693941778e-08
"AT3G61890",1.84450522883953e-13,-0.79585696229243,0.048,0.135,2.33134393893943e-08
"AT5G43560",1.85021067524012e-13,-0.220014548503642,0.114,0.232,2.338555280863e-08
"AT5G45290",1.85036448643208e-13,-1.17064483303972,0.027,0.103,2.33874968898096e-08
"AT5G08560",1.85450694294375e-13,-0.126665841663112,0.091,0.201,2.34398550546432e-08
"AT2G27400",1.86224360115575e-13,-0.610657087317092,0.048,0.137,2.3537641772448e-08
"AT5G16650",1.86270785024377e-13,-0.512810007672114,0.05,0.139,2.35435096023711e-08
"AT5G01620",1.86296557147938e-13,-0.854888341628613,0.043,0.128,2.35467670441565e-08
"AT5G62200",1.88055328133767e-13,-0.652568315618355,0.037,0.119,2.37690651441394e-08
"AT1G30590",1.88075798843009e-13,-0.833223646692498,0.05,0.139,2.37716525189633e-08
"AT5G08120",1.88892070217193e-13,-0.936623685635386,0.032,0.112,2.38748243230318e-08
"AT4G36680",1.8941769441807e-13,-1.16064199344328,0.026,0.102,2.39412600682775e-08
"AT3G03780",1.92161849482301e-13,-0.333197265437417,0.153,0.28,2.42881048034659e-08
"AT1G47480",1.92492323888528e-13,-0.706372001621033,0.038,0.122,2.43298747855666e-08
"AT2G24580",1.9267721807379e-13,-0.684510457757062,0.052,0.142,2.43532443012187e-08
"AT1G35220",1.93551253613101e-13,-0.487376458524093,0.041,0.127,2.44637171491742e-08
"AT4G25315",1.95772205831156e-13,-0.621149669847976,0.043,0.13,2.47444321838231e-08
"AT2G03220",1.96528221234276e-13,-0.463626669997875,0.06,0.154,2.48399879946851e-08
"AT3G25070",1.97480638125949e-13,-0.367444083941832,0.05,0.14,2.49603677752912e-08
"AT1G28120",1.98374736903371e-13,-0.347977070907809,0.065,0.159,2.50733764961647e-08
"AT1G50030",2.00177814010071e-13,-1.22065907745315,0.032,0.111,2.53012746239889e-08
"AT4G35860",2.02126199363464e-13,-0.403207414128744,0.058,0.151,2.55475388423457e-08
"AT5G63910",2.034496338986e-13,-0.741929084361186,0.041,0.125,2.57148130269796e-08
"AT5G02420",2.04006892951277e-13,-0.696687770851832,0.039,0.122,2.57852472276836e-08
"AT5G55910",2.07681856276491e-13,-0.84081061805517,0.05,0.138,2.62497405422108e-08
"AT1G27140",2.08772923464528e-13,-1.51502791615968,0.036,0.116,2.63876448883755e-08
"AT2G20562",2.09110301136108e-13,-1.39506771960742,0.029,0.106,2.64302874017972e-08
"AT1G76760",2.09525141774615e-13,-0.63992402242043,0.041,0.125,2.64827207694606e-08
"AT2G30105",2.09859873712356e-13,-0.676587915009988,0.028,0.105,2.65250288779995e-08
"AT1G18150",2.11300417496457e-13,-0.781662022279852,0.037,0.119,2.67071049690471e-08
"AT5G53110",2.11619867727947e-13,-1.13065199557,0.027,0.103,2.67474815616062e-08
"AT3G23190",2.11811387754758e-13,-0.608160467113334,0.079,0.182,2.67716885438748e-08
"AT2G48020",2.12341694549021e-13,-0.493184860519926,0.064,0.159,2.68387161408289e-08
"AT3G28480",2.13913168903122e-13,-0.734267500731135,0.032,0.112,2.70373410703411e-08
"AT1G08010",2.15427095973402e-13,-0.889071511653348,0.03,0.108,2.72286923684622e-08
"AT2G44970",2.16975784090357e-13,-1.03643780230031,0.032,0.111,2.74244372543165e-08
"AT1G30640",2.17645341665372e-13,-0.871534190658697,0.047,0.133,2.75090653144531e-08
"AT1G28320",2.20852112836463e-13,-1.09046000033766,0.032,0.111,2.79143819498519e-08
"AT3G29310",2.23804609905955e-13,-0.956809378929213,0.037,0.119,2.82875598644533e-08
"AT1G31600",2.24076420823871e-13,-0.537625055315341,0.061,0.154,2.83219151336123e-08
"AT1G31170",2.24155669734383e-13,-0.99290388330931,0.031,0.11,2.83319317204076e-08
"AT3G62660",2.24318986551975e-13,-0.924766643774187,0.033,0.114,2.83525739862503e-08
"AT2G34500",2.26832289811655e-13,-0.467338125151295,0.1,0.209,2.86702404384543e-08
"AT3G21430",2.28046121071581e-13,-1.17548643442541,0.033,0.113,2.88236614267214e-08
"AT4G14360",2.29586667051646e-13,-1.24612040987093,0.032,0.112,2.90183771953257e-08
"AT4G16765",2.30866959414025e-13,-0.469174914372767,0.056,0.148,2.91801984681763e-08
"AT4G26750",2.33864038262475e-13,-1.03608375979789,0.039,0.122,2.95590112521472e-08
"AT4G12610",2.3515459642554e-13,-0.636777280217002,0.048,0.136,2.97221300606097e-08
"AT5G42930",2.39305327780033e-13,-1.11721871161185,0.026,0.1,3.02467575994295e-08
"AT3G58140",2.44507484916819e-13,-1.31003835722739,0.026,0.101,3.09042790485764e-08
"AT5G10750",2.46698776487952e-13,-0.352616884346265,0.054,0.144,3.11812451554182e-08
"AT5G14150",2.46931779040371e-13,-0.897212622521188,0.039,0.122,3.12106952800286e-08
"AT5G13000",2.47110333398386e-13,-0.770235679719539,0.051,0.14,3.12332634795556e-08
"AT2G31960",2.47806469695557e-13,-0.554608312977362,0.065,0.159,3.13212509307002e-08
"AT1G31420",2.48025133974439e-13,-0.748123720944025,0.043,0.128,3.13488887835652e-08
"AT4G28840",2.51090399930519e-13,-0.927869915716868,0.038,0.119,3.1736320008818e-08
"AT1G70570",2.51551000443456e-13,-0.75882981202785,0.047,0.133,3.17945371500502e-08
"AT5G24580",2.51786453777106e-13,-1.13530531802031,0.061,0.152,3.18242970387035e-08
"AT1G23900",2.51797182313077e-13,-0.513687402898674,0.043,0.129,3.18256530612791e-08
"AT3G61690",2.5235500595267e-13,-0.954386570728059,0.03,0.108,3.18961586223817e-08
"AT3G08510",2.53311677981938e-13,-0.475497071093806,0.05,0.139,3.20170762268491e-08
"AT4G25250",2.5419859411445e-13,-1.70547126180078,0.036,0.115,3.21291771045018e-08
"AT4G05400",2.560020794425e-13,-0.71592137281441,0.055,0.145,3.23571268290553e-08
"AT5G05950",2.56768670032711e-13,-0.802846438229542,0.049,0.136,3.24540192801145e-08
"AT3G48090",2.5891296203351e-13,-0.873443588392064,0.047,0.133,3.27250449232635e-08
"AT5G38200",2.6042426091467e-13,-0.596025328759352,0.075,0.173,3.29160640340488e-08
"AT1G48420",2.6079655944047e-13,-0.502021909088716,0.078,0.18,3.29631203339188e-08
"AT5G63940",2.61787853564066e-13,-0.701150439390896,0.039,0.122,3.30884139633765e-08
"AT5G59380",2.64056212180927e-13,-1.25166510533183,0.028,0.105,3.33751208823961e-08
"AT2G28400",2.64180045783609e-13,-0.523613052499588,0.087,0.19,3.33907727067735e-08
"AT4G00170",2.6589167932841e-13,-0.716230484985006,0.036,0.116,3.36071129170351e-08
"AT3G57320",2.66309634995653e-13,-0.70179804247982,0.041,0.126,3.36599400056406e-08
"AT4G02980",2.67987539922076e-13,-0.543789329861093,0.045,0.131,3.38720171209109e-08
"AT2G20750",2.68069723112522e-13,-1.38529058533347,0.028,0.103,3.38824045830841e-08
"AT1G52245",2.68296542760017e-13,-0.195234981385013,0.166,0.298,3.39110732256096e-08
"AT2G16920",2.68920476072595e-13,-1.03115716027793,0.039,0.121,3.39899346527196e-08
"AT4G17730",2.70565775023125e-13,-0.585454466462316,0.069,0.166,3.41978905682728e-08
"AT5G40930",2.7131873207146e-13,-0.624685157354989,0.06,0.153,3.42930598214401e-08
"AT3G01150",2.72192243449618e-13,-0.544076840082914,0.048,0.135,3.44034664185711e-08
"AT4G14950",2.72712290930404e-13,-0.831929122818453,0.037,0.118,3.44691972998575e-08
"AT4G02350",2.7677404435331e-13,-0.741822122338426,0.045,0.129,3.49825785619923e-08
"AT1G47710",2.7767867515624e-13,-0.992760445513076,0.03,0.108,3.50969184676978e-08
"AT1G07530",2.78055076112823e-13,-0.691437627007845,0.042,0.127,3.51444932902041e-08
"AT3G12110",2.80465716391697e-13,-0.848900924085257,0.041,0.125,3.54491837576121e-08
"AT5G27740",2.808383813249e-13,-0.979416943611899,0.031,0.11,3.54962863691795e-08
"AT5G24430",2.82274995937749e-13,-1.11393908189212,0.031,0.109,3.56778658365558e-08
"AT3G62630",2.85730955188416e-13,-0.972741283632452,0.029,0.106,3.61146783500847e-08
"AT2G43540",2.88056445416486e-13,-0.96593801198659,0.038,0.12,3.64086063619714e-08
"AT5G49360",2.89649444776712e-13,-0.673608840341746,0.068,0.162,3.66099519231077e-08
"AT3G25190",2.91296973294626e-13,-0.630371399458834,0.212,0.352,3.68181896426009e-08
"AT4G12060",2.92188508599552e-13,-0.926270825968151,0.037,0.119,3.69308743559318e-08
"AT1G15440",2.93062486180503e-13,-1.1045940949121,0.029,0.106,3.70413398782985e-08
"AT5G47840",2.95763367046373e-13,-0.557872676459255,0.061,0.155,3.73827150144593e-08
"3:561391-562226",2.96429547574917e-13,1.98883190946892,0.106,0.052,3.7466916236184e-08
"AT2G20330",2.9693304185362e-13,-0.914516662063162,0.03,0.108,3.75305548920465e-08
"AT1G24560",2.98894064622998e-13,-0.785679555808434,0.048,0.135,3.77784164039592e-08
"AT1G80910",3.00952908374552e-13,-0.910515718657114,0.042,0.126,3.80386419010931e-08
"AT4G14270",3.0121403053209e-13,-0.778789898728836,0.045,0.13,3.8071646175073e-08
"AT1G80300",3.04129848756747e-13,-0.664573227787786,0.049,0.137,3.84401881037603e-08
"AT5G09680",3.0519398881283e-13,-0.854468468267405,0.037,0.118,3.85746890220088e-08
"AT1G23880",3.07511202327126e-13,-0.930756044055723,0.033,0.112,3.88675709069347e-08
"AT1G49710",3.0777521642816e-13,-0.737105103416671,0.033,0.114,3.89009407052208e-08
"AT1G15920",3.15212972090023e-13,-1.15884272951583,0.035,0.114,3.98410283943463e-08
"AT3G23430",3.16699806805808e-13,-0.76475544573176,0.094,0.196,4.00289553814133e-08
"AT3G25920",3.17503401444337e-13,-0.843092083200845,0.028,0.105,4.01305249221555e-08
"AT5G56280",3.17527891664909e-13,-0.92478197804971,0.028,0.105,4.01336203390945e-08
"AT4G15640",3.17774207867657e-13,-0.814852359323009,0.029,0.107,4.01647532292246e-08
"AT5G25070",3.1949444494542e-13,-0.687501823914118,0.031,0.11,4.03821808744314e-08
"AT1G33055",3.24257652789247e-13,-0.500810182402247,0.057,0.148,4.09842217666441e-08
"AT1G55520",3.25297932431542e-13,-0.315398088015502,0.058,0.151,4.11157068717523e-08
"AT4G30996",3.26502239979077e-13,-0.334237950442889,0.079,0.181,4.12679241199154e-08
"AT2G34020",3.28156711185487e-13,-1.05276545934275,0.038,0.119,4.14770393535784e-08
"AT3G23900",3.2822161184396e-13,-0.846632722740305,0.035,0.115,4.14852424074055e-08
"AT2G35710",3.29627490210728e-13,-0.471658826490663,0.066,0.16,4.16629369976947e-08
"AT2G38880",3.29846427974942e-13,-0.54798015746624,0.049,0.136,4.16906094174648e-08
"AT2G40380",3.33367999858504e-13,-0.357481449180898,0.101,0.21,4.21357149741158e-08
"AT3G01800",3.36437548393898e-13,-0.89339019673726,0.039,0.121,4.25236874916983e-08
"AT3G22680",3.38196379863441e-13,-0.460036265505878,0.049,0.137,4.27459932364598e-08
"AT2G41480",3.39252146161132e-13,-1.56989795950319,0.037,0.117,4.28794357618901e-08
"AT5G48545",3.44044290612953e-13,-0.894643414966468,0.052,0.14,4.34851340677336e-08
"AT1G28340",3.44443833394903e-13,-0.683285094930885,0.03,0.108,4.35356338781153e-08
"AT1G54770",3.45483568726962e-13,-0.30770917754952,0.059,0.152,4.36670501856756e-08
"AT2G35000",3.4633415136878e-13,-1.22590940342288,0.026,0.1,4.37745587281056e-08
"AT4G32460",3.47843143125682e-13,-0.40378690661924,0.081,0.183,4.39652862322274e-08
"AT4G34140",3.4811213086222e-13,-0.81754394352181,0.058,0.148,4.39992846681995e-08
"AT1G61520",3.49782604185258e-13,-1.0257316210515,0.031,0.109,4.42104224733915e-08
"AT1G02750",3.54102842313455e-13,-1.02647865847684,0.031,0.109,4.47564746513668e-08
"AT2G05620",3.55658790772898e-13,-0.941163988080472,0.035,0.114,4.49531372009497e-08
"AT1G55190",3.61406734571178e-13,-0.688672322506041,0.055,0.143,4.56796428093894e-08
"2:3332656-3333429",3.62247538053385e-13,-1.5270623652004,0.031,0.108,4.57859153247195e-08
"AT5G04040",3.62747941341065e-13,-0.708302397500618,0.056,0.146,4.58491632978626e-08
"AT5G46760",3.63908720838581e-13,-0.627275298608564,0.047,0.133,4.59958788616716e-08
"AT4G05060",3.6443979179039e-13,-0.991537797975811,0.029,0.105,4.60630030435546e-08
"AT5G47950",3.6583135953025e-13,-0.797060988422385,0.037,0.117,4.62388888564664e-08
"AT2G33255",3.66662182872344e-13,-0.698230440873525,0.037,0.117,4.6343899941967e-08
"AT2G29190",3.7248147490936e-13,-0.88966823781366,0.032,0.111,4.70794235396937e-08
"AT3G43430",3.73381580858864e-13,-0.610352801029524,0.118,0.228,4.71931915310752e-08
"AT2G22250",3.73838857733553e-13,-0.570417891841679,0.033,0.112,4.72509885843747e-08
"AT4G02440",3.74013272771258e-13,-0.900936805426875,0.029,0.106,4.72730335986503e-08
"AT2G45250",3.86900434901101e-13,-1.08427130786535,0.038,0.119,4.89018935688897e-08
"AT3G07570",3.95002191388787e-13,-0.544009380156592,0.037,0.118,4.99259069783944e-08
"AT3G54170",3.95215802376013e-13,-0.672490691941598,0.037,0.118,4.99529061255137e-08
"AT5G65920",3.97816371622707e-13,-0.743961693280087,0.041,0.125,5.02816024748804e-08
"AT3G44600",3.98180274921797e-13,-0.869681561061189,0.026,0.1,5.03275976684656e-08
"AT2G45180",4.01129552214337e-13,-1.42712637440089,0.057,0.143,5.07003686225789e-08
"AT3G60030",4.01353782950792e-13,-0.72706731050729,0.051,0.138,5.07287100422823e-08
"AT1G16900",4.03233678338617e-13,-0.879162710143233,0.035,0.114,5.09663175399311e-08
"AT3G59660",4.06196445258776e-13,-0.462647576501308,0.075,0.172,5.13407935020377e-08
"AT4G09620",4.11647222511516e-13,-1.1399291302018,0.039,0.12,5.20297390421206e-08
"AT4G24230",4.13158631315708e-13,-0.409527308548461,0.108,0.22,5.22207720465177e-08
"AT2G01190",4.14267496190449e-13,-1.13341505923566,0.03,0.106,5.23609259134957e-08
"AT3G59220",4.1723472728275e-13,-0.748157928727244,0.048,0.134,5.27359661201759e-08
"AT5G47940",4.17796554402396e-13,-1.25536314616516,0.042,0.123,5.28069776971365e-08
"AT5G13340",4.18861357145615e-13,-1.08337408192995,0.029,0.104,5.29415623750629e-08
"AT3G12340",4.20574991429611e-13,-1.16962287394384,0.027,0.102,5.31581554667542e-08
"AT4G23640",4.214662391325e-13,-0.84040329628076,0.029,0.105,5.32708038289132e-08
"AT5G05820",4.21540837489095e-13,-1.31869542584943,0.026,0.1,5.32802326135966e-08
"AT4G14410",4.2358385736236e-13,-0.132765508485388,0.1,0.212,5.35384580674581e-08
"AT4G10750",4.26006425306519e-13,-0.717051003142881,0.036,0.117,5.38446561201921e-08
"AT4G34412",4.26312085896705e-13,-1.21419016414961,0.031,0.108,5.38832897848281e-08
"AT3G24730",4.28468430331609e-13,-0.916525631862549,0.028,0.104,5.41558387833333e-08
"AT5G19485",4.29793527500085e-13,-1.22290140780877,0.031,0.108,5.43233231148457e-08
"1:29353748-29354550",4.32320845789036e-13,1.76669265489911,0.11,0.055,5.46427609826594e-08
"AT4G35230",4.36701937111577e-13,-0.543723652637658,0.051,0.139,5.51965046392807e-08
"AT2G26460",4.47337534655252e-13,-0.477086337010813,0.054,0.142,5.65407803552159e-08
"AT1G32410",4.49034462918306e-13,-0.814553475486988,0.037,0.117,5.67552619060964e-08
"AT4G02560",4.49360113246171e-13,-0.916944037382148,0.038,0.119,5.67964221536365e-08
"AT3G23540",4.51185655844685e-13,-0.973445373342555,0.047,0.131,5.70271597848331e-08
"AT3G51440",4.51998097869628e-13,-0.922032796277091,0.026,0.1,5.71298475821338e-08
"AT2G23210",4.55345795094396e-13,-1.12689608790718,0.027,0.102,5.7552976425161e-08
"AT3G11270",4.62857553400444e-13,-0.828670049583169,0.041,0.124,5.85024176044957e-08
"AT4G16490",4.6565917461766e-13,-0.370711194196967,0.074,0.171,5.88565257166245e-08
"AT1G34320",4.68135958812982e-13,-0.725695929229839,0.047,0.131,5.91695763782081e-08
"AT3G12360",4.7007737210573e-13,-0.778693948094891,0.051,0.138,5.94149593699316e-08
"AT3G48520",4.70400811848364e-13,-0.796189760638822,0.181,0.299,5.94558402127621e-08
"AT2G31370",4.70407346719274e-13,-0.210907040832372,0.078,0.18,5.94566661812359e-08
"AT1G04210",4.74296764613672e-13,-0.666533024841739,0.038,0.119,5.99482652665804e-08
"AT1G43900",4.76916660190493e-13,-0.867694437234633,0.027,0.102,6.02794043481171e-08
"AT5G63980",4.86501773974326e-13,-1.0181995774869,0.027,0.102,6.1490905219711e-08
"AT5G09980",4.90159171901236e-13,-0.157869997611486,0.213,0.357,6.19531783732848e-08
"AT4G24490",4.93513534809207e-13,-0.870156161134983,0.038,0.118,6.2377149718675e-08
"AT5G37070",4.93847575840701e-13,-1.22793976770036,0.033,0.111,6.24193705008096e-08
"AT5G40200",4.95502174249035e-13,-0.394653112809257,0.074,0.171,6.26285018120325e-08
"AT5G63220",4.95795882955424e-13,-0.787458792164581,0.028,0.104,6.26656248302678e-08
"AT1G73650",4.96079619301324e-13,-0.482071276209027,0.054,0.142,6.27014874019715e-08
"AT2G02810",4.99647607644681e-13,-1.59971301452542,0.027,0.1,6.31524597206419e-08
"AT1G08650",5.04064374398395e-13,-0.980587519735693,0.028,0.103,6.37107125377107e-08
"AT5G35320",5.10689469350226e-13,-0.619165089715581,0.032,0.111,6.45480847890524e-08
"AT5G35190",5.14103815163186e-13,-1.1438284384258,0.059,0.148,6.49796376137357e-08
"AT1G55530",5.19698077916748e-13,-0.581161982120444,0.036,0.115,6.56867188602095e-08
"AT1G53830",5.22663111440323e-13,-0.573550977663133,0.143,0.264,6.60614813073881e-08
"AT5G24170",5.27507612744129e-13,-0.52976342624387,0.033,0.112,6.66737972051814e-08
"AT4G12230",5.35532739815719e-13,-0.742487747559751,0.041,0.124,6.7688125116268e-08
"AT2G17520",5.366040169297e-13,-1.08262582530952,0.027,0.101,6.78235281158125e-08
"AT4G01593",5.4418110995524e-13,-0.801358266833663,0.052,0.138,6.87812272116825e-08
"AT3G03640",5.52508026061531e-13,-0.927877392146538,0.029,0.105,6.98336994460212e-08
"AT1G75410",5.53523333988233e-13,-1.25958940896284,0.028,0.102,6.99620282761087e-08
"AT1G79610",5.56660050372441e-13,-0.689798420464419,0.041,0.123,7.03584904067743e-08
"AT2G29540",5.61686231530363e-13,-0.609324456465683,0.041,0.124,7.09937695480487e-08
"AT3G23170",5.62560521187846e-13,-0.658627772506756,0.051,0.138,7.11042745150166e-08
"AT1G11000",5.6296575609487e-13,-0.809310260847585,0.036,0.115,7.1155493775855e-08
"AT1G48930",5.63910672502742e-13,-1.11366835061527,0.038,0.118,7.12749255403116e-08
"AT5G34940",5.67755608866812e-13,-1.08903454900748,0.032,0.11,7.17609024271118e-08
"AT1G03370",5.69991097294459e-13,-0.834444409425847,0.047,0.131,7.20434547514359e-08
"AT3G02620",5.83658563792922e-13,-1.1794191821346,0.035,0.113,7.37709405120425e-08
"AT3G22970",5.84844087011712e-13,-0.434048646247432,0.082,0.183,7.39207835337583e-08
"AT4G35360",5.89238697939758e-13,-0.843102047444932,0.035,0.113,7.44762359873978e-08
"AT1G80940",5.91580178311071e-13,-0.832751580968075,0.043,0.127,7.47721850574495e-08
"AT3G46320",5.98465473837227e-13,-0.620540151448981,0.152,0.273,7.56424451001825e-08
"AT5G11240",6.03647930783344e-13,-0.703771571919865,0.026,0.1,7.62974765634299e-08
"AT2G24050",6.05997642489414e-13,-0.638083920488123,0.038,0.119,7.6594466024807e-08
"AT3G12350",6.06217482271356e-13,-1.04310563337956,0.027,0.101,7.66222524542058e-08
"AT3G20260",6.21486894133026e-13,-0.909782091199367,0.035,0.113,7.85522144970497e-08
"AT5G49555",6.22043241023388e-13,-0.637163163946044,0.032,0.11,7.86225334059101e-08
"AT1G44910",6.29638292912667e-13,-0.765291040431156,0.046,0.13,7.95825023944036e-08
"AT2G44840",6.42740329142416e-13,-0.160592303296972,0.115,0.231,8.12385211616265e-08
"AT3G63000",6.44735581871871e-13,-0.845149579083346,0.03,0.106,8.14907091351132e-08
"AT4G17500",6.48548575173981e-13,-0.263049434728352,0.155,0.281,8.19726486105401e-08
"AT1G49580",6.5691305089592e-13,-1.13556738028281,0.031,0.107,8.3029868154939e-08
"AT1G72820",6.60100536435236e-13,-0.921950746717624,0.028,0.103,8.34327472021952e-08
"AT5G35210",6.60517569838116e-13,-0.498159683928777,0.074,0.169,8.34854577221189e-08
"AT1G47310",6.61205216432188e-13,-0.726189566767052,0.033,0.112,8.357237212573e-08
"AT5G48900",6.62100947004446e-13,-0.83243763285867,0.033,0.111,8.368558709568e-08
"AT5G50840",6.63783448829367e-13,-0.566534589492722,0.032,0.11,8.3898245231339e-08
"AT1G17745",6.63991378551631e-13,-0.22412916289537,0.139,0.264,8.39245263006548e-08
"AT3G10250",6.66752109232175e-13,-0.521496555691945,0.069,0.164,8.42734660942916e-08
"AT2G02470",6.77541882926947e-13,-0.812188520980682,0.041,0.123,8.56372287506685e-08
"AT3G12270",6.77740157720252e-13,-0.763125828257217,0.033,0.111,8.56622894948935e-08
"AT2G43210",6.83073228833607e-13,-0.468464349669299,0.047,0.132,8.63363576851949e-08
"AT1G54120",6.85515770144159e-13,-1.05857422545307,0.027,0.101,8.66450802516008e-08
"AT5G59730",6.8640075861307e-13,-0.291967934700466,0.082,0.182,8.67569374841404e-08
"AT2G29330",6.87712062924341e-13,-1.02820555083809,0.043,0.126,8.69226784812591e-08
"AT5G40450",6.89484739388981e-13,-0.229966111819998,0.445,0.639,8.71467341503308e-08
"AT5G11890",6.90541106387256e-13,-0.560676018352295,0.046,0.13,8.72802526007109e-08
"3:21303107-21304015",6.91446899736547e-13,1.71443674122093,0.114,0.058,8.73947394453012e-08
"AT1G73670",6.93351201761873e-13,-0.506368160267022,0.042,0.126,8.76354317954902e-08
"AT5G06700",6.94295986146146e-13,-0.466379975073367,0.071,0.166,8.7754846872956e-08
"AT5G14250",6.95641405242471e-13,-0.438313010164704,0.049,0.136,8.79248997742169e-08
"AT4G21470",6.98138382641993e-13,-1.07424699701796,0.036,0.114,8.8240502735652e-08
"AT3G43230",7.00567020789753e-13,-0.465084224210443,0.054,0.142,8.85474680257001e-08
"AT3G61560",7.04872779319905e-13,-0.918927696693692,0.036,0.114,8.909169006936e-08
"AT3G02240",7.09801924152574e-13,-0.748626764087531,0.032,0.11,8.97147044013404e-08
"ATMG00020",7.12310140208455e-13,-0.16191001399112,0.999,1,9.00317278615075e-08
"ATCG01040",7.14152740910275e-13,-0.704718110423914,0.033,0.112,9.02646215346134e-08
"AT3G48670",7.15840407846301e-13,-0.922916764493418,0.031,0.107,9.04779325093254e-08
"AT3G28450",7.194075196853e-13,-0.893574633897984,0.042,0.124,9.09287940431039e-08
"AT5G62670",7.27600625891585e-13,-0.886576572519774,0.039,0.12,9.1964353508941e-08
"AT5G67540",7.27882137180092e-13,-0.457843050493975,0.05,0.137,9.19999348467405e-08
"AT5G58690",7.37142212210985e-13,-0.930746436962534,0.058,0.145,9.31703527701952e-08
"AT1G13980",7.37626712735322e-13,-0.86054906690707,0.032,0.11,9.32315907294682e-08
"AT5G46470",7.41004325742922e-13,-1.26383313261869,0.032,0.108,9.36585007479509e-08
"AT3G55470",7.41398843176611e-13,-0.562317820924954,0.05,0.136,9.37083653844646e-08
"AT5G58620",7.43509175387431e-13,-1.16305399932754,0.032,0.109,9.3975098713919e-08
"2:3334071-3334830",7.46687292717394e-13,-1.28877778265092,0.043,0.124,9.43767936757223e-08
"AT1G17050",7.49977013651916e-13,-0.543617961250548,0.06,0.152,9.47925946635203e-08
"AT2G16485",7.50828223149467e-13,-0.497760716733975,0.081,0.179,9.49001824367537e-08
"AT1G34220",7.52166595560679e-13,-0.73234415820226,0.03,0.107,9.50693446792965e-08
"AT4G34860",7.56383961663584e-13,-0.91246987071061,0.033,0.111,9.5602394450507e-08
"AT3G12560",7.6324361379363e-13,-0.960808989767999,0.04,0.12,9.6469413321832e-08
"AT4G24100",7.64061614652214e-13,-0.811056496799268,0.048,0.132,9.6572803722352e-08
"AT1G72520",7.7208526617897e-13,-0.702196509591769,0.089,0.19,9.75869451334248e-08
"AT3G01090",7.73273605662464e-13,-0.607454036152809,0.035,0.113,9.77371441141014e-08
"AT3G12640",7.739435047838e-13,-1.32283882027218,0.043,0.123,9.78218153436436e-08
"AT4G36960",7.7556666281546e-13,-0.682357060451043,0.061,0.152,9.80269727798972e-08
"AT2G33580",7.76158999895618e-13,-1.3993004613061,0.03,0.105,9.81018406328068e-08
"AT5G67400",7.82177041067512e-13,-1.18427187058955,0.068,0.159,9.88624849286871e-08
"AT5G05930",7.82577892373875e-13,-0.731859909391155,0.036,0.114,9.89131501287035e-08
"AT4G30320",7.88866798179085e-13,-1.16815510374991,0.04,0.121,9.97080300890472e-08
"AT2G27285",7.92214658743037e-13,-0.857588047254109,0.043,0.126,1.00131179577167e-07
"AT1G77740",7.94646497979787e-13,-0.932019114097834,0.037,0.116,1.00438549465657e-07
"AT2G28800",7.99319552097936e-13,-0.763100114187419,0.04,0.121,1.01029195467867e-07
"AT5G62410",8.01949621456862e-13,-1.06434458559706,0.03,0.106,1.01361620454419e-07
"AT3G04940",8.16060933451068e-13,-0.488676892957956,0.055,0.143,1.03145205622614e-07
"AT5G24690",8.18893053851833e-13,-1.1504691394226,0.033,0.11,1.03503168648549e-07
"AT2G26600",8.20500480795157e-13,-0.307900514626333,0.076,0.176,1.03706337769623e-07
"AT1G05380",8.23341893879751e-13,-0.665725861511923,0.035,0.113,1.04065475335037e-07
"AT1G63050",8.24266417432729e-13,-1.34706520813248,0.027,0.1,1.04182329564992e-07
"AT5G22040",8.26620503558701e-13,-1.02244718943457,0.04,0.12,1.04479871926798e-07
"ATMG01380",8.28872980816893e-13,-0.412260052134375,0.064,0.157,1.0476457153737e-07
"AT1G72090",8.31213172989237e-13,-0.240555377868301,0.038,0.119,1.05060357786802e-07
"AT2G04305",8.4104138896244e-13,-0.971502407314446,0.037,0.115,1.06302585316519e-07
"AT2G18770",8.51343852208734e-13,-0.400412104493165,0.048,0.133,1.07604754856071e-07
"AT3G59980",8.52908416172391e-13,-0.832893620880592,0.027,0.101,1.07802506353693e-07
"AT3G53600",8.58111140928136e-13,-0.899402306073967,0.059,0.147,1.08460099546471e-07
"AT1G17455",8.62078793576479e-13,-0.627641037376094,0.038,0.118,1.08961587035305e-07
"AT1G09870",8.73159488662025e-13,-0.637780303677669,0.045,0.128,1.10362120409948e-07
"AT1G14080",8.79204443316231e-13,-1.0762201931269,0.028,0.102,1.11126166408512e-07
"AT2G23980",8.84310171559981e-13,-0.345840217038533,0.075,0.173,1.11771499824152e-07
"AT1G03280",8.8547538773197e-13,-0.419631409101615,0.055,0.144,1.11918776156995e-07
"AT5G59460",8.87683913329667e-13,-0.686649152959777,0.032,0.109,1.1219792054139e-07
"AT2G47485",9.0891590538851e-13,-0.460328006195569,0.072,0.167,1.14881516945675e-07
"AT1G78280",9.12689509694716e-13,-0.561961223462466,0.136,0.25,1.15358477888354e-07
"AT2G33700",9.14710228816637e-13,-0.684912289781522,0.042,0.125,1.1561388466105e-07
"AT2G47840",9.14928197934605e-13,-0.752050760280824,0.039,0.119,1.15641434649747e-07
"AT1G28960",9.15116406343989e-13,-0.970497401779747,0.036,0.114,1.15665223063442e-07
"AT2G44370",9.20179923140724e-13,-0.647919707441806,0.051,0.137,1.16305221205449e-07
"AT4G20400",9.2937579741359e-13,-0.560925324308116,0.054,0.141,1.17467524538293e-07
"AT4G03390",9.33861886056753e-13,-0.522204446436478,0.074,0.169,1.18034539226257e-07
"AT2G31725",9.42999736337729e-13,-0.650490414204903,0.031,0.107,1.19189508674671e-07
"AT5G19740",9.49236944058264e-13,-1.08122626054818,0.05,0.134,1.199778543073e-07
"AT2G17350",9.54523924708059e-13,-0.667047199181485,0.033,0.111,1.2064609693955e-07
"AT3G54366",9.60619210816179e-13,-0.472991669260244,0.05,0.136,1.214165045319e-07
"AT2G30470",9.61886844381115e-13,-0.933240331223895,0.031,0.107,1.21576725808707e-07
"AT1G11430",9.65684760386868e-13,-0.159497850235342,0.055,0.146,1.22056759604338e-07
"AT4G39350",9.74582299022676e-13,-0.415241041617622,0.076,0.173,1.23181355102672e-07
"AT4G32590",9.76726086043014e-13,-0.40036396928184,0.049,0.135,1.23452316919321e-07
"AT5G59490",9.76865349527095e-13,-0.793511231026459,0.086,0.183,1.23469918988128e-07
"AT5G62580",9.77850093392903e-13,-1.25714612108692,0.029,0.103,1.23594384704303e-07
"AT4G24310",9.82658403075141e-13,-1.05434752969928,0.035,0.112,1.24202126198279e-07
"AT1G51830",9.87320617278956e-13,-0.520854253994122,0.151,0.264,1.24791402100356e-07
"AT3G54320",9.95050332736748e-13,-1.30073151808916,0.029,0.102,1.25768391755929e-07
"AT5G03560",9.98851348880557e-13,-0.441745541771252,0.046,0.13,1.26248817390409e-07
"AT2G31020",1.01717234930247e-12,-0.872353580630976,0.059,0.146,1.28564481917736e-07
"AT1G17690",1.02488007055884e-12,-1.02395677243306,0.033,0.109,1.29538691638213e-07
"AT3G54900",1.03491524658373e-12,-0.413479268072849,0.052,0.139,1.30807077676704e-07
"AT3G02770",1.04178519991318e-12,-0.296595776346493,0.128,0.245,1.31675398557827e-07
"AT5G52882",1.04640262042782e-12,-0.553463709678459,0.096,0.199,1.32259012806354e-07
"AT3G24020",1.04740595172912e-12,-1.26578354964339,0.09,0.189,1.32385827862851e-07
"AT1G34040",1.04968484347762e-12,-1.00132492005839,0.046,0.128,1.3267386610651e-07
"AT1G54390",1.06124484193802e-12,-1.13553682124168,0.03,0.105,1.34134980551914e-07
"AT1G79200",1.0649159197464e-12,-0.441247078210698,0.048,0.133,1.34598982760427e-07
"AT1G05070",1.06818100292797e-12,-0.704455885495066,0.047,0.13,1.35011669684078e-07
"AT1G25175",1.07084068184992e-12,-0.515245619085958,0.061,0.153,1.35347837141739e-07
"AT3G16270",1.08417433646047e-12,-0.919664264145771,0.037,0.115,1.37033131082584e-07
"AT1G52340",1.08800964732841e-12,-1.10338579077194,0.036,0.113,1.37517891364427e-07
"AT3G59090",1.09598624231568e-12,-0.686216820971007,0.035,0.111,1.38526085111248e-07
"AT3G16230",1.10277908679417e-12,-0.678599234159613,0.043,0.124,1.39384659896262e-07
"AT2G34310",1.10469028106075e-12,-0.725303326419782,0.04,0.121,1.39626223384392e-07
"2:3377609-3378795",1.11202659977391e-12,-1.48397326481073,0.054,0.136,1.40553490051824e-07
"AT1G68150",1.11463783098703e-12,-0.853519557225174,0.055,0.14,1.40883534009774e-07
"AT1G07470",1.12687403854511e-12,-0.493102265173877,0.048,0.133,1.42430117227871e-07
"AT3G18710",1.13208959614231e-12,-1.56353185396654,0.03,0.103,1.43089332414811e-07
"AT1G30000",1.13731989347407e-12,-0.504338502877495,0.052,0.138,1.43750410615762e-07
"AT5G10820",1.13735552217653e-12,-0.526482775861822,0.051,0.137,1.4375491386998e-07
"AT4G12770",1.13893676227991e-12,-0.754256280596909,0.037,0.115,1.43954773131607e-07
"AT1G58250",1.13944544694635e-12,-0.821324853408132,0.039,0.118,1.44019067821337e-07
"AT5G54855",1.15365577998498e-12,-0.476950487184701,0.056,0.144,1.45815168655422e-07
"AT5G54730",1.15690006459915e-12,-0.501905762158446,0.074,0.167,1.46225226764945e-07
"AT3G16850",1.16636576450623e-12,-0.502360168047562,0.041,0.122,1.47421634439001e-07
"AT3G57300",1.16901500262267e-12,-0.659383163541239,0.054,0.14,1.4775648224149e-07
"AT4G34630",1.1718012293762e-12,-0.825134453128482,0.043,0.124,1.48108644585776e-07
"AT5G25520",1.17802815459185e-12,-0.663433212212013,0.06,0.148,1.48895690571482e-07
"AT4G17950",1.18100395274457e-12,-1.04425820969465,0.042,0.123,1.49271813603197e-07
"AT4G02920",1.19034058429187e-12,-0.632721657216009,0.064,0.154,1.50451907810987e-07
"AT3G05710",1.19219247396425e-12,-1.09993528544559,0.036,0.113,1.50685975554238e-07
"AT5G17550",1.20619942483731e-12,-0.479801170163468,0.045,0.128,1.52456370102888e-07
"AT5G48440",1.20691919324431e-12,-0.839138966040718,0.032,0.108,1.52547344510922e-07
"AT1G73620",1.20950525459753e-12,-1.10891171033072,0.046,0.127,1.528742071496e-07
"AT3G57050",1.2105356281387e-12,-0.444153889399479,0.082,0.179,1.53004440182963e-07
"AT5G06210",1.2156306932677e-12,-0.532270833102744,0.048,0.132,1.53648425844877e-07
"AT4G15520",1.23203995649897e-12,-0.903943904166725,0.035,0.111,1.55722458261731e-07
"AT2G02480",1.23445925402374e-12,-0.819065486188116,0.028,0.102,1.56028242953077e-07
"AT3G59350",1.24305346885237e-12,-0.569014167988839,0.091,0.191,1.57114500142127e-07
"AT2G40800",1.24763527533014e-12,-1.06198686437396,0.046,0.127,1.57693612990078e-07
"AT4G32680",1.2478524253872e-12,-0.979843003302582,0.032,0.108,1.5772105945439e-07
"AT5G61140",1.25157478074561e-12,-0.570128365637345,0.052,0.138,1.5819154283756e-07
"AT4G03240",1.25799548137192e-12,-0.671609663663656,0.056,0.142,1.59003080872523e-07
"AT2G30990",1.26709422005421e-12,-0.87430487216578,0.045,0.126,1.60153106849532e-07
"AT5G66010",1.27890539566557e-12,-0.473384172379989,0.046,0.13,1.61645968579754e-07
"AT1G59600",1.28169570199722e-12,-0.962351137020384,0.032,0.108,1.61998646558236e-07
"AT4G29700",1.31143527026856e-12,-0.932997923451767,0.041,0.121,1.65757549550325e-07
"AT4G38900",1.32141322845042e-12,-0.515630426592719,0.055,0.141,1.67018703596762e-07
"AT2G47130",1.32823636899068e-12,-0.600510524118089,0.056,0.143,1.67881107622208e-07
"AT1G55205",1.33258414449329e-12,-1.01172924933232,0.042,0.122,1.68430640359085e-07
"AT1G75230",1.34044471882573e-12,-0.910370276092179,0.03,0.104,1.69424169791259e-07
"AT5G10460",1.38194796413694e-12,-0.344585566528712,0.047,0.132,1.74669930979124e-07
"AT3G27350",1.39449031337514e-12,-0.205907387056484,0.096,0.202,1.76255208668737e-07
"AT5G66290",1.39895600175844e-12,-0.697168955746076,0.05,0.135,1.76819644886256e-07
"AT1G10370",1.41443395768188e-12,-0.734387739123203,0.058,0.146,1.78775965647244e-07
"AT5G20610",1.42588612238206e-12,-0.890190009819678,0.047,0.129,1.80223450552358e-07
"AT4G17050",1.42936059062675e-12,-0.810719021036015,0.049,0.133,1.80662602491677e-07
"AT3G13480",1.43454519200028e-12,-0.483611172356246,0.07,0.163,1.81317904997683e-07
"AT3G02570",1.44047863492457e-12,-0.661269729448331,0.04,0.12,1.82067856582657e-07
"AT5G57900",1.44260378733854e-12,-0.442735240448046,0.064,0.152,1.82336463096868e-07
"AT5G66390",1.44619072979321e-12,-0.9518574947924,0.116,0.223,1.82789831101483e-07
"AT1G17350",1.45610015555712e-12,-0.643855483527334,0.033,0.111,1.84042323061487e-07
"AT5G08620",1.47500598462797e-12,-0.829451403703199,0.031,0.106,1.86431906421068e-07
"AT3G03610",1.47597330169335e-12,-0.678352127100348,0.031,0.106,1.86554169494229e-07
"AT3G62140",1.48800410131178e-12,-0.744034706264728,0.039,0.119,1.88074790381202e-07
"AT5G13330",1.49163152009024e-12,-0.528538142009675,0.045,0.127,1.88533274350285e-07
"AT4G27230",1.5033409196992e-12,-0.473800233334073,0.164,0.285,1.90013272204461e-07
"AT4G09750",1.5036935283579e-12,-0.183419937889711,0.059,0.148,1.90057839823269e-07
"AT3G55230",1.50886248399928e-12,-0.97833975976816,0.122,0.229,1.90711164802605e-07
"2:3398409-3399317",1.52391511201362e-12,-1.43406876623511,0.033,0.108,1.92613726667849e-07
"AT2G06990",1.52939713540834e-12,-0.270570179940477,0.061,0.152,1.93306621532802e-07
"AT1G12440",1.53341370321607e-12,-0.245896113667177,0.076,0.173,1.93814291604292e-07
"AT2G04378",1.55335283357472e-12,-0.508485574081861,0.074,0.168,1.96334478046843e-07
"AT5G61770",1.5610077295967e-12,-0.549484378443459,0.052,0.138,1.97302010974646e-07
"AT5G08130",1.56295556745515e-12,-0.769121473242933,0.042,0.124,1.97548205992926e-07
"AT3G19680",1.56935695159999e-12,-0.783993298567584,0.048,0.13,1.98357302540529e-07
"AT3G55050",1.58312513534669e-12,-0.870932024971322,0.03,0.104,2.0009751835701e-07
"AT2G16400",1.58442160033592e-12,-1.41295277477734,0.03,0.103,2.00261383752858e-07
"AT1G22740",1.59825411765241e-12,-1.20412547145726,0.032,0.106,2.02009730946558e-07
"AT1G44960",1.60502654951937e-12,-0.630784364420122,0.029,0.103,2.02865725699951e-07
"AT5G57910",1.60801125547833e-12,-0.42148966515282,0.065,0.155,2.03242974624928e-07
"AT1G01360",1.61910720020102e-12,-0.606797985910761,0.039,0.119,2.04645435462208e-07
"AT2G02730",1.62403399133449e-12,-1.1514370417616,0.035,0.11,2.05268152300732e-07
"AT4G15790",1.65866211608148e-12,-0.567675091577962,0.066,0.155,2.09644939500003e-07
"AT3G09410",1.68038564167074e-12,-0.567164398468813,0.066,0.156,2.12390662793332e-07
"AT2G18630",1.69392310945753e-12,-0.873448715917194,0.038,0.115,2.14101717496775e-07
"AT4G02290",1.69749347042917e-12,-0.955221555228076,0.045,0.125,2.14552989701425e-07
"AT2G43590",1.7198555997389e-12,-1.25737843514336,0.032,0.106,2.17379428673398e-07
"AT4G30390",1.73017298874724e-12,-0.856057480228265,0.047,0.128,2.18683484739718e-07
"AT1G08460",1.73878669300153e-12,-0.819692404428176,0.029,0.102,2.19772205275235e-07
"AT1G67940",1.74034118375277e-12,-0.490305312893444,0.051,0.136,2.19968683579248e-07
"AT5G38710",1.75514325721047e-12,-0.895046122287591,0.029,0.102,2.2183957685186e-07
"AT3G58490",1.76960339689175e-12,-0.523883719958081,0.041,0.121,2.23667251746736e-07
"AT4G38090",1.77002659689582e-12,-0.56831167115258,0.047,0.129,2.2372074168805e-07
"AT4G22214",1.77856551681885e-12,-0.839285210206653,0.051,0.135,2.24800009932802e-07
"AT5G54390",1.78499220278569e-12,-0.924443911249897,0.033,0.109,2.25612304478895e-07
"AT5G42320",1.80475060365277e-12,-1.01185720863653,0.032,0.107,2.28109647798088e-07
"AT2G23620",1.83013085544726e-12,-1.07404535052842,0.032,0.107,2.31317559343401e-07
"AT5G07740",1.84773285465466e-12,-0.739974594522898,0.042,0.123,2.33542346431221e-07
"AT3G01040",1.85131147102509e-12,-1.0956621057421,0.031,0.105,2.33994662068746e-07
"AT3G25840",1.85377487232691e-12,-0.389964553300602,0.128,0.24,2.34306021212887e-07
"AT4G38500",1.85424843721807e-12,-0.798589574728964,0.033,0.108,2.3436587697374e-07
"AT2G32300",1.90452559085617e-12,-1.9632976167574,0.051,0.133,2.40720607530675e-07
"AT5G47140",1.91300857760127e-12,-0.665992872144286,0.066,0.156,2.41792806157334e-07
"AT1G70790",1.91651813817954e-12,-1.12157430547034,0.03,0.104,2.42236393557065e-07
"AT1G60220",1.93318333432132e-12,-0.873439721745157,0.039,0.117,2.44342774358209e-07
"AT4G19420",1.93938941727218e-12,-1.13360432069191,0.041,0.119,2.451271860067e-07
"AT2G43680",1.97216473210057e-12,-0.161328780497428,0.135,0.255,2.49269789149119e-07
"AT4G12560",1.97788451198307e-12,-0.491185807409566,0.077,0.171,2.49992735007588e-07
"AT5G06280",1.98381665863294e-12,-0.639436901351071,0.055,0.139,2.50742522751251e-07
"AT4G08920",2.08242338692537e-12,-0.931097146801986,0.035,0.11,2.63205821567045e-07
"AT3G54860",2.08504730779578e-12,-0.776417136042876,0.03,0.104,2.63537469421539e-07
"AT5G56650",2.08931418722016e-12,-0.32621736280887,0.071,0.166,2.64076777379504e-07
"AT5G38005",2.09757739965721e-12,-0.946996689561912,0.03,0.104,2.65121197852273e-07
"AT1G07630",2.09958073473604e-12,-0.762205067013643,0.028,0.1,2.65374407386227e-07
"AT1G36380",2.1139152244942e-12,-0.33723997839463,0.064,0.154,2.67186200884721e-07
"AT3G05220",2.11664292851306e-12,-0.416829943820836,0.065,0.156,2.6753096630648e-07
"AT4G26010",2.11987607844934e-12,-0.792891415750291,0.132,0.244,2.67939617059526e-07
"AT4G26450",2.15884246892593e-12,-0.853363191588133,0.028,0.1,2.72864735017424e-07
"AT5G51700",2.16099856205547e-12,-0.759355448898289,0.037,0.114,2.73137252252439e-07
"AT4G25090",2.16171094921063e-12,-1.22001551367876,0.033,0.108,2.73227293714528e-07
"AT4G14350",2.17250883345633e-12,-0.479595768793671,0.065,0.154,2.74592081495879e-07
"AT2G34720",2.17279556081854e-12,-0.585253106683334,0.043,0.124,2.74628322114099e-07
"AT3G16350",2.20363351916077e-12,-0.340617754542853,0.134,0.248,2.78526055020807e-07
"AT2G36740",2.2052096777958e-12,-0.520314768855954,0.042,0.123,2.78725272015322e-07
"AT5G06980",2.21823987160192e-12,-0.618105469470361,0.052,0.137,2.80372210331253e-07
"AT1G50020",2.23236197232944e-12,-0.715527239236895,0.033,0.109,2.82157159130607e-07
"AT3G52250",2.2451402439955e-12,-0.876562901176647,0.039,0.116,2.83772255999568e-07
"AT5G19970",2.25236845593984e-12,-0.971642258775683,0.054,0.136,2.8468585862006e-07
"AT2G02710",2.33600825606389e-12,-0.319938191080641,0.089,0.188,2.95257427516939e-07
"AT5G40540",2.34189329175817e-12,-0.609094005675738,0.064,0.152,2.96001260718482e-07
"AT2G47070",2.36232698234872e-12,-0.299097196449542,0.074,0.168,2.98583956606984e-07
"AT1G07135",2.37144903861676e-12,-0.197572550560602,0.203,0.34,2.99736929786926e-07
"AT1G12640",2.37261895627007e-12,-0.746472219180723,0.041,0.121,2.99884800358799e-07
"AT1G62380",2.38092480089793e-12,-0.51685263928972,0.108,0.214,3.00934609284694e-07
"AT3G16720",2.38678542036623e-12,-0.361183025476515,0.048,0.132,3.01675356421769e-07
"AT5G28040",2.40195278848489e-12,-0.87691426474876,0.029,0.101,3.0359242074776e-07
"AT2G32270",2.40559178418609e-12,-0.943623177680301,0.047,0.128,3.04052367970417e-07
"AT4G30800",2.4082219508477e-12,-0.210471089739151,0.084,0.183,3.04384805255445e-07
"AT1G76920",2.4360179861023e-12,-0.624089792885816,0.049,0.132,3.07898057335415e-07
"AT3G51890",2.47577792938322e-12,-0.808680163620318,0.04,0.117,3.12923475606463e-07
"AT5G48110",2.52595309062569e-12,-0.184422931731119,0.138,0.258,3.19265314936544e-07
"AT3G51500",2.55477740506501e-12,-0.503224886545713,0.065,0.152,3.22908535335787e-07
"AT3G54280",2.56269723992009e-12,-0.965963609027625,0.033,0.108,3.2390955494246e-07
"AT5G51630",2.57141870881822e-12,-0.762502250043051,0.04,0.119,3.2501189628237e-07
"AT4G26720",2.6153772608465e-12,-0.828812884806044,0.037,0.114,3.30567993507432e-07
"AT1G05150",2.64842727593463e-12,-0.713564172985857,0.037,0.114,3.34745317114482e-07
"AT4G26780",2.64915145489697e-12,-0.891744089367867,0.029,0.102,3.34836848990247e-07
"AT3G01560",2.66052258593323e-12,-0.509461611686356,0.036,0.112,3.36274091726444e-07
"1:2006968-2007899",2.6718627310629e-12,1.69065154628097,0.115,0.06,3.37707418029964e-07
"AT1G12050",2.69343884504546e-12,-1.13938636256167,0.033,0.108,3.40434509380676e-07
"AT1G76940",2.71998851902474e-12,-1.16085587704953,0.042,0.12,3.43790228873613e-07
"AT3G09770",2.73118929069254e-12,-0.443196896229038,0.055,0.141,3.45205939207793e-07
"AT4G01690",2.73849025495425e-12,-0.447686322412176,0.048,0.13,3.46128737284688e-07
"AT3G19950",2.76740928386462e-12,-0.667575225441308,0.043,0.124,3.49783929024785e-07
"AT3G25400",2.80624026838157e-12,-0.671931931661949,0.039,0.117,3.5469193248182e-07
"AT1G16970",2.81816075568782e-12,-0.799946816708708,0.038,0.115,3.56198610554406e-07
"AT1G15390",2.87191622881615e-12,-0.526977770965616,0.035,0.11,3.62992979824988e-07
"AT1G13930",2.88371050298002e-12,-0.0329155372008216,0.428,0.632,3.64483705313657e-07
"AT1G13990",2.88965339519994e-12,-1.07096122965655,0.036,0.111,3.65234851232901e-07
"AT1G58025",2.89287821063657e-12,-0.76571407119247,0.036,0.111,3.65642448555199e-07
"AT5G49520",2.92101622512869e-12,-1.23190406412631,0.039,0.115,3.69198924758916e-07
"AT3G12980",2.92280224282982e-12,-0.400541951666464,0.067,0.157,3.69424666680233e-07
"AT4G25870",2.93078982721826e-12,-0.721003439317007,0.038,0.115,3.70434249421425e-07
"AT5G40190",2.94360005344235e-12,-0.319224461923858,0.05,0.134,3.72053385154792e-07
"AT3G54230",2.95404874027112e-12,-0.567434749175032,0.067,0.157,3.73374036477829e-07
"AT1G27320",2.97767927970938e-12,-0.455235201601063,0.062,0.151,3.76360794879588e-07
"AT5G53940",3.05979775732943e-12,-1.12272043250323,0.031,0.104,3.86740077739895e-07
"AT1G25390",3.06846857034391e-12,-1.03989527293218,0.048,0.128,3.87836016480048e-07
"AT5G63640",3.07860049610382e-12,-0.591158015996097,0.047,0.129,3.89116631104546e-07
"AT3G17850",3.14939485243653e-12,-0.58879880452101,0.05,0.133,3.98064612978863e-07
"AT4G33350",3.15019363878321e-12,-1.07521425190813,0.03,0.102,3.98165574780365e-07
"AT3G23980",3.15698501283205e-12,-0.487875291792709,0.055,0.14,3.99023963711894e-07
"AT5G18630",3.16439269932377e-12,-0.884250749969882,0.056,0.138,3.99960250838329e-07
"AT1G07030",3.18286656374284e-12,-0.63742264052436,0.032,0.106,4.02295236457713e-07
"AT5G14260",3.1859950704362e-12,-0.506163666206813,0.046,0.126,4.02690660932713e-07
"AT1G65260",3.18693109796695e-12,-0.579049480943869,0.052,0.135,4.02808969196435e-07
"AT3G49140",3.19960445121133e-12,-1.12649084091607,0.03,0.102,4.04410805006405e-07
"AT4G21540",3.27370395490779e-12,-0.559200276758639,0.052,0.136,4.13776537676616e-07
"AT2G38840",3.28037169740961e-12,-0.587187023555304,0.045,0.124,4.1461930032239e-07
"AT2G36895",3.35675327144967e-12,-0.936714082835594,0.05,0.132,4.2427347299161e-07
"AT1G16190",3.37589983021565e-12,-0.774053861262604,0.038,0.114,4.26693483140277e-07
"AT1G65030",3.41527926026072e-12,-0.710347777491992,0.032,0.107,4.31670806821394e-07
"AT2G23380",3.4253452777968e-12,-1.05238361122708,0.03,0.102,4.32943091041848e-07
"AT3G56930",3.42788705934527e-12,-0.97191219800888,0.041,0.118,4.33264356978886e-07
"AT2G41440",3.44525595826682e-12,-1.0174279654129,0.043,0.121,4.35459681589177e-07
"AT2G32220",3.47359009235461e-12,-0.868206614538773,0.029,0.101,4.39040946133069e-07
"AT5G53340",3.48476914943914e-12,-0.534405247147764,0.051,0.135,4.40453911874211e-07
"AT1G59820",3.49485477010808e-12,-0.89560538821322,0.03,0.103,4.4172867381304e-07
"AT1G08800",3.52185000513195e-12,-1.38906588816338,0.033,0.106,4.45140709548648e-07
"AT3G53230",3.52229108023924e-12,-1.0067405689927,0.038,0.114,4.45196458795759e-07
"AT3G05580",3.53009707389826e-12,-1.17680031391957,0.031,0.103,4.46183089558296e-07
"AT5G67260",3.56001708385863e-12,-1.10186171913075,0.029,0.1,4.49964799297228e-07
"AT1G33110",3.57900769857464e-12,-0.708334877969423,0.038,0.115,4.52365099053643e-07
"AT5G11110",3.59283421117488e-12,-0.910422422753332,0.036,0.111,4.54112687287238e-07
"AT4G30620",3.60364920174807e-12,-0.934455112691308,0.03,0.103,4.55479637205745e-07
"AT4G34138",3.60520186278576e-12,-0.238875236202351,0.096,0.197,4.55675884244943e-07
"AT1G17060",3.61134356185356e-12,-0.853324181318092,0.035,0.11,4.56452158156919e-07
"AT4G23870",3.65273360751942e-12,-0.673749891602796,0.138,0.245,4.6168361158881e-07
"AT5G37790",3.69469040512571e-12,-0.691941916097923,0.042,0.122,4.6698669906546e-07
"AT2G46560",3.71037467869414e-12,-0.593997496642921,0.054,0.137,4.68969097138868e-07
"AT2G34050",3.72019282429509e-12,-0.81389546725303,0.031,0.105,4.70210051833953e-07
"AT1G29350",3.72695962332901e-12,-0.421179128115368,0.041,0.12,4.71065334631047e-07
"AT1G61820",3.8390341163256e-12,-0.283747356935994,0.166,0.286,4.85230878098858e-07
"AT4G28710",3.85658105832917e-12,-0.797336355338806,0.056,0.139,4.87448706286457e-07
"AT1G07840",3.85806727132113e-12,-0.738696447952985,0.031,0.104,4.87636554691363e-07
"AT3G03310",3.86617045700614e-12,-0.591868607791473,0.033,0.107,4.88660748742834e-07
"AT4G03110",3.92955128616157e-12,-0.446003704762262,0.081,0.175,4.96671705263105e-07
"AT1G48090",3.97325995668782e-12,-0.723526990106826,0.04,0.118,5.021962189656e-07
"AT3G50300",3.97623059690649e-12,-0.719859246988178,0.038,0.115,5.02571690065399e-07
"AT2G01710",3.99705769378983e-12,-1.15378231231031,0.03,0.102,5.05204110148872e-07
"AT2G16800",4.006467559426e-12,-0.823103052503003,0.032,0.106,5.06393460706089e-07
"AT3G01513",4.03647787797698e-12,-0.497192438230443,0.038,0.115,5.10186584909022e-07
"AT4G14000",4.04001680301941e-12,-1.3491255630635,0.029,0.1,5.10633883800835e-07
"AT1G53510",4.05495483440025e-12,-0.742901564735758,0.047,0.127,5.12521961339185e-07
"AT4G24470",4.05759044309924e-12,-0.474822566793276,0.042,0.122,5.12855086465085e-07
"AT5G28850",4.0692194330441e-12,-0.416578497102753,0.04,0.118,5.14324921020177e-07
"AT4G39900",4.07331786060595e-12,-0.545963188829368,0.05,0.132,5.14842937673428e-07
"AT3G13600",4.07542187793444e-12,-1.03152830342688,0.041,0.118,5.15108872839646e-07
"AT4G04780",4.11276456355101e-12,-0.288394752509932,0.047,0.129,5.19828764245466e-07
"AT5G49930",4.13023749847987e-12,-0.210863177847019,0.048,0.13,5.22037238382865e-07
"AT4G15920",4.1707065341526e-12,-0.474437196062151,0.085,0.18,5.27152281677684e-07
"ATCG00650",4.19804808600635e-12,-0.566862936997536,0.049,0.132,5.30608089782686e-07
"AT4G00450",4.20632231815267e-12,-0.547515316491135,0.038,0.114,5.31653903080588e-07
"5:14913602-14914431",4.20730117411949e-12,1.78251381999444,0.105,0.053,5.31777624601659e-07
"AT4G07950",4.21543842070879e-12,-1.04330797569971,0.033,0.107,5.32806123747067e-07
"AT5G45800",4.23508788392897e-12,-1.39580519673346,0.035,0.108,5.35289698001318e-07
"AT2G17410",4.23520085280695e-12,-0.536337728750827,0.045,0.124,5.35303976589681e-07
"AT1G57990",4.25140118478481e-12,-0.610978771975617,0.097,0.197,5.37351601349691e-07
"AT3G04930",4.32128828141699e-12,-0.936897285486768,0.03,0.102,5.46184911041419e-07
"AT4G38620",4.35386335191173e-12,-0.741875467796873,0.068,0.156,5.50302204501531e-07
"AT5G19800",4.35990976825081e-12,-1.53933473001571,0.038,0.112,5.51066435248293e-07
"AT2G10950",4.37138647623733e-12,-0.347086191220576,0.031,0.105,5.52517022277542e-07
"AT4G34135",4.44896088232691e-12,-0.278935618168696,0.084,0.179,5.62321961760827e-07
"AT1G06060",4.49042376401803e-12,-0.549592832912356,0.04,0.118,5.67562621229295e-07
"AT2G46225",4.53238355027493e-12,-0.725701200506914,0.047,0.126,5.72866086453449e-07
"AT2G18250",4.5481933600396e-12,-0.438999916542495,0.04,0.118,5.74864351548845e-07
"AT4G29660",4.55614614447805e-12,-0.977373334944492,0.033,0.107,5.75869535785159e-07
"AT3G13610",4.56104660431497e-12,-0.957323462655149,0.031,0.104,5.76488924505786e-07
"AT5G64070",4.58785369633049e-12,-0.253040623827273,0.072,0.163,5.79877180093996e-07
"AT3G61540",4.62327728980224e-12,-0.584029992655526,0.03,0.103,5.84354509767264e-07
"AT1G24100",4.64345483942312e-12,-0.382734784900682,0.08,0.177,5.86904830974046e-07
"AT2G19720",4.66007056862646e-12,-0.517010723886491,0.042,0.121,5.89004959450972e-07
"AT1G16010",4.68051654996285e-12,-0.645797452469106,0.045,0.124,5.91589208816004e-07
"AT3G20970",4.68520802551407e-12,-0.978722488415343,0.032,0.105,5.92182183176825e-07
"AT5G16590",4.68813966766889e-12,-1.06655701719044,0.03,0.101,5.92552725155342e-07
"AT4G33060",4.71047851140014e-12,-0.719794604413193,0.03,0.102,5.9537622096991e-07
"3:22582210-22582953",4.83302287079823e-12,1.92362943800663,0.107,0.055,6.10865092731672e-07
"AT4G04740",4.87799654669866e-12,-0.635733629923061,0.056,0.139,6.1654949552343e-07
"5:4507580-4508443",4.88320495151129e-12,1.79145210142806,0.111,0.058,6.17207806641318e-07
"AT2G16405",4.8980656642622e-12,-0.71231218881559,0.036,0.11,6.19086111568756e-07
"AT4G36480",4.89902689637888e-12,-0.790818756490523,0.046,0.126,6.19207605540912e-07
"AT5G65683",4.92163579251789e-12,-0.672022273927056,0.04,0.117,6.22065234359506e-07
"AT5G67330",4.93092768927008e-12,-0.66506539201321,0.029,0.101,6.23239674357603e-07
"AT2G44430",4.98717433381278e-12,-0.731310122385056,0.05,0.131,6.30348912747932e-07
"AT2G05260",5.00834323092317e-12,-0.549760903285901,0.047,0.127,6.33024534329304e-07
"AT5G49890",5.0139486626719e-12,-0.841401700300729,0.038,0.113,6.33733027269752e-07
"AT4G00800",5.05566183958921e-12,-0.790841337801197,0.037,0.112,6.39005322553039e-07
"AT4G30980",5.06532167346735e-12,-0.589859922446085,0.035,0.109,6.40226267596232e-07
"AT3G60410",5.10135371113272e-12,-0.679678701803093,0.033,0.107,6.4478050096491e-07
"AT1G19660",5.11693156209842e-12,-0.569812309081643,0.062,0.148,6.46749447859867e-07
"AT3G54400",5.13195592735436e-12,-0.865952906921825,0.065,0.151,6.48648437482028e-07
"AT5G62920",5.13717089659886e-12,-0.448024869453087,0.088,0.184,6.49307578304716e-07
"AT4G03200",5.15776314868471e-12,-0.549266251845202,0.033,0.107,6.51910315414856e-07
"AT1G10700",5.19579474181207e-12,-0.861649820127238,0.029,0.1,6.56717280596595e-07
"AT4G25660",5.29128187315576e-12,-0.505741987029688,0.039,0.116,6.68786281075649e-07
"AT4G11360",5.32025251300369e-12,-0.29729797830237,0.081,0.178,6.72447996128588e-07
"AT2G01880",5.33143228978282e-12,-0.640597128517118,0.06,0.145,6.7386105283481e-07
"AT3G44860",5.3767392290502e-12,-0.896917677333966,0.065,0.151,6.79587578116571e-07
"AT3G46290",5.39883022250357e-12,-0.615766395281847,0.033,0.108,6.82379747143116e-07
"AT1G80610",5.44613660624528e-12,-0.706336794247571,0.054,0.136,6.88358990209766e-07
"AT5G02290",5.45748826366961e-12,-0.329345131481928,0.056,0.14,6.89793771598257e-07
"AT2G18193",5.48289451213206e-12,-0.748862842113023,0.069,0.158,6.9300496896642e-07
"AT1G76590",5.50555780199143e-12,-0.843328516541929,0.037,0.112,6.95869472824905e-07
"AT5G63270",5.51981786308106e-12,-0.743243818852968,0.048,0.127,6.97671858986268e-07
"AT1G16300",5.59063283728189e-12,-0.912602336516137,0.036,0.11,7.06622446835407e-07
"AT2G21300",5.67285527105214e-12,-0.641061785984038,0.038,0.114,7.17014869129364e-07
"AT2G45060",5.70866967156204e-12,-0.494392832663318,0.042,0.121,7.21541594467412e-07
"AT1G21450",5.74187596268893e-12,-0.511305843143488,0.057,0.141,7.25738670428104e-07
"AT5G11750",5.7918806226827e-12,-0.737936162854099,0.033,0.107,7.32058959423357e-07
"AT5G60940",5.80461057219904e-12,-0.760421733318013,0.033,0.107,7.33667948662526e-07
"AT3G54690",5.87734348406471e-12,-0.450132211574821,0.031,0.104,7.42860952324874e-07
"AT5G07820",5.90258045261193e-12,-0.693178457102715,0.042,0.119,7.46050753727432e-07
"AT1G19730",5.91654278783019e-12,-0.307542074759957,0.042,0.122,7.47815509125009e-07
"AT4G14570",6.01499831159536e-12,-0.53730076407142,0.048,0.128,7.60259696595784e-07
"AT1G79500",6.02519619146351e-12,-0.922284253931906,0.036,0.11,7.61548647423839e-07
"AT2G47210",6.12159488901684e-12,-0.298033011926955,0.039,0.116,7.73732864402394e-07
"AT4G14340",6.14906600837828e-12,-0.67382038964179,0.042,0.12,7.77205049062964e-07
"AT3G07350",6.17862799722314e-12,-0.281738578038756,0.067,0.156,7.80941507081022e-07
"AT2G43320",6.18539328248361e-12,-0.817185425894778,0.05,0.131,7.81796598546233e-07
"AT2G18700",6.22093669709398e-12,-0.927390574957415,0.051,0.131,7.86289072892497e-07
"AT2G17930",6.2655454943178e-12,-0.686515175265534,0.047,0.126,7.91927357208804e-07
"AT5G03730",6.35763291862815e-12,-0.435427278640644,0.059,0.145,8.03566655117087e-07
"AT4G04955",6.40673459437206e-12,-0.875913995167485,0.039,0.114,8.09772812321063e-07
"AT4G33240",6.51501241639948e-12,-0.781289313397361,0.039,0.114,8.23458479358395e-07
"AT1G19350",6.58257316094215e-12,-0.88841081478545,0.031,0.103,8.31997752104122e-07
"AT4G39640",6.5897191291144e-12,-0.916805334389225,0.046,0.124,8.32900959605286e-07
"AT5G62950",6.60826869493056e-12,-0.301189203262715,0.097,0.197,8.35245513427054e-07
"AT2G39805",6.62148127368982e-12,-0.848329974747987,0.03,0.102,8.36915504106752e-07
"AT5G03555",6.76064756068275e-12,-0.652877345520615,0.04,0.116,8.54505287784936e-07
"AT2G22570",6.87819505746414e-12,-0.373291889357858,0.041,0.119,8.69362586093123e-07
"AT3G17205",6.89217289594882e-12,-0.482119174952637,0.058,0.143,8.71129301010555e-07
"AT5G14710",6.98589113124143e-12,-0.377108910956052,0.052,0.136,8.82974723642129e-07
"AT3G53880",7.02408011744785e-12,-0.69426668941297,0.031,0.103,8.87801582364703e-07
"AT5G38720",7.11468258688107e-12,-0.595854991298258,0.047,0.127,8.99253190886246e-07
"AT1G07590",7.15404717172943e-12,-0.257632232008715,0.998,1,9.0422863822357e-07
"AT1G03430",7.16191199635669e-12,-0.985060106506603,0.035,0.107,9.05222704867508e-07
"AT5G49900",7.17149888288878e-12,-0.494857504040658,0.062,0.149,9.06434429803844e-07
"AT4G38960",7.19264685092906e-12,-1.00812148837518,0.035,0.107,9.09107406076327e-07
"AT2G38410",7.21065864798649e-12,-0.479610623114263,0.054,0.136,9.11383989153604e-07
"AT5G02810",7.21332315087138e-12,-0.849849169989496,0.036,0.109,9.11720766331237e-07
"AT5G64220",7.33025151543617e-12,-0.452337686950547,0.049,0.129,9.26499810042039e-07
"AT1G24120",7.33030615848647e-12,-0.472375118815446,0.039,0.115,9.26506716595739e-07
"AT1G27150",7.37486676381493e-12,-0.77205227610943,0.037,0.111,9.32138909745624e-07
"AT1G76340",7.40780639238208e-12,-0.74204782202012,0.033,0.106,9.3630228115874e-07
"AT5G51200",7.42475668157368e-12,-0.91342030943277,0.031,0.102,9.38444696010823e-07
"AT1G05340",7.46055269763355e-12,-0.42299530188698,0.108,0.21,9.42969097664694e-07
"AT4G21180",7.54916440143643e-12,-0.52008617688498,0.041,0.118,9.54169085355157e-07
"AT4G37280",7.60475717407894e-12,-0.424320364508935,0.033,0.107,9.61195678260533e-07
"AT5G18200",7.66622172941626e-12,-0.854136612879781,0.03,0.101,9.68964429267839e-07
"AT4G18440",7.7893110891711e-12,-1.09224936805205,0.031,0.102,9.84522185804692e-07
"AT5G22875",8.01868264445468e-12,-0.425833241994027,0.05,0.132,1.0135133741632e-06
"AT3G52240",8.02809853146242e-12,-0.546435365126098,0.035,0.108,1.01470348578566e-06
"AT5G26680",8.04088292200091e-12,-0.7500138757285,0.038,0.113,1.01631935604338e-06
"AT5G07680",8.06466889311499e-12,-1.20756542354853,0.031,0.101,1.01932576007638e-06
"AT2G16595",8.24185405086485e-12,-0.716199016010497,0.029,0.1,1.04172090090501e-06
"AT5G10060",8.25796106514936e-12,-0.58252476687352,0.056,0.138,1.04375673086849e-06
"AT4G01360",8.48820774354864e-12,-0.754095873593676,0.058,0.141,1.07285852953809e-06
"AT2G44080",8.50634010201827e-12,-0.936541202586008,0.031,0.102,1.0751503508545e-06
"AT1G65280",8.51983648776791e-12,-0.27084274815493,0.065,0.153,1.07685621303494e-06
"AT4G19350",8.58773011228109e-12,-0.94711699666157,0.032,0.104,1.08543755981166e-06
"AT2G21470",8.62906918423932e-12,-0.471095024253403,0.037,0.112,1.09066257047274e-06
"AT1G21160",8.64087213294859e-12,-0.698172428018403,0.042,0.119,1.0921543923719e-06
"AT3G19860",8.66039346329557e-12,-0.652819667663262,0.033,0.106,1.09462177139978e-06
"AT5G04540",8.67318923896904e-12,-0.732316773983433,0.037,0.11,1.09623908067025e-06
"AT1G17145",8.71218141666346e-12,-0.701885375981689,0.046,0.124,1.10116745797776e-06
"AT5G38840",8.78701633933743e-12,-0.240600180406562,0.042,0.12,1.11062614319422e-06
"AT1G03970",8.78849834621398e-12,-0.564110387313056,0.043,0.121,1.11081345997137e-06
"AT5G51290",8.92391493258063e-12,-1.38336087364315,0.031,0.101,1.1279293039886e-06
"AT3G53980",8.99581704290068e-12,-0.465934113222464,0.292,0.454,1.13701729932039e-06
"AT2G22300",8.99896570964082e-12,-0.642054810574451,0.071,0.16,1.13741527190434e-06
"AT3G29200",9.08281903330099e-12,-0.137685774286222,0.075,0.167,1.14801382889504e-06
"1:1563878-1564798",9.14734954449159e-12,1.75061098863039,0.105,0.054,1.15617009832647e-06
"5:2561683-2562605",9.24904597354725e-12,1.80118101301544,0.108,0.057,1.16902391678053e-06
"AT1G16270",9.3379876131499e-12,-0.808880141501534,0.037,0.111,1.18026560637647e-06
"AT1G76970",9.58169075616108e-12,-0.627663982019072,0.047,0.125,1.21106822143422e-06
"AT5G62865",9.74251180814777e-12,-0.850570665575311,0.045,0.122,1.23139503747903e-06
"AT4G14370",9.79653561055014e-12,-1.12890861696452,0.033,0.105,1.23822332195987e-06
"AT2G39750",9.81142608739295e-12,-0.756431086780394,0.035,0.107,1.24010538888994e-06
"AT1G73980",1.00639692529122e-11,-0.524907035218855,0.042,0.119,1.27202532975259e-06
"AT5G07120",1.01097639489374e-11,-0.558092538953673,0.039,0.114,1.27781350456199e-06
"AT5G07270",1.01200522673267e-11,-0.776414330006006,0.049,0.128,1.27911388627649e-06
"4:17594012-17594950",1.01934016782934e-11,1.79240486555342,0.113,0.06,1.28838481172622e-06
"5:2974746-2975690",1.02278185920568e-11,1.53904434004698,0.13,0.073,1.29273490312443e-06
"AT2G32240",1.047357159315e-11,-0.0932710222120496,0.35,0.527,1.3237966079446e-06
"AT1G49040",1.05282223647468e-11,-0.775325984489577,0.043,0.121,1.33070413756981e-06
"AT3G58560",1.05383958276323e-11,-0.471910147346415,0.039,0.113,1.33199000223775e-06
"AT3G13940",1.05541969711259e-11,-0.751720529807856,0.03,0.1,1.33398717196849e-06
"AT4G37880",1.06168015904255e-11,-0.458865039133209,0.055,0.137,1.34190002022024e-06
"AT3G04240",1.07180377181878e-11,-0.818846815550298,0.046,0.123,1.35469565935262e-06
"AT3G14610",1.07993948238211e-11,-0.580341511110015,0.036,0.109,1.36497870936204e-06
"AT3G14990",1.08610430583527e-11,-0.22563954604804,0.749,0.893,1.37277067631743e-06
"AT5G65650",1.11108488688897e-11,-0.77299214733767,0.039,0.114,1.40434463193444e-06
"AT5G42785",1.11133910791191e-11,-0.793710413493447,0.038,0.112,1.40466595205417e-06
"AT1G49670",1.1117918895232e-11,-0.307544378319683,0.051,0.133,1.40523824084395e-06
"1:6753864-6754801",1.11257669743736e-11,1.56505806096751,0.12,0.065,1.40623019095898e-06
"AT5G28900",1.12818251102692e-11,-0.72858003441795,0.031,0.102,1.42595500298737e-06
"AT3G56990",1.13322257521235e-11,-0.712509303648397,0.033,0.105,1.4323253417139e-06
"AT2G32170",1.14225775696606e-11,-0.502697379352559,0.04,0.116,1.44374526933968e-06
"AT4G01090",1.14460986048357e-11,-0.733340996084654,0.055,0.135,1.4467181870596e-06
"AT2G43020",1.1734312517101e-11,-0.568763861386449,0.03,0.1,1.48314669628646e-06
"AT4G39675",1.17739243601486e-11,-0.320872463823059,0.32,0.487,1.48815339557662e-06
"AT4G19600",1.18213020064273e-11,-0.417548809054382,0.036,0.109,1.49414164580037e-06
"AT3G55340",1.18891332945073e-11,-0.591798718874349,0.037,0.11,1.50271511362596e-06
"AT2G39280",1.20116054205318e-11,-0.281055933229101,0.089,0.187,1.5181948555227e-06
"AT3G24240",1.20329022698501e-11,-0.79818249882882,0.052,0.132,1.52088664949544e-06
"AT5G60400",1.21283911072922e-11,-0.292698296006241,0.089,0.185,1.53295586561509e-06
"AT4G17410",1.21425855318358e-11,-0.764681639437565,0.041,0.116,1.53474995571085e-06
"AT3G10210",1.22026937928288e-11,-0.871934782600628,0.046,0.123,1.5423472792508e-06
"AT5G50180",1.24228837818146e-11,-0.720509234697503,0.036,0.108,1.57017797271868e-06
"AT2G17705",1.24914764417881e-11,-0.86125646299088,0.041,0.116,1.57884767338336e-06
"AT4G27690",1.26266378978268e-11,-0.95462987590555,0.035,0.107,1.59593127045792e-06
"AT3G48380",1.26331419477489e-11,-0.57778648851547,0.031,0.102,1.59675334334377e-06
"AT1G08770",1.2745585054315e-11,-0.651739053336346,0.043,0.12,1.61096547735509e-06
"AT5G47820",1.27662860872571e-11,-0.484597657496899,0.065,0.15,1.61358196371277e-06
"AT5G62880",1.27901768272541e-11,-0.576842402238136,0.049,0.129,1.61660160990395e-06
"AT5G02880",1.28456042444202e-11,-0.5018585293739,0.054,0.135,1.62360730286925e-06
"AT5G63870",1.28552964961522e-11,-0.976096018338973,0.031,0.101,1.62483234533466e-06
"AT1G77300",1.28876489042821e-11,-0.411313219627114,0.06,0.144,1.62892149560784e-06
"AT5G56040",1.29958415147036e-11,-0.468618183389065,0.062,0.147,1.64259639240945e-06
"AT1G62330",1.32872679665059e-11,-0.494073557055152,0.04,0.115,1.67943094735854e-06
"AT4G12460",1.33064763873107e-11,-0.731183530749003,0.041,0.117,1.68185877649775e-06
"AT1G64640",1.33790149484239e-11,-1.01078346701706,0.036,0.108,1.69102721539109e-06
"AT5G22480",1.33923225417398e-11,-0.399446270843997,0.036,0.108,1.69270921534066e-06
"AT3G03490",1.35447371333231e-11,-0.576255314366601,0.031,0.102,1.71197350522924e-06
"AT3G08720",1.35761651156803e-11,-0.30170705296531,0.075,0.166,1.7159458136313e-06
"AT5G46420",1.37836282770934e-11,-0.478533521719153,0.036,0.109,1.74216791245495e-06
"AT2G39630",1.38056624634435e-11,-0.669642953690647,0.041,0.117,1.74495290140448e-06
"AT5G28750",1.38632264375957e-11,-0.51712598470499,0.045,0.122,1.75222864235347e-06
"AT5G18270",1.3965954987444e-11,-0.97378786360934,0.042,0.116,1.765212914683e-06
"AT3G51390",1.40897992076808e-11,-0.899467701956626,0.033,0.105,1.78086608105561e-06
"AT5G64813",1.42969142702392e-11,-0.772357332711472,0.035,0.106,1.80704418227261e-06
"AT3G21175",1.4369975774466e-11,-0.71130331837252,0.03,0.1,1.81627871803786e-06
"AT4G36920",1.44565251804475e-11,-0.411035630960267,0.05,0.129,1.82721804365748e-06
"AT2G24490",1.48683975293648e-11,-0.606480280107736,0.038,0.112,1.87927623732654e-06
"AT5G47710",1.48818101421955e-11,-0.698573227558662,0.048,0.127,1.88097151111266e-06
"AT2G32140",1.4947578791071e-11,-0.595655092433842,0.107,0.203,1.88928427371862e-06
"AT1G03360",1.49629576129058e-11,-0.984391955461912,0.038,0.111,1.89122806452562e-06
"AT4G33540",1.50219909302841e-11,-0.346134458999645,0.043,0.12,1.89868952164233e-06
"AT1G05270",1.5058381543917e-11,-0.748064461015181,0.042,0.117,1.90328907686185e-06
"AT1G70980",1.52108391622756e-11,-0.317817329548171,0.048,0.128,1.92255880507666e-06
"AT5G03220",1.52458010811541e-11,-0.879333582738726,0.035,0.106,1.9269777818514e-06
"AT4G33940",1.52882561151418e-11,-0.342540948268039,0.08,0.171,1.93234384341723e-06
"AT4G17280",1.53369516553798e-11,-0.961205609373514,0.041,0.115,1.93849866753008e-06
"AT5G01830",1.5357384537345e-11,-0.80664030467263,0.035,0.106,1.94108126121319e-06
"AT5G40780",1.54082258305117e-11,-1.10490683398661,0.031,0.101,1.9475072956217e-06
"AT4G12390",1.56275735935258e-11,-0.623180658284722,0.076,0.164,1.9752315367801e-06
"AT1G04590",1.56336908077713e-11,-0.615015072571719,0.037,0.11,1.97600471595744e-06
"AT4G37820",1.57465364764567e-11,-0.672780124105237,0.036,0.108,1.99026773140527e-06
"AT1G32070",1.60072593136496e-11,-0.666974892545941,0.037,0.109,2.02322153368943e-06
"AT4G31800",1.60878855127989e-11,-0.908849465905057,0.162,0.267,2.0334122015047e-06
"AT2G48140",1.62647389961879e-11,-1.3742041611496,0.038,0.109,2.05576542068418e-06
"AT4G19190",1.62694347481281e-11,-0.744118220368606,0.035,0.106,2.0563589355549e-06
"AT3G07195",1.65974297379217e-11,-1.08448070559064,0.033,0.103,2.09781553429487e-06
"AT2G18980",1.66741504011634e-11,-1.00489311790492,0.176,0.287,2.10751256580464e-06
"AT1G01430",1.67292729889401e-11,-0.785939839485567,0.032,0.103,2.11447973016409e-06
"AT2G25720",1.67350301217553e-11,-0.278137062358689,0.061,0.147,2.11520739720914e-06
"AT2G33990",1.68033262294479e-11,-0.363251257332297,0.06,0.145,2.12383961544483e-06
"3:6804894-6805727",1.70548020150818e-11,1.98064599046212,0.1,0.051,2.15562464589425e-06
"AT5G04720",1.71409768650121e-11,-0.742333082363439,0.046,0.122,2.16651662987634e-06
"AT4G39030",1.71520131724805e-11,-0.60293980109966,0.066,0.15,2.16791155292251e-06
"AT1G66340",1.72803463542937e-11,-0.670306863737124,0.046,0.122,2.1841320971046e-06
"AT5G23610",1.75691781184189e-11,-0.334802868458937,0.079,0.17,2.22063869909944e-06
"AT4G19520",1.76756870774904e-11,-0.804135482867304,0.042,0.117,2.23410079247232e-06
"AT2G24420",1.79045285866008e-11,-0.594276267175781,0.065,0.149,2.26302498617483e-06
"AT1G24300",1.81049886591407e-11,-0.306785584937268,0.039,0.113,2.28836193658343e-06
"AT1G60650",1.83151076096745e-11,-0.437033959701643,0.037,0.11,2.3149197112172e-06
"AT3G04320",1.83931039054273e-11,-1.0409778953269,0.06,0.142,2.32477797502257e-06
"AT1G55690",1.83934658529636e-11,-0.508584032158774,0.05,0.129,2.32482372301948e-06
"AT4G17570",1.84176924095536e-11,-0.591577379345492,0.05,0.128,2.32788581441312e-06
"AT5G16120",1.86782565269142e-11,-0.339658573496898,0.099,0.198,2.36081955546279e-06
"AT3G26950",1.87836189221849e-11,-0.538712744134954,0.039,0.113,2.37413673005064e-06
"AT2G36290",1.90844405661733e-11,-0.103314673384693,0.192,0.323,2.41215878092091e-06
"AT4G01940",1.9159989964481e-11,-0.685226324715621,0.037,0.11,2.42170777157062e-06
"AT5G17530",1.92010119282565e-11,-0.64948727906413,0.054,0.134,2.42689270166006e-06
"AT4G36720",1.93507693468777e-11,-0.299618414919856,0.049,0.128,2.44582114082926e-06
"AT2G37678",1.95193767294082e-11,0.00436539647524725,0.071,0.161,2.46713210233682e-06
"AT1G79350",1.95586446755734e-11,-0.848567525952674,0.032,0.102,2.47209533512442e-06
"AT3G17365",1.9571313849033e-11,-0.745109762570407,0.049,0.127,2.47369664263468e-06
"AT3G55030",1.95852375759594e-11,-0.550477363103246,0.032,0.103,2.47545651817581e-06
"AT5G57660",1.95911470981141e-11,-0.590350173041526,0.039,0.113,2.47620344631904e-06
"AT3G46900",1.96611087249712e-11,-0.821908593840825,0.059,0.14,2.48504617618401e-06
"AT1G34020",1.97166813479127e-11,-0.651735655374354,0.048,0.126,2.49207022228807e-06
"AT3G50740",1.97258647679512e-11,-0.95809617126356,0.041,0.114,2.49323095148042e-06
"AT1G07610",1.98331411894185e-11,-0.365055488110618,0.913,0.967,2.50679004749537e-06
"AT1G76260",2.01898848791662e-11,-0.629634372265542,0.035,0.106,2.55188030941733e-06
"AT4G22320",2.02850874285687e-11,-0.649284165308649,0.041,0.115,2.56391334044651e-06
"AT1G10120",2.05391029991979e-11,-0.536028107824046,0.048,0.125,2.59601938448062e-06
"AT1G50460",2.05411691650505e-11,-0.526270732910872,0.042,0.118,2.59628053544739e-06
"AT1G34260",2.06811000623619e-11,-0.74233156261622,0.046,0.122,2.61396696128217e-06
"AT2G26770",2.09387136125647e-11,-0.631381941838156,0.048,0.126,2.6465277683465e-06
"AT2G46410",2.10545003512583e-11,-0.421697482222085,0.057,0.138,2.66116251739695e-06
"AT2G24150",2.10927707644412e-11,-0.620886569967912,0.05,0.128,2.66599966800079e-06
"AT1G55210",2.11990819891832e-11,-0.269890156569799,0.107,0.21,2.67943676894082e-06
"AT5G57070",2.13946588522281e-11,-0.367201124703036,0.055,0.135,2.70415651096852e-06
"AT4G18905",2.15039420873964e-11,-0.428398349797186,0.033,0.104,2.71796925619437e-06
"AT5G49280",2.20367717014135e-11,-0.284699608872577,0.115,0.218,2.78531572242846e-06
"AT2G01410",2.22831105373577e-11,-1.04210540568102,0.032,0.101,2.81645147325879e-06
"AT4G20280",2.27779195700815e-11,-0.434649904015452,0.047,0.124,2.87899236614089e-06
"AT5G63160",2.28462723104983e-11,-0.386694375327113,0.181,0.299,2.88763174241313e-06
"AT1G24310",2.29325221563742e-11,-0.788440879497157,0.035,0.105,2.89853320543276e-06
"AT4G10730",2.29629558508365e-11,-0.255849840587817,0.054,0.132,2.90237984181062e-06
"AT3G56050",2.30899273559525e-11,-0.666526677971652,0.049,0.126,2.91842827822826e-06
"AT2G47270",2.30905546167782e-11,-0.585347042172299,0.094,0.188,2.91850756023306e-06
"AT3G07360",2.32256890731032e-11,-0.507775722408339,0.071,0.158,2.9355877447058e-06
"AT3G51130",2.33138551233423e-11,-0.231572975118057,0.076,0.166,2.94673140445972e-06
"AT2G47540",2.34272779861986e-11,-0.963061683197364,0.086,0.177,2.96106737378759e-06
"AT1G53030",2.35220614663035e-11,-0.694410210481112,0.035,0.105,2.97304743697196e-06
"AT1G52760",2.35736888022751e-11,0.0321961310290123,0.191,0.324,2.97957282247475e-06
"AT1G12350",2.35852161050311e-11,-0.747003851586547,0.031,0.1,2.9810298043793e-06
"AT2G35270",2.36887686711747e-11,-0.560229086138012,0.043,0.118,2.99411822742445e-06
"AT2G20080",2.3791501223073e-11,-0.677338791839571,0.077,0.164,3.00710300558908e-06
"AT5G03330",2.3816788184617e-11,-1.00557451675418,0.04,0.112,3.01029912580648e-06
"AT1G52347",2.40141040779702e-11,-0.254591913444428,0.047,0.124,3.03523867083096e-06
"AT5G12320",2.41542864131903e-11,-0.251012675164557,0.054,0.134,3.05295687690878e-06
"AT2G39430",2.42090843056731e-11,-1.24335133175555,0.049,0.125,3.05988300173125e-06
"AT1G06210",2.44313707276372e-11,-0.137766137389909,0.077,0.168,3.08797867174898e-06
"AT5G61590",2.44316429749326e-11,-0.640107505676407,0.04,0.113,3.08801308217363e-06
"AT5G53180",2.46041710427249e-11,-0.546238215266518,0.031,0.1,3.10981959477418e-06
"AT5G58750",2.50008162101612e-11,-0.604633256529787,0.062,0.144,3.15995316406711e-06
"AT3G26890",2.50738180082758e-11,-0.599673946570901,0.046,0.122,3.16918015333801e-06
"AT1G02520",2.51704289805227e-11,-0.824614808172281,0.046,0.121,3.18139120056419e-06
"AT4G14690",2.531070075161e-11,-0.577166997048599,0.052,0.132,3.199120710799e-06
"AT3G27470",2.5478874460597e-11,-0.564377481885153,0.051,0.129,3.2203768585727e-06
"AT5G01720",2.57110336467815e-11,-0.363309564776078,0.039,0.112,3.2497203867513e-06
"AT3G19490",2.59752337568189e-11,-0.482310573302375,0.04,0.114,3.28311369545937e-06
"AT2G22080",2.62540366359365e-11,-0.1748767115895,0.154,0.273,3.31835270656255e-06
"AT5G04090",2.68530507046501e-11,-0.345390833864462,0.059,0.141,3.39406449076355e-06
"AT4G33945",2.74360478663417e-11,-0.512626184795158,0.049,0.126,3.4677518340184e-06
"2:3496927-3497822",2.74964153708549e-11,-1.48843918247523,0.041,0.112,3.47538192438383e-06
"AT1G69420",2.77739196419544e-11,-0.79721077432874,0.032,0.101,3.51045679922518e-06
"AT3G24530",2.78471521216535e-11,-0.538494324033645,0.046,0.122,3.51971294526428e-06
"AT3G20290",2.82899184551381e-11,-0.342465127427281,0.055,0.135,3.57567595321873e-06
"AT3G24440",2.83156259569612e-11,-0.712114846069785,0.038,0.11,3.57892522720415e-06
"AT5G20730",2.84755679511156e-11,-0.317871619151121,0.047,0.123,3.5991409356133e-06
"AT2G34970",2.94168712708668e-11,-1.15036248200549,0.037,0.107,3.71811602740994e-06
"AT5G59210",2.94420780247859e-11,-0.330133138644469,0.056,0.136,3.72130200986479e-06
"1:25941001-25941854",2.98614466487379e-11,1.58538650718698,0.11,0.059,3.77430768772058e-06
"AT2G28720",2.98624568908905e-11,-0.902840818333609,0.042,0.116,3.77443537626722e-06
"AT5G65495",2.99543364386634e-11,-0.635209873163063,0.04,0.113,3.78604839982842e-06
"AT2G39340",3.03359242088137e-11,-0.677475473791536,0.055,0.133,3.8342788044488e-06
"AT1G07110",3.04364941721216e-11,-0.575747971631164,0.047,0.122,3.84699024439114e-06
"AT5G10300",3.05990042575998e-11,-0.621117176223868,0.048,0.124,3.86753054413507e-06
"AT3G09690",3.06316908322519e-11,-0.480866930266898,0.031,0.101,3.87166193105165e-06
"AT3G26450",3.07766188135797e-11,-0.523959507460181,0.045,0.12,3.8899799583236e-06
"AT4G37440",3.13533265828844e-11,-1.02525203556265,0.035,0.104,3.96287236011709e-06
"AT5G53250",3.13742877361041e-11,-0.584607336318461,0.311,0.454,3.96552172411714e-06
"AT4G04040",3.14749129447532e-11,-0.791500504407062,0.045,0.119,3.97824014673913e-06
"AT5G43403",3.20780430315723e-11,-0.740222464959783,0.049,0.125,4.05447217093255e-06
"AT2G28230",3.27309978877699e-11,-0.367647506614194,0.033,0.104,4.13700174702679e-06
"AT3G14410",3.27913272554713e-11,-0.352253876057433,0.043,0.119,4.14462701712804e-06
"1:1569306-1570301",3.29214433492098e-11,1.590723390277,0.117,0.064,4.16107291068002e-06
"AT1G65580",3.29683558312058e-11,-0.459480234561553,0.051,0.129,4.16700236692943e-06
"AT3G18290",3.31279730051273e-11,-0.554905681143393,0.04,0.113,4.18717702001006e-06
"1:29624975-29625889",3.34761107723125e-11,1.78081322245282,0.12,0.067,4.23117954495567e-06
"AT3G09925",3.38550132701292e-11,-0.828165535805174,0.172,0.285,4.27907054726471e-06
"AT4G39100",3.39512225933996e-11,-0.419555697819413,0.072,0.159,4.29123082847015e-06
"AT2G19340",3.4590602651292e-11,-0.696354439664774,0.043,0.117,4.3720446315074e-06
"AT5G35580",3.47689372300579e-11,-0.175262615100313,0.086,0.178,4.39458505225594e-06
"AT1G27030",3.51604934470474e-11,-0.582255917465168,0.09,0.182,4.4440754087461e-06
"AT1G09932",3.53752077101452e-11,-1.3078521716959,0.052,0.127,4.47121400331609e-06
"AT4G22720",3.56211519831055e-11,-0.581820719678203,0.031,0.1,4.50229988375263e-06
"AT5G25830",3.57127775288545e-11,-0.727550198177146,0.049,0.126,4.51388080298204e-06
"AT1G28410",3.69612271975421e-11,-0.526042375979646,0.042,0.116,4.67167735040614e-06
"AT5G24460",3.73843887622156e-11,-0.721596561072916,0.035,0.104,4.72516243321148e-06
"AT1G70090",3.77880820711001e-11,-1.05219427941482,0.041,0.113,4.77618684529463e-06
"AT2G32900",3.78440200181352e-11,-0.44508218313132,0.036,0.107,4.78325706617218e-06
"AT5G11950",3.81938982326084e-11,-0.579889556090512,0.035,0.105,4.82747957321231e-06
"4:18214882-18215793",3.91204846295068e-11,1.67466687073701,0.128,0.073,4.94459453426188e-06
"AT5G07920",3.92046099808197e-11,-0.437901861316871,0.076,0.164,4.95522747391573e-06
"AT5G35570",3.99044522637914e-11,-0.33080347806382,0.036,0.107,5.04368333942966e-06
"AT5G44240",4.00182840658651e-11,-1.00067205944849,0.035,0.104,5.05807099622096e-06
"AT5G41100",4.00631515890934e-11,-0.589036605110029,0.043,0.117,5.06374198195188e-06
"AT2G45620",4.02664567632391e-11,-0.722617666530199,0.033,0.103,5.08943853613284e-06
"AT2G25850",4.03608381270838e-11,-0.568389183195034,0.077,0.163,5.10136777423463e-06
"AT5G46190",4.07226567225227e-11,-0.39785176089855,0.045,0.119,5.14709947378654e-06
"AT1G19440",4.09772138767205e-11,-0.438735655186675,0.047,0.123,5.17927397073421e-06
"AT4G30993",4.14548573327739e-11,-0.496979820615629,0.042,0.116,5.23964523771862e-06
"AT3G16770",4.17251587029053e-11,-0.802465201032846,0.039,0.11,5.27380970909501e-06
"AT4G21990",4.17782241297391e-11,-0.508272126733841,0.067,0.151,5.28051686065424e-06
"AT5G14270",4.21887927415161e-11,-0.61673325097167,0.037,0.107,5.33241026977119e-06
"2:3485997-3486836",4.22290693289242e-11,-1.29841467940346,0.048,0.121,5.33750098876004e-06
"AT2G26570",4.23831456421722e-11,-0.776257660992966,0.036,0.106,5.35697531029671e-06
"AT1G01770",4.25751080197984e-11,-0.459876276802923,0.071,0.158,5.3812382030544e-06
"AT3G59765",4.26350703030707e-11,-1.57053502615571,0.032,0.1,5.38881707588632e-06
"AT5G49945",4.2852412406729e-11,-0.39925650123132,0.032,0.101,5.4162878137361e-06
"AT2G45830",4.30094706980883e-11,-0.594576134177918,0.064,0.146,5.43613903941418e-06
"AT2G04350",4.31236058047754e-11,-0.627692972498119,0.047,0.122,5.45056503208878e-06
"AT1G26960",4.35003749841633e-11,-0.776561747081081,0.038,0.108,5.49818639574834e-06
"AT1G75020",4.35557647968868e-11,-0.462027228644771,0.049,0.125,5.50518733573771e-06
"AT1G13580",4.4403221852629e-11,-0.57669901601346,0.032,0.1,5.61230082284119e-06
"AT4G36180",4.48036079885056e-11,-1.10803593543558,0.035,0.103,5.66290722809917e-06
"AT5G30490",4.52181360078179e-11,-0.41419343338156,0.045,0.12,5.71530108257214e-06
"AT3G13224",4.56630303220965e-11,-0.497962077761334,0.049,0.126,5.77153305453107e-06
"AT1G17285",4.57094255791065e-11,-0.480323181314855,0.086,0.175,5.77739713664559e-06
"AT4G16845",4.69187511035618e-11,-0.580510750203897,0.033,0.102,5.93024862698359e-06
"AT3G53750",4.72045742954926e-11,-0.584345563245056,0.033,0.103,5.96637496350449e-06
"AT4G10790",4.78894222094477e-11,-0.33359834784294,0.04,0.113,6.05293563074094e-06
"AT3G58750",4.80537218925888e-11,-0.267777927041589,0.062,0.145,6.07370212489187e-06
"AT4G12330",4.81469659595074e-11,-0.520269522288529,0.039,0.111,6.08548761548597e-06
"AT3G14270",4.81774486538479e-11,-0.433838607269343,0.047,0.121,6.08934044515445e-06
"AT3G25790",4.82537561394264e-11,-0.604475724303721,0.05,0.126,6.09898525348666e-06
"AT1G16710",4.89435516837848e-11,-0.893986301096863,0.039,0.109,6.1861712715203e-06
"AT4G25710",4.91594493313735e-11,-0.962184199841945,0.035,0.103,6.21345943878962e-06
"AT4G34260",4.94386666525012e-11,-0.52448810031603,0.06,0.14,6.24875083287624e-06
"AT1G44820",4.96866652694954e-11,-0.787539867984099,0.035,0.104,6.2800963700726e-06
"AT2G42160",5.07495153410202e-11,-0.499261751740967,0.055,0.133,6.4144342420129e-06
"4:17618584-17619364",5.09250419611362e-11,1.62891841745256,0.105,0.055,6.43661975363585e-06
"AT1G21730",5.15905851325405e-11,-1.03143526341417,0.036,0.104,6.52074041724232e-06
"2:3458674-3459522",5.18739588752962e-11,-0.881163186677352,0.07,0.151,6.55655715808419e-06
"AT1G64980",5.20630824998627e-11,-0.403725697321562,0.056,0.136,6.58046124948765e-06
"AT1G72630",5.21544358378451e-11,-0.281635887989168,0.072,0.159,6.5920077632886e-06
"AT2G28060",5.26500519489661e-11,-0.449671826312947,0.045,0.119,6.65465066603762e-06
"AT1G51590",5.30924627382159e-11,-0.753208608694286,0.045,0.118,6.71056873533407e-06
"AT4G15180",5.37145677397314e-11,-0.778369288146214,0.038,0.109,6.78919907489562e-06
"AT1G64330",5.37249405998929e-11,-0.585329404334257,0.04,0.112,6.79051014218286e-06
"AT3G52500",5.3867895272422e-11,-0.758362136814006,0.042,0.115,6.80857875506251e-06
"AT3G05210",5.39129362748858e-11,-0.652115820830647,0.038,0.108,6.81427166752791e-06
"AT5G39580",5.43464730403749e-11,-1.17699332589302,0.062,0.141,6.86906811346515e-06
"AT5G13950",5.45018899683378e-11,-0.252748368527276,0.049,0.125,6.88871188065809e-06
"AT2G42280",5.4764893751234e-11,-1.0995732349713,0.035,0.102,6.92195398079347e-06
"AT2G28960",5.51271862467037e-11,-0.664142675465412,0.048,0.123,6.96774557846587e-06
"AT2G30490",5.57436432580159e-11,-0.107629544405153,0.535,0.736,7.04566204595366e-06
"3:10119464-10120356",5.58901813718649e-11,1.67218269214544,0.107,0.057,7.06418358431549e-06
"AT2G41100",5.63726837104159e-11,-0.426081124309146,0.172,0.283,7.12516898489431e-06
"AT5G63930",5.67615370233603e-11,-0.752475898240481,0.041,0.112,7.17431771053061e-06
"AT5G16270",5.68650081490576e-11,-0.632856528033548,0.051,0.128,7.18739583999199e-06
"AT5G16250",5.69301405265142e-11,-1.89946020915215,0.037,0.105,7.19562818170824e-06
"AT5G53930",5.72275472416162e-11,-0.448603076254152,0.049,0.125,7.23321860605684e-06
"AT2G46550",5.84718503889187e-11,-0.473436362043103,0.035,0.103,7.39049105805699e-06
"AT4G36940",5.86936316775181e-11,-0.499476540262911,0.042,0.115,7.41852288224822e-06
"AT3G49590",5.90836031378246e-11,-0.662550045287098,0.039,0.109,7.4678129350022e-06
"AT3G10980",5.9462717600622e-11,-0.793698381437046,0.033,0.102,7.51573072841302e-06
"AT1G59520",5.96220993031405e-11,-0.496875249642319,0.045,0.118,7.53587561932114e-06
"AT4G09680",6.00481960781987e-11,-0.969513533788794,0.036,0.104,7.58973169510784e-06
"AT5G38380",6.03137127582589e-11,-0.402123916674655,0.038,0.109,7.62329141036738e-06
"AT3G11690",6.11439059079067e-11,-0.498670972890807,0.058,0.137,7.72822284332395e-06
"AT3G13550",6.17160907743452e-11,-0.787539954103629,0.039,0.109,7.80054357733259e-06
"AT3G23280",6.21183426916195e-11,-0.288190982431578,0.05,0.128,7.85138580616455e-06
"AT4G38490",6.21820003814601e-11,-0.60152472480161,0.055,0.132,7.85943175621426e-06
"AT5G06260",6.24385490852432e-11,-0.0801601558087688,0.06,0.142,7.89185797308023e-06
"AT4G24940",6.26209928859752e-11,-0.223852617890499,0.045,0.119,7.91491777482995e-06
"AT1G14170",6.32165707338542e-11,-0.755137828982452,0.041,0.113,7.99019524133476e-06
"AT1G74458",6.3293654467071e-11,-0.539561918282011,0.107,0.205,7.99993816271097e-06
"AT3G02740",6.37544495060322e-11,-0.582732684332175,0.045,0.118,8.05817989086544e-06
"AT5G17630",6.47214089019547e-11,-0.263106018576308,0.046,0.12,8.18039775675366e-06
"AT5G23590",6.53223349474484e-11,-0.396255725420106,0.05,0.126,8.2563512033478e-06
"AT5G03760",6.5614520646012e-11,-0.390750562955206,0.09,0.182,8.29328172253205e-06
"AT1G60010",6.64573763353939e-11,-0.732657024275948,0.057,0.135,8.39981362453578e-06
"AT3G62330",6.71100464266189e-11,-0.440417846800452,0.048,0.123,8.48230720804607e-06
"AT1G12610",6.83524390038153e-11,-0.955965119694267,0.078,0.161,8.63933817544824e-06
"AT5G55310",6.88200397024477e-11,-0.379164921599674,0.045,0.119,8.69844009815117e-06
"AT5G57110",6.9998017870199e-11,-0.481309644692193,0.057,0.136,8.84732947068593e-06
"AT1G17560",7.07463077780394e-11,-0.558631274706446,0.036,0.105,8.94190882529751e-06
"AT3G19260",7.12472961994063e-11,-0.288037713152675,0.052,0.128,9.00523075582776e-06
"AT1G55090",7.17706742519382e-11,-0.611982927364029,0.036,0.105,9.07138260139947e-06
"AT3G02750",7.20030905632216e-11,-0.55484506495478,0.055,0.132,9.10075862864783e-06
"AT5G06130",7.21476405454193e-11,-0.833602054219536,0.038,0.107,9.11902887909773e-06
"AT5G05860",7.22391585357338e-11,-0.558723395030081,0.048,0.122,9.13059620396554e-06
"AT5G67390",7.28942054107158e-11,-0.629765298299038,0.035,0.103,9.21339019868201e-06
"AT5G47180",7.33944059193489e-11,-0.638665333350311,0.036,0.105,9.27661254177019e-06
"AT1G03730",7.34227227141157e-11,-0.563379351575795,0.045,0.118,9.28019161472793e-06
"AT5G18690",7.47103058603065e-11,-1.01650512027148,0.056,0.131,9.44293439890758e-06
"AT4G21670",7.55967430854651e-11,-0.57593674293591,0.038,0.108,9.55497474554428e-06
"AT1G51860",7.58408829717749e-11,-0.96401532470662,0.052,0.126,9.58583256233452e-06
"AT1G55730",7.62354569237861e-11,-0.394979901544951,0.045,0.118,9.63570434242502e-06
"AT3G27260",7.6783637975266e-11,-0.347688145873766,0.077,0.164,9.70499113824577e-06
"AT3G14415",7.71401292856713e-11,-0.651169947146677,0.033,0.101,9.75004950093314e-06
"AT1G20760",7.72336804111518e-11,-0.74768627803972,0.033,0.101,9.76187380188712e-06
"AT5G22510",7.8062280032955e-11,-0.632374043026034,0.041,0.113,9.86660382248531e-06
"AT5G52070",7.82943784416319e-11,-0.281717441491784,0.045,0.119,9.89593966875162e-06
"AT5G28770",7.83793600620691e-11,-0.282714636476094,0.061,0.142,9.90668083568517e-06
"AT3G45630",7.98250114957736e-11,-0.797364689780822,0.042,0.113,1.00894025029968e-05
"AT2G39705",7.99960992669427e-11,-0.286400250282021,0.078,0.164,1.0111026970746e-05
"AT4G32440",8.01368320877922e-11,-0.512826194144626,0.055,0.131,1.01288147549044e-05
"AT1G54060",8.020312015431e-11,-0.15286472061873,0.054,0.132,1.01371931687839e-05
"AT2G07727",8.10086219612066e-11,-0.533766789603618,0.057,0.133,1.02390037641648e-05
"AT3G06590",8.22663177706135e-11,-0.473446667603713,0.06,0.14,1.03979689682989e-05
"AT1G17300",8.2639718605659e-11,-0.910622361183995,0.062,0.14,1.04451645934437e-05
"AT4G33650",8.41305269075424e-11,-0.631175441243888,0.039,0.109,1.06335938179519e-05
"AT4G38660",8.54276540380227e-11,-0.373166829671084,0.049,0.125,1.07975429044818e-05
"AT3G52870",8.61932214384152e-11,-0.676499948513409,0.04,0.111,1.08943060304871e-05
"AT3G52480",8.67646868807367e-11,-0.889372462870588,0.038,0.107,1.09665358336038e-05
"AT1G56460",8.67673402620987e-11,-0.599453502682924,0.041,0.112,1.09668712050877e-05
"AT1G73960",8.69465856771186e-11,-0.517703996958726,0.066,0.146,1.09895267500737e-05
"AT5G42620",8.7084128961688e-11,-0.186065685737808,0.081,0.171,1.10069113959836e-05
"AT2G15280",8.7332372937348e-11,-0.611982245561419,0.036,0.104,1.10382879450432e-05
"AT2G04880",8.73811740485203e-11,-0.296803312296019,0.047,0.121,1.10444561126887e-05
"AT5G62600",8.74449445862247e-11,-0.273879244219212,0.059,0.138,1.10525163260313e-05
"AT2G41250",8.97464053510987e-11,-0.36417646347771,0.057,0.135,1.13434071579468e-05
"AT5G53900",9.02509272904279e-11,-0.437096883362317,0.037,0.107,1.14071757039463e-05
"AT2G38020",9.05645367313731e-11,-0.17368765305602,0.042,0.115,1.14468140556252e-05
"AT1G61340",9.14075209801176e-11,-0.202073135793693,0.135,0.241,1.1553362206761e-05
"AT2G27040",9.36608588788881e-11,-0.359176635206278,0.04,0.111,1.18381705971382e-05
"AT5G63660",9.37072359390213e-11,-1.06726758144297,0.081,0.164,1.18440323792767e-05
"AT2G13650",9.37539732630961e-11,-0.310526254987729,0.047,0.121,1.18499396966158e-05
"AT5G03320",9.4035699107848e-11,-0.398475752955278,0.045,0.118,1.18855481530373e-05
"AT2G14260",9.41571738840362e-11,-0.537456651914288,0.038,0.107,1.19009018358989e-05
"AT3G22520",9.46732020510278e-11,-0.532914210975054,0.038,0.108,1.19661247000376e-05
"AT5G08430",9.50598763054691e-11,-0.576786591465839,0.043,0.115,1.20149980057535e-05
"AT5G52020",9.63489574148287e-11,-0.497067506338585,0.057,0.135,1.21779301234899e-05
"AT4G35020",9.66455071824016e-11,-0.0783696280686432,0.06,0.141,1.22154122348125e-05
"AT3G23690",9.68345093797569e-11,-0.244778615484047,0.077,0.163,1.2239300978545e-05
"AT4G12110",9.6933383670744e-11,-0.562709971921397,0.047,0.12,1.225179809568e-05
"AT1G18950",9.71016430373282e-11,-0.78291786459078,0.035,0.102,1.22730650700601e-05
"AT3G45240",9.74447679377427e-11,-0.433071564232657,0.04,0.111,1.2316433998723e-05
"AT3G53120",9.76102853345015e-11,-0.384148352344,0.045,0.117,1.2337354404569e-05
"AT2G20740",9.84028684162407e-11,-0.415984243085139,0.042,0.114,1.24375321506023e-05
"AT5G66052",9.8492809037833e-11,-0.289079973813125,0.086,0.177,1.24489001055279e-05
"AT1G78600",9.85478570133622e-11,-0.806074719960193,0.036,0.104,1.24558578393469e-05
"AT4G39820",9.89726258003816e-11,-0.327369849669219,0.05,0.126,1.25095460654134e-05
"AT5G46620",9.93454615630641e-11,-0.451009321098085,0.04,0.11,1.25566702688019e-05
"AT5G22450",1.00852056228107e-10,-0.211543006904986,0.057,0.135,1.27470947948954e-05
"AT5G55550",1.01146858352592e-10,-0.79191093039773,0.055,0.13,1.27843560146175e-05
"AT5G15150",1.01717682906273e-10,-1.320866213788,0.036,0.102,1.28565048132555e-05
"AT4G16265",1.02259844852105e-10,-0.854015145084196,0.048,0.121,1.2925030830237e-05
"AT1G15240",1.03118262184784e-10,-0.352747695525646,0.059,0.138,1.30335296305836e-05
"AT5G13220",1.04656345245171e-10,-0.483553637158843,0.127,0.226,1.32279341009181e-05
"AT5G20910",1.0544815410983e-10,-0.709025353394089,0.033,0.1,1.33280139905578e-05
"AT3G07270",1.06533255577439e-10,-0.486786612722022,0.035,0.103,1.34651643054548e-05
"AT1G72880",1.076148368074e-10,-0.257879024758786,0.033,0.101,1.36018696834345e-05
"AT4G04770",1.08838812055362e-10,-0.384299381507816,0.035,0.102,1.37565728109254e-05
"AT5G42270",1.10203663914846e-10,-0.722950922665675,0.042,0.113,1.39290818968531e-05
"AT2G36410",1.10398061769749e-10,-0.420536615330573,0.061,0.141,1.39536526193257e-05
"AT5G39660",1.1120519753568e-10,-0.378944089004008,0.082,0.17,1.40556697373248e-05
"AT2G29125",1.1140054787256e-10,-0.776016427648959,0.033,0.1,1.40803608478044e-05
"AT3G12100",1.1216664486827e-10,-0.619117474896424,0.043,0.114,1.41771909114801e-05
"AT1G54610",1.13297622578993e-10,-0.428663181374304,0.04,0.111,1.43201397082492e-05
"AT2G37760",1.13775821912447e-10,-0.452230381372522,0.076,0.16,1.43805812348018e-05
"AT2G37500",1.1430812629488e-10,-0.256087623219069,0.055,0.132,1.44478613149151e-05
"AT1G52280",1.14740648923507e-10,-0.221056921557078,0.106,0.204,1.45025295800377e-05
"AT4G19120",1.17472881985896e-10,-0.281673505216789,0.058,0.137,1.48478674457254e-05
"AT5G41020",1.18602156713468e-10,-0.2156290483284,0.104,0.2,1.49906009956421e-05
"AT5G18120",1.18837824099153e-10,-0.38450802439574,0.066,0.145,1.50203879391883e-05
"AT1G20440",1.2220380036423e-10,-0.364032423541655,0.771,0.897,1.54458271432364e-05
"AT5G35330",1.22783017287845e-10,-0.180456312297972,0.046,0.118,1.55190366870798e-05
"AT1G18470",1.25412482068644e-10,-0.380365444010136,0.062,0.141,1.58513852585842e-05
"AT4G24240",1.2659701705629e-10,-0.779157449574746,0.038,0.106,1.60011033738127e-05
"AT2G23430",1.269157146295e-10,-0.605990778697351,0.047,0.118,1.6041384834881e-05
"AT5G53450",1.27113143783093e-10,-0.573135688737533,0.045,0.116,1.60663386953203e-05
"AT2G46680",1.27184881183917e-10,-0.479635250213186,0.041,0.112,1.60754058723601e-05
"AT5G11720",1.27955748822457e-10,-0.808670373446998,0.037,0.105,1.61728389166657e-05
"AT5G16680",1.30090230421745e-10,-0.561858990578913,0.048,0.12,1.6442624583926e-05
"AT2G39410",1.31044931891475e-10,-0.872629488303687,0.05,0.123,1.6563293121491e-05
"AT5G15440",1.31400497992386e-10,-0.455867258031336,0.039,0.108,1.66082345432497e-05
"AT3G48330",1.32897012192726e-10,-0.658328862364041,0.036,0.103,1.67973849590875e-05
"AT5G04020",1.34662288892456e-10,-0.846650456415549,0.043,0.114,1.70205053422731e-05
"AT4G11560",1.35627769371051e-10,-0.396349664200531,0.075,0.157,1.71425362818846e-05
"AT1G74770",1.37547670602485e-10,-0.458047147139938,0.062,0.141,1.73852002781305e-05
"AT3G56720",1.3915755587603e-10,-0.704924018489316,0.043,0.114,1.75886801173949e-05
"AT5G55390",1.40384713884434e-10,-0.908282990123827,0.035,0.101,1.77437855267092e-05
"AT3G27850",1.42438454515562e-10,-0.72245438618044,0.039,0.108,1.80033660200399e-05
"AT2G33510",1.43922688813212e-10,-0.453947620961907,0.061,0.14,1.81909643298572e-05
"AT1G72175",1.46102638475349e-10,-0.322282099206615,0.048,0.122,1.84664968874532e-05
"AT4G16430",1.50839654423739e-10,-0.451290379335904,0.042,0.113,1.9065227281234e-05
"AT1G06960",1.51965797096027e-10,-0.46675884723356,0.035,0.102,1.92075649581553e-05
"AT5G06060",1.52551822219287e-10,-0.305811483567962,0.037,0.106,1.92816350175846e-05
"AT5G43280",1.52829156127609e-10,-0.463007913029076,0.04,0.11,1.9316688359593e-05
"AT3G10370",1.54593615032753e-10,-0.776084713989777,0.038,0.105,1.95397053784497e-05
"AT1G51720",1.55877541447234e-10,-0.822829801494478,0.033,0.1,1.97019859736817e-05
"AT4G12780",1.58202661923819e-10,-0.44647624930936,0.056,0.132,1.99958672511992e-05
"AT2G27970",1.58770158203252e-10,-0.428744549327765,0.109,0.205,2.00675953759418e-05
"AT5G06640",1.59312059463002e-10,-1.26206411188877,0.079,0.16,2.01360884437666e-05
"AT3G14110",1.59495014933691e-10,-0.905444409658148,0.036,0.102,2.01592129175289e-05
"AT3G24740",1.60740810794608e-10,-0.280760937632746,0.055,0.131,2.03166740395737e-05
"AT4G33565",1.62046387477569e-10,-0.336085382621537,0.043,0.114,2.04816910988398e-05
"AT5G21040",1.62984348640407e-10,-0.53783606016993,0.041,0.111,2.06002437620556e-05
"AT5G57035",1.64240488385253e-10,-0.88086127374805,0.037,0.103,2.07590122889656e-05
"AT1G54360",1.67358815943911e-10,-0.388487505138732,0.042,0.113,2.11531501824146e-05
"AT5G65440",1.67671075242486e-10,-0.482143233471908,0.043,0.114,2.11926178841988e-05
"AT5G54080",1.68650368856118e-10,-0.422302241241207,0.052,0.128,2.13163947212001e-05
"AT1G09200",1.69953264418812e-10,-0.468538768393092,0.298,0.447,2.14810729029513e-05
"AT2G11225",1.70894553768106e-10,-0.289231994932043,0.113,0.208,2.1600046228966e-05
"AT2G24090",1.71200977328594e-10,-0.592073265011592,0.045,0.115,2.16387763284704e-05
"AT5G51980",1.74254384043163e-10,-0.561005619891268,0.037,0.105,2.20247086167516e-05
"AT5G14320",1.74892902422915e-10,-0.440922358322843,0.048,0.121,2.2105413508842e-05
"AT1G08570",1.75116942120083e-10,-0.500088373279138,0.059,0.136,2.21337307823258e-05
"AT1G09160",1.75792805646678e-10,-0.568701910782645,0.043,0.114,2.22191558769062e-05
"AT1G71400",1.78797004841228e-10,-0.530852486104211,0.071,0.153,2.25988686299022e-05
"AT2G43130",1.825755105919e-10,-0.492580943307424,0.041,0.111,2.30764490857526e-05
"AT2G26660",1.82880159776591e-10,-0.367091075709003,0.046,0.118,2.31149549148024e-05
"AT2G23080",1.84560286632344e-10,-0.569969183367081,0.047,0.118,2.33273128686085e-05
"AT2G03440",1.84794021752965e-10,-0.480322033521601,0.05,0.124,2.33568555854443e-05
"AT5G15730",1.87665561662035e-10,-0.867010955495635,0.039,0.106,2.37198010007112e-05
"AT2G44680",1.89524567277903e-10,-0.121104047329369,0.054,0.13,2.39547681565233e-05
"AT3G18510",1.89551342630472e-10,-0.776780090936776,0.042,0.111,2.39581524004359e-05
"AT5G57015",1.89889873636335e-10,-0.684962024977406,0.036,0.103,2.4000940688391e-05
"AT3G06010",1.93016881061607e-10,-0.603369718851534,0.036,0.103,2.43961756649007e-05
"AT5G10965",1.9400585417093e-10,-0.845021363157903,0.037,0.103,2.45211759320805e-05
"AT5G53570",1.95216651538734e-10,-0.707728678411993,0.045,0.115,2.46742134545867e-05
"AT5G04760",1.96198386487613e-10,-0.233075043524152,0.072,0.158,2.47982988617153e-05
"AT5G37540",1.9729915036412e-10,-0.428558271852239,0.064,0.142,2.49374288111225e-05
"AT3G23890",1.99909134885004e-10,-0.936072855854709,0.04,0.108,2.52673151946552e-05
"3:2034014-2034935",2.00213623458012e-10,1.82929587998846,0.1,0.053,2.5305800723352e-05
"AT3G32930",2.00522117399847e-10,-0.365233394312262,0.041,0.111,2.53447925066362e-05
"AT5G43600",2.02519596375686e-10,-0.549503223243736,0.049,0.122,2.55972618643085e-05
"AT2G33800",2.05271168335633e-10,-0.578157154394076,0.037,0.104,2.5945044050614e-05
"AT5G55230",2.0540533617445e-10,-0.0769832809635331,0.067,0.149,2.59620020604334e-05
"AT1G31870",2.0609559998486e-10,-0.329091720897901,0.055,0.131,2.60492472644864e-05
"AT5G60600",2.06392547957241e-10,-0.0166300590060127,0.038,0.106,2.60867797065075e-05
"AT3G03520",2.0909183905869e-10,-0.296078693927772,0.064,0.143,2.6427953905984e-05
"AT1G79000",2.09327624815947e-10,-0.368599033782938,0.054,0.128,2.64577558109868e-05
"AT2G39080",2.09916387649634e-10,-0.429361061086232,0.038,0.106,2.65321719005879e-05
"3:14195549-14196447",2.1049606502288e-10,1.88063260146114,0.103,0.055,2.6605439642502e-05
"AT3G58810",2.12528045486509e-10,-0.986689990072037,0.043,0.112,2.68622697812218e-05
"AT4G31410",2.12536401051925e-10,-0.923945514292264,0.042,0.11,2.6863325874557e-05
"AT2G39050",2.14399062761817e-10,-0.491663577286248,0.054,0.128,2.7098755138717e-05
"AT4G19140",2.17446500362575e-10,-0.38914827707067,0.06,0.137,2.74839329668273e-05
"AT4G38930",2.22966950320697e-10,-0.43591998503372,0.047,0.118,2.81816847188342e-05
"AT1G73840",2.23799779181222e-10,-0.46559940265983,0.04,0.109,2.82869492898314e-05
"AT1G12470",2.31049944054149e-10,-0.658392099983473,0.036,0.102,2.92033266287801e-05
"AT5G22030",2.310569604823e-10,-0.31747801599285,0.045,0.115,2.92042134631998e-05
"AT1G77930",2.33092280083235e-10,-0.477917606628902,0.04,0.109,2.94614656488404e-05
"AT2G17250",2.36994798346921e-10,-0.470385929436767,0.035,0.101,2.99547205422607e-05
"AT1G05960",2.43882533543248e-10,-0.675518481490115,0.05,0.123,3.08252889446653e-05
"AT1G77450",2.44000179966807e-10,-0.0468543035827125,0.103,0.197,3.08401587467246e-05
"AT5G49650",2.48440124599245e-10,-0.494935075979206,0.04,0.109,3.1401341108597e-05
"AT1G17147",2.48703479954829e-10,-0.259066098544243,0.081,0.166,3.14346276454106e-05
"AT2G28550",2.4952498988368e-10,-0.678502671445759,0.057,0.131,3.15384615713579e-05
"AT5G05700",2.52486412002415e-10,-0.753081516666945,0.036,0.101,3.19127675586333e-05
"AT1G13880",2.5307641693597e-10,-0.60589272813147,0.04,0.108,3.19873406422051e-05
"AT2G25140",2.58062924683097e-10,-0.343064617962651,0.057,0.133,3.26176053023954e-05
"AT3G50690",2.60220333864475e-10,-0.412623466051965,0.07,0.15,3.28902888784665e-05
"AT3G43220",2.62602073731745e-10,-0.651182535653335,0.045,0.114,3.31913265072502e-05
"4:9295396-9296292",2.63171040515431e-10,1.73313214880936,0.1,0.054,3.32632404949074e-05
"AT4G08950",2.63780270174144e-10,-0.46900178507618,0.078,0.161,3.33402434683908e-05
"AT4G37300",2.66432005664171e-10,-0.33863779456014,0.04,0.109,3.36754069239173e-05
"ATMG01360",2.67454323138487e-10,-0.59849376580293,0.035,0.1,3.3804621718766e-05
"AT1G66880",2.70232344112827e-10,-0.724601199782653,0.054,0.126,3.41557469017966e-05
"AT4G00680",2.70808027011568e-10,-0.825956747372483,0.103,0.192,3.42285097661001e-05
"AT1G01040",2.71566981399755e-10,-0.534739826798753,0.06,0.136,3.43244370470407e-05
"AT4G27040",2.74801080112975e-10,-0.271130025288465,0.056,0.132,3.47332077197994e-05
"AT3G27960",2.80233244791612e-10,-0.328093336500648,0.111,0.207,3.5419800742191e-05
"AT4G36360",2.90693750191634e-10,-0.261733380981022,0.08,0.165,3.67419458617214e-05
"AT1G32150",2.96229279772573e-10,-0.548338968758079,0.04,0.108,3.74416035875746e-05
"AT2G28940",3.04307146882149e-10,-0.537047984314354,0.035,0.1,3.84625975230224e-05
"AT2G20900",3.09900508159972e-10,-0.349687471897488,0.048,0.119,3.91695648283715e-05
"AT5G64460",3.11051573228119e-10,-0.212402436982136,0.075,0.158,3.93150525465949e-05
"AT2G03800",3.12348767817773e-10,-0.524074139873457,0.035,0.1,3.94790101595595e-05
"AT2G25950",3.12791309122009e-10,-0.387402057689741,0.057,0.132,3.95349447251672e-05
"AT1G15010",3.16345497548896e-10,-0.45444870669044,0.154,0.257,3.99841728171952e-05
"AT2G43330",3.19475534432544e-10,-0.479140001540225,0.042,0.111,4.03797906990669e-05
"AT3G61010",3.196982253437e-10,-0.261857998868137,0.061,0.138,4.04079374940917e-05
"AT5G65760",3.2040571718497e-10,-0.900360701144406,0.036,0.101,4.04973602178771e-05
"AT1G72790",3.21325650510205e-10,-0.407535500146627,0.054,0.127,4.06136342705868e-05
"AT2G31200",3.22106227456067e-10,-0.366797764892353,0.062,0.141,4.07122945130821e-05
"AT2G37060",3.25828252960539e-10,-0.720680007325519,0.036,0.101,4.11827362046943e-05
"AT1G62045",3.27111610905672e-10,-0.578396700563292,0.04,0.108,4.13449449488115e-05
"AT1G65430",3.2782816468535e-10,-0.744622974195642,0.039,0.105,4.14355130472401e-05
"AT4G13390",3.29042833668058e-10,-0.741576748343214,0.079,0.162,4.15890399186405e-05
"AT2G24850",3.30685114190089e-10,-0.900379058183979,0.049,0.119,4.17966143229421e-05
"AT4G22460",3.32950502276244e-10,-0.335056029585248,0.081,0.166,4.20829457847036e-05
"AT2G45220",3.42300271102525e-10,-0.552408967610357,0.041,0.11,4.32647004657326e-05
"AT2G18750",3.65621872449707e-10,-0.236984395619494,0.09,0.179,4.62124109464083e-05
"AT5G57010",3.66605039420798e-10,-0.93812831282096,0.038,0.104,4.63366773525523e-05
"AT3G03720",3.70633819494024e-10,-0.705919013752527,0.038,0.104,4.68458909811277e-05
"AT2G01150",3.71134952380177e-10,-0.318312167808054,0.062,0.14,4.69092311711401e-05
"AT1G70750",3.72370672787068e-10,-0.649938710570046,0.036,0.101,4.70654188162487e-05
"ATCG00450",3.74627140573879e-10,-0.632908072416069,0.047,0.117,4.73506228056948e-05
"AT3G09085",3.75065258030943e-10,-0.557428071264472,0.051,0.124,4.7405998223563e-05
"AT2G48010",3.79093383417773e-10,-0.693490922191034,0.039,0.106,4.79151291037061e-05
"AT5G14330",3.93522741981737e-10,-0.76735562810204,0.467,0.624,4.97389134500397e-05
"AT1G32310",3.94446445924822e-10,-0.454534829998331,0.052,0.124,4.98556640862219e-05
"AT1G29060",3.97382781320523e-10,-0.234014287854288,0.038,0.105,5.02267992622262e-05
"AT4G15760",4.00405015831048e-10,-0.0290305019874573,0.128,0.231,5.06087915709495e-05
"AT5G09960",4.00505257857414e-10,-0.0396103495178697,0.111,0.212,5.062146156163e-05
"AT5G66160",4.0053283183418e-10,-0.353331202224523,0.048,0.119,5.06249467468493e-05
"AT3G15090",4.01026328706358e-10,-0.226246198565711,0.067,0.145,5.06873217905115e-05
"AT3G23100",4.09843199319975e-10,-0.380172962479619,0.049,0.12,5.18017213348489e-05
"AT2G25080",4.19568970241836e-10,-0.552710307079373,0.042,0.11,5.30310004247466e-05
"AT4G04620",4.36384536783459e-10,-0.502582056689229,0.076,0.157,5.51563871422086e-05
"AT5G57565",4.39093916169768e-10,-0.733096152722792,0.037,0.102,5.54988364403616e-05
"AT5G52830",4.44373709738368e-10,-0.664002353165874,0.048,0.117,5.61661706686713e-05
"AT5G57740",4.45367297531514e-10,-0.554244102629962,0.054,0.126,5.62917542041982e-05
"AT4G34590",4.46335233103258e-10,-0.59051797981968,0.048,0.118,5.64140954528532e-05
"AT2G35470",4.47286870047872e-10,-0.446721283579185,0.054,0.126,5.65343766528307e-05
"AT3G10910",4.48580905608773e-10,-0.964307095851177,0.036,0.1,5.66979349835153e-05
"4:14140879-14141794",4.50721682199173e-10,1.59295703126711,0.118,0.067,5.69685162998823e-05
"AT5G63880",4.58946313250387e-10,-0.397477392910496,0.042,0.111,5.80080603169694e-05
"AT3G03270",4.72059743165415e-10,-0.819263233109816,0.037,0.102,5.96655191776494e-05
"AT3G19790",4.7263063867068e-10,-0.504498556179013,0.041,0.109,5.9737676944142e-05
"AT5G02680",4.769074392499e-10,-0.479177693706662,0.036,0.101,6.02782388765519e-05
"AT1G70860",4.83709210706429e-10,-1.1512310655628,0.038,0.101,6.11379419780284e-05
"AT5G10030",4.88586038789823e-10,-0.779709077063365,0.049,0.118,6.17543437868009e-05
"AT1G76890",4.89597293241279e-10,-0.654824543231299,0.05,0.121,6.18821602819382e-05
"2:15615819-15616680",4.94534191375351e-10,1.64153177500183,0.1,0.054,6.25061545846961e-05
"5:141096-141994",5.02369257304736e-10,1.58128510374522,0.114,0.064,6.34964599077747e-05
"AT2G34730",5.03852864846424e-10,-0.839208902080013,0.047,0.116,6.36839789993989e-05
"AT3G19770",5.05050745703255e-10,-0.788168910366592,0.038,0.103,6.38353839524172e-05
"AT3G19460",5.05622039749254e-10,-0.644286803372275,0.036,0.1,6.39075920920672e-05
"AT5G62500",5.07963498443762e-10,-0.43894012552703,0.048,0.118,6.42035384223009e-05
"AT3G22990",5.15577310763056e-10,-0.583893251603082,0.042,0.111,6.51658786165857e-05
"AT3G47960",5.26101124087564e-10,-0.704762386676201,0.077,0.157,6.64960254779235e-05
"AT2G47800",5.34648349872163e-10,-0.683211946851085,0.038,0.103,6.75763435337422e-05
"AT3G09020",5.35047927537328e-10,-0.74532258978668,0.037,0.101,6.76268477531531e-05
"AT3G16940",5.3635502439326e-10,-0.350984919578312,0.09,0.175,6.77920569531616e-05
"5:1359980-1360910",5.74863712188289e-10,1.76930990932592,0.104,0.057,7.26593240383266e-05
"AT1G51430",5.75574378109792e-10,-0.60881400078563,0.04,0.106,7.2749147946809e-05
"AT2G28970",5.75889563078906e-10,-0.889102355943874,0.039,0.103,7.27889854357952e-05
"AT5G08540",5.78922433575879e-10,-0.339273761203314,0.046,0.116,7.31723220693897e-05
"AT3G11230",5.82241618235744e-10,-0.152183783688833,0.06,0.136,7.35918470952886e-05
"AT5G46150",5.85483075842704e-10,-0.696288856436652,0.043,0.112,7.40015478880627e-05
"AT4G28890",5.9492056640068e-10,-0.29097291971651,0.036,0.1,7.51943900696475e-05
"AT5G54170",5.9942760596184e-10,-0.960404877122749,0.045,0.112,7.57640528279409e-05
"AT1G25275",6.24133226292419e-10,-0.186310266371496,0.198,0.317,7.8886695004004e-05
"AT5G02240",6.40379114583431e-10,-0.433094924563981,0.04,0.107,8.09400778086582e-05
"AT5G47100",6.41632958574151e-10,-0.472009519287969,0.043,0.111,8.10985561660212e-05
"AT4G32910",6.45690347820492e-10,-0.331083532319948,0.039,0.106,8.16113858224233e-05
"AT3G11880",6.78993428989702e-10,-0.363528223571182,0.054,0.125,8.58206954637244e-05
"AT3G24315",7.02235383903574e-10,-0.61645789682477,0.038,0.103,8.87583391131083e-05
"AT3G50060",7.02985134855881e-10,-0.655750584935094,0.04,0.106,8.88531031349742e-05
"3:5266324-5267228",7.04083014113621e-10,1.60478702204255,0.107,0.059,8.8991868485877e-05
"AT2G44450",7.07275059180865e-10,-0.370805639414296,0.056,0.129,8.93953238301062e-05
"AT1G43670",7.17049239420579e-10,-0.301083898146586,0.057,0.131,9.06307215673247e-05
"AT5G41350",7.35093119671446e-10,-0.302091751594319,0.066,0.143,9.29113597677528e-05
"AT3G22750",7.42727111145434e-10,-0.538443527662427,0.037,0.102,9.3876250486116e-05
"AT5G66730",7.46568329777475e-10,-0.360626152894563,0.052,0.123,9.43617574738942e-05
"AT4G22217",7.512830892978e-10,-0.973106188837171,0.049,0.117,9.49576747887062e-05
"AT5G06450",7.61336027222095e-10,-0.766445691158567,0.041,0.106,9.62283058247095e-05
"AT1G31330",7.74042478229753e-10,-0.559480384656992,0.037,0.101,9.78343249933714e-05
"AT1G54340",7.77702737508193e-10,-0.0852908985466909,0.075,0.155,9.82969598046106e-05
"AT2G48160",7.81476284923167e-10,-0.613264658338109,0.043,0.11,9.87739135565787e-05
"AT3G04350",8.06603020607332e-10,-0.564523133666474,0.037,0.101,0.000101949782186643
"AT2G27230",8.06606863619481e-10,-0.560289266599367,0.051,0.121,0.000101950267920321
"AT1G61140",8.17964782047393e-10,-0.346603522215004,0.079,0.159,0.000103385840662098
"AT3G18170",8.33143731027423e-10,-0.379643095926754,0.052,0.123,0.00010530436873948
"AT5G07910",8.62984317164411e-10,-0.460261353676757,0.041,0.107,0.000109076039783679
"AT5G01270",8.7629549840696e-10,-0.610687655332122,0.039,0.103,0.000110758493225649
"AT1G67950",8.82626924487165e-10,-0.328526034005514,0.045,0.113,0.000111558747493631
"AT5G47370",8.90413363997797e-10,-0.315101716107597,0.077,0.157,0.000112542906729138
"AT5G13800",8.93646426107265e-10,-0.504437181893207,0.041,0.106,0.000112951546381402
"AT2G38050",9.03646693980521e-10,-0.439031149043573,0.054,0.124,0.000114215520238974
"AT2G29510",9.07026525720076e-10,-0.393065662972585,0.041,0.107,0.000114642710691863
"AT5G47060",9.08063205904911e-10,-0.700826917711392,0.037,0.101,0.000114773740847145
"AT3G01260",9.11803049733463e-10,-1.02035152773367,0.049,0.117,0.000115246434668011
"AT2G07698",9.24670411479047e-10,-0.144649227566376,0.046,0.115,0.000116872791988483
"AT1G08680",9.31740954190477e-10,-0.561200141296271,0.041,0.107,0.000117766466163951
"AT5G15180",9.33431005182201e-10,-0.598091107780412,0.065,0.14,0.000117980078468999
"AT1G30440",9.34323859274242e-10,-0.695204372547599,0.041,0.107,0.000118092929869108
"AT4G33510",9.43862294850737e-10,-0.613428216625991,0.039,0.104,0.000119298530895364
"AT5G02790",9.44356485271886e-10,-0.436120817054703,0.042,0.109,0.000119360993599455
"AT1G02850",9.47372418258176e-10,-0.156871737540686,0.084,0.168,0.000119742189433324
"AT3G27420",9.53787562984274e-10,-0.420727525988666,0.043,0.111,0.000120553025235834
"AT5G46900",9.61364149275645e-10,-1.05767433768508,0.408,0.558,0.000121510660283546
"AT5G28220",9.61765077377333e-10,-0.441735364158947,0.042,0.109,0.000121561335190031
"AT4G04210",9.62923001207078e-10,-0.232287096508984,0.042,0.109,0.000121707689814567
"AT5G63860",9.7160380129213e-10,-0.639261022721247,0.052,0.122,0.000122804890860517
"AT1G12560",9.88402331632763e-10,-0.821745768157712,0.101,0.186,0.000124928124304391
"AT4G10280",9.96741831330618e-10,-0.202799518616582,0.038,0.103,0.000125982187029202
"AT5G52550",1.02300618804505e-09,-0.591084378530689,0.038,0.102,0.000129301844131766
"AT5G42180",1.03718237637896e-09,-1.18829016664561,0.075,0.152,0.000131093629280043
"AT2G25160",1.05337475344096e-09,-0.787529934696361,0.055,0.124,0.000133140248586417
"AT2G03470",1.05508807336819e-09,-0.0791285195845712,0.06,0.135,0.000133356801945298
"AT2G05510",1.06293426325849e-09,-0.788271626774008,0.057,0.128,0.000134348513270293
"AT1G19570",1.08069984674123e-09,-0.0151652539308722,0.127,0.228,0.000136593976429011
"AT4G28270",1.08838014711089e-09,-0.748363230636284,0.038,0.1,0.000137564720313934
"AT2G38800",1.09249956904441e-09,0.0720917520243625,0.178,0.296,0.000138085390529799
"AT5G46180",1.09603453754718e-09,-0.246570990037024,0.051,0.122,0.000138532189338738
"3:20895719-20896627",1.14683107454994e-09,1.57387735166636,0.125,0.074,0.000144952566836665
"AT1G35260",1.15166738199948e-09,-0.799319600637543,0.047,0.113,0.000145563847080442
"AT5G25820",1.16269314653388e-09,-0.476039530106862,0.037,0.1,0.000146957437563004
"AT5G38560",1.17119641464125e-09,-0.369598573858185,0.049,0.118,0.000148032199632166
"AT1G17360",1.17657022037206e-09,-0.305287970561284,0.051,0.121,0.000148711416433707
"AT1G65370",1.23552553606686e-09,-0.530177390221011,0.061,0.134,0.000156163014605635
"AT1G08640",1.25883346911057e-09,-0.0973128756750055,0.05,0.12,0.000159108997494761
"AT5G66420",1.26135607786788e-09,-0.162739767854828,0.051,0.121,0.000159427840106032
"AT5G11000",1.26173570281391e-09,-0.274320781787569,0.043,0.11,0.000159475822421462
"AT1G19485",1.26847313228313e-09,-0.636637028666056,0.038,0.1,0.000160327393081794
"AT5G63770",1.27004676813221e-09,-0.489311399087652,0.094,0.177,0.000160526291211302
"AT2G41730",1.28867055664478e-09,-0.382996122635185,0.038,0.102,0.000162880226336561
"AT1G67550",1.29128236233981e-09,-0.294688107315176,0.04,0.104,0.000163210342905578
"AT3G30180",1.30414265319586e-09,-0.270578764542782,0.051,0.121,0.000164835806508037
"AT3G51850",1.33171200049924e-09,-0.405306818985552,0.046,0.113,0.000168320406591101
"AT5G63610",1.34249331802134e-09,-0.621714658023948,0.04,0.103,0.00016968310043799
"AT4G26320",1.38131324452782e-09,-0.625628829948599,0.23,0.35,0.00017458970622885
"ATCG00020",1.38590644843486e-09,-0.258742248705703,0.051,0.121,0.000175170259643475
"AT5G03210",1.40216219289531e-09,-0.924315330274466,0.058,0.127,0.00017722488820881
"AT2G38860",1.41669749546656e-09,-0.706888764782868,0.038,0.101,0.000179062063242
"AT4G13580",1.42776521966056e-09,-0.948733259465024,0.106,0.194,0.000180460957173776
"AT3G13970",1.44038862811146e-09,-0.547367609519959,0.04,0.103,0.00018205648026152
"AT1G12780",1.46042543895731e-09,-0.346332909194515,0.079,0.159,0.000184589012931571
"AT4G18593",1.46854326564433e-09,-0.450375410498868,0.039,0.103,0.00018561505751785
"AT5G56190",1.47539948882297e-09,-0.741803734839865,0.038,0.1,0.00018648164299029
"AT1G12040",1.49072539090336e-09,-0.963302120543862,0.057,0.126,0.000188418745057839
"AT3G06170",1.49844138599517e-09,-0.538928306334372,0.057,0.126,0.000189394000541474
"AT1G30900",1.53629855350306e-09,-0.203490041118193,0.061,0.135,0.000194178919371466
"AT5G24490",1.5450775914171e-09,-0.575984935579216,0.046,0.112,0.000195288537089573
"AT2G39681",1.5461563433973e-09,-0.491215224318442,0.047,0.114,0.000195424884867358
"AT4G31590",1.55162693451053e-09,-0.544448085668146,0.037,0.1,0.000196116334760524
"AT4G39540",1.57794554862639e-09,-0.54353852439383,0.041,0.106,0.000199442849673084
"AT5G05410",1.60131192448629e-09,-0.402919303647816,0.084,0.164,0.00020239621938352
"AT3G13910",1.624855192724e-09,-0.576239530890766,0.071,0.146,0.000205371947229158
"AT5G61760",1.64045266099533e-09,-0.521492438532367,0.039,0.103,0.000207343373633843
"AT3G17650",1.65843475199824e-09,-0.808540808683996,0.046,0.111,0.000209616202044065
"1:1953360-1954309",1.67134794892831e-09,1.76144246619526,0.108,0.061,0.000211248352656845
"AT4G30450",1.67641023629178e-09,-0.43046345120709,0.394,0.56,0.000211888195405863
"AT3G47640",1.67817892960098e-09,-0.59108238703938,0.042,0.108,0.000212111747627986
"AT1G13380",1.68794964357206e-09,-0.209508896981288,0.057,0.129,0.000213346707249646
"AT5G22010",1.7004563114029e-09,-0.589671338100448,0.04,0.104,0.000214927475023459
"AT2G04240",1.78807210279312e-09,-0.54851940173586,0.04,0.104,0.000226001585360434
"AT3G61415",1.79354454981289e-09,-0.844597342828106,0.041,0.105,0.00022669326982905
"AT2G18210",1.81405691370855e-09,-0.305757306772313,0.167,0.273,0.000229285909551279
"AT2G13790",1.82647744109903e-09,-0.500805093037373,0.048,0.115,0.000230855789690271
"AT5G02580",1.84742321672429e-09,-0.76120158384837,0.04,0.104,0.00023350321005465
"AT1G54920",1.88787252554283e-09,-0.609466354133422,0.04,0.103,0.000238615759993461
"AT1G10570",1.91158159356293e-09,-0.546606104744634,0.039,0.102,0.000241612443936793
"AT2G05170",1.96893522828232e-09,-0.48979273203142,0.048,0.114,0.000248861599243515
"AT5G23750",1.97633411988104e-09,-0.472667959241261,0.07,0.144,0.000249796774748244
"AT5G24120",1.98765124795306e-09,-0.559587887898243,0.045,0.11,0.000251227191833779
"AT5G54380",2.02489628880737e-09,-0.212215938610722,0.051,0.12,0.000255934741527518
"AT1G14380",2.0257509472608e-09,-0.467132744074161,0.039,0.102,0.000256042765228081
"AT1G72500",2.04456748010577e-09,-0.831148563281541,0.047,0.112,0.000258421062080488
"AT5G48570",2.06852574963325e-09,-0.288880754969206,0.12,0.211,0.000261449243599145
"AT4G31450",2.07931567743287e-09,-0.324642614871127,0.113,0.201,0.00026281302573345
"AT1G65310",2.08723590056103e-09,-0.715300878267839,0.101,0.185,0.000263814094415511
"AT5G05540",2.10736996550786e-09,-0.453758686414544,0.042,0.106,0.000266358919420401
"AT1G05660",2.11775835402761e-09,-0.476415227540233,0.04,0.104,0.000267671949398965
"1:12549787-12550710",2.13343520627518e-09,1.58174536443111,0.107,0.06,0.000269653409461945
"AT1G02220",2.26926436451038e-09,-0.78142501590426,0.038,0.1,0.000286821400087925
"AT5G61340",2.30397429507401e-09,-0.47959085157412,0.039,0.102,0.000291208527051584
"AT3G01210",2.33801694333385e-09,-0.251211678822346,0.043,0.108,0.000295511313535739
"AT5G56890",2.37532749256906e-09,-0.293889321583793,0.051,0.119,0.000300227143095773
"AT4G09980",2.39081579899738e-09,-0.756253620481822,0.039,0.101,0.000302184772098475
"AT5G17930",2.43637443934667e-09,-0.212885656054187,0.045,0.11,0.000307943110886783
"AT5G10400",2.56069870582393e-09,-0.658651220987116,0.205,0.315,0.00032365695222391
"AT3G62310",2.56788425101686e-09,-0.194803248393875,0.055,0.125,0.000324565162023025
"AT1G50140",2.57081568540352e-09,-0.489226348270226,0.042,0.106,0.000324935677740892
"AT1G05830",2.61485319359068e-09,-0.506613447584312,0.049,0.116,0.0003305017545507
"AT5G04510",2.62564091279341e-09,-0.259506534064438,0.038,0.101,0.000331865257531611
"AT5G39670",2.64444411463272e-09,-0.522593789535378,0.088,0.168,0.000334241869424888
"AT3G11550",2.6474950445918e-09,-1.68474631889892,0.041,0.103,0.000334627488666135
"AT3G16110",2.65043673186479e-09,-0.37828934302387,0.052,0.12,0.000334999300287318
"AT2G18030",2.67677148566848e-09,-0.37249234813181,0.043,0.108,0.000338327855159581
"AT5G19320",2.70605011371669e-09,-0.346329656529457,0.039,0.101,0.000342028498073107
"AT4G15880",2.74154459639114e-09,-0.370549748216427,0.054,0.122,0.000346514787716261
"3:19120750-19121662",2.80447820522056e-09,1.44868884962553,0.1,0.055,0.000354469218270648
"AT5G53760",2.8746415550242e-09,-0.509512884537215,0.052,0.12,0.000363337444705728
"AT1G70580",2.89691391107812e-09,-0.237479996184639,0.046,0.111,0.000366152536876808
"1:2394902-2395808",2.97079538746914e-09,1.75022762140632,0.103,0.058,0.000375490712203774
"AT1G65295",3.0641591991777e-09,-0.469455484610138,0.038,0.1,0.000387291337820866
"AT4G08290",3.15892235402962e-09,-1.06825965956508,0.048,0.112,0.00039926883201522
"AT1G13960",3.21831017685454e-09,-0.419117480313306,0.048,0.114,0.000406775096493352
"AT2G46830",3.23311096068548e-09,-0.295767983859984,0.066,0.138,0.00040864582676488
"AT1G49520",3.37641956528042e-09,-1.1371544481409,0.04,0.101,0.000426759174534053
"AT1G36060",3.47279339347505e-09,-1.03583773869224,0.058,0.126,0.000438940248174885
"1:8060539-8061403",3.5356535477149e-09,1.5283016642319,0.117,0.068,0.000446885394509877
"AT3G27060",3.54551685148812e-09,-0.715691678640682,0.07,0.142,0.00044813205692699
"AT1G77140",3.63554156990897e-09,-0.402020151691465,0.039,0.101,0.000459510641187074
"AT1G63800",3.69526642045815e-09,-0.376178015547694,0.062,0.133,0.000467059503947387
"AT5G57630",3.7139039767327e-09,-0.270589186908076,0.066,0.138,0.000469415179235153
"2:19130466-19131418",3.75439279665102e-09,1.48242885774758,0.116,0.068,0.000474532723139909
"AT1G13110",3.79550983270407e-09,-0.388214676082325,0.04,0.102,0.000479729669794798
"AT3G62900",3.82233593103147e-09,-0.201216152593662,0.055,0.122,0.000483120327666791
"AT1G08620",3.89462302740384e-09,-0.437856661903753,0.07,0.143,0.00049225698292568
"4:6839641-6840521",3.91341758998465e-09,1.51072554649231,0.108,0.062,0.000494632502868519
"5:23733460-23734385",4.03679156768533e-09,1.62624653259136,0.101,0.057,0.000510226233406019
"AT3G05900",4.19968728732687e-09,-0.228575131191894,0.125,0.217,0.000530815274994392
"AT4G36660",4.22806913384087e-09,-0.198065120464805,0.047,0.112,0.000534402570102683
"AT5G40390",4.45446619564947e-09,-0.363060714122065,0.061,0.132,0.000563017800332919
"AT1G72430",4.50603895360887e-09,-0.393961631511747,0.058,0.127,0.000569536287502439
"AT4G22270",4.5346143569111e-09,-0.31883052501176,0.11,0.195,0.000573148047027422
"AT1G52905",4.56905373469817e-09,-0.354827439149817,0.041,0.104,0.000577500977743441
"AT2G42330",4.59152491829368e-09,-0.255227853198287,0.08,0.156,0.000580341200522811
"AT2G25760",4.64898002159287e-09,-0.293202281179902,0.069,0.142,0.000587603180849209
"AT3G59500",4.69004986122056e-09,-0.445943884036319,0.054,0.12,0.000592794162159111
"AT4G21400",4.71247905454949e-09,-0.689597573295249,0.046,0.108,0.000595629077620729
"AT2G37200",4.72025845998642e-09,-0.419630947389658,0.039,0.101,0.000596612347791524
"AT4G37790",4.75649386035938e-09,-0.328257197145084,0.11,0.197,0.000601192284986264
"AT5G59480",4.84628763142232e-09,-0.291491426791767,0.07,0.145,0.000612541678885992
"AT5G02310",4.86245868541628e-09,-0.671136861372159,0.04,0.101,0.000614585603084505
"AT1G61850",4.9384883621934e-09,-0.532189814115167,0.04,0.102,0.000624195298051072
"AT4G22120",5.04212498175803e-09,-0.425271845502421,0.043,0.106,0.000637294344944325
"AT4G22230",5.0927170495038e-09,-0.857983045866175,0.047,0.11,0.000643688878754984
"AT5G48880",5.11113782922794e-09,-0.226213446822903,0.114,0.202,0.000646017154787437
"AT5G58680",5.11131578201532e-09,-0.605523322709054,0.049,0.114,0.000646039646952044
"AT1G56145",5.1334627894796e-09,-0.226403739618666,0.103,0.187,0.000648838895813484
"AT2G27820",5.16327559332662e-09,-0.0512789394093729,0.058,0.128,0.000652607055342925
"2:18950194-18950909",5.24885268582409e-09,1.51041639335529,0.108,0.062,0.00066342348637205
"AT3G44870",5.30221143743618e-09,-0.612858786275482,0.079,0.152,0.000670167712423308
"AT4G10300",5.46464748392564e-09,-0.30939244044294,0.049,0.114,0.000690698654083298
"5:26871763-26872693",5.65937718910448e-09,1.47620752544103,0.101,0.057,0.000715311320439671
"AT2G34680",5.75227491099902e-09,-0.853965104168962,0.043,0.105,0.00072705303510081
"AT3G29240",5.78005476119943e-09,-0.671336764370407,0.067,0.137,0.000730564241487041
"AT5G47760",5.78197714407549e-09,-0.0622620478563882,0.05,0.117,0.000730807219148277
"4:17018161-17018992",5.85681614317934e-09,1.57832276709311,0.101,0.057,0.00074026641960101
"AT4G34890",6.02258909366277e-09,-0.0995587746940299,0.048,0.113,0.000761219125904412
"AT5G03530",6.20524338075809e-09,-0.498647864261484,0.043,0.106,0.000784305531867538
"AT5G61380",6.28884376393926e-09,-0.662456339048006,0.048,0.111,0.000794872118699339
"AT1G05120",6.32662305334435e-09,-0.506210223365815,0.046,0.109,0.000799647194204406
"3:508183-509078",6.37465102926171e-09,1.47889482254098,0.117,0.069,0.000805717642192505
"5:6169987-6170897",6.49260289975473e-09,1.36772671444733,0.118,0.07,0.000820626050911599
"AT1G05000",6.64706085709077e-09,-0.334039756567451,0.056,0.122,0.00084014860997113
"AT5G49645",6.89443770126901e-09,-0.245639885441548,0.056,0.124,0.000871415558814195
"AT5G47830",7.07136403567541e-09,-0.402518054998772,0.041,0.102,0.000893777985925157
"AT5G27970",7.07513674811405e-09,-0.310394656048817,0.041,0.103,0.000894254834141127
"AT5G07990",7.11750246113894e-09,-0.791107475636164,0.045,0.107,0.000899609606073195
"AT2G30210",7.18262452107857e-09,-0.915732226827068,0.04,0.1,0.000907840643717205
"AT2G28670",7.47907151895603e-09,-0.778284757704867,0.137,0.228,0.000945309765566928
"AT5G62980",7.59244486480956e-09,-0.165235285060422,0.047,0.11,0.000959639476242739
"AT2G40410",7.76173994277669e-09,-0.235509804711431,0.062,0.132,0.000981037358327317
"AT4G13200",7.93413168532538e-09,-0.354081476929153,0.047,0.11,0.00100282664023502
"AT1G60960",8.09702579603867e-09,-0.686530984893458,0.048,0.11,0.00102341547846451
"AT4G10050",8.18693137950527e-09,-0.250747377209342,0.041,0.103,0.00103477900478119
"AT4G15230",8.210934332352e-09,-0.561788022488857,0.051,0.116,0.0010378128340033
"AT3G53570",8.47069919947678e-09,-0.248761323417802,0.051,0.116,0.00107064555461867
"AT1G30750",8.55608736598945e-09,-0.840315633066483,0.052,0.117,0.00108143810653687
"AT4G16280",8.98144102508818e-09,-0.520882836595254,0.059,0.126,0.001135200256925
"AT4G05010",8.98168993337791e-09,-0.139045944343474,0.132,0.223,0.00113523171743937
"AT1G73990",9.01036427436604e-09,-0.335435419654974,0.041,0.101,0.00113885598209422
"AT4G18140",9.48151534310614e-09,-0.575616941913117,0.06,0.125,0.00119840665027656
"AT4G18510",9.5793767536192e-09,-0.413766780302627,0.123,0.21,0.00121077574539694
"AT5G01210",9.76889510134788e-09,-0.419442011716063,0.041,0.102,0.00123472972743976
"AT2G44770",1.01428646505473e-08,-0.0692440085316681,0.061,0.13,0.00128199723464128
"AT2G19460",1.10205679648627e-08,-0.360853726287777,0.059,0.126,0.00139293366735085
"AT2G47890",1.14695051402349e-08,-0.289238093210389,0.052,0.116,0.00144967663269485
"AT2G16370",1.16607757035223e-08,-0.527452813929965,0.041,0.102,0.00147385208427099
"AT5G55530",1.19487692198267e-08,-0.469224669951066,0.042,0.103,0.00151025273677077
"3:21727501-21728379",1.23150210029621e-08,1.59580971792483,0.12,0.073,0.00155654476464839
"AT1G52780",1.27075680809177e-08,-0.220485366650851,0.04,0.1,0.00160616036001951
"AT4G22666",1.2963497306326e-08,-0.945347042270017,0.253,0.365,0.00163850827853577
"AT2G22640",1.3262178908562e-08,-0.216995638814112,0.051,0.115,0.00167625984096878
"AT3G58760",1.3289478369103e-08,-0.429189536965299,0.045,0.105,0.0016797103289844
"AT3G49960",1.35747361790075e-08,-0.824730890425533,0.059,0.125,0.00171576520460948
"AT4G05450",1.3590233898006e-08,-0.0561899323473862,0.043,0.104,0.00171772402330457
"AT5G46700",1.40798830763363e-08,-0.435292927117166,0.058,0.124,0.00177961274155046
"AT3G52370",1.41451620001319e-08,-0.300101411344504,0.058,0.124,0.00178786360584467
"AT4G35985",1.47189577240939e-08,-0.624347124706016,0.066,0.133,0.00186038794257912
"AT4G02200",1.48214832019163e-08,-0.0113899300214149,0.064,0.133,0.00187334654782301
"2:18422714-18423585",1.48247338849217e-08,1.42526957369341,0.122,0.074,0.00187375741465079
"AT3G56980",1.49369398756385e-08,-0.710001720544135,0.055,0.119,0.00188793957864145
"AT4G32260",1.49741869789275e-08,-0.380377005114895,0.042,0.103,0.00189264738901457
"AT3G54950",1.60137780100054e-08,-0.0294781406392701,0.056,0.122,0.00202404545779662
"AT4G26540",1.63560995040477e-08,-0.247636272099375,0.043,0.104,0.0020673128407146
"AT3G56400",1.65250990935423e-08,-0.651452505066489,0.074,0.141,0.00208867337482919
"3:22513166-22513995",1.66216764796445e-08,1.5176047096077,0.115,0.069,0.00210088017696819
"AT3G44990",1.74060750931156e-08,-0.00206441808151636,0.065,0.134,0.00220002345531925
"AT5G10290",1.76887142365868e-08,-0.124855652979668,0.055,0.12,0.00223574734721915
"AT3G60640",1.78134379908716e-08,-0.47635717777144,0.046,0.106,0.00225151168141823
"AT4G39800",1.7842006618427e-08,-0.453779168117872,0.076,0.147,0.00225512258452946
"AT3G43590",1.86044978700602e-08,-0.38202072410927,0.05,0.113,0.00235149690378839
"AT1G76640",1.90007052678569e-08,-0.25069903130592,0.164,0.257,0.0024015751416255
"AT5G65360",1.91210772390182e-08,-0.450654523125907,0.315,0.45,0.00241678943654846
"AT3G18280",1.92338942449844e-08,0.122405759905358,0.19,0.306,0.00243104882920056
"AT4G14746",1.94659502990518e-08,-0.368386127431958,0.045,0.104,0.00246037932209835
"AT1G03905",1.95309917667824e-08,-0.374114478379497,0.051,0.114,0.00246860017337069
"AT1G59750",2.02186716459756e-08,-0.419917772579645,0.047,0.108,0.00255551878402143
"4:2717227-2718174",2.02331584819859e-08,1.48095672971956,0.101,0.058,0.00255734983317213
"AT1G53780",2.02340454263799e-08,-0.117833544721137,0.091,0.168,0.00255746193762186
"AT5G04240",2.02367523388001e-08,-0.34339724016404,0.05,0.112,0.00255780407511029
"AT2G42750",2.04126412606095e-08,-0.409515785677204,0.051,0.114,0.00258003537949348
"AT4G27657",2.07158873603199e-08,-0.731334704653866,0.046,0.106,0.00261836386702027
"AT5G66950",2.08832488538865e-08,-0.304440562141211,0.047,0.108,0.00263951735563813
"AT1G12500",2.16974753167299e-08,-0.125367674317118,0.045,0.105,0.00274243069518275
"AT3G19000",2.38556557429961e-08,-0.4482828225153,0.043,0.103,0.00301521175198025
"AT1G27520",2.3992677125749e-08,-0.359934127499264,0.066,0.133,0.00303253043263192
"AT1G02960",2.47502733676842e-08,-0.59236317972992,0.042,0.101,0.00312828605203508
"AT1G20823",2.5465774100811e-08,-0.185584814468777,0.183,0.286,0.00321872105169791
"AT3G22530",2.60308579389731e-08,-0.583606353534609,0.043,0.102,0.00329014425833856
"AT1G30755",2.64036663926728e-08,-0.547894414607454,0.047,0.105,0.00333726501003549
"AT1G52540",2.69667161890275e-08,-0.351849054554282,0.047,0.107,0.00340843112599594
"AT5G11790",2.73811550217521e-08,-0.50990727832609,0.057,0.12,0.00346081370781933
"AT4G23800",2.80584051383589e-08,-1.24100012835205,0.084,0.153,0.00354641405905773
"AT1G14690",2.90800875557276e-08,-0.128933303051063,0.049,0.111,0.00367554858651863
"AT3G47680",3.18583234952452e-08,-0.262289321618851,0.049,0.109,0.00402670093985802
"AT2G22900",3.30662864545074e-08,-0.230655756328658,0.049,0.11,0.00417938021013101
"AT2G35860",3.50850055040711e-08,-0.182616585017424,0.048,0.108,0.00443453418568157
"AT3G62700",3.64869325346934e-08,-0.446109437145894,0.048,0.108,0.00461172935079004
"AT2G46400",3.66647522037107e-08,-0.297936943264985,0.085,0.158,0.00463420469003581
"AT5G58870",3.86745555567538e-08,-0.199345358140733,0.047,0.106,0.00488823177504034
"AT5G38690",3.90130828307834e-08,-0.169074030519087,0.049,0.11,0.00493101959131403
"AT1G72650",3.93886277093015e-08,-0.559815895672467,0.045,0.102,0.00497848621068945
"AT1G10090",4.01095891467064e-08,-0.435716566495034,0.048,0.107,0.00506961141060882
"AT1G74310",4.01511885902551e-08,-0.656602335646984,0.047,0.105,0.00507486933067671
"AT5G06370",4.18727511612472e-08,-0.472473569372732,0.043,0.101,0.00529246451027468
"AT2G24762",4.2793767458162e-08,-0.45502728923248,0.062,0.128,0.00540887544410692
"AT4G14760",4.35017962377585e-08,-0.347677129965311,0.049,0.109,0.00549836603367525
"AT4G34920",4.43980928938768e-08,-0.374842027915326,0.048,0.108,0.00561165255322867
"AT2G30860",4.59603517191025e-08,-0.6369387092351,0.691,0.838,0.00580911269518424
"AT4G09550",4.88175726891048e-08,-0.423841285882161,0.045,0.102,0.00617024828246671
"AT5G11600",5.05729654783985e-08,-0.349386786506548,0.046,0.104,0.0063921193986767
"AT1G04200",5.14769862979405e-08,-0.24466979042267,0.047,0.105,0.00650638220614189
"AT2G41060",5.16314412612958e-08,-0.229298165705294,0.05,0.11,0.00652590438678022
"AT1G12090",5.21171200658731e-08,-0.865489301741792,0.276,0.39,0.00658729127360596
"AT5G13090",5.38081426261157e-08,-0.331271519790919,0.047,0.105,0.00680102637908526
"AT1G60940",5.41373650786471e-08,0.10411118525331,0.133,0.222,0.00684263812175052
"AT1G74660",5.5114925222245e-08,-0.226663368436593,0.095,0.169,0.00696619585854043
"AT3G15530",5.52419583002285e-08,-0.264550534331619,0.055,0.118,0.00698225207739908
"AT4G19030",5.59541815659554e-08,-0.954467301476103,0.103,0.175,0.00707227282484737
"AT3G19370",5.7027251309812e-08,-0.0843662650244963,0.081,0.153,0.00720790240205238
"AT1G21050",6.18559710736337e-08,-0.570887747758373,0.05,0.109,0.00781822360788086
"AT1G15950",6.42977313851932e-08,-0.0326140241639923,0.122,0.207,0.00812684746070011
"AT1G31070",6.53935726443157e-08,-0.0624929698527121,0.045,0.102,0.00826535522080563
"AT1G08500",6.771449492552e-08,-0.434949834894829,0.057,0.118,0.00855870587161617
"AT4G26860",6.79020735622123e-08,-0.125113649685105,0.046,0.104,0.00858241468582226
"AT4G13730",6.84360828086372e-08,-0.155105050358313,0.05,0.11,0.00864991025051489
"AT5G15080",7.07826101641434e-08,-0.372566308053005,0.043,0.1,0.00894649722908674
"AT1G61660",7.11779934992052e-08,1.44244633748738,0.124,0.079,0.00899647131033854
"AT2G24755",7.57635927324716e-08,-0.284281455373399,0.045,0.101,0.00957606353982802
"AT1G22810",8.56503686648984e-08,-0.690777629903326,0.055,0.113,0.0108256926970312
"AT3G05880",8.65019928844468e-08,0.0302371602150297,0.351,0.505,0.0109333328886368
"AT1G33490",8.9182997507307e-08,-0.434669100742619,0.046,0.102,0.0112721957869386
"AT2G22010",8.93764654977795e-08,-0.256464500198998,0.046,0.102,0.0112966489801263
"AT1G13830",9.18239797995045e-08,-0.487571148835866,0.046,0.102,0.0116060001027786
"AT5G44350",9.22103463178312e-08,-0.292468714404197,0.07,0.136,0.011654834512496
"AT2G47710",9.31473309140965e-08,0.10309945214967,0.079,0.15,0.0117732637435563
"AT1G29400",9.45828005596258e-08,-0.392429962771098,0.07,0.134,0.0119546984939333
"AT3G15920",9.53179534792414e-08,-0.298010903277218,0.049,0.107,0.0120476174120552
"AT2G39580",9.79158858774255e-08,-0.0672872497401782,0.079,0.148,0.0123759804795913
"AT5G48480",1.0204002192468e-07,-0.689075756493022,0.05,0.107,0.012897246531148
"AT3G53620",1.03607615422225e-07,-0.449839507746905,0.056,0.116,0.0130953809436767
"5:26842064-26842999",1.06499914886982e-07,1.33168504945745,0.11,0.067,0.0134609502422252
"AT1G03380",1.15679806407227e-07,-0.0396814081412065,0.05,0.108,0.014621233451035
"AT5G12390",1.1584615374467e-07,-0.257532476914189,0.045,0.1,0.0146422587564038
"AT5G10490",1.16515554354196e-07,-0.309081662874067,0.045,0.1,0.0147268669770442
"AT4G01897",1.1704102157923e-07,-0.158145884259135,0.05,0.109,0.0147932828814852
"AT3G27360",1.17734126214969e-07,-0.338239163224476,0.192,0.292,0.0148808871488148
"AT2G40890",1.19868517877307e-07,0.244291681069123,0.172,0.276,0.0151506614485844
"AT5G24320",1.23959647267017e-07,-0.696439236104155,0.047,0.101,0.0156677556566674
"AT5G60890",1.29723553364634e-07,-0.317912219906595,0.05,0.108,0.0163962788039696
"AT1G33590",1.30319432014046e-07,-0.185060362945933,0.057,0.117,0.0164715942899834
"AT2G26110",1.30537558543052e-07,-0.347542911862156,0.047,0.103,0.0164991641744906
"AT4G28830",1.31664154989627e-07,-0.0997468989015262,0.067,0.131,0.016641559205759
"AT2G34070",1.35506921026222e-07,-0.409409005109632,0.062,0.124,0.0171272617761883
"AT5G10510",1.36011430178229e-07,-0.423293329511885,0.05,0.107,0.0171910287059471
"AT3G50530",1.37007314120842e-07,-0.0399537642182812,0.054,0.113,0.0173169024609897
"AT5G14880",1.39303085608631e-07,-0.351336904453544,0.068,0.131,0.0176070742024173
"AT2G01690",1.52441160610276e-07,-0.113457755869852,0.056,0.115,0.0192676480541752
"AT5G55640",1.5506876708075e-07,-0.179984796994794,0.046,0.101,0.0195997617464043
"AT1G06570",1.61663283398311e-07,-0.307617986302671,0.046,0.101,0.0204332690418461
"AT5G35430",1.6314605793018e-07,-0.211130395395042,0.046,0.101,0.0206206828460271
"AT5G65060",1.67119588512342e-07,-0.310419284995659,0.058,0.118,0.021122913270429
"AT3G09220",1.68358122967679e-07,-0.448086875712081,0.089,0.156,0.0212794565943768
"AT5G37260",1.72262868432182e-07,-0.365782179767526,0.07,0.134,0.0217729929926172
"AT2G40113",1.83400628417542e-07,-0.976953769653306,0.058,0.117,0.0231807390282069
"AT1G31770",1.84819636247147e-07,-0.274790826788927,0.066,0.129,0.0233600931038219
"AT4G27720",2.04417969563884e-07,-0.169948450018309,0.08,0.147,0.0258372048450576
"AT1G48320",2.15760529601985e-07,-0.0727169399189371,0.082,0.15,0.0272708363785134
"AT3G50930",2.19423654132209e-07,0.0754400836528395,0.097,0.17,0.0277338333403864
"AT1G77885",2.2058054119096e-07,-0.550993639484849,0.068,0.129,0.0278800569232902
"AT4G34800",2.38231048670215e-07,-0.0550058070621131,0.055,0.112,0.0301109751656231
"AT3G53650",2.54066333546703e-07,-0.516145582569673,0.105,0.176,0.032112460162302
"3:1286924-1287885",2.59060607188388e-07,1.53457747436029,0.113,0.07,0.0327437063849692
"AT5G46790",2.59848663963606e-07,-0.384237723083686,0.051,0.107,0.032843312033016
"5:694280-695199",2.61040967064474e-07,1.57449971805039,0.103,0.062,0.0329940119911472
"AT1G77800",2.6606308938486e-07,-0.370047779621208,0.048,0.102,0.03362877811971
"1:26811530-26812419",2.75972333122624e-07,-0.353392189395098,0.054,0.11,0.034881247072701
"4:17708810-17709715",3.18752040762149e-07,1.56008540869529,0.118,0.076,0.0402883454400911
"AT5G09870",3.27729794073086e-07,-0.088857237848992,0.054,0.111,0.0414230795920736
"AT5G59870",3.32200831074444e-07,-0.481331306855604,0.255,0.36,0.0419881918428233
"AT1G63700",3.34183851133135e-07,0.130664541460899,0.09,0.162,0.0422388336801215
"3:23153211-23154127",3.41036748174872e-07,1.56985369004154,0.101,0.062,0.0431049987488148
"AT2G26830",3.5656612911042e-07,-0.0361943332923991,0.051,0.107,0.0450678193227825
"4:13903670-13904625",4.41463740230574e-07,1.51580238168219,0.109,0.069,0.0557983679827032
"AT1G65060",4.72121876439035e-07,-0.0649385159713898,0.08,0.146,0.0596733724506354
"AT1G29640",5.20397661094756e-07,0.212767779803888,0.093,0.162,0.0657751419764106
"AT2G17880",5.45035120625864e-07,-0.486473479619679,0.049,0.101,0.0688891690363855
"AT5G18130",5.53756083846395e-07,-0.232750606230142,0.065,0.124,0.0699914464616813
"AT1G53633",5.60436838456749e-07,-0.107543764844217,0.072,0.134,0.0708358537599024
"AT5G18780",6.10767623879174e-07,-0.123598372415408,0.052,0.106,0.0771973630525843
"5:24713036-24713926",6.2141827883444e-07,1.40784839835545,0.108,0.068,0.0785435419350002
"AT4G31730",6.25575742800332e-07,-0.128317811419465,0.089,0.157,0.0790690204355052
"AT1G08990",6.36138623792034e-07,-0.243556030483994,0.048,0.1,0.0804041052155704
"AT4G38060",6.74803895740863e-07,0.120633857518262,0.138,0.219,0.0852911635982706
"2:19027356-19028269",6.88004711646428e-07,1.39537406791061,0.109,0.069,0.0869596675238387
"AT1G30135",6.97699094789144e-07,-0.181758731528377,0.12,0.194,0.088184979386779
"AT5G62210",7.29985547256825e-07,-0.614870112406141,0.07,0.13,0.0922657932599791
"2:18866560-18867490",7.49066156879863e-07,1.44884518518591,0.116,0.075,0.0946774678326734
"AT2G37150",7.7009582127883e-07,-0.375356538778574,0.055,0.108,0.0973354912347165
"AT3G21770",7.70392339441813e-07,-0.273223466699669,0.069,0.128,0.0973729693514085
"AT2G01980",7.73332326545127e-07,-0.204786775523305,0.052,0.106,0.0977445660813447
"AT3G46590",7.82578665434993e-07,-0.135540493274168,0.06,0.117,0.0989132478389906
"AT5G07322",8.23001638998316e-07,0.0965373013642412,0.138,0.223,0.104022469159553
"AT5G44585",8.48460052655301e-07,-0.301178367156452,0.1,0.169,0.107240259895314
"AT1G31935",8.51133118992218e-07,-0.0422902156603371,0.109,0.182,0.107578119441902
"AT5G62350",8.7522402314537e-07,0.0310193057914379,0.115,0.191,0.110623065181436
"AT2G26730",8.8986749143643e-07,-0.220515646467868,0.062,0.119,0.112473911712616
"AT5G51190",8.91500014352795e-07,-0.265413657223512,0.089,0.153,0.112680252814107
"AT3G25730",9.21119791037568e-07,0.055792427482718,0.057,0.113,0.116424014868402
"AT1G11380",9.29779688291227e-07,0.233938808757373,0.078,0.14,0.117518573921881
"AT2G25930",9.5888195091808e-07,-0.260638193531013,0.052,0.106,0.12119692530434
"5:26949449-26950394",9.61240827823673e-07,1.20857834845413,0.12,0.078,0.121495073191945
"AT1G21090",9.85377642338698e-07,-0.343980753429638,0.052,0.105,0.124545821725757
"AT1G63690",1.03166311299414e-06,-0.133303045466793,0.056,0.111,0.130396027503781
"AT1G80680",1.03324210112335e-06,-0.124251065550941,0.049,0.101,0.130595602129385
"AT1G29050",1.10906450643307e-06,-0.287170314889048,0.081,0.144,0.140179099226102
"AT1G48750",1.11793918506022e-06,-0.346882386299413,0.463,0.613,0.141300805356502
"AT1G73500",1.12324658653601e-06,-0.26011256417651,0.06,0.116,0.141971629058633
"1:172955-173846",1.25043371745903e-06,1.41987379718173,0.1,0.062,0.158047319284517
"2:17489509-17490324",1.2529125397176e-06,1.39345313426591,0.11,0.071,0.158360627545066
"AT2G16586",1.26814162857387e-06,0.0923470476275585,0.076,0.137,0.160285493001965
"AT5G47870",1.32472625645992e-06,-0.117366481947114,0.091,0.157,0.167437450458996
"5:26394124-26395036",1.32583541589959e-06,1.33726011931976,0.1,0.062,0.167577641557213
"AT5G43850",1.38290090247574e-06,-0.0217223279343566,0.065,0.122,0.174790376667518
"AT1G02860",1.56851245410246e-06,0.0775773971747364,0.069,0.126,0.198250563123827
"AT1G55325",1.5737451694609e-06,-0.307295290193352,0.069,0.126,0.198911946948841
"3:3697228-3698158",1.59182679615455e-06,1.37225990047044,0.1,0.062,0.201197356073158
"AT2G41800",1.60624729372009e-06,-0.39312413824388,0.144,0.219,0.203020020442457
"AT1G65960",1.73181583097563e-06,-0.0553831734701005,0.119,0.19,0.218891130140334
"AT3G24500",1.73323368127369e-06,-0.192279629376145,0.135,0.211,0.219070337910906
"AT1G69850",1.80727254524231e-06,-0.365706257946709,0.05,0.1,0.228428406083357
"AT1G22910",2.03760390501888e-06,0.0407065051277584,0.059,0.114,0.257540907970957
"AT4G24960",2.1157883950031e-06,-0.0921777564390558,0.103,0.17,0.267422958398022
"AT4G34050",2.12881607792107e-06,-0.0770108734227091,0.445,0.603,0.269069579352756
"AT1G70700",2.52122616760735e-06,-0.347148210062814,0.084,0.143,0.318667860228563
"AT5G46890",2.68412154376302e-06,-1.01522952804253,0.501,0.646,0.339256858402383
"AT5G52050",2.75922691044927e-06,-0.36668034987624,0.077,0.134,0.348749726119325
"AT1G75295",2.80564442347331e-06,-0.273367073812912,0.057,0.109,0.354616621260486
"AT5G28610",2.86676101857101e-06,-0.206777305002944,0.087,0.148,0.362341392181264
"AT5G57340",3.25199469607835e-06,-0.0389165084756788,0.082,0.142,0.411032617616127
"AT4G28600",3.33041389782309e-06,-0.000611463716606586,0.055,0.106,0.420944334201451
"AT5G18640",3.34877544718943e-06,-0.0331999478916867,0.059,0.111,0.423265123872061
"2:18626850-18627749",3.45134263540483e-06,-0.190478175713631,0.056,0.108,0.436229001059359
"AT3G20660",3.51596432499619e-06,-0.0911079257380716,0.058,0.11,0.444396794893568
"AT4G18890",3.59928846365504e-06,-0.0413529936598693,0.054,0.105,0.454928466075215
"AT2G14900",3.91617767123565e-06,-0.468314335604646,0.085,0.143,0.494981360578159
"2:19594860-19595786",3.95978954426113e-06,1.50197058507393,0.103,0.066,0.500493639657341
"AT3G14310",4.01654116342508e-06,0.175992443829577,0.223,0.322,0.50766670380995
"AT1G21000",4.0377760341866e-06,0.0126867288259027,0.076,0.134,0.510350664064982
"AT3G59680",4.24801993315072e-06,1.57295648350291,0.103,0.067,0.536924231430651
"AT2G40900",4.29569152441399e-06,-0.293469529569376,0.091,0.152,0.542949634536782
"4:17985695-17986605",4.41693620945038e-06,1.36262506210945,0.103,0.066,0.558274235257272
"AT3G47340",4.626339841773e-06,-0.0878451850483266,0.105,0.171,0.584741597961057
"AT3G23250",4.86236756769227e-06,-0.361614518434563,0.133,0.201,0.614574086350897
"2:19231903-19232684",5.35877831664422e-06,1.36863275075227,0.1,0.064,0.67731742655393
"AT4G29100",5.48880326649759e-06,-0.0139759141069815,0.055,0.104,0.693751800065697
"AT1G80050",5.81477903772371e-06,-0.242094430291083,0.074,0.129,0.734953181694051
"AT4G08770",5.84898276986368e-06,-0.544601408634835,0.055,0.103,0.73927632821415
"AT4G21410",5.96538706713375e-06,-0.110811782007645,0.074,0.128,0.753989132963303
"AT2G24280",6.24319660696901e-06,-0.0662251249325445,0.056,0.105,0.789102591941241
"2:9054627-9055475",7.29111504815805e-06,1.34257325476039,0.104,0.067,0.921553195396888
"AT3G15353",1.04644396342223e-05,-0.29240940387881,0.062,0.112,1
"AT1G08920",1.05882367387041e-05,-0.136057236936607,0.159,0.233,1
"AT1G27921",1.07521221825877e-05,-0.17310745040629,0.061,0.11,1
"AT2G33480",1.19759008344134e-05,-0.336168960015816,0.057,0.104,1
"AT3G06750",1.34636512069519e-05,-0.357962464887332,0.069,0.12,1
"AT5G54370",1.36232728236177e-05,-1.21271250017601,0.066,0.115,1
"AT1G61210",1.39785909618239e-05,-0.00130006321911091,0.058,0.105,1
"AT5G65870",1.40075821052093e-05,-0.191586082218804,0.081,0.136,1
"AT1G63090",1.45090412257513e-05,-0.235427571509542,0.093,0.149,1
"AT1G12080",1.73281398692697e-05,-0.308252542783198,0.363,0.485,1
"AT5G58787",1.75929255102686e-05,-0.0337440883406495,0.077,0.131,1
"1:3071852-3072652",1.78996378837895e-05,0.0276688478443741,0.061,0.11,1
"AT1G05320",1.81219405071474e-05,-0.043487470214171,0.075,0.126,1
"AT3G15770",2.08041067865289e-05,-0.0972980452933294,0.062,0.11,1
"AT1G11960",2.26552137383208e-05,0.0217720997880826,0.1,0.16,1
"AT1G64390",2.46269585073982e-05,0.152346265518369,0.064,0.111,1
"AT2G37040",2.80485878303321e-05,0.035107630924564,0.332,0.452,1
"AT2G01460",2.93918480118268e-05,0.0215014184054159,0.062,0.109,1
"AT4G24060",2.95100676096902e-05,-0.247363288869975,0.074,0.123,1
"AT5G55790",2.95933203810538e-05,0.0576708248561375,0.06,0.107,1
"AT4G21960",3.17359175090838e-05,0.163901273221027,0.544,0.698,1
"AT2G46690",3.45893705597983e-05,0.0192757630413052,0.104,0.162,1
"AT2G43910",4.46388978982863e-05,0.0749310272247184,0.226,0.32,1
"5:5033265-5034181",4.60087272226528e-05,0.168773236374236,0.059,0.104,1
"ATCG00100",4.91517096827878e-05,0.0568984586832286,0.057,0.101,1
"AT1G62480",5.10785603117531e-05,-0.398898817082181,0.763,0.874,1
"AT5G47720",5.170403858334e-05,-0.0899479888167853,0.101,0.157,1
"AT1G31710",5.26149381865348e-05,1.4335057486053,0.119,0.086,1
"2:3332666-3333422",5.7792409523331e-05,-0.860382341094071,0.061,0.103,1
"2:3334075-3334830",6.00860217699106e-05,-0.6999472498657,0.074,0.118,1
"AT1G11580",6.05788526324178e-05,0.166476348209151,0.297,0.409,1
"AT3G59370",6.13098711475115e-05,-0.29868233167879,0.087,0.139,1
"AT4G15340",6.22075140169432e-05,-0.269184303215872,0.103,0.156,1
"AT5G43700",6.81599464718174e-05,0.282394658349524,0.126,0.191,1
"AT3G06290",6.87587796450771e-05,-0.159818559902629,0.071,0.117,1
"AT1G03040",7.41459341426663e-05,0.10350615341301,0.059,0.102,1
"AT5G12110",7.58447381291761e-05,-0.116514233336991,0.065,0.109,1
"AT2G01850",8.87075233821125e-05,0.179291053943448,0.091,0.145,1
"2:3496932-3497822",9.58841923501477e-05,-0.912591794092552,0.071,0.112,1
"AT4G15330",0.00011082571109463,-0.349643739178846,0.059,0.1,1
"AT4G01330",0.000111123537903884,0.0799204393510502,0.064,0.108,1
"AT5G38280",0.00011630293232664,0.135688678771807,0.064,0.107,1
"AT5G43270",0.000125337953803748,-0.0270104899682106,0.062,0.105,1
"AT3G10340",0.000126035447098216,1.6718728521073,0.114,0.083,1
"AT4G23690",0.000143249199545225,-0.298883028104962,0.179,0.248,1
"AT2G35290",0.000152245846571768,-0.153059876437911,0.06,0.101,1
"AT5G64390",0.000157358689892081,-0.11590875239364,0.061,0.102,1
"AT1G56230",0.000160107540563473,-0.126847842233611,0.06,0.101,1
"AT2G43120",0.000164240347909924,0.35624050674974,0.066,0.109,1
"AT5G57887",0.000167913873526056,-0.175915056633583,0.059,0.1,1
"1:21206799-21207717",0.000191773984905996,1.33963848288813,0.166,0.134,1
"AT3G06355",0.000193816905256663,-0.0043702339287055,0.905,0.976,1
"4:13674362-13675298",0.00019995075689061,1.05810195150914,0.107,0.076,1
"AT3G13750",0.000204827507059947,0.518188807061377,0.125,0.186,1
"AT4G14130",0.000251007910598012,-0.211926801952084,0.088,0.134,1
"2:3496922-3497826",0.000272868483285583,-1.02207706528477,0.066,0.101,1
"AT5G47910",0.000305883450448504,0.104685883628787,0.075,0.117,1
"AT5G60530",0.000320796156954393,-1.54512002749799,0.064,0.102,1
"AT4G31910",0.000335877592074754,0.146512790921707,0.08,0.126,1
"AT5G07030",0.000343349638698778,0.374946620828209,0.074,0.117,1
"AT4G23810",0.000351562762003557,-0.0571025449449531,0.075,0.116,1
"AT2G15890",0.000353252788595112,0.0448005436610952,0.117,0.168,1
"2:3334966-3335832",0.000389086735835847,-0.582579494443727,0.068,0.103,1
"AT5G23760",0.000412321918731631,0.209838187850158,0.085,0.131,1
"AT1G75500",0.000439520289433393,1.37584435799756,0.183,0.155,1
"2:3312967-3313797",0.00044789292743438,-0.810909514988462,0.068,0.102,1
"AT1G69890",0.000472385281030131,-0.219099474222637,0.071,0.111,1
"AT2G01910",0.000477134652330244,0.293649668161906,0.126,0.184,1
"AT3G59690",0.000560814463945178,0.265128166251152,0.067,0.107,1
"AT4G34230",0.000568664168327847,0.572076802760761,0.089,0.136,1
"2:3312952-3313786",0.000590991934611757,-0.663133635466823,0.081,0.119,1
"2:3376424-3377444",0.000610538309031718,-0.435904647718441,0.068,0.104,1
"AT2G45470",0.000657371965568036,0.390472318830445,0.135,0.194,1
"2:3334983-3335858",0.00069521439810954,-0.681022173727281,0.08,0.117,1
"AT5G42030",0.0007151522746317,-0.074713573948475,0.065,0.102,1
"AT3G51950",0.000907407565337216,0.475881274407856,0.162,0.229,1
"AT4G36520",0.000978342707452468,0.168451003616886,0.089,0.131,1
"AT1G72230",0.00108276716169156,0.0554972008582286,0.09,0.132,1
"2:3398409-3399315",0.00134097696985009,-0.604971744265488,0.072,0.106,1
"2:3314344-3315145",0.00137533918359066,-0.980453917220727,0.077,0.107,1
"3:1959475-1960255",0.00163537011963303,0.24144221193363,0.065,0.1,1
"AT1G75750",0.00189018173614119,-0.263827319027308,0.599,0.733,1
"AT3G28180",0.00189962004139093,0.395908022207203,0.147,0.203,1
"2:3377633-3378795",0.00207807019076246,-0.897638349841036,0.08,0.11,1
"AT5G13740",0.0021943085447051,0.34743487277147,0.087,0.127,1
"AT4G11210",0.00222573505059872,-0.27652910419253,0.103,0.143,1
"2:3336997-3338369",0.00282939892856026,-0.641428580457819,0.08,0.112,1
"AT1G76040",0.0029414002647572,1.36507212196381,0.104,0.08,1
"AT3G17120",0.00354236820902328,0.42915426860541,0.087,0.126,1
"AT4G33550",0.00401238566263891,0.353062992008379,0.081,0.117,1
"AT2G22850",0.00414399933154459,0.279660261328239,0.133,0.181,1
"2:3334088-3334820",0.00467708963470898,-0.931159733706765,0.076,0.102,1
"AT1G55330",0.00545516119599568,-0.123229983740469,0.479,0.595,1
"AT1G67080",0.00552249904232732,0.423633466574363,0.082,0.118,1
"AT5G40910",0.00575028457259024,0.455507017534737,0.086,0.121,1
"AT2G38120",0.00643793303327876,0.451873011879007,0.124,0.168,1
"2:3313944-3315118",0.00673194893495057,-0.76373061110798,0.111,0.142,1
"AT4G18610",0.0072839290700057,0.33733856658133,0.076,0.108,1
"AT3G23090",0.00766046032518186,0.327427367770854,0.124,0.166,1
"2:3486003-3486838",0.00788938942112459,-0.61931030139965,0.089,0.118,1
"AT1G18880",0.00885722482673251,0.60240287498961,0.085,0.118,1
"AT4G38080",0.00899255666985558,-0.812152690157278,0.079,0.109,1
"AT1G51680",0.0092317437132979,0.508034745496848,0.145,0.194,1
"AT5G48930",0.0100331843721727,0.478177221191907,0.221,0.291,1
"AT2G36420",0.010424071323073,0.320733262117879,0.089,0.122,1
"AT3G12090",0.0107747739359195,0.414645571934277,0.082,0.114,1
"AT1G60989",0.0123209193551696,0.451761071691381,0.146,0.193,1
"AT1G66180",0.0136398394658426,0.391145145331814,0.142,0.185,1
"AT3G41768",0.0142321290406549,0.28018362494937,0.829,0.912,1
"AT5G22050",0.0142344297866334,0.558110778794979,0.077,0.107,1
"AT3G45960",0.0185060839083016,-0.252202121666933,0.078,0.104,1
"AT4G14010",0.0188870528675442,0.281841724087282,0.324,0.411,1
"AT2G22860",0.0226003021988719,0.483152707697997,0.324,0.322,1
"AT3G23800",0.0240806918945167,0.438890775629522,0.104,0.138,1
"2:3377605-3378795",0.0289207379759293,-0.561321073482826,0.107,0.132,1
"AT5G24800",0.0316747052060557,0.0328705596152232,0.088,0.114,1
"AT5G19110",0.0409237306642967,0.350347539335991,0.175,0.218,1
"AT3G16340",0.04331909888502,0.272250149146008,0.127,0.16,1
"AT2G33830",0.0469590402411944,0.399692532704899,0.268,0.333,1
"1:2436726-2437639",0.0470090557637017,0.873235050187612,0.137,0.122,1
"AT5G11070",0.0472912475394776,0.349214427365861,0.216,0.267,1
"AT2G29440",0.0491977966237268,0.116243412758926,0.188,0.23,1
"AT2G36650",0.0517113572432183,0.101515093095512,0.077,0.1,1
"AT1G79310",0.0533250557201402,0.452951055280134,0.133,0.167,1
"AT4G22212",0.0537163439614031,0.268175258682382,0.469,0.589,1
"AT4G01450",0.0634719031511927,0.396669957713462,0.1,0.127,1
"AT4G18280",0.0667978794490287,1.05592151384835,0.108,0.094,1
"AT4G18340",0.0768246306884359,0.341494283751068,0.155,0.188,1
"AT1G25230",0.0898046086777186,0.216377499473266,0.116,0.142,1
"AT4G34600",0.091057170678792,0.137872794890194,0.289,0.346,1
"AT5G08350",0.101350132552057,0.53614602821765,0.133,0.163,1
"AT5G05960",0.102648986474983,0.922111575887302,0.348,0.457,1
"AT4G25810",0.116667243197847,0.320259514896194,0.113,0.136,1
"AT2G44300",0.124324517597758,1.20260626933963,0.105,0.095,1
"AT2G02130",0.128242027075883,0.00872922251569119,0.576,0.709,1
"AT1G28400",0.132850725888547,0.524681957383064,0.165,0.202,1
"AT4G02590",0.152273076026833,0.550089433471105,0.086,0.106,1
"AT1G10682",0.179817858956372,-0.143996716560171,0.638,0.753,1
"AT5G23050",0.198671179798783,0.811904276473237,0.094,0.113,1
"AT1G11185",0.234060308764781,0.666456856188103,0.13,0.123,1
"AT3G21240",0.242293984006387,0.637743424819973,0.096,0.115,1
"AT1G09460",0.345124368882518,0.53601826094346,0.106,0.122,1
"AT1G64660",0.427770065591222,0.866960859104029,0.137,0.135,1
"AT2G04800",0.439110811098135,0.513251517704889,0.223,0.257,1
"AT5G03610",0.446563630614611,0.712083482905196,0.133,0.131,1
"AT5G54980",0.459040907542326,1.04206908092277,0.109,0.108,1
"AT1G23800",0.465241621208393,0.737750141353837,0.097,0.111,1
"AT2G13820",0.559345318256725,0.306871549172533,0.144,0.144,1
"AT3G16470",0.579233047511653,0.894486524229936,0.124,0.126,1
"5:24939100-24939913",0.733776082315004,0.852840571626096,0.116,0.118,1
"AT2G02100",0.789988920743496,0.760864969561681,0.37,0.431,1
"AT1G32100",0.806422641026073,0.707182045661165,0.101,0.109,1
"AT1G71880",0.985590966372899,0.65244224562115,0.138,0.145,1
