baseMean	log2FoldChange	lfcSE	stat	pvalue	padj	TAIR	SYMBOL	GENENAME
14831.5877043993	2.34570824034673	0.0980967297548423	23.9121961171284	2.28699530719625e-126	5.12195468999673e-122	AT3G53980	NA	NA
773.021471301383	-2.68337311466054	0.121077803733279	-22.1623867622485	7.92377737106917e-109	8.87304590012326e-105	AT5G23010	GSM1; IMS3; MAM1	Encodes a methylthioalkylmalate synthase, catalyzes the condensation reactions of the first two rounds of methionine chain elongation in the biosynthesis of methionine-derived glucosinolates.
6320.4578950633	2.77301135606102	0.126269119810685	21.9611205037193	6.78063170817103e-107	5.06196759120661e-103	AT2G15970	ATCOR413-PM1; ATCYP19; COR413-PM1; FL3-5A3; WCOR413; WCOR413-LIKE	encodes an alpha form of a protein similar to the cold acclimation protein WCOR413 in wheat. Expression is induced by short-term cold-treatment, water deprivation, and abscisic acid treatment.
1545.98932474721	3.09452080791672	0.148329979627003	20.8624097144645	1.17594788636968e-96	6.58413221578386e-93	AT5G11110	ATSPS2F; KNS2; SPS1; SPS2F; SPSA2	Encodes a protein with putative sucrose-phosphate synthase activity.Involved in pollen exine formation.
1463.4855436026	4.20516129325885	0.217749468281416	19.3119245086935	4.26384320649204e-83	1.90986064905192e-79	AT4G33550	NA	NA
812.037995160481	3.86262252264149	0.228478468822711	16.9058491268108	4.07413648776544e-64	1.38052439078719e-60	AT5G59320	LTP3	Predicted to encode a PR (pathogenesis-related) protein.  Belongs to the lipid transfer protein (PR-14) family with the following members:   At2g38540/LTP1, At2g38530/LTP2, At5g59320/LTP3, At5g59310/LTP4, At3g51600/LTP5, At3g08770/LTP6, At2g15050/LTP7, At2g18370/LTP8, At2g15325/LTP9, At5g01870/LTP10, At4g33355/LTP11, At3g51590/LTP12, At5g44265/LTP13, At5g62065/LTP14, At4g08530/LTP15.
2633.22359150369	-1.99821770462601	0.118266668812446	-16.8958652906248	4.82582098742677e-64	1.38052439078719e-60	AT5G23020	IMS2; MAM-L; MAM3	methylthioalkymalate synthase-like. Also known as 2-isopropylmalate synthase (IMS2).  encodes a methylthioalkylmalate synthase involved in the biosynthesis of aliphatic glucosinolates which accepts all the omega-methylthio-2-oxoalkanoic acids needed to form the known C3 to C8 glucosinolates in Arabidopsis.
1362.96223278329	5.00982979295246	0.296534564588248	16.8945896742555	4.93132484653398e-64	1.38052439078719e-60	AT2G37870	NA	NA
1082.76051590299	1.60162485232387	0.0985032491222674	16.2596144451626	1.9093567451652e-59	4.75132818496886e-56	AT5G57480	NA	NA
171.20018536245	4.0765407356428	0.253858992278135	16.0582877094872	5.00168986503349e-58	1.1201784621729e-54	AT1G02205	CER1; CER22	Expression of the CER1 gene associated with production of stem epicuticular wax and pollen fertility. Biochemical studies showed that cer1 mutants are blocked in the conversion of stem wax C30 aldehydes to C29 alkanes, and they also lack the secondary alcohols and ketones. These suggested the CER1 protein is an aldehyde decarbonylase, but the exact molecular function of this protein remains to be determined.
356.585114896857	2.46598205349254	0.164339483805394	15.0054143799836	6.76670298289828e-51	1.37770072731809e-47	AT5G65990	AtAVT3	NA
1156.5690747148	2.1964580555656	0.146523754626474	14.9904570843474	8.47678403721304e-51	1.58205046081186e-47	AT1G72360	AtERF73; ERF73; HRE1	encodes a member of the ERF (ethylene response factor) subfamily B-2 of ERF/AP2 transcription factor family. The protein contains one AP2 domain. There are 5 members in this subfamily including RAP2.2 AND RAP2.12.
424.754096369853	-2.0712223621764	0.138332958932558	-14.9727322986433	1.10679050342652e-50	1.9067446242108e-47	AT1G13710	CYP78A5; KLU	Encodes the cytochrome P450 CYP78A5 monooxygenase.  Contributes to the generation of a growth-stimulating signal distinct from the classical phytohormones that prevents proliferation arrest, promoting organ growth.
776.39488653396	-2.00386865869778	0.136487080486586	-14.6817460784848	8.43890605960356e-49	1.34998385793487e-45	AT1G16400	CYP79F2	Encodes cytochrome P450 CYP79F2.
1590.14867645667	2.57291706932029	0.176849759269752	14.5486037410759	5.96072849974142e-48	8.89976503201393e-45	AT5G43170	AZF3; ZF3	Encodes zinc finger protein.  mRNA levels are elevated in response to high salinity and low temperature. The protein is localized to the nucleus and acts as a transcriptional repressor.
1719.76467077516	-1.49573127257281	0.103286795542412	-14.481340666229	1.58966030374323e-47	2.22512701016458e-44	AT5G14200	ATIMD1; IMD1	The AtIMD1 is one out of 3 genes encoding the enzyme 3-isopropylmalate dehydrogenase involved in leucine biosynthesis in Arabidopsis. Its subcellular location has been targeted to plastids. Encodes methylthioalkylmalate dehydrogenase. Involved in glucosinolate biosynthesis, in methionine chain elongation.
478.163383412889	3.05918857814334	0.220656018357566	13.8640613608192	1.0458525270614e-43	1.37781842329806e-40	AT5G25610	ATRD22; RD22	responsive to dehydration 22 (RD22) mediated by ABA
606.143514924444	-1.8744579026493	0.136615963415281	-13.7206359768615	7.63923682288815e-43	9.50490821585572e-40	AT1G52060	NA	NA
3489.02358787756	3.31733987988208	0.242069423362566	13.7040846952134	9.59698865559812e-43	1.13123241016198e-39	AT5G42600	MRN1	Encodes an oxidosqualene synthase that produces the monocyclic triterpene marneral.
3357.68719476873	3.54280494532436	0.259444884098984	13.6553278266713	1.87642989676423e-42	2.10122619839659e-39	AT5G15960	KIN1	cold and ABA inducible protein kin1, possibly functions as an anti-freeze protein. Transcript level of this gene is induced by cold, ABA, dehydration and osmoticum (mannitol). However, protein activity of GUS fused to the promoter of this gene is inhibited by cold treatment, suggesting an inhibition of the protein by increased transcript level.
2037.62502687751	2.1837229578396	0.160638561804058	13.5940146208681	4.3457405880168e-42	4.63462886710592e-39	AT5G17460	DFR1	NA
1735.6112848414	1.88802405294637	0.141277137773474	13.3639744030889	9.8178876116205e-41	9.99460958862967e-38	AT4G24960	ATHVA22D; HVA22D	Homologous to a eukaryote specific ABA- and stress-inducible gene first isolated from barley. Groups in one subfamily with ATHVA22E. Along with other members of the ATHVA22 family, it may be involved in regulation of autophagy during development.
398.96168885688	3.61464487481815	0.274223550375902	13.1813801909546	1.1231702644595e-39	1.09367483664499e-36	AT2G19900	ATNADP-ME1; NADP-ME1	The malic enzyme (EC 1.1.1.40) encoded by AtNADP-ME1 is expressed in response to developmental and cell-specific signals. The enzyme is active in vitro and appears to function as a homohexamer or homooctamer. It is believed to be a cytosolic protein.
410.28873843276	5.5419316500192	0.427860472170267	12.9526609969565	2.26948583781122e-38	2.1178085343175e-35	AT4G25010	AtSWEET14; SWEET14	NA
3030.7718509951	4.65751498071208	0.361060993204232	12.8995240925335	4.52885379117184e-38	4.05712838028338e-35	AT5G66400	ATDI8; RAB18	Belongs to the dehydrin protein family, which contains highly conserved stretches of 7-17 residues that are repetitively scattered in their sequences, the K-, S-, Y- and lysine rich segments. ABA- and drought-induced glycine-rice dehydrin protein.  The ABA-induced expression of RAB18 was reduced following ACC application, indicating that ethylene inhibits the ABA signaling pathway.  RAB18 is also expressed in response to the formation of the phospholipid diacylglycerol pyrophosphate. COR47 and RAB18 double overexpressor plants are cold tolerant. Expressed in guard cells.
572.326676750205	4.12100499457651	0.322758834031346	12.7680625905851	2.47231816324272e-37	2.12961683015323e-34	AT5G63450	CYP94B1	member of CYP94B
256.3910813238	-6.85323272388678	0.538443064738487	-12.7278688735926	4.13985042655999e-37	3.43392926493472e-34	AT1G50050	NA	NA
480.94896658169	-1.8234740232396	0.143494250591946	-12.7076451893881	5.36250207665117e-37	4.2892355895957e-34	AT2G43100	ATLEUD1; IPMI; IPMI2	NA
332.23641159911	-4.44274077117173	0.351238962712231	-12.6487697630848	1.13640324059015e-36	8.77616792284724e-34	AT5G38940	NA	NA
288.15387805698	-3.61271233742135	0.291247341145926	-12.4042757719502	2.47742609610419e-35	1.84948116161165e-32	AT5G59680	NA	NA
115.84972883199	-3.22743005178122	0.268767190161146	-12.008273963225	3.21484919863248e-33	2.32257298879268e-30	AT4G01970	AtSTS; RS4; STS	Encodes a putative stachyose synthetase.
10687.3775409105	2.94460618632807	0.245719013165128	11.9836318256302	4.32933076358316e-33	3.02999036816276e-30	AT5G52310	COR78; LTI140; LTI78; RD29A	cold regulated gene, the 5' region of cor78 has cis-acting regulatory elements that can impart cold-regulated gene expression
84.5102060795119	-4.43913197906063	0.370654594042562	-11.9764655569085	4.72021969657424e-33	3.20345576740838e-30	AT3G18450	NA	NA
745.052975993719	2.31737124635335	0.197052715187154	11.7601589206847	6.26163245503891e-32	4.12457413126622e-29	AT3G12580	ATHSP70; HSC70-4; HSP70; HSP70-4	NA
1887.82359126846	1.50488910222084	0.131119978852446	11.4771914653398	1.71769829162991e-30	1.09913059826696e-27	AT3G14720	ATMPK19; MPK19	member of MAP Kinase
200.579572442015	2.08710726501232	0.183894128694432	11.34950462981	7.45840490833683e-30	4.63995656464199e-27	AT4G17670	NA	NA
700.372251142612	1.55956703863438	0.137631274752474	11.3314872759786	9.16353723182124e-30	5.54666432010455e-27	AT4G37430	CYP81F1; CYP91A2	Encodes a member of the CYP81F cytochrome P450 monooxygenase subfamily.
590.629389540904	1.54664198889766	0.138715626533302	11.1497314870027	7.18227738745367e-29	4.23300748340559e-26	AT1G56300	DjC53	NA
540.396444391785	2.53779652478081	0.228420295429515	11.1102059473691	1.11901134639828e-28	6.42599438818866e-26	AT1G14520	MIOX1	Encodes MIOX1.  Belongs to  myo-inositol oxygenase gene family.
12411.7132472179	-2.40569452857837	0.216979260770143	-11.0872095334809	1.44732306015535e-28	8.10356181380983e-26	AT1G77760	GNR1; NIA1; NR1	Encodes the cytosolic minor isoform of nitrate reductase (NR). Involved in the first step of nitrate assimilation, it contributes about 15% of the nitrate reductase activity in shoots. Similar to molybdopterin oxidoreductases at the N-terminus, and to FAD/NAD-binding cytochrome reductases at the C-terminus. Cofactors: FAD, heme iron (cytochrome B-557), and molybdenum-pterin.
644.743778142144	-2.00903208555586	0.181406695250715	-11.0747405589372	1.66361295535365e-28	9.08738432880497e-26	AT1G52070	NA	NA
749.133567386583	2.29730338336597	0.208497010633713	11.0183996230136	3.11548791345196e-28	1.66129684070643e-25	AT2G30550	DALL3	Encodes a lipase that hydrolyzes phosphatidylcholine, glycolipids as well as triacylglycerols.
459.764649866721	2.15944968386858	0.196480511704727	10.9906558423149	4.23835019020737e-28	2.20749048511359e-25	AT2G41190	NA	NA
567.7379734676	-2.97039797531122	0.271848771486696	-10.9266558721844	8.59580623160945e-28	4.37526537188921e-25	AT1G78000	SEL1; SULTR1;2	Encodes a sulfate transporter that can restore sulfate uptake capacity of a yeast mutant lacking sulfate transporter genes.
1146.62253936231	4.02465392964281	0.371687151492626	10.8280684803888	2.53444986307087e-27	1.26136753629634e-24	AT1G64110	DAA1	NA
544.658726649057	-1.8117725869207	0.168050777442927	-10.781102084077	4.22789597103087e-27	2.05843387320016e-24	AT1G31050	PFA1	NA
821.926470605908	-1.34992109846786	0.125554499646967	-10.7516743905121	5.81954735808922e-27	2.77307622620779e-24	AT2G21045	ARQ1; HAC1	NA
922.080073446716	-4.18939537828902	0.393057558240062	-10.6584781044468	1.5918086592366e-26	7.42711390255475e-24	AT1G49860	ATGSTF14; GSTF14	Encodes glutathione transferase belonging to the phi class of GSTs. Naming convention according to Wagner et al. (2002).
739.387549885084	1.69633626360798	0.159519126327155	10.6340619000695	2.0690033340724e-26	9.45661197344603e-24	AT1G58360	AAP1; AtAAP1; NAT2	Encodes AAP1 (amino acid permease 1), a neutral amino acid transporter expressed in seeds.  Functions in amino acid uptake into embryos.
193.534697605127	2.52122504450258	0.237424192964761	10.619073873726	2.42959548996549e-26	1.08826441186534e-23	AT1G18100	E12A11; MFT	Encodes a member of the FT and TFL1 family of phosphatidylethanolamine-binding proteins. It is expressed in seeds and up-regulated in response to ABA. Loss of function mutants show decreased rate of germination in the presence of ABA. ABA dependent regulation is mediated by both ABI3 and ABI5. ABI5 promotes MFT expression, primarily in the radicle-hypocotyl transition zone and ABI3 suppresses it in the seed.
499.476834578956	3.34399338292571	0.322046609289643	10.3835696028651	2.94551415261021e-25	1.29348499925212e-22	AT3G24310	ATMYB71; MYB305; MYB71	snapdragon myb protein 305 homolog (myb)
86.5239618742088	3.90502550732161	0.376271949117237	10.3781999069638	3.11594870464442e-25	1.34201513825416e-22	AT1G09310	SVB2; SVBL	NA
8008.2043811554	4.05220228860916	0.390785559129111	10.3693757201257	3.41750041402163e-25	1.44411960891374e-22	AT5G04120	NA	NA
80.9688329920616	3.87651781906737	0.374864228475198	10.3411249316467	4.5911608384579e-25	1.90414144700191e-22	AT3G03341	NA	NA
1058.31629500196	3.72935694928718	0.362966220480754	10.2746667288972	9.16606838476427e-25	3.73242304627601e-22	AT5G52300	LTI65; RD29B	encodes a protein that is induced in expression in response to water deprivation such as cold, high-salt, and dessication. The response appears to be via abscisic acid. The promoter region contains two ABA-responsive elements (ABREs) that are required for the dehydration-responsive expression of rd29B as cis-acting elements. Protein is a member of a gene family with other members found plants, animals and fungi.
116.821247105792	3.03863530430771	0.29634236796193	10.2537997695222	1.13780707433854e-24	4.55041557801533e-22	AT5G07330	NA	NA
168.185047031109	4.92704788126992	0.484159531791094	10.1764967076923	2.52488118971044e-24	9.92056826750086e-22	AT1G21890	UMAMIT19	NA
359.431352223507	1.8838921715429	0.186085703665408	10.1237877732415	4.33314622003158e-24	1.67319211627288e-21	AT3G06070	NA	NA
608.573998762024	2.31665765236652	0.229107930787619	10.1116432085192	4.90545123549329e-24	1.86207603169674e-21	AT5G53750	NA	NA
789.737556125897	3.69415799505853	0.365450418010233	10.1085066892853	5.06503968191863e-24	1.89061047860416e-21	AT5G66780	NA	NA
1167.75231420786	-1.74431355763579	0.172675735248272	-10.1016715239569	5.43085017974048e-24	1.99392328894209e-21	AT4G13770	CYP83A1; REF2	Encodes a cytochrome p450 enzyme that catalyzes the initial conversion of aldoximes to thiohydroximates in the synthesis of glucosinolates not derived from tryptophan.   Also has a role in auxin homeostasis.
478.029197230509	4.20490827277831	0.416996737122956	10.0837917864533	6.51618734900845e-24	2.35381503013538e-21	AT1G54575	NA	NA
206.768040502407	1.79304777014082	0.180033411465626	9.95952782066326	2.2914842830282e-23	8.14604476233327e-21	AT5G51890	Prx66	encodes peroxidase involved in the lignification of tracheary elements (TE) in roots
545.043304276937	-1.90171739030816	0.192145746805099	-9.8972650809552	4.27814240828465e-23	1.49708245899911e-20	AT1G78090	ATTPPB; TPPB	homologous to the C-terminal part of microbial trehalose-6-phosphate phosphatases
1363.1978831804	3.73532886503684	0.378186842816312	9.87694029020232	5.24087162055782e-23	1.77840243657595e-20	AT3G02480	ABR	NA
1314.13167211667	-1.35897263389761	0.138398340084527	-9.81928419855051	9.30015525841898e-23	3.10875040548584e-20	AT1G80830	ATNRAMP1; NRAMP1; PMIT1	Thought to be involved in iron homeostasis. Induced in leaves in response to iron deficiency. Transgenic plants accumulate toxic levels of iron. Gene complements yeast iron uptake mutants.
2912.3241248848	3.91939065816053	0.399949767985121	9.79970729300772	1.12912365815996e-22	3.71880197766919e-20	AT1G52690	LEA7	NA
220.241167762512	1.77298943462076	0.181138959852211	9.7880071524498	1.26769748749897e-22	4.11468883043867e-20	AT3G56620	UMAMIT10	NA
882.147418124198	2.44221099385964	0.25004245178449	9.76718543763347	1.55717880228731e-22	4.91191217690515e-20	AT1G72416	NA	NA
137.89704029965	2.19892162556476	0.22523963107761	9.76258758303099	1.62943725597318e-22	5.06195629853274e-20	AT5G50800	AtSWEET13; RPG2; SWEET13	NA
11853.0410450989	2.07892809851483	0.212976143775561	9.76131909264754	1.6499500347959e-22	5.06195629853274e-20	AT3G50970	LTI30; XERO2	Belongs to the dehydrin protein family, which contains highly conserved stretches of 7-17 residues that are repetitively scattered in their sequences, the K-, S-, Y- and lysine rich segments.  LTI29 and LTI30 double overexpressors confer freeze tolerance. Located in membranes. mRNA upregulated by water deprivation and abscisic acid.
799.983345977791	3.24011817134683	0.334124465507882	9.69733888364544	3.09464568610496e-22	9.36590334946035e-20	AT4G02280	ATSUS3; SUS3	Encodes a protein with sucrose synthase activity (SUS3). It appears to be important for sucrose metabolism in developing seeds, especially during the late maturation phase, about 18 days after flowering.
975.658109382651	-1.67806029008692	0.173322564825742	-9.68171854469168	3.60602690004247e-22	1.06263919017567e-19	AT3G02020	AK3	encodes a monofunctional aspartate kinase
236.041083020225	2.03217062236667	0.209885535358698	9.68228048156655	3.58625703383665e-22	1.06263919017567e-19	AT3G20300	NA	NA
70.0179373106599	-4.73427345951979	0.489154288952195	-9.67848706726247	3.72182698544932e-22	1.0825199631964e-19	AT1G05700	NA	NA
80.0221364470505	-3.31933843038582	0.343224544692008	-9.67104037785066	4.00287841010906e-22	1.14933929324106e-19	AT3G46400	NA	NA
132.838734100646	-1.96449087110165	0.203672782423086	-9.64532839258239	5.1446264236048e-22	1.45846903016523e-19	AT3G03190	ATGSTF11; ATGSTF6; GSTF11	Encodes glutathione transferase belonging to the phi class of GSTs. Naming convention according to Wagner et al. (2002).
1185.39512388103	-1.13948589014096	0.118230736917976	-9.63781432684035	5.53539854393601e-22	1.54963482237489e-19	AT1G21440	NA	NA
423.512791698628	-1.53348275952551	0.159868991965583	-9.59212127800023	8.62923104237952e-22	2.38592911635965e-19	AT1G52050	NA	NA
301.804104204457	-2.32157507318509	0.243702111013236	-9.5262821628123	1.63016969997454e-21	4.45235129275974e-19	AT3G14415	GOX2	NA
89.8337620715001	2.77144857662704	0.291141664365411	9.51924412010162	1.7444325932324e-21	4.70702558530517e-19	AT1G28660	GGL2; GGL4	NA
192.303670247793	3.41663647898275	0.35978732418045	9.49626695928052	2.1754956338406e-21	5.80028573993976e-19	AT5G06530	ABCG22; AtABCG22	NA
102.391744025974	-3.82777883481596	0.404999740417478	-9.451311822744	3.34610486488367e-21	8.81639582987467e-19	AT2G36690	GAS2; GIM2	NA
791.442404251152	2.9001972888176	0.308369277409641	9.40494887551637	5.20555062968649e-21	1.35562223142394e-18	AT1G16850	NA	NA
1889.01619125007	2.14924889347919	0.228919322083872	9.38867402678987	6.07603259264246e-21	1.56412443614736e-18	AT2G02680	NA	NA
957.939823808301	-1.3603586012656	0.145059013337977	-9.37796673203657	6.72571651358762e-21	1.71169485270805e-18	AT3G51330	NA	NA
699.748071911906	3.40620249914029	0.363779429935458	9.36337301904239	7.72309436151642e-21	1.94344293618564e-18	AT2G38240	JAO4; JOX4	NA
118.904229871623	2.33080775375338	0.250116925803718	9.31887254836369	1.17583072643251e-20	2.92598943879806e-18	AT2G36640	ATECP63; ECP63	Encodes putative phosphotyrosine protein belonging to late embryogenesis abundant (LEA) protein in group 3 that might be involved in maturation and desiccation tolerance of seeds. RFLP and CAPS mapping place it on chromosome 4 but the nucleotide sequence maps it to chromosome 2.
1139.75529530239	-1.61264028113971	0.173418719584703	-9.29911306577286	1.41622095376196e-20	3.48545983301679e-18	AT5G60760	NA	NA
3320.19893130755	1.96027542941513	0.212551858285165	9.22257488233847	2.90049838252665e-20	6.98489911559857e-18	AT5G48010	AtTHAS1; THAS; THAS1	Encodes an oxidosqualene cyclase involved in the  biosynthesis of thalianol, a tricyclic triterpenoid of unknown function. Overexpression of THAS leads to dwarfing in the aerial tissues of Arabidopsis plants, but increases their root length. THAS is part of a small operon-like cluster of genes (with At5g48000 (THAH) and At5g47990 (THAD)) involved in thalianol metabolism.
3096.1323569939	1.03962704777439	0.113760174426728	9.13876102083522	6.31718978695944e-20	1.50510406881642e-17	AT3G22200	GABA-T; HER1; POP2	Genetically redundant with POP3;mediates pollen tube guidance. Double mutants are self sterile; gamma-aminobutyrate transaminase subunit precursor; nuclear gene for mitochondrial product. Encodes gamma-aminobutyrate transaminase that uses pyruvate instead of alpha-ketoglutarate as cosubstrate. Mutations in POP2/HER1 render roots resistant to the inhibitory growth effects of the volatile organic compound E-2-hexenal implicated in plant defense.
466.964128921603	2.1296913627018	0.233544900801714	9.11898035620122	7.58344270667949e-20	1.78777666167151e-17	AT4G36830	ELO4; HOS3-1	NA
224.739478717941	9.43449750534642	1.03747878315122	9.09367753689406	9.57445271858905e-20	2.23364003214084e-17	AT5G59310	AtLtpI-11; LTP4	Encodes a member of the lipid transfer protein family. Proteins of this family are generally small (~9 kD), basic, expressed abundantly and contain eight Cys residues. The proteins can bind fatty acids and acylCoA esters and can transfer several different phospholipids. They are localized to the cell wall. The mRNA is present in flowers and siliques, and is strongly up-regulated by abscisic acid. Predicted to be a member of PR-14 pathogenesis-related protein family with the following members:   At2g38540/LTP1, At2g38530/LTP2, At5g59320/LTP3, At5g59310/LTP4, At3g51600/LTP5, At3g08770/LTP6, At2g15050/LTP7, At2g18370/LTP8, At2g15325/LTP9, At5g01870/LTP10, At4g33355/LTP11, At3g51590/LTP12, At5g44265/LTP13, At5g62065/LTP14, At4g08530/LTP15.
201.011466835218	1.42189236195508	0.156851787548161	9.06519705118756	1.24379230387505e-19	2.87174973583357e-17	AT1G55380	NA	NA
213.716727163045	-2.101917301925	0.232638922251573	-9.03510591255239	1.63843691104945e-19	3.74432990406771e-17	AT3G20380	NA	NA
138.220099176015	1.89908491602878	0.210323658903895	9.02934518125966	1.72702098571486e-19	3.90690525212829e-17	AT5G13910	LEP	Encodes a member of the ERF (ethylene response factor) subfamily B-1 of ERF/AP2 transcription factor family (LEAFY PETIOLE). The protein contains one AP2 domain. There are 15 members in this subfamily including ATERF-3, ATERF-4, ATERF-7, and LEAFY PETIOLE.  Acts as a positive regulator of gibberellic acid-induced germination.
86.9121285989734	-3.11204104266499	0.344866344226951	-9.02390475255251	1.81501804375513e-19	4.06491441079399e-17	AT1G49030	NA	NA
355.733824743405	3.56303383752784	0.39561460108827	9.00632541803697	2.13076238428974e-19	4.72480736223298e-17	AT3G17520	LEA30; SSLEA	NA
2680.09979969532	-1.023746582275	0.113866877969953	-8.99073198920183	2.45589257977057e-19	5.39236962907271e-17	AT5G63600	ATFLS5; FLS5	encodes a protein whose sequence is similar to flavonol synthase
567.158157678891	2.37532268602471	0.264614885951516	8.97652706681033	2.79448065305932e-19	6.07623191319578e-17	AT4G14020	NA	NA
278.869103715935	2.41775660270309	0.270047650547605	8.95307401416136	3.45717905898927e-19	7.37399830524988e-17	AT3G17790	ATACP5; ATPAP17; PAP17	NA
82.857472071977	6.99165442106816	0.781088225605485	8.95117118895034	3.51730416862977e-19	7.43146643024833e-17	AT4G13480	AtMYB79; MYB79	Member of the R2R3 factor gene family.
1485.89164204411	2.79527111267224	0.312357014470606	8.94896219125981	3.58840034078012e-19	7.51082374131884e-17	AT5G28510	BGLU24	NA
144.884855410059	2.67282631667066	0.29903157413679	8.93827457647664	3.95293877704902e-19	8.19722378248054e-17	AT1G17345	SAUR77	NA
466.726335347854	3.59589462674593	0.40376595897755	8.90588853961774	5.29601202681382e-19	1.08816041607819e-16	AT5G28520	NA	NA
1588.15325029348	1.23481796144555	0.139071438655289	8.87901910978461	6.74525206451672e-19	1.36839941798553e-16	AT5G61820	NA	NA
3600.44549412349	1.40986161481439	0.158796584580367	8.87841270982038	6.78211892286096e-19	1.36839941798553e-16	AT2G38750	ANNAT4; AtANN4	Annexins are a family of calcium dependent membrane binding proteins though to be involved in Golgi mediated secretion. This is one of four annexins identified in Arabidopsis.
88.8916786697755	-2.75117281471068	0.310689699057608	-8.85504998413404	8.36463201134296e-19	1.65782565067289e-16	AT1G29740	RKFL3	NA
1845.4708385755	-1.74552852492347	0.198065318787371	-8.81289332029574	1.21956594113461e-18	2.3959121769869e-16	AT3G19710	BCAT4	Belongs to the branched-chain amino acid aminotransferase gene family. Encodes a methionine-oxo-acid transaminase. Involved in the methionine chain elongation pathway that leads to the ultimate biosynthesis of methionine-derived glucosinolates.
285.557249288177	4.24495302002412	0.484053061061212	8.76960267685885	1.79297849159726e-18	3.49178663459236e-16	AT1G73220	AtOCT1; OCT1	NA
83.5164052365337	-2.9614789377454	0.338829203251544	-8.74032966853458	2.32431168483235e-18	4.48752452530218e-16	AT3G27950	NA	NA
161.68593319379	3.96966757838212	0.457455143735889	8.67771984366187	4.03782186710966e-18	7.7291503022041e-16	AT3G51750	NA	NA
1225.45477207501	2.45717485405349	0.284446667610038	8.63843782983654	5.69868551316827e-18	1.08159119282133e-15	AT3G25730	EDF3	NA
866.859239487964	2.92171179432666	0.338491375518158	8.63156938593824	6.05158343287955e-18	1.13891817279639e-15	AT5G06760	AtLEA4-5; LEA4-5	Encodes LEA4-5, a member of the Late Embryogenesis Abundant (LEA) proteins which typically accumulate in response to low water availability conditions imposed during development or by the environment. Most of thediverse set of LEA proteins can be grouped according to properties such as high hydrophilicity and high content of glycine or other small amino acids in what  has been termed hydrophilins.  LEA4-5 protects enzyme activities from the adverse effects induced by freeze-thaw cycles in vitro.
193.388119442385	-3.72719216894551	0.432453314043697	-8.61871570388498	6.77092324147884e-18	1.26367997430133e-15	AT5G38200	NA	NA
51.4408040864496	-2.84890081734169	0.33234591354772	-8.5720952213021	1.01619009050207e-17	1.88087547660201e-15	AT2G01900	t5ptase9	NA
2212.41033302526	-1.66126163696933	0.19445293190618	-8.54325836429586	1.30489207138335e-17	2.39543957628702e-15	AT1G12110	AtNPF6.3; ATNRT1; B-1; CHL1; CHL1-1; NPF6.3; NRT1; NRT1.1	Encodes NRT1.1 (CHL1), a dual-affinity nitrate transporter. The protein is expressed in guard cells and function in stomatal opening. Mutants have less transpiration and are more tolerant to drought. Expressed in lateral roots. Involved in nitrate signaling which enables the plant root system to detect and exploit nitrate-rich soil patches. Comparing to the wild type, the mutant displays a strongly decreased lateral root proliferation phenotype in nitrate rich patches on growth medium.
728.482658726153	-2.21959864049611	0.260045233827887	-8.53543288536167	1.39631641845519e-17	2.52192762159052e-15	AT4G08770	Prx37	NA
270.805759087348	1.96361812229229	0.230048187676052	8.53568177227899	1.39331366608753e-17	2.52192762159052e-15	AT4G28840	TIE1	NA
2244.12362073809	1.09111267743129	0.128400133004596	8.49775348279615	1.93295066759031e-17	3.46322905210821e-15	AT5G01810	ATPK10; CIPK15; PKS3; SIP2; SNRK3.1	Encodes a CBL-interacting serine/threonine protein kinase, also has similarities to SOS2 kinase.
95.6761146503843	-2.88680240391854	0.339756597511701	-8.49667798965734	1.95093678699204e-17	3.46771272075188e-15	AT2G26820	ATPP2-A3; IAN10; PP2-A3	NA
516.15960110076	1.24122397457804	0.146202345285388	8.48976787721953	2.07050233769479e-17	3.6512575082687e-15	AT2G32510	MAPKKK17	member of MEKK subfamily
1341.30253289616	1.06554454927525	0.126022119105554	8.45521847147144	2.78565287343925e-17	4.87402201199573e-15	AT2G22970	SCPL11	NA
78.5364170692734	-4.47741763746147	0.530252741399357	-8.44393114431695	3.06839980965206e-17	5.32712264627655e-15	AT1G06830	CEPD1; ROXY6	NA
5490.78019704947	-1.35902221775533	0.161520858898631	-8.41391153453588	3.96559843293945e-17	6.83181096185477e-15	AT1G62380	ACO2; ATACO2	Encodes a protein similar to 1-aminocyclopropane-1-carboxylic oxidase (ACC oxidase). Expression of the AtACO2 transcripts is affected by ethylene.
4234.70673085226	1.07179582876336	0.127406887111244	8.4123853353982	4.01755505229326e-17	6.86848572146259e-15	AT3G05880	RCI2A	Induced by low temperatures, dehydration and salt stress and ABA. Encodes a small (54 amino acids), highly hydrophobic protein that bears two potential transmembrane domains.
48.7481531494818	4.24871371003305	0.505390013398879	8.4068018706174	4.21341953787266e-17	7.12249916372376e-15	AT1G18710	AtMYB47; MYB47	Member of the R2R3 factor gene family.
3530.47824632876	1.87214998780062	0.22270668881726	8.40634826795342	4.22973918903045e-17	7.12249916372376e-15	AT3G46700	NA	NA
510.208438844321	-1.94011181421938	0.230939578884707	-8.40094982241199	4.42881628766927e-17	7.34724219101045e-15	AT5G62720	AtNITR2;1	NA
139.07059107149	2.98257926246595	0.355947519698242	8.37926687898952	5.32583891792285e-17	8.77040355925001e-15	AT1G54160	NF-YA5; NFYA5	Encodes a member of the CCAAT-binding transcription factor (CBF-B/NF-YA) family. Expression is upregulated in response to ABA and drought. This regulation appears to be mediated by MIR169A which is downregulated in  response to drought. NFYA5 is a target of MIR169A. Loss of function mutations are hypersensitive to drought.
262.459884325831	1.19948623872694	0.143407983985803	8.36415243690815	6.05485963422648e-17	9.89814864000994e-15	AT2G04795	NA	NA
50.2715753171646	3.85478829627754	0.46140464264122	8.35446360966713	6.57307073933812e-17	1.06674269766824e-14	AT1G68750	ATPPC4; PPC4	Encodes one of four Arabidopsis phosphoenolpyruvate (PEP) carboxylase proteins. But, it is more similar to bacterial PEP carboxylase than plant PEP carboxylase. Efforts to express this enzyme and to demonstrate its enzymatic activity in E.coli failed.
758.513251147917	-1.06091074216787	0.127048296736475	-8.35045230372844	6.80020498409288e-17	1.09566468218521e-14	AT3G54600	DJ-1f; DJ1F	NA
1149.68168341894	3.32045716812249	0.397935093324968	8.34421799891594	7.16866472578851e-17	1.146781537134e-14	AT4G23680	NA	NA
104.530012526751	3.83467261076343	0.460121658663794	8.33404065763699	7.81290763633856e-17	1.24097786825134e-14	AT1G08440	NA	NA
387.086392421564	-1.22830550532228	0.147950534512613	-8.30213631446909	1.02255784284188e-16	1.61276094706244e-14	AT3G58990	IPMI; IPMI1	NA
2327.73589715401	1.20227769726798	0.144870706140173	8.29897036675376	1.05017557563308e-16	1.64473651691458e-14	AT5G48000	CYP708; CYP708A2; THAH; THAH1	Encodes a member of the CYP708A family of cytochrome P450 enzymes. THAH appears to add a hydroxyl group to the triterpene thalianol. thah1 mutants have an elevated accumulation of thalianol. thah1-1 mutants have longer roots than wild type plants. Thalian-diol and desaturated thalian-diol are lost from the root extracts of thah1-1 mutants. Overexpression of the sequence from At5g48000.1 rescues the thah1-1 mutant phenotype (Field 2008); it is unknown whether the shorter sequences associated with other gene models would provide functional complementation.
499.515402957364	3.1721411549907	0.38309516822588	8.28029538895243	1.22870115323542e-16	1.90496625440911e-14	AT2G39510	UMAMIT14	NA
2226.30166619282	1.58358209934586	0.191257431643493	8.27984609924954	1.23334571749116e-16	1.90496625440911e-14	AT4G17260	NA	NA
4256.69323657952	1.05765411843235	0.127985117069212	8.26388366594519	1.4100803863996e-16	2.16302468039763e-14	AT1G70780	NA	NA
492.807990734067	1.44208390338307	0.174577084471894	8.26044212930611	1.45133873677204e-16	2.21116886726168e-14	AT1G69760	NA	NA
919.379033819611	1.37754476030002	0.167026150521661	8.24747954735009	1.61770174506797e-16	2.4479762353069e-14	AT5G03700	NA	NA
87.6137266218515	-2.41461649816331	0.292958666867277	-8.24217465208919	1.69108470434729e-16	2.54184785493704e-14	AT1G07407	NA	NA
108.563689320031	4.01545905155844	0.498624260062148	8.0530759796123	8.07387471930549e-16	1.18962169877346e-13	AT1G04560	NA	NA
3112.85319826176	1.39589448974319	0.173757074271353	8.03359803102605	9.4654959472706e-16	1.38555063552335e-13	AT5G20280	ATSPS1F; SPS1F; SPSA1	Encodes a protein with putative sucrose-phosphate synthase activity. When the gene was expressed in transgenic tobacco plants, a clear trend for increased SPS activity was noted.
1375.49219294061	1.8658526058227	0.233300322152252	7.99764264622423	1.26823810022649e-15	1.8324813221079e-13	AT5G42580	CYP705A12	a member of the cytochrome P450 family
51.5324248319383	3.22078920508967	0.404034155330956	7.9715765674598	1.56662782560612e-15	2.24911517835095e-13	AT3G30210	ATMYB121; MYB121	Encodes a putative transcription factor, member of the R2R3 factor gene family (MYB121).
213.649876403167	-1.80378161586873	0.227772234128136	-7.91923397851027	2.38978270794359e-15	3.38744136247498e-13	AT5G60520	NA	NA
38.2945969215474	3.58818535538938	0.453231496319625	7.91689320915804	2.43518730005206e-15	3.43009149509219e-13	AT4G21870	NA	NA
369.639596675578	1.0686844887149	0.135317427577934	7.89761162212021	2.84298374010432e-15	3.97946649021102e-13	AT4G13010	CeQORH	NA
985.644530493008	2.16508294240904	0.274354355481515	7.89155666440627	2.9844026836277e-15	4.149801969437e-13	AT3G02910	NA	NA
440.337450308018	1.57980190280391	0.200207210172911	7.89083420841582	3.00173209076976e-15	4.149801969437e-13	AT2G39980	NA	NA
639.278139286801	1.30385572429091	0.166373985799301	7.83689660391836	4.6181801965032e-15	6.34532292520772e-13	AT2G44940	ERF34	encodes a member of the DREB subfamily A-4 of ERF/AP2 transcription factor family. The protein contains one AP2 domain. There are 17 members in this subfamily including TINY.
29885.6540518362	1.27546106710972	0.163330316843776	7.80908952946981	5.76025731932618e-15	7.86626359290421e-13	AT1G20440	AtCOR47; COR47; RD17	Belongs to the dehydrin protein family, which contains highly conserved stretches of 7-17 residues that are repetitively scattered in their sequences, the K-, S-, Y- and lysine rich segments. Cold regulated gene, amino acid sequence homology with Group II LEA (late  embryogenesis abundant) proteins. Also responds to osmotic stress, ABA, dehydration and inhibits e.coli growth while overexpressed. COR47 and RAB18 double overexpressor plants are cold tolerant.
571.431320242806	1.98826561482379	0.2549217112308	7.79951462440821	6.21457379524855e-15	8.4352481647507e-13	AT2G48090	NA	NA
2501.63454992076	2.19191904408152	0.281210497696136	7.79458470448003	6.46206538592775e-15	8.71833833633963e-13	AT2G27690	CYP94C1	Encodes a CYP94C1. Has highest omega-hydroxylase activity with 9,10-epoxystearic acid, while also metabolized lauric acid (C12:0) and C18 unsaturated fatty acids. Gene expression is induced in response to wounding and jasmonic acid treatment.
1728.17618741697	1.94332471920252	0.249413312793722	7.79158376686073	6.61744189825686e-15	8.8745047157701e-13	AT5G42590	CYP71A16; MRO	putative cytochrome P450
1412.81098381326	-2.67674791711331	0.343775746005784	-7.78631985593386	6.89891673174073e-15	9.1563239184854e-13	AT1G11080	scpl31	NA
3642.50777633655	-2.01797253087603	0.259175334798761	-7.78612877048236	6.90935319799979e-15	9.1563239184854e-13	AT1G73600	AtPMT3; DEG26; NMT; NMT3	NA
8539.90551022688	1.57188021445749	0.202118589817122	7.77701950067893	7.42531641345711e-15	9.78219919975208e-13	AT1G13930	NA	Involved in response to salt stress.  Knockout mutants are hypersensitive to salt stress.
927.808756805807	-1.99111826615492	0.256143169575318	-7.77345837273807	7.63717595778515e-15	1.00024674123132e-12	AT3G63110	ATIPT3; IPT3; ROCK4	Encodes cytokinin synthase involved in cytokinin biosynthesis. IPT3 subcellular localization is modulated by farnesylation- when farnesylated it is localized to the nucleus, otherwise to the chloroplast.
2436.6276185656	1.31262963250508	0.168926679323904	7.77041043936114	7.82322114932101e-15	1.01865616779182e-12	AT1G10760	GWD; GWD1; SEX1; SOP; SOP1	Encodes an &#945;-glucan, water dikinase required for starch degradation. Involved  in cold-induced freezing tolerance. Mutations that eliminate the GWD protein or affect the dikinase domain of the enzyme dramatically reduce both the amount of phosphate in the amylopectin and the rate of starch degradation. Mature leaves of these mutants accumulate amounts of starch up to seven times greater than those in wild-type leaves. NMR analysis of the mutants, suggests that the gene is specifically involved in the phosphorylation of the glucosyl residues of starch at the C6 position.
149.857587650138	1.85307635583855	0.239169563519783	7.74796060404762	9.33800993391951e-15	1.20886745942232e-12	AT2G38540	ATLTP1; AtLtpI-4; LP1; LTP1	Non-specific lipid transfer protein. Binds calmodulin in a Ca2+-independent manner. Localized to the cell wall. Specifically expressed in L1 epidermal layer. Predicted to be a member of PR-14 pathogenesis-related protein family with the following members:   At2g38540/LTP1, At2g38530/LTP2, At5g59320/LTP3, At5g59310/LTP4, At3g51600/LTP5, At3g08770/LTP6, At2g15050/LTP7, At2g18370/LTP8, At2g15325/LTP9, At5g01870/LTP10, At4g33355/LTP11, At3g51590/LTP12, At5g44265/LTP13, At5g62065/LTP14, At4g08530/LTP15.
166.062529704066	-1.58324713074715	0.20457638951624	-7.73914885530552	1.00084550103401e-14	1.28821470351482e-12	AT2G32270	ZIP3	A member of Zrt- and Irt-related protein (ZIP) family.  transcript is induced in response to zinc deficiency in the root. also response to iron deficiency.
3301.23418212488	1.73623672172135	0.224375431174727	7.73808751087948	1.0092337639111e-14	1.29158853580303e-12	AT5G47990	CYP705A5; THAD; THAD1	encodes a member of the CYP705A family of cytochrome P450 enzymes. It appears to catalyze the addition of a double bond to thalian-diol at carbon 15. Reduced levels of THAD expression lead to a build up of thalian-diol in root extracts. thad1-1 mutants also have longer roots than wild type seedlings.
92.5260563703172	3.01106386230536	0.389339406753228	7.73377626327417	1.04402452168355e-14	1.32852120384231e-12	AT4G35190	LOG5	NA
34.980875461811	-4.6293289730031	0.598724717523495	-7.73198239109184	1.0588459353195e-14	1.33976912810257e-12	AT1G60110	NA	NA
3018.03511743643	2.17036544618807	0.280745987257191	7.73070870003141	1.06949498846488e-14	1.34564099784603e-12	AT2G17500	PILS5	NA
2305.92717020094	1.62172921430282	0.210721402023567	7.69608211946806	1.40301660849263e-14	1.75541675775424e-12	AT4G36010	NA	NA
825.24969699081	-2.14848065360064	0.279237514918221	-7.69409745760652	1.42496413903396e-14	1.76317662197816e-12	AT1G07610	MT1C	one of the five metallothioneins (MTs) genes identified in Arabidopsis. MTs are cysteine-rich proteins required for heavy metal tolerance.
3773.71028333045	2.57060080031289	0.334094876411625	7.69422395195834	1.42355526913751e-14	1.76317662197816e-12	AT5G15970	AtCor6.6; COR6.6; KIN2	Encodes a gene that can be induced by cold and abscisic acid and may be involved in cold acclimation and salt tolerance.
721.572935033012	2.67777374482078	0.348493855909826	7.68384779074457	1.54380075114847e-14	1.89972316608358e-12	AT1G62975	NA	NA
2906.99815268858	1.77445104241369	0.231068659414402	7.67932374260832	1.59930594889354e-14	1.95727082138906e-12	AT2G39800	ATP5CS; P5CS1	encodes a delta1-pyrroline-5-carboxylate synthase that catalyzes the rate-limiting enzyme in the biosynthesis of proline. Gene is expressed in reproductive organs and tissues under non-stress conditions but in the whole plant under water-limiting condition. Expression is also induced by abscisic acid and salt stress in a light-dependent manner. P5CS1 appears to be involved in salt stress responses related to proline accumulation, including protection from reactive oxidative species. P5CS1 appears to be present in different cells and/or different subcellular locations from P5CS2 in a tissue-dependent manner.; encodes a delta1-pyrroline-5-carboxylate synthase that catalyzes the rate-limiting enzyme in the biosynthesis of proline. Gene is expressed in reproductive organs and tissues under non-stress conditions but in the whole plant under water-limiting condition. Expression is also induced by abscisic acid and salt stress in a light-dependent manner. encodes a delta1-pyrroline-5-carboxylate synthase that catalyzes the rate-limiting enzyme in the biosynthesis of proline. Gene is expressed in reproductive organs and tissues under non-stress conditions but in the whole plant under water-limiting condition. Expression is also induced by abscisic acid and salt stress in a light-dependent manner. P5CS1 appears to be involved in salt stress responses related to proline accumulation, including protection from reactive oxidative species. P5CS1 appears to be present in different cells and/or different subcellular locations from P5CS2 in a tissue-dependent manner.
1107.06113518936	1.17621071666673	0.154021525341091	7.63666451206695	2.2292136671068e-14	2.69867401559588e-12	AT2G23790	MCU3	NA
2359.64410609301	1.20966357922334	0.158992594100134	7.60830141850187	2.77721552156939e-14	3.30843185218447e-12	AT1G29050	TBL38	Encodes a member of the TBL (TRICHOME BIREFRINGENCE-LIKE) gene family containing a plant-specific DUF231 (domain of unknown function) domain. TBL gene family has 46 members, two of which (TBR/AT5G06700 and TBL3/AT5G01360) have been shown to be involved in the synthesis and deposition of secondary wall cellulose, presumably by influencing the esterification state of pectic polymers. A nomenclature for this gene family has been proposed (Volker Bischoff & Wolf Scheible, 2010, personal communication).
313.067818648946	-3.33513861583188	0.439378063077129	-7.5905897360343	3.184527544958e-14	3.75371994194102e-12	AT4G07820	NA	NA
4135.05408356189	-1.8479680434787	0.243670963921547	-7.58386643093708	3.35406457245526e-14	3.93286021804754e-12	AT5G26280	NA	NA
239.227388888499	1.96173327185824	0.259305510365955	7.56533584299718	3.86863784886096e-14	4.48922348513419e-12	AT5G66985	HUP44	NA
96.1622132157983	2.03044870885827	0.268368045072805	7.56591086806715	3.85156087999045e-14	4.48922348513419e-12	AT3G09950	NA	NA
605.71017158901	-3.65030996442428	0.482790355850225	-7.56085932577474	4.00415113351095e-14	4.62252416423254e-12	AT3G02850	SKOR	Encodes SKOR, a member of Shaker family potassium ion (K+) channel.  This family includes five groups based on phylogenetic analysis (FEBS Letters (2007) 581: 2357): I (inward rectifying channel): AKT1 (AT2G26650), AKT5 (AT4G32500) and SPIK (also known as AKT6, AT2G25600); II (inward rectifying channel): KAT1 (AT5G46240) and KAT2 (AT4G18290); III (weakly inward rectifying channel): AKT2 (AT4G22200); IV (regulatory subunit involved in inwardly rectifying conductance formation): KAT3 (also known as AtKC1, AT4G32650); V (outward rectifying channel): SKOR (AT3G02850) and GORK (AT5G37500).  Mediates the delivery of K+ from stelar cells to the xylem in the roots towards the shoot. mRNA accumulation is modulated by abscisic acid. K+ gating activity is modulated by external and internal K+.
289.558590584188	1.094189934177	0.145103847780407	7.54073686476525	4.67323238942067e-14	5.36726731248541e-12	AT1G27385	NA	NA
936.565582738637	2.09182108397718	0.277622022700124	7.53478079164017	4.891558479069e-14	5.5893542702668e-12	AT4G21650	SBT3.13	NA
4360.00818375358	1.79730389275502	0.238796207278291	7.52651775017707	5.21113985863544e-14	5.92429889715732e-12	AT1G62570	FMO	belongs to the flavin-monooxygenase (FMO) family, encodes a glucosinolate S-oxygenase that catalyzes the conversion of methylthioalkyl glucosinolates to methylsulfinylalkyl glucosinolates
122.344908705181	-1.72215119255681	0.229871140698726	-7.49181122659456	6.79295787869173e-14	7.68359013389798e-12	AT1G11540	NA	NA
602.773686522012	-1.70021009420975	0.22721257668528	-7.48290485946459	7.26975120617266e-14	8.18157527705743e-12	AT5G43350	ATPT1; PHT1;1; PT1	Encodes an inorganic phosphate transporter Pht1;1.  Mutants display enhanced arsenic accumulation.  Members of the Pht1 family of phosphate transporters include: Pht1;1/At5g43350, Pht1;2/At5g43370, Pht1;3/At5g43360, Pht1;4/At2g38940, Pht1;5/At2g32830, Pht1;6/At5g43340, Pht1;7/At3g54700, Pht1;8/At1g20860, Pht1;9/At1g76430 (Plant Journal 2002, 31:341).
157.386956489511	1.71554867053692	0.229309318238651	7.48137356002029	7.35497821845784e-14	8.23610460902909e-12	AT3G45840	NA	NA
354.64095474707	4.0491330184557	0.541317062814921	7.48015035291825	7.42376281502787e-14	8.27177074653553e-12	AT5G36130	NA	NA
433.041478383301	2.03794973544934	0.27328104800567	7.45734016435367	8.82865622229512e-14	9.7884447898278e-12	AT4G12580	NA	NA
151.256380712312	-3.98035657604163	0.534729585989747	-7.44368121818857	9.79176231374971e-14	1.0802773831465e-11	AT3G03670	PER28	NA
86.228738637696	-2.32791343144887	0.313943884610927	-7.41506219920121	1.2156773959696e-13	1.33462308628114e-11	AT1G29020	NA	NA
311.748235494429	-1.10324979135698	0.14920964248262	-7.3939577429487	1.42521722253506e-13	1.55667775050322e-11	AT1G78290	SNRK2-8; SNRK2.8; SRK2C	NA
2194.73532561564	1.20829550667446	0.163430235179634	7.3933412954241	1.43184326042e-13	1.55667775050322e-11	AT2G38310	AtPYL4; PYL4; RCAR10	Encodes a member of the PYR (pyrabactin resistance  )/PYL(PYR1-like)/RCAR (regulatory components of ABA receptor) family proteins with 14 members.  PYR/PYL/RCAR family proteins function as abscisic acid sensors. Mediate ABA-dependent regulation of protein phosphatase 2Cs ABI1 and ABI2.
197.896394192824	-1.74580496418214	0.236898022428412	-7.36943663052192	1.71350590756078e-13	1.85389750269233e-11	AT5G10520	RBK1	NA
420.528152540565	-1.71052546461337	0.232188419693685	-7.36697147458939	1.74547814460588e-13	1.87941002531698e-11	AT1G22500	AtATL15; ATL15	NA
90.741081153791	2.09110806026544	0.28392456315686	7.36501286473819	1.7712978508739e-13	1.8980854865154e-11	AT1G10370	ATGSTU17; ERD9; GST30; GST30B; GSTU17	NA
1880.37159473428	1.1022216037023	0.149957515759134	7.35022581644207	1.97872276179962e-13	2.11026071301258e-11	AT2G04350	LACS8	NA
302.046140027412	1.99036696234258	0.270821860883699	7.3493585630346	1.99160268602552e-13	2.11393050977382e-11	AT5G59220	HAI1; SAG113	NA
961.285727923438	-1.79522310000504	0.244737032336286	-7.33531449191668	2.21201437635557e-13	2.33680537607828e-11	AT1G13300	AtNIGT1; HRS1; NIGT1.4	Overexpression confers hypersensitivity to low phosphate-elicited inhibition of primary root growth.
116.992084155255	-2.01973302615987	0.275482923490949	-7.33160880015935	2.27406094117741e-13	2.3910736543948e-11	AT3G51340	NA	NA
1320.0640439234	2.24218452056719	0.306161674795013	7.32353101369863	2.41529741778407e-13	2.52771032563981e-11	AT2G29450	AT103-1A; ATGSTU1; ATGSTU5; GSTU5	Encodes a member of the TAU glutathione S-transferase gene family. Gene expression is induced by exposure to auxin, pathogen and herbicides. Naming convention according to Wagner et al. (2002)
54.5730585145403	-2.91332172687358	0.398600991305744	-7.30886723921601	2.69403777219562e-13	2.80631023005084e-11	AT2G45180	DRN1	NA
718.590646903749	3.17305254992418	0.434495474465236	7.30284372657617	2.81748360397522e-13	2.92131309234394e-11	AT3G15670	LEA29; LEA76	NA
802.930166422034	1.92420533361363	0.263705731469403	7.2967899593676	2.94714319489349e-13	3.02771646756122e-11	AT1G18870	ATICS2; ICS2	Encodes a protein with isochorismate synthase activity involved in phylloquinone biosynthesis. Mutant studies of this gene's function suggest that its function is redundant with that of ICS1 (AT1G7410).
1243.32157614826	1.54449717779374	0.211660995309537	7.29703257577072	2.94183588927421e-13	3.02771646756122e-11	AT2G39050	ArathEULS3; EULS3	NA
354.40947902373	2.80884612057899	0.386091901736103	7.27507131837968	3.4623748371573e-13	3.54079209374314e-11	AT5G50260	CEP1	NA
70.0517559225974	-2.38657351306973	0.328105015262012	-7.27380991468206	3.49487679416559e-13	3.55778457646057e-11	AT1G33840	NA	NA
2214.29860476056	1.68334543125547	0.231696532290737	7.26530265521273	3.72203955329991e-13	3.77189130478302e-11	AT2G01300	NA	NA
419.02223156027	1.10886296700202	0.152815543658567	7.25621844777471	3.9806203610705e-13	4.01576457687094e-11	AT2G01890	ATPAP8; PAP8	Encodes a purple acid phosphatase (PAP) belonging to the low molecular weight plant PAP group.
169.914143966712	-1.44147778910232	0.198842096135786	-7.2493592509604	4.18747851670087e-13	4.20550533004631e-11	AT5G03570	ATIREG2; FPN2; IREG2	Encodes FPN2, a tonoplast localized nickel transport protein. FPN2 is one of the Arabidopsis orthologs (AT2G38460/IREG1/FPN1 and AT5G03570/IREG2/FPN2) the iron efflux transporter ferroportin (FPN) identified in animals.
97.157319535687	-1.6377318325852	0.226165294078357	-7.24130481318589	4.44388374988927e-13	4.44309019921964e-11	AT4G14780	NA	NA
580.498213967726	1.29398846725187	0.178931245630384	7.2317635899369	4.76761631737409e-13	4.7455793352849e-11	AT3G13760	NA	NA
62.4137107015237	6.2993952559514	0.871315679106255	7.22975083199806	4.83881002805975e-13	4.79513227382416e-11	AT4G09600	GASA3	One of GASA gene family which is related to a GA-stimulated transcript (GAST) from tomato.
374.043185284998	3.36831589327818	0.466260309878414	7.2241102704121	5.04393179822921e-13	4.9763831080679e-11	AT3G05690	ATHAP2B; AtNF-YA2; HAP2B; NF-YA2; UNE8	Encodes a subunit of CCAAT-binding complex, binds to CCAAT box motif present in some plant promoter sequences. One of three members of this class (HAP2A, HAP2B, HAP2C), it is expressed in vegetative and reproductive tissues.
203.374881079492	-1.39903909505938	0.194232456974722	-7.20291096992845	5.89404604707234e-13	5.78960768729088e-11	AT1G68150	ATWRKY9; WRKY9	member of WRKY Transcription Factor; Group II-b
89.4734694771833	8.9979747180521	1.25078271067757	7.1938751960984	6.29777663836355e-13	6.1591705499035e-11	AT5G07050	UMAMIT9	NA
3509.24106859501	-1.01408498260312	0.141274504219392	-7.17811744027287	7.0677838204501e-13	6.88217767142611e-11	AT5G61600	ERF104	encodes a member of the ERF (ethylene response factor) subfamily B-3 of ERF/AP2 transcription factor family. The protein contains one AP2 domain. There are 18 members in this subfamily including ATERF-1, ATERF-2, AND ATERF-5.
1956.02384891601	1.58994556969691	0.221564514161043	7.17599375386106	7.17838317779425e-13	6.95961340475671e-11	AT3G02140	AFP4; TMAC2	Encodes a protein that acts in the nucleus and is an important negative regulator of ABA and salt stress responses, and could play a critical role in controlling root elongation, floral initiation and starch degradation.
1317.03329182046	1.60442180202164	0.224052670213375	7.16091354989735	8.01411790784062e-13	7.70318389115874e-11	AT5G03190	CPUORF47	Upstream open reading frames (uORFs) are small open reading frames found in the 5' UTR of a mature mRNA, and can potentially mediate translational regulation of the largest, or major, ORF (mORF). CPuORF47 represents a conserved upstream opening reading frame relative to major ORF AT5G03190.1
37190.6889070708	1.15310345805818	0.161076151032963	7.15874727986397	8.14176198062392e-13	7.79243168025869e-11	AT1G20450	ERD10; LTI29; LTI45	Encodes a gene induced by low temperature and dehydration. Inhibits e.coli growth while overexpressed. Belongs to the dehydrin protein family, which contains highly conserved stretches of 7-17 residues that are repetitively scattered in their sequences, the K-, S-, Y- and lysine rich segments. LTI29 and LTI30 double overexpressors confer cold tolerance. Localized to membranes and cytoplasm.
107.939517985634	1.87259156454933	0.261946484054819	7.14875624807945	8.75676627950976e-13	8.34538457854896e-11	AT1G68530	AtCER6; AtCUT1; CER6; CUT1; G2; KCS6; POP1	Encodes KCS6, a member of the 3-ketoacyl-CoA synthase family involved in the biosynthesis of VLCFA (very long chain fatty acids).
113.988371984752	-3.10953581677577	0.435314961875474	-7.1431861734752	9.11919787389518e-13	8.65396421965069e-11	AT4G26050	CMF6; PIRL8	Encodes PIRL8, a member of the Plant Intracellular Ras-group-related LRRs (Leucine rich repeat proteins). PIRLs are a distinct, plant-specific class of intracellular LRRs that likely mediate protein interactions, possibly in the context of signal transduction.
33.8496609144372	-5.61127703795065	0.785933450701775	-7.13963381115822	9.35798814276164e-13	8.84310136899956e-11	AT1G54950	NA	NA
2284.71346931657	1.70940317364127	0.239512626774031	7.13700649800821	9.53853378612026e-13	8.97584044848527e-11	AT5G10770	NA	NA
110.922947834827	-3.29845094685709	0.462672080077946	-7.12913332981192	1.01002861015143e-12	9.46468650751101e-11	AT5G49770	NA	NA
765.862017228073	-1.42348823914114	0.20057004790253	-7.09721244037847	1.27298306908637e-12	1.18790536730244e-10	AT3G46280	NA	NA
56.5026751154212	4.44965144964436	0.627020442985364	7.0965013970816	1.27954654144232e-12	1.18907569884407e-10	AT4G31830	NA	NA
171.916976309708	3.17975866805764	0.448162661830838	7.095099478095	1.29258474629506e-12	1.19622842884397e-10	AT3G51895	AST12; SULTR3;1	Encodes a sulfate transporter.
221.229505777954	-1.23039978954397	0.173435755644431	-7.09426833568551	1.30037604208608e-12	1.19848649541399e-10	AT1G50060	NA	NA
472.560131332141	-1.32555804000521	0.186888272749196	-7.09278340746459	1.31441092804156e-12	1.205499937025e-10	AT2G31790	NA	NA
84.2985244807227	1.82625182429411	0.257496831675932	7.09232735955564	1.31875104737955e-12	1.205499937025e-10	AT4G25790	AtCAPE4	NA
415.638629932686	1.72485966329958	0.243294448026459	7.08959730602645	1.34502801716234e-12	1.2245222549743e-10	AT3G06020	FAF4	NA
543.982374894042	1.65369967185624	0.233380671966779	7.08584673237913	1.38196693618114e-12	1.25305795557542e-10	AT2G34850	MEE25	NA
881.084163823255	-1.47523909105635	0.208730284585314	-7.06768111770275	1.57544055685854e-12	1.42272446416951e-10	AT2G17820	AHK1; ATHK1; HK1	Encodes a member of the histidine kinase family.
45.3511334333216	-3.79119641407959	0.536765109183887	-7.06304554676409	1.62892299955279e-12	1.46511483927648e-10	AT5G41300	NA	NA
76.0015343143509	2.01241941162439	0.285121940869718	7.05810084445216	1.6879355044427e-12	1.51212014229994e-10	AT2G37970	AtHBP2; cHBP2; HBP2; SOUL-1; SOUL2	NA
2226.23647229283	1.02019319267909	0.145187977383095	7.02670573051099	2.11466694506332e-12	1.88685581281427e-10	AT2G17230	EXL5	NA
92.691549334053	1.94960959596922	0.277630446630037	7.02231912830228	2.18215401552012e-12	1.93934608458685e-10	AT4G04840	ATMSRB6; MSRB6	NA
2130.87986918653	1.16870276309968	0.167166155811291	6.99126421510222	2.72420161870172e-12	2.40201651387574e-10	AT3G08590	iPGAM2	NA
2469.26669564457	-1.31080248430389	0.187812209405492	-6.97932519112125	2.96601225388455e-12	2.60497295835288e-10	AT5G18170	GDH1	Encodes the 43 kDa alpha-subunit of the glutamate dehydrogenase with a putative mitochondrial transit polypeptide and NAD(H)- and alpha-ketoglutarate-binding domains. Mitochondrial localization confirmed by subcellular fractionation. Combines in several ratios with GDH2 protein (GDH-beta) to form seven isoenzymes. Catalyzes the cleavage of glycine residues. May be involved in ammonia assimilation under conditions of inorganic nitrogen excess. The enzyme is almost exclusively found in the mitochondria of stem and leaf companion cells.
509.874713872466	1.0270013779858	0.14744648681685	6.96524820738173	3.27825254358545e-12	2.86795874867734e-10	AT2G17280	NA	NA
1286.54731562139	1.11736647142865	0.161282115875672	6.92802463163368	4.26757453567526e-12	3.70451935275128e-10	AT2G18230	AtPPa2; PPa2	Encodes a protein that might have inorganic pyrophosphatase activity.
1575.61631423713	1.41791664067829	0.205169363818429	6.91095694936754	4.81395144574806e-12	4.16267399918816e-10	AT4G18280	GRPL1	NA
188.364531350617	1.35345419657503	0.195917453668245	6.90828801229158	4.90537311364249e-12	4.22541293281297e-10	AT4G02360	NA	NA
2616.29435374861	1.26130263378611	0.18272021425264	6.90291787881855	5.09450840847895e-12	4.37151763663964e-10	AT1G25560	AtTEM1; EDF1; TEM1	Encodes a member of the RAV transcription factor family that contains AP2 and B3 binding domains. Involved in the regulation of flowering under long days. Loss of function results in early flowering. Overexpression causes late flowering and  repression of expression of FT. Novel transcriptional regulator involved in ethylene signaling. Promoter bound by EIN3. EDF1 in turn, binds to promoter elements in ethylene responsive genes.
797.862937393518	1.0249631999391	0.14853649224453	6.90041338967222	5.18514268482244e-12	4.43230746447646e-10	AT3G52950	NA	NA
256.222679985769	-1.38095063221904	0.20015973055731	-6.89924306139913	5.22803539720431e-12	4.45198025687405e-10	AT1G59780	NA	NA
248.553762219351	1.40363870182843	0.203782171613248	6.88793671554522	5.66073810907682e-12	4.80219282920017e-10	AT5G53420	CCT101	NA
265.024379122339	-1.08964250094379	0.158266346939024	-6.88486543107993	5.78421870234878e-12	4.88842875689823e-10	AT5G04970	PMEI-PME47	NA
92.9942961914056	2.15048318102953	0.31288167698783	6.87315154320518	6.27987901057973e-12	5.26757192213272e-10	AT4G16146	NA	NA
10992.1215928819	1.51458125850721	0.220896407188959	6.856522827968	7.05568104599804e-12	5.89623256366314e-10	AT5G43780	APS4; ATPS4	sulfate adenylyltransferase, ATP sulfurylase
2970.55196598318	2.7253626703039	0.397820580577085	6.85073322840776	7.34724183522372e-12	6.11705680824054e-10	AT4G17030	AT-EXPR; ATEXLB1; ATEXPR1; ATHEXP; EXLB1; EXPR	Encodes EXLB1 (expansin-like B1), a member of the expansin family.
173.912228820419	-2.90242670417065	0.423706146399353	-6.85009346415062	7.38017543875399e-12	6.1217188565309e-10	AT5G14650	PGLR	NA
131.121514673323	1.92976501587775	0.281916180550422	6.84517295924632	7.63835282806135e-12	6.31249261761115e-10	AT2G18050	HIS1-3; HON3	encodes a structurally divergent linker histone whose gene expression is induced by dehydration and ABA.
104.050118704191	-1.60577383456666	0.234893710552149	-6.83617211713363	8.13372141121367e-12	6.64875890853499e-10	AT1G29730	RKFL2	NA
43.8618157227812	2.77326546253636	0.40567581075335	6.83616175533448	8.13430943444628e-12	6.64875890853499e-10	AT5G24080	NA	NA
726.964618060668	1.33127697916203	0.194813881047792	6.83358378777658	8.28190868594706e-12	6.74478643383529e-10	AT2G47710	NA	NA
104.851373924804	-3.52607958507408	0.516531685793808	-6.8264535982051	8.70394299388983e-12	7.06280823518683e-10	AT5G01740	NA	NA
164.716129757497	2.28784227137165	0.335794298025757	6.81322549198309	9.54343727627707e-12	7.71605852850185e-10	AT5G37490	CMPG5; PUB21	NA
138.578387240676	3.16097426575479	0.464362213229601	6.80713067450186	9.95644903018531e-12	7.99228073405126e-10	AT5G05220	NA	NA
5423.65299142608	1.68862753456402	0.248304688184802	6.80062687059396	1.04164891192814e-11	8.33170322555092e-10	AT5G20190	NA	NA
300.115013354238	1.26912585489925	0.186971513713346	6.78780328454204	1.13853742452691e-11	9.01013574547868e-10	AT3G50400	NA	NA
256.307343036397	-1.62498971087419	0.239776354320948	-6.77710575538693	1.22607143198673e-11	9.63477045290346e-10	AT5G04950	ATNAS1; NAS1	Encodes a nicotianamide synthase.
63.0266270241385	-2.49831726587992	0.369395161624554	-6.76326472413073	1.34916390656611e-11	1.05649912068023e-09	AT2G39380	ATEXO70H2; EXO70H2	A member of EXO70 gene family, putative exocyst subunits, conserved in land plants. Arabidopsis thaliana contains 23 putative EXO70 genes, which can be classified into eight clusters on the phylogenetic tree.
1396.73889123436	-2.5211347629915	0.372870990715613	-6.7614129974363	1.36652368904038e-11	1.0663646181097e-09	AT5G19600	SULTR3;5	Encodes sulfate transporter Sultr3;5.
401.388929176287	1.34889749877544	0.199698494260199	6.75467035328712	1.43160372281374e-11	1.11327072833808e-09	AT1G70890	MLP43	NA
545.697148517115	2.20326587228586	0.32648677370983	6.74840774482351	1.49476393484457e-11	1.15836446660135e-09	AT1G51090	AtHMAD1; AtHMP09	NA
141.409182543866	-2.78983051561567	0.41349042589734	-6.7470256646482	1.50906590911329e-11	1.16541517587935e-09	AT3G26610	PGX1	NA
437.848186444335	1.82987065549521	0.271801747530683	6.73237266544298	1.66918449139741e-11	1.2846410951662e-09	AT5G02170	NA	NA
489.085826882792	-1.23572690616852	0.184356995849222	-6.70290216260178	2.04320274006067e-11	1.56710851254791e-09	AT4G39770	TPPH	NA
1004.16413329346	1.61155752554209	0.24094689169663	6.68843459317648	2.25570421888127e-11	1.7241894773401e-09	AT3G27170	ATCLC-B; CLC-B	member of Anion channel protein family
4151.6822675354	2.25384764764271	0.337057912452448	6.68682610428462	2.28062606330531e-11	1.73730956849612e-09	AT5G66170	STR18	Encodes a thiosulfate sulfurtransferase/rhodanese.
147.540542859925	-1.63648363199179	0.244822338592186	-6.68437219169678	2.31916701574224e-11	1.76068015201909e-09	AT5G38450	CYP735A1	member of CYP709A
129.677596645331	1.41210065081889	0.211276396441848	6.68366497441449	2.33039238176426e-11	1.76322526290514e-09	AT4G37470	KAI2	NA
3711.39710087873	1.06308398351298	0.159149880651325	6.67976613719272	2.39323850748884e-11	1.80467911157307e-09	AT5G42570	NA	NA
270.696614366524	-1.69605145363472	0.25393732155127	-6.67901607874639	2.40551773186275e-11	1.80720817782982e-09	AT3G51350	NA	NA
92.1418892269775	-2.26881741537515	0.339987036530371	-6.67324683472886	2.50205030856122e-11	1.8616584289215e-09	AT1G01580	ATFRO2; FRD1; FRO2	Encodes the low-iron-inducible ferric chelate reductase responsible for reduction of iron at the root surface.  It is likely to be the major Fe(III) chelate reductase in Arabidopsis iron metabolism.  Coordinately regulated with IRT1, the major transporter responsible for high-affinity iron uptake from the soil, at both transcriptional and posttranscriptional levels. Steady state mRNA levels are regulated by several metals.  Its transcription is regulated by FIT1.
109.191021845043	2.2111809475813	0.331833661769024	6.66352212669858	2.67341774770572e-11	1.98257827409329e-09	AT2G36090	NA	NA
747.497874302594	1.86528340165761	0.280479533437581	6.65033693830183	2.92422810762769e-11	2.15430962823782e-09	AT5G67450	AZF1; ZF1	Encodes zinc-finger protein. mRNA levels are elevated in response to low temperature, cold temperatures and high salt. The protein is localized to the nucleus and acts as a transcriptional repressor.
301.69417487915	1.66005672655146	0.249684659032934	6.64861322670404	2.95867333518779e-11	2.17253927917593e-09	AT1G61840	NA	NA
210.690088364905	2.75780644697031	0.414918337783926	6.64662463871739	2.9989051413963e-11	2.19488495250692e-09	AT3G01990	ACR6	Member of a small family of ACT domain containing proteins in Arabidopsis. ACT domains are involved in amino acid binding.
1074.2262285289	1.47338524350119	0.22180277172519	6.64277200884888	3.07837830883588e-11	2.24571207181395e-09	AT1G70700	JAZ9; TIFY7	JAZ9 is a protein presumed to be involved in jasmonate signaling. JAZ9 transcript levels rise in response to a jasmonate stimulus. JAZ9 can interact with the COI1 F-box subunit of an SCF E3 ubiquitin ligase in a yeast-two-hybrid assay only in the presence of jasmonate-isoleucine (JA-ILE) or coronatine. The Jas domain appears to be important for JAZ9-COI1 interactions in the presence of coronatine. Two positive residues (R205 and R206) in the Jas domain shown to be important for coronatine -dependent COI1 binding are not required for binding AtMYC2.
66.8182986211278	1.97113388378136	0.296823220708299	6.64076711747049	3.12054751782242e-11	2.26908383795944e-09	AT4G36740	ATHB40; HB-5; HB40	Encodes a homeodomain leucine zipper class I (HD-Zip I) protein.
229.427064913504	3.17245613245655	0.477874134309865	6.63868559665431	3.16492659787575e-11	2.29390602220147e-09	AT4G12290	CuAO	NA
86.635956139719	2.46667961884037	0.37258439276586	6.6204587919776	3.58085731073878e-11	2.57867782415774e-09	AT5G40800	AITR4; DIL3	NA
103.392931680187	2.16950800457984	0.327900660711856	6.61635752691059	3.68157353134834e-11	2.64270900025889e-09	AT3G21320	NA	NA
405.142847947938	-1.60075036183432	0.242141857587465	-6.61079574503595	3.82259615572853e-11	2.73517135794556e-09	AT1G52200	NA	NA
59.8527494516936	-2.59604152753128	0.39386190780625	-6.59124803916894	4.36144511953083e-11	3.11079378652906e-09	AT5G41290	NA	NA
255.306045380369	2.99363212836383	0.454461343512006	6.58720960781727	4.48169375817013e-11	3.1864131240628e-09	AT3G21670	AtNPF6.4; NPF6.4	NA
270.812118590353	-1.24873630049771	0.189653370931057	-6.5843084906287	4.57007363469849e-11	3.23896737730087e-09	AT1G72900	TN7	NA
123.001372907992	2.93925209828554	0.4483135150029	6.55624245070222	5.51804914083494e-11	3.89849301445235e-09	AT1G62290	AtPaspA2; PaspA2; SUD7	NA
81.7186972647831	-1.88666732977153	0.287884600612931	-6.55355418718005	5.61835326130735e-11	3.95687546038488e-09	AT3G12977	NAC1L	NA
1706.99400497387	1.29439972703479	0.197791367793878	6.54426804097794	5.97874817554957e-11	4.19749354669618e-09	AT3G57010	NA	NA
78.9535015095401	1.57811941722316	0.241283149563152	6.54052891832841	6.13016418636002e-11	4.29034865992872e-09	AT3G57020	NA	NA
241.677616362166	-1.27841599276413	0.19550410211331	-6.53907503190491	6.19004664841075e-11	4.31876276441767e-09	AT4G13235	EDA21; PdfL4.1	Encodes a defensin-like (DEFL) family protein.
1872.31542715598	-1.54454097600648	0.23624074544094	-6.53799569216402	6.23487199985634e-11	4.33652774250878e-09	AT3G05950	NA	NA
58.0609932060923	-3.0156948970699	0.462064340335748	-6.52656921085625	6.72932293507108e-11	4.66594168587777e-09	AT3G60700	NA	NA
64.7628968990643	-3.01092386722453	0.46142604438606	-6.52525773925623	6.78846983473305e-11	4.69242501292226e-09	AT3G20360	NA	NA
742.857416165435	1.14836453478098	0.176049987765593	6.52294583689497	6.89397633603743e-11	4.75069212375059e-09	AT5G61810	APC1	NA
165.151614138412	2.21617786252223	0.339819183721393	6.52163847329819	6.9543475703417e-11	4.77759411611572e-09	AT2G38465	NA	NA
428.11582224744	1.19849561062175	0.183856502254908	6.51864685731971	7.0944457786909e-11	4.85893601405386e-09	AT4G17550	AtG3Pp4; G3Pp4	NA
187.037455894484	1.03433405762379	0.158846317319494	6.51153942425617	7.43844993373372e-11	5.07740252927755e-09	AT1G06430	FTSH8	encodes a FtsH protease that is localized to the chloroplast
101.635457392774	2.37084381047274	0.364121725871094	6.51112977343203	7.45876688753489e-11	5.07740252927755e-09	AT2G34610	NA	NA
69.4700219326616	2.99291504804892	0.460105905924832	6.50483945002408	7.77764007127398e-11	5.27842506170461e-09	AT4G19975	NA	NA
32.9905502232012	-3.59115363460295	0.553223100054766	-6.49132987080159	8.50819544017187e-11	5.7567838392172e-09	AT4G08380	EXT22	NA
725.332270743204	1.15251679794036	0.177658770517281	6.48724965609426	8.74174212262802e-11	5.87928097832964e-09	AT5G25280	NA	NA
250.662660687825	1.46570719223115	0.22614811492549	6.48118244414317	9.10065436743319e-11	6.10234297045011e-09	AT5G02200	FHL	Encodes a small plant-specific protein with both nuclear localization and nuclear export signals that is specifically required, together with FHY1, for the light-regulated nuclear accumulation of phyA.
391.703355924893	1.34658709740476	0.207815227739185	6.47973255884196	9.18853399394479e-11	6.14287783069813e-09	AT4G09890	NA	NA
136.555084908007	1.99682254199458	0.308243926983641	6.47805963781585	9.29096334859355e-11	6.19286949866372e-09	AT2G05520	ATGRP-3; ATGRP3; GRP-3; GRP3	Encodes a glycine-rich protein that is  expressed mainly in stems and leaves.  mRNA levels are upregulated in response to ABA, salicylic acid and ethylene but downregulated in response to dessication.
90.4759541707155	1.4455549499014	0.223440957254561	6.46951645599383	9.8317023667833e-11	6.53385181621599e-09	AT3G27510	NA	NA
401.37465720277	2.00259304573636	0.309582820177845	6.4686827408121	9.88609113155852e-11	6.55055908231907e-09	AT1G69150	NA	NA
403.042101005065	1.28052002985724	0.198245397292571	6.45926738953462	1.05211069791646e-10	6.93031505604029e-09	AT3G47420	AtG3Pp1; ATPS3; G3Pp1; PS3	Encodes a Pi starvation-responsive protein AtPS3.
228.824712105636	-1.44341923233404	0.223938614608254	-6.44560222389102	1.15142287454074e-10	7.56224829859658e-09	AT1G73630	NA	NA
102.20691671102	-2.28975013828331	0.355303369822905	-6.44449316488218	1.15987361173483e-10	7.59547643520853e-09	AT1G56430	ATNAS4; NAS4	Encodes a protein with nicotianamine synthase activity.
1677.74911771898	-1.09731786127324	0.170453780490774	-6.4376270101714	1.21355765484339e-10	7.92385925302407e-09	AT1G60190	AtPUB19; PUB19	NA
137.641216326146	-1.21798931861277	0.189253104678027	-6.43576928729867	1.22849516243524e-10	7.99807490055221e-09	AT1G49310	NA	NA
1671.59454636769	1.81569491605573	0.282442849837903	6.42853914375165	1.28836078797256e-10	8.31531072260327e-09	AT3G01420	ALPHA-DOX1; DIOX1; DOX1; PADOX-1; PADOX1	Encodes an alpha-dioxygenase involved in protection against oxidative stress and cell death. Induced in response to Salicylic acid and oxidative stress.  Independent of NPR1 in  induction by salicylic acid.
1799.77449393617	1.36367520566442	0.212358869908941	6.42155991058516	1.34884907027606e-10	8.65582343206381e-09	AT3G26450	NA	NA
423.00011705986	1.63463628228731	0.255668368541671	6.39358044802826	1.62045677201686e-10	1.03690713903113e-08	AT5G38000	NA	NA
1955.31025467019	-1.45777655728679	0.228320722375968	-6.38477551278207	1.71649083619547e-10	1.09379819416844e-08	AT1G60140	ATTPS10; TPS10	Encodes an enzyme putatively involved in trehalose biosynthesis.  The protein has a trehalose synthase (TPS)-like domain that may or may not be active as well as a trehalose phosphatase (TPP)-like domain.
2913.53897833784	2.24524673929102	0.352542617366875	6.36872431497974	1.90606855439068e-10	1.20588450124672e-08	AT5G45070	AtPP2-A8; PP2-A8	NA
846.93426394153	1.47037185101938	0.231415322273049	6.35382236827201	2.10029355995958e-10	1.32129703845098e-08	AT4G29930	NA	NA
1592.61368921778	1.32332796617406	0.208529005313554	6.34601389952559	2.20965279519348e-10	1.3862012325253e-08	AT2G29440	ATGSTU6; GST24; GSTU6	Encodes glutathione transferase belonging to the tau class of GSTs. Naming convention according to Wagner et al. (2002).
1074.20590202696	2.04004340984576	0.321524636217683	6.3449054288474	2.22562122619094e-10	1.39231879837353e-08	AT1G17170	ATGSTU24; GST; GSTU24	Encodes glutathione transferase belonging to the tau class of GSTs. Naming convention according to Wagner et al. (2002).
109.401663025546	1.59273710791059	0.251058799715355	6.34407999128652	2.2375855016103e-10	1.39590431459789e-08	AT2G41380	NA	NA
4533.88369017699	2.2586109063761	0.356066507341944	6.3432276268744	2.25000599511825e-10	1.39975372962967e-08	AT5G37990	CIMT1	NA
409.558333491086	2.86059873168881	0.451696634963177	6.33300872813012	2.40425956684163e-10	1.49157333127383e-08	AT3G16150	ASPGB1	NA
79.5319636980989	3.16181149346154	0.499328901546911	6.33212194140238	2.41812249490104e-10	1.49602959656916e-08	AT2G29380	HAI3	NA
642.89739446979	-1.74301163079561	0.275447403866056	-6.32792905771297	2.48473321398535e-10	1.53300509808308e-08	AT5G52790	NA	NA
166.180666286236	1.33258604286938	0.210746784430444	6.32316192377869	2.5626451304203e-10	1.56811476341238e-08	AT5G47530	NA	NA
121.16339198594	3.36770163572819	0.532570662042225	6.32348320280021	2.55732014316743e-10	1.56811476341238e-08	AT2G47770	ATTSPO; TSPO	Encodes a membrane-bound protein designated AtTSPO (Arabidopsis thaliana TSPO-related). AtTSPO is related to the bacterial outer membrane tryptophan-rich sensory protein (TspO) and the mammalian mitochondrial 18 kDa Translocator Protein (18 kDa TSPO), members of the TspO/MBR domain-containing membrane proteins. Mainly detected in dry seeds, but can be induced in vegetative tissues by osmotic or salt stress or abscisic acid treatment. Located in endoplasmic reticulum and the Golgi stacks.
15678.974513469	1.43484078503369	0.227025252157121	6.32018143973099	2.61256371114088e-10	1.59430454699485e-08	AT1G58270	ZW9	ZW9 mRNA, complete cds
60.8073891726629	-1.87486968798742	0.297031881457695	-6.31201498905244	2.75425543010361e-10	1.67620392969023e-08	AT3G26120	TEL1	Similar to terminal ear1 in Zea mays. A member of mei2-like gene family; phylogenetic analysis revealed that TEL1 belongs to the third clade of mei2-like proteins (TEL clade), with conserved two N-terminal RNA recognition motifs (RRM), in addition to the C-terminal RRM, shared among all mei2-like proteins.
98.5557619831005	2.37272479082986	0.376389882727174	6.3039016182848	2.90244767762039e-10	1.76160482894272e-08	AT2G16890	NA	NA
342.785452468796	1.19217534468076	0.189257407673302	6.29922685371824	2.99133928346786e-10	1.81064958358233e-08	AT2G16990	NA	NA
149.402698026679	2.34677841795341	0.37306936501965	6.29046134042607	3.16523872397692e-10	1.90560985113406e-08	AT1G73040	NA	NA
183.593087788314	1.92803992385691	0.307059861399729	6.27903599991207	3.40678710270135e-10	2.0400642767941e-08	AT1G24735	NA	NA
133.681818341388	1.354266525121	0.215828541970068	6.27473323388717	3.50234258346223e-10	2.09169238664587e-08	AT1G23010	LPR1	Encodes a protein with multicopper oxidase activity.  Located in ER.  Function together with LPR2 (AT1G71040) and a P5-type ATPase (At5g23630/PDR2) in a common pathway that adjusts root meristem activity to Pi (inorganic phosphate) availability.
116.244479458182	1.47776289972919	0.23553134044888	6.2741667283549	3.5151168200333e-10	2.09373819950707e-08	AT1G20030	NA	NA
388.860961286743	1.66873279471064	0.266221731830729	6.26820651806016	3.65230193823403e-10	2.16968048298911e-08	AT4G09760	CEK3	encodes a choline synthase whose gene expression is induced by high salt and mannitol.
247.498590096171	2.32070054383071	0.370324896200016	6.26666089059612	3.6887223988728e-10	2.18551922870781e-08	AT1G01380	ETC1	ETC1 is involved in trichome and root  hair patterning in Arabidopsis.
51.1483031507634	2.56069899549232	0.408857092749993	6.26306609546365	3.77480522104383e-10	2.23062104829809e-08	AT1G30220	ATINT2; INT2	Inositol transporter presenting conserved extracellular loop domains homologs of plexins/semaphorin/integrin  (PSI) domains from animal type I receptors.
287.025897876821	1.46735163520759	0.234531577171625	6.25652056283155	3.93661221943858e-10	2.32011492806701e-08	AT1G15460	ATBOR4; BOR4	Encodes a efflux-type boron transporter. Over-expression improved plant growth under B toxic conditions.
2107.67985282627	1.56095705041289	0.249658021313475	6.25238092571808	4.04241934519975e-10	2.37622109330954e-08	AT4G38400	ATEXLA2; ATEXPL2; ATHEXP; EXLA2; EXPL2	member of EXPANSIN-LIKE. Naming convention from the Expansin Working Group (Kende et al, 2004. Plant Mol Bio)
754.21838424397	1.34428556065451	0.215396204867788	6.24099000017037	4.34810048178609e-10	2.5425602712815e-08	AT2G38170	ATCAX1; CAX1; RCI4	Encodes a high affinity vacuolar calcium antiporter.  The residue His 338 is critical to Ca2+ transport activity. Disruption of CAX1 reduces manganese and zinc of shoot tissue and results in a decrease in the activity of vacuolar V-type proton ATPase.
169.188622009303	-1.26444233077496	0.202874557174511	-6.23263137766112	4.58664590746624e-10	2.67359549326757e-08	AT4G36060	bHLH11	NA
78.0800261639528	-1.61800375449865	0.260265036731989	-6.21675417802972	5.07543936449441e-10	2.93719741620715e-08	AT4G25310	NA	NA
665.34398539809	1.31863723997674	0.212245391394679	6.2127956292096	5.20501283881216e-10	3.00441926644426e-08	AT3G51860	ATCAX3; ATHCX1; CAX1-LIKE; CAX3	NA
4660.81913666791	1.87912495443576	0.302552779439348	6.21089965829405	5.2682107150198e-10	3.03308090420523e-08	AT3G11170	AtFAD7; FAD7; FADD	Chloroplastic enzyme responsible for the synthesis of 16:3 and 18:3 fatty acids from galactolipids, sulpholipids and phosphatidylglycerol. Uses ferredoxin as electron donor. Gene expression is induced by wounding in shoot and root. The wound-response in shoot is independent of jasmonic acid mediated pathway whereas the root response is mediated by jasmonic acid.
1414.06881992109	1.32818532488272	0.21392711789838	6.20858794308459	5.34628015366566e-10	3.07013564926913e-08	AT4G19420	PAE8	NA
3143.28638142165	1.0447663807957	0.168293340132747	6.20800787465273	5.36604627531841e-10	3.0736054317655e-08	AT4G35300	TMT2	NA
183.678981302504	1.4079473796727	0.226866628869818	6.20605765901611	5.43302517163258e-10	3.10403142203784e-08	AT4G39330	ATCAD9; CAD9	NA
3235.77929777015	-1.33271271032159	0.215041587230627	-6.1974649996063	5.73797928308501e-10	3.2699181685489e-08	AT3G23000	ATSR2; ATSRPK1; CIPK7; PKS7; SnRK3.10	Encodes a serine/threonine protein kinase with similarities to CBL-interacting protein kinases, SNF1 and SOS2.
227.17800277535	-1.90498211758343	0.30827699168694	-6.1794495500915	6.43254853166863e-10	3.64717359279116e-08	AT5G59080	NA	NA
27.519451661292	3.48075667694738	0.564236291211304	6.16896986451347	6.87363254196335e-10	3.88742107095483e-08	AT3G27250	AITR1; DIL4; SFL6	NA
122.020452679246	4.16924557277358	0.677560510706468	6.15331842233021	7.58782414522572e-10	4.28052668907998e-08	AT5G60770	ATNRT2.4; NRT2.4	member of High affinity nitrate transporter family
293.634364803012	-2.10669635701622	0.343384675552509	-6.13509136255579	8.51102670223254e-10	4.76532385058e-08	AT1G67110	CYP735A2	member of CYP709A
174.234868409812	1.98319034927991	0.323507624550732	6.13027390632305	8.77279057995253e-10	4.89963635482835e-08	AT3G05630	PDLZ2; PLDP2; PLDZETA2	Encodes a member of the PXPH-PLD subfamily of phospholipase D proteins.  Regulates vesicle trafficking. Required for auxin transport and distribution and hence auxin responses. This subfamily is novel structurally different from the majority of plant PLDs by having phox homology (PX) and pleckstrin homology (PH) domains.  Involved regulating root development in response to nutrient limitation.  Plays a major role in phosphatidic acid production during phosphate deprivation. Induced upon Pi starvation in both shoots and roots. Involved in hydrolyzing phosphatidylcholine and phosphatidylethanolamine to produce diacylglycerol for digalactosyldiacylglycerol synthesis and free Pi to sustain other  Pi-requiring processes.  Does not appear to be involved in root hair patterning.
735.598900311234	1.2688901557998	0.20701412121421	6.12948599041124	8.81634375153912e-10	4.90454429882581e-08	AT5G04080	AthCYSTM12	NA
272.240796970565	1.82925614427891	0.298443421653964	6.12932305272881	8.82537664059119e-10	4.90454429882581e-08	AT2G29460	ATGSTU4; GST22; GSTU4	Encodes glutathione transferase belonging to the tau class of GSTs. Naming convention according to Wagner et al. (2002).
2161.30075256981	-1.13766051354922	0.185730156947083	-6.12534082913289	9.04896925770224e-10	5.00396828383949e-08	AT5G65210	TGA1	Encodes TGA1, a redox-controlled regulator of systemic acquired resistance.  TGA1 targets the activation sequence-1 (as-1) element of the promoter region of defense proteins. TGA1 are S-nitrosylated.
5504.23042232259	1.75876673723326	0.287750436558007	6.1121253481703	9.83129121480152e-10	5.42319207011564e-08	AT4G18010	5PTASE2; AT5PTASE2; IP5PII	Encodes an inositol polyphosphate 5-phosphatase that appears to have Type I activity. It can dephosphorylate IP3(inositol(1,4,5)P3) and IP4 (inositol(1,3,4,5)P4), but it does not appear to be active against phosphatidylinositol 4,5 bisphosphate. Overexpression of this gene renders plants insensitive to ABA in germination and growth assays.
21.5529464682642	-3.54810329905272	0.580586375113149	-6.11124106789664	9.885929986171e-10	5.43993336536328e-08	AT5G43370	APT1; PHT1;2; PHT2	Encodes a phosphate transporter Pht1;2.  Members of the Pht1 family of phosphate transporters include: Pht1;1/At5g43350, Pht1;2/At5g43370, Pht1;3/At5g43360, Pht1;4/At2g38940, Pht1;5/At2g32830, Pht1;6/At5g43340, Pht1;7/At3g54700, Pht1;8/At1g20860, Pht1;9/At1g76430 (Plant Journal 2002, 31:341)
530.200023584165	1.14319522140163	0.189261927801908	6.0402809729285	1.53846090338138e-09	8.42429593939592e-08	AT1G47960	ATC/VIF1; AtCIF1; C/VIF1; CIF1	Plant cell wall (CWI) and vacuolar invertases (VI)  play important roles in carbohydrate metabolism, stress responses  and sugar signaling. This protein may inhibit their activity.
822.380455668251	1.9534627064478	0.323691560737391	6.03495099469904	1.59010935510571e-09	8.67242634687913e-08	AT5G64750	ABR1; ERF111	Encodes a putative transcription factor containing an AP2 domain. Is a member of the ERF (ethylene response factor) subfamily B-4 of ERF/AP2 transcription factor family.  Expressed in response to ABA, osmotic stress, sugar stress and drought. Mutants are hypersensitive to these stresses. May be involved in regulation of ABA mediated stress response.
142.823822876868	1.27001604129887	0.210448464047018	6.03480784262281	1.59151956981931e-09	8.67242634687913e-08	AT4G33950	ATOST1; OST1; P44; SNRK2-6; SNRK2.6; SRK2E	Encodes calcium-independent ABA-activated protein kinase, a member of SNF1-related protein kinases (SnRK2) whose activity is activated by ionic (salt) and non-ionic (mannitol) osmotic stress.  Mutations disrupted ABA induction of stomatal closure as well as ABA inhibition of light-induced stomatal opening. However, regulation of stomatal opening/closing by light or CO(2) is not affected in these mutants. May act in the interval between ABA perception and reactive oxygen species production in the ABA signalling network.
441.000202040056	1.27466112932899	0.211317692553997	6.03196596519377	1.61976897866503e-09	8.80493836072376e-08	AT5G46730	NA	NA
1157.10277257091	1.36710213900617	0.226994578619126	6.02262021993058	1.71615808843582e-09	9.30631393428778e-08	AT1G78780	NA	NA
320.54078828429	1.18947741331784	0.197539523429146	6.02146543977303	1.72844932467471e-09	9.35032634671854e-08	AT3G50350	NA	NA
54.6112550877174	2.28932988067624	0.380318091539525	6.01951348516987	1.74942083000141e-09	9.44097082137629e-08	AT3G25620	ABCG21	NA
249.05000095623	1.15591350009203	0.192587581253758	6.00201473307342	1.9488401252566e-09	1.04918806358766e-07	AT2G34355	NA	NA
1168.96119008125	-1.04756315761773	0.174718391712545	-5.99572344588216	2.02581527943175e-09	1.0880134052315e-07	AT1G14210	NA	NA
320.630751115099	1.15595173360252	0.192957794472939	5.99069727532894	2.08943251281297e-09	1.11949594633874e-07	AT4G10500	DLO1	NA
25.8538957431638	-5.22036866269574	0.872988436555332	-5.97988294472084	2.23298022690084e-09	1.19355191316638e-07	AT5G43360	ATPT4; PHT1;3; PHT3	Encodes Pht1;3, a member of the Pht1 family of phosphate transporters which include: Pht1;1/At5g43350, Pht1;2/At5g43370, Pht1;3/At5g43360, Pht1;4/At2g38940, Pht1;5/At2g32830, Pht1;6/At5g43340, Pht1;7/At3g54700, Pht1;8/At1g20860, Pht1;9/At1g76430 (Plant Journal 2002, 31:341).
50.491082944141	-2.13712851539548	0.35833011304597	-5.96413317660888	2.45936095996499e-09	1.31142495379466e-07	AT3G29110	NA	NA
994.151081115806	-1.77010002212338	0.297204542925105	-5.95583097318079	2.58753658725512e-09	1.37323387223141e-07	AT2G13360	AGT; AGT1; SGAT	Encodes a peroxisomal photorespiratory enzyme that catalyzes transamination reactions with multiple substrates. It is involved in photorespiration.
311.524110001816	-1.72962036128808	0.290781559685838	-5.94817760506124	2.71144303190884e-09	1.43559049982578e-07	AT1G64400	LACS3	NA
40.7871514001639	2.23554055212904	0.375921044144234	5.94683534468824	2.73376152159138e-09	1.443993467867e-07	AT3G62990	NA	NA
1851.58099134481	1.56782416878958	0.263672670751175	5.94610038394582	2.74605780474523e-09	1.44707554341351e-07	AT4G27560	UGT79B2	NA
531.643732280746	-1.14388817920275	0.192590566344227	-5.93948188073875	2.85924274716653e-09	1.49615889171826e-07	AT1G05470	CVP2	Encodes an inositol polyphosphate 5' phosphatase (5PTase) that is required for the proper recruitment of cells into developing vascular tissue in leaves and cotyledons. It is most similar to Type I 5PTases that are known to cleave a phosphate from IP3 or IP4. cvp2 mutants have elevated levels of IP3 and are hypersensitive to ABA in seed germination assays.
86.7461978074187	-2.564102308484	0.432059319896365	-5.93460710232806	2.94550002188904e-09	1.53770206270926e-07	AT5G37450	NA	NA
57.6727166266828	1.88906142661459	0.318646194585061	5.92839788679891	3.05904545385246e-09	1.59326469731348e-07	AT3G59710	NA	NA
1208.75290667171	1.4596206666574	0.246468662874432	5.92213488576857	3.17788792261478e-09	1.6513219933847e-07	AT2G35760	CASPL2B2	NA
99.5541549067804	2.03377765171445	0.343605977092851	5.91892396320238	3.24054728309541e-09	1.67998372574548e-07	AT5G23810	AAP7	Encodes nonfunctional amino acid transporter.  AAP7 is the most distantly related member of the AAP family, a group of well characterized amino acid transporters within the ATF1 superfamily. Expression of this gene has not been detected with RNA gel blots or promoter GUS studies.
66.980753455033	-3.19998516609575	0.54117823169068	-5.91299682564608	3.35938655777825e-09	1.73757093182452e-07	AT5G19970	NA	NA
66.6273905010807	2.07620711849368	0.351481316839808	5.9070198585831	3.4835177419536e-09	1.79762357946527e-07	AT5G42290	NA	NA
112.332516460417	2.19389043228255	0.371525228097168	5.90509140797504	3.52451273955193e-09	1.81459740954034e-07	AT3G04530	ATPPCK2; PEPCK2; PPCK2	Encodes a second Arabidopsis phosphoenolpyruvate carboxylase kinase gene product with a different expression pattern from PPCK1. Expression of the gene is upregulated by exposure of the plant to light.
178.246436364434	-1.17303894747716	0.198706813652659	-5.9033654956978	3.5616001528616e-09	1.82948617026349e-07	AT4G25090	AtRbohG	NA
148.854100152326	1.6769513279797	0.284267370700034	5.8992044139644	3.65258490199447e-09	1.87192886647753e-07	AT3G10120	NA	NA
99.2830817560749	-1.53117428071422	0.259623618294669	-5.89766944460485	3.6867160062555e-09	1.88510711589265e-07	AT3G52480	NA	NA
100.071851822215	1.40617613494967	0.238534935349074	5.8950532042271	3.74560675418845e-09	1.91085669400466e-07	AT4G26490	NA	NA
143.417824655707	-2.13393979747633	0.362598373297756	-5.88513339998908	3.9773305804915e-09	2.02446126547017e-07	AT5G46050	AtNPF5.2; ATPTR3; NPF5.2; PTR3	Encodes a di- and tri-peptide transporter involved in responses to wounding, virulent bacterial pathogens, and high NaCl concentrations. The protein is predicted to have 12 transmembrane helicies.
22.35291495582	3.04732944730179	0.518533532512265	5.87682233883246	4.1821662594298e-09	2.11909039697262e-07	AT4G24510	CER2; VC-2; VC2	Involved in C28 to C30 fatty acid elongation.
18.6031957767111	-7.64026550531806	1.30113191061997	-5.87201454591762	4.30530957746198e-09	2.1765623769038e-07	AT2G28850	CYP710A3	member of CYP710A
31.5160155215856	-2.91491192227838	0.497154590107292	-5.86319020337177	4.54057591651941e-09	2.29033194203533e-07	AT5G43540	NA	NA
327.090053041429	1.00993239534804	0.172427220759486	5.85715173566922	4.70872879079613e-09	2.36981325839708e-07	AT5G10230	ANN7; ANNAT7	Encodes a calcium-binding protein annexin (AnnAt7).
67.8697623479142	2.93953309188296	0.50202244953915	5.8553817555	4.75915530314994e-09	2.38982157330372e-07	AT4G33467	NA	NA
276.448056936043	2.08827975600703	0.356892517561031	5.85128477973741	4.8779018850477e-09	2.44397070732725e-07	AT1G43160	ERF113; RAP2.6	encodes a member of the ERF (ethylene response factor) subfamily B-4 of ERF/AP2 transcription factor family (RAP2.6). The protein contains one AP2 domain. There are 7 members in this subfamily.
790.611259972875	2.17617593828054	0.372185535221207	5.84701911369861	5.00460019514265e-09	2.50185325826819e-07	AT1G64590	NA	NA
1679.983934276	1.02956659553402	0.17609680763117	5.84659432151899	5.01739123760737e-09	2.50266133980968e-07	AT2G38760	ANN3; ANNAT3; AtANN3	Annexins are calcium binding proteins that are localized in the cytoplasm. When cytosolic Ca2+ increases, they relocate to the plasma membrane.
331.249324146166	1.01041731816259	0.173118142925214	5.8365766931724	5.32842415174868e-09	2.64601745681959e-07	AT1G64810	APO1	chloroplast APO1
86.0280042066167	1.46609539970443	0.251312449048458	5.8337555710252	5.4193494507742e-09	2.68521571459157e-07	AT4G12000	NA	NA
47.6252265230319	-5.12348035473001	0.879329343175923	-5.82657725969345	5.65756817574047e-09	2.7847669640414e-07	AT5G24920	AtGDU5; GDU5	Encodes a member of the GDU (glutamine dumper) family proteins involved in amino acid export: At4g31730 (GDU1), At4g25760 (GDU2), At5g57685 (GDU3), At2g24762 (GDU4), At5g24920 (GDU5), At3g30725 (GDU6) and At5g38770 (GDU7).
779.740350144411	-1.11618223187865	0.191823334647221	-5.8188031916524	5.92704710227561e-09	2.9046421641699e-07	AT5G19040	ATIPT5; IPT5	Encodes cytokinin synthase.
3654.38574339302	1.47791220704516	0.253976666680794	5.8190865576744	5.91700889024302e-09	2.9046421641699e-07	AT5G65280	GCL1	Encodes a protein with reported similarity to GCR2 a putative G protein coupled receptor thought to be an ABA receptor. Loss of function mutations in GCL1 show no ABA response defects based on assays of seed germination and seedling development.GCL1 also has similarity to LANCL1 and LANCL2, human homologs of bacterial lanthionine synthetase.
1402.7886548849	1.7798295717042	0.306496009873818	5.80702362956354	6.35931645584993e-09	3.10967797696976e-07	AT1G80120	NA	NA
562.408334311912	1.01830340517167	0.175471366369219	5.80324543110354	6.5043474937305e-09	3.17366811480585e-07	AT4G10040	CYTC-2	Encodes cytochrome c. Promoter directs preferential expression in vascular tissues of cotyledons, leaves, roots, and hypocotyls, and in anthers.
504.02156343118	-1.40259474699249	0.24200310577275	-5.79577168034188	6.80077351312245e-09	3.30390723644014e-07	AT1G02220	ANAC003; NAC003; XVP	NA
147.66074217105	1.77827838421567	0.306819913684713	5.79583757409898	6.79810348961421e-09	3.30390723644014e-07	AT2G33205	NA	NA
307.73631186814	1.82333341861006	0.314949094755557	5.78929563212497	7.06821980591267e-09	3.42640369639005e-07	AT1G75450	ATCKX5; ATCKX6; CKX5	This gene used to be called AtCKX6. It encodes a protein whose sequence is similar to cytokinin oxidase/dehydrogenase, which catalyzes the degradation of cytokinins.
115.309894099832	-2.02612062247816	0.350164206902891	-5.78620139505021	7.19958909969281e-09	3.48254854161382e-07	AT1G33340	PICALM8	NA
19.0355244305257	-3.91908995899634	0.677463460374916	-5.78494662550135	7.25353572997351e-09	3.50108159932083e-07	AT1G50090	AtBCAT7; BCAT7	NA
96.2782033140285	-1.77767725760147	0.307531862234452	-5.78046529775905	7.44943035410438e-09	3.58790198302197e-07	AT5G03840	TFL-1; TFL1	Controls inflorescence meristem identity. Involved in the floral initiation process. Ortholog of the Antirrhinum gene CENTRORADIALIS (CEN). Involved in protein trafficking to the protein storage vacuole.
82.5451698172151	-2.01187117594407	0.348215572844512	-5.77765996939611	7.57466927021856e-09	3.64039255312907e-07	AT2G42280	AKS3; FBH4	NA
4498.72576120623	1.51539718549539	0.262337796013256	5.77651108046518	7.62654821460331e-09	3.65747695533738e-07	AT5G13220	JAS1; JAZ10; PW220; TIFY9	Plants overexpressing At5g13220.3, but not At5g13220.1 showed enhanced insensitivity to MeJa.; Plants overexpressing At5g13220.3, but not At5g13220.1 showed enhanced insensitivity to MeJa, whereas RNAi constructs for At5g13220.3 increased MeJA sensitivity. This isoform modifies growth in response to wounding in a process that requires jasmonate signaling.
278.87170018695	1.03364559306857	0.179012885043979	5.77414074307908	7.73467664241052e-09	3.69351424484917e-07	AT5G20270	HHP1	heptahelical transmembrane protein homologous to human adiponectin receptors and progestin receptors
44.5895180825656	7.98968749828802	1.38499134088793	5.76876350227991	7.98552760488765e-09	3.80518885615029e-07	AT1G22150	SULTR1;3	sulfate transporter Sultr1;3
108.262796061407	-2.18674639036238	0.379273631169204	-5.76561672273709	8.13597695151713e-09	3.86864840352819e-07	AT1G49470	NA	NA
31.0359635889159	3.1942066863624	0.554188706599904	5.76375275844164	8.22639009346792e-09	3.90335238418024e-07	AT2G37770	AKR4C9; ChlAKR	NA
80.7061164840233	-1.90245747847587	0.33038391190511	-5.75832360451702	8.49533777285839e-09	4.02244365245109e-07	AT1G67150	NA	NA
69.5150594319089	-2.43165026031795	0.422326237046048	-5.7577532414895	8.52408350903283e-09	4.0275395415253e-07	AT2G45360	NA	NA
792.207522861709	-1.3214203431833	0.229642428929784	-5.75425172665868	8.70263986734999e-09	4.0946286233019e-07	AT5G53160	PYL8; RCAR3	Encodes RCAR3, a regulatory component of ABA receptor.  Interacts with protein phosphatase 2Cs ABI1 and ABI2.  Stimulates ABA signaling.
656.6019412451	2.15427959237558	0.374545110935727	5.75172263494119	8.83386475101627e-09	4.14765691747925e-07	AT1G72830	ATHAP2C; HAP2C; NF-YA3	Encodes a subunit of CCAAT-binding complex, binds to CCAAT box motif present in some plant promoter sequences. One of three members of this class (HAP2A, HAP2B, HAP2C), it is expressed in vegetative and reproductive tissues.
117.505986446738	-1.45724629226516	0.253457464017497	-5.74947081520771	8.95232039432439e-09	4.19448049270479e-07	AT5G03995	NA	NA
571.316692725359	-1.08002417622381	0.188169877264845	-5.7396231103648	9.48874836540179e-09	4.43653462195278e-07	AT3G19430	NA	NA
761.424012592516	-1.27157081106355	0.221599054361652	-5.73815991555784	9.5710722848963e-09	4.4657028102612e-07	AT1G30370	DLAH	NA
21.3120828976675	-3.11432506747615	0.544383731196746	-5.72082685246632	1.06006885795228e-08	4.93582165128882e-07	AT5G59260	LecRK-II.1	NA
439.860360281246	-1.35195957722634	0.236622612455994	-5.71356880559239	1.10631112262175e-08	5.12980205015254e-07	AT3G47800	NA	NA
43.2949061627978	-2.45551750095653	0.429967257007692	-5.71094068428705	1.12353403507904e-08	5.18817902054229e-07	AT5G20470	HDK	NA
101.467955046995	-1.51814574871109	0.265995129478368	-5.70741934894923	1.14701940706993e-08	5.27616256136525e-07	AT5G06270	GIR1	NA
291.580458583811	1.4738220125924	0.258534946307771	5.7006684536871	1.19338538653454e-08	5.46565626110994e-07	AT3G55940	PLC7	NA
35.277575076737	-2.11552602993688	0.371203656589338	-5.69909803522567	1.20442952958339e-08	5.50498035603052e-07	AT1G02230	ANAC004; NAC004	NA
1576.9107473687	-1.00806182273067	0.176899176743567	-5.6985105374004	1.20858664723738e-08	5.51273045855973e-07	AT1G78860	GAL2	curculin-like (mannose-binding) lectin family protein, low similarity to Ser/Thr protein kinase (Zea mays) GI:2598067; contains Pfam profile PF01453: Lectin (probable mannose binding) but not the protein kinase domain of the Z. mays protein
64.2577284053875	-1.55720582452411	0.273656796391606	-5.69036049919888	1.26771443790815e-08	5.7706773478437e-07	AT5G20640	NA	NA
420.30404763507	1.64689059943869	0.289620904521197	5.68636646640318	1.29770768093431e-08	5.89522540004155e-07	AT1G65390	ATPP2-A5; PP2-A5	NA
67.6175424612397	2.35309445682602	0.415460422598497	5.66382338444802	1.48036779071053e-08	6.71140021067874e-07	AT3G55970	ATJRG21; JAO3; JOX3; JRG21	NA
27.6456978302481	-3.01536876464081	0.532721065800088	-5.66031448392615	1.51095848223259e-08	6.83624771072344e-07	AT3G49630	NA	NA
313.208195230909	1.35177008016618	0.239188769109583	5.65147805726143	1.59073996800862e-08	7.16825197656361e-07	AT4G10960	UGE5	Encodes a protein with UDP-D-glucose 4-epimerase activity.
729.880741027572	1.07686177129965	0.19064764657843	5.64843988701767	1.61910447277394e-08	7.28141842816167e-07	AT4G30660	NA	NA
1118.36053877411	-1.32018778749958	0.2339709774822	-5.64252798234353	1.67571290646436e-08	7.52089504071661e-07	AT2G26980	CIPK3; SnRK3.17	encodes a serine-threonine protein kinase whose expression increases in response to abscisic acid, cold, drought, high salt, and wounding conditions. The gene is expressed in developing seeds and seedlings. Lines carrying a T-DNA insertions have reduced germination efficiency and expression of cold, high-salt, and abscisic acid marker genes are altered, but not drought-response markers.
160.005662467277	-1.2398137048804	0.219996736151283	-5.63560044830767	1.74449423188129e-08	7.81393856344265e-07	AT5G05400	NA	NA
21.1813289181992	-3.23340632474374	0.573907456452299	-5.63402041285813	1.76056168336898e-08	7.85752449180835e-07	AT2G19210	NA	NA
17.6785759129533	7.62520243598329	1.35529807026072	5.62621802782942	1.842034994817e-08	8.20163334869217e-07	AT3G28007	AtSWEET4; SWEET4	NA
80.7326142114755	1.80702876357813	0.321507238937948	5.62049168643102	1.90414754919505e-08	8.46136676820879e-07	AT3G25760	AOC1; ERD12	encodes allene oxide cyclase.  One of four genes in Arabidopsis that encode this enzyme, which catalyzes an essential step in jasmonic acid biosynthesis. Gene expression is induced during senescence, a process that involves jasmonic acid signalling pathway.
108.819713631723	-1.34316646842593	0.238991351916588	-5.62014674445089	1.90795331202289e-08	8.46148957941872e-07	AT3G23230	AtERF98; AtTDR1; ERF98; TDR1	encodes a member of the ERF (ethylene response factor) subfamily B-3 of ERF/AP2 transcription factor family. The protein contains one AP2 domain. There are 18 members in this subfamily including ATERF-1, ATERF-2, AND ATERF-5.
15192.2111980352	1.00492988527725	0.179191492382137	5.60813391259765	2.04519760137245e-08	9.03436794483972e-07	AT5G54940	NA	NA
324.018471777596	1.89293586264167	0.33759075261422	5.60719109745525	2.05636575259746e-08	9.06582035338047e-07	AT5G55050	NA	NA
154.373551254089	1.32395948354226	0.236385225282616	5.60085547630724	2.13296518007314e-08	9.38504679232181e-07	AT3G10815	BTL03	NA
993.738999725851	1.44402887995396	0.257986058774323	5.59731361769878	2.17698689321848e-08	9.5599604824551e-07	AT4G22214	NA	Encodes a defensin-like (DEFL) family protein.
4444.63931932002	1.54752321962026	0.276866913247212	5.58941190000011	2.27839924229758e-08	9.98572004510697e-07	AT2G27500	BG14	NA
57.9977011750294	2.31789926105872	0.414838110175059	5.58747907727327	2.30389505151997e-08	1.00777409323909e-06	AT1G33100	NA	NA
171.309484864732	-2.0890568411179	0.373905152220119	-5.58713039580708	2.30852388994739e-08	1.00783042961524e-06	AT1G54890	NA	NA
1031.0730072998	1.20155104059493	0.215152982611294	5.58463576015449	2.34190516213508e-08	1.02041455274664e-06	AT5G23750	NA	NA
1093.36389057439	1.16360846291334	0.208848228710686	5.57155054700162	2.52482087124049e-08	1.09797841227771e-06	AT4G36945	NA	NA
158.880344927222	-1.52145005567075	0.273330080654539	-5.56634693125381	2.60135080409819e-08	1.12906691101905e-06	AT1G68238	NA	NA
240.916352594589	1.09944247053939	0.19822452572338	5.54645025143684	2.91527524288268e-08	1.25949100398046e-06	AT1G72800	NA	NA
22.1413823405994	2.73918255963164	0.493880657030484	5.54624385595764	2.91871687384291e-08	1.25949100398046e-06	AT1G15960	ATNRAMP6; NRAMP6	member of Nramp2 family
84.6057109686112	-2.01712642399835	0.364079844460351	-5.54034081998741	3.01883536249055e-08	1.3001891688142e-06	AT1G05650	NA	NA
76.4095047789535	1.63320371701058	0.294806510044127	5.53991740808613	3.02614332494691e-08	1.30083504617104e-06	AT4G28930	NA	NA
1073.37383055782	1.09360534782567	0.197662957188387	5.53267725719284	3.15379459867923e-08	1.34794625633626e-06	AT1G61260	NA	NA
264.282686474955	-2.45823755607774	0.444365614857162	-5.53201569583174	3.16571568299922e-08	1.3504641606943e-06	AT3G60550	CYCP3;2	NA
39.4362871245419	-2.05061205318807	0.371590562860259	-5.51847182932691	3.41960274737147e-08	1.45323383548637e-06	AT5G36870	ATGSL09; atgsl9; gsl09; GSL09	encodes a gene similar to callose synthase
321.806245724968	1.14433701680808	0.20752443712377	5.5142277828494	3.50314654851207e-08	1.4859179943272e-06	AT4G15550	IAGLU	UDP-glucose:indole-3-acetate beta-D-glucosyltransferase
394.271824078642	4.36009569256624	0.791160572391561	5.51101235920582	3.56775667452541e-08	1.51046273124142e-06	AT5G36150	ATPEN3; PEN3	NA
20.0462585583117	-4.84974028517606	0.883356082023553	-5.49013063233401	4.01636579061925e-08	1.69398358280054e-06	AT2G34317	NA	NA
74.5847663991322	-1.68688749560429	0.307308843868591	-5.48922534857353	4.03700311562679e-08	1.69948725145823e-06	AT4G25110	AtMC2; AtMCP1c; MC2; MCP1c	NA
39.6380448375663	-2.67512552840397	0.487709727451282	-5.48507724540145	4.13288784607292e-08	1.73658829644745e-06	AT5G58830	NA	NA
150.572581762145	2.52302024678332	0.461175241050802	5.47084930456054	4.47884015435404e-08	1.87491783358716e-06	AT5G50160	ATFRO8; FRO8	Encodes a ferric chelate reductase that is expressed in shoots and flowers.
2443.77633599707	1.25560271930212	0.229637955922351	5.46774906726083	4.55786504187304e-08	1.9008928394374e-06	AT5G05440	AtPYL5; PYL5; RCAR8	Encodes a member of the PYR (pyrabactin resistance  )/PYL(PYR1-like)/RCAR (regulatory components of ABA receptor) family proteins with 14 members.  PYR/PYL/RCAR family proteins function as abscisic acid sensors. Mediate ABA-dependent regulation of protein phosphatase 2Cs ABI1 and ABI2.
2601.80243348755	1.47560927035337	0.270019579595702	5.46482322712593	4.63368330758827e-08	1.92593101242905e-06	AT4G31820	ENP; MAB4; NPY1	A member of the NPY family genes (NPY1/AT4G31820, NPY2/AT2G14820, NPY3/AT5G67440, NPY4/AT2G23050, NPY5/AT4G37590).  Encodes a protein with similarity to NHP3. Contains BTB/POZ domain. Promoter region has  canonical auxin response element binding site and Wus binding site. Co-localizes to the late endosome with PID. Regulates cotyledon development through control of PIN1 polarity in concert with PID. Also involved in sepal and gynoecia development.
2367.0658131243	-1.03188690861347	0.188909071548417	-5.46234704429745	4.69880343555688e-08	1.94159412809468e-06	AT5G16110	NA	NA
2223.04025292489	-2.01694615313331	0.369244493149559	-5.46235946792134	4.69847450795999e-08	1.94159412809468e-06	AT3G25190	AtVTL5; VTL5	NA
109.118028494284	-1.46006653563532	0.267285588343749	-5.46257111983745	4.69287424450105e-08	1.94159412809468e-06	AT4G13710	NA	NA
643.246598959808	-1.48986725586343	0.273130495100859	-5.45478180791665	4.90330157067578e-08	2.01864599222159e-06	AT4G25490	ATCBF1; CBF1; DREB1B	Transcriptional activator that binds to the DRE/CRT regulatory element and induces COR (cold-regulated) gene expression increasing plant freezing tolerance. It encodes a member of the DREB subfamily A-1 of ERF/AP2 transcription factor family (CBF1). The protein contains one AP2 domain. There are six members in this subfamily, including CBF1, CBF2, and CBF3. This gene is involved in response to low temperature and abscisic acid.
548.825455652931	1.15332336418606	0.211551918039353	5.45172728697035	4.98829132860537e-08	2.0498673870724e-06	AT3G29575	AFP3	NA
108.023977074579	1.18050443807807	0.216626899002828	5.449482236565	5.05166682276188e-08	2.07210861103617e-06	AT1G15640	NA	NA
108.775510351756	2.67592815406743	0.491626186356578	5.44301387584463	5.23865644558474e-08	2.1448802514683e-06	AT2G33710	NA	encodes a member of the ERF (ethylene response factor) subfamily B-4 of ERF/AP2 transcription factor family. The protein contains one AP2 domain. There are 7 members in this subfamily.
71.1930531108338	-1.44927533124005	0.266534458935484	-5.43747827965034	5.40399355597748e-08	2.20853722043196e-06	AT2G36050	ATOFP15; OFP15	NA
818.901143077628	-1.22526436285289	0.225391816113524	-5.43615284698604	5.44432569688641e-08	2.21692942377215e-06	AT2G47160	AtBOR1; BOR1	Boron transporter. Protein accumulates in shoots and roots under conditions of boron deficiency and is degraded within several hours of restoring boron supply. Localized to the plasma membrane under B limitation, and to the cytoplasm after B application before degradation. Protein is transferred via the endosomes to the vacuole for degradation. Localized to the  inner plasma membrane domain in the columella, lateral root cap,  epidermis, and endodermis in the root tip region, and in the  epidermis and endodermis in the elongation zone. Under high-boron is transported to the vacuole for degradation.
280.038959549214	-1.51464411344096	0.27885941125315	-5.43156892799276	5.58607309714637e-08	2.27052074562051e-06	AT5G54130	NA	NA
111.337200264209	1.26977264398724	0.233991966738467	5.42656511540187	5.74488728270901e-08	2.32662740657416e-06	AT1G30500	NF-YA7	NA
689.53633700191	1.26530706272699	0.233287577679735	5.42380813977177	5.83425037121657e-08	2.3585536338225e-06	AT1G66800	NA	similar to Eucalyptus gunnii alcohol dehydrogenase of unknown physiological function (GI:1143445), apple tree, PIR:T16995; NOT a cinnamyl-alcohol dehydrogenase
1018.54252920994	1.07379964922742	0.198086400954607	5.42086505712973	5.93113201806223e-08	2.39339878696435e-06	AT1G30640	NDR7	NA
1403.15707427493	-1.09806861037381	0.202616020322257	-5.4194560164954	5.97806547028003e-08	2.40159292406438e-06	AT1G80050	APT2; ATAPT2; PHT1.1	Encodes an adenosine phosphoribosyl transferase(E.C:2.4.2.7), a constitutively expressed enzyme involved in the one-step salvage of adenine to AMP. This isozyme has high affinity for cytokinins and is likely to be localized to the cytosol.
4082.46580687709	-1.13317526390656	0.209100305719804	-5.4192903257876	5.9836080176278e-08	2.40159292406438e-06	AT5G10170	ATMIPS3; MIPS3	myo-inositol-1-phosphate synthase isoform 3.Expressed in leaf, root and silique. Immunolocaliazation experiments with an antibody recognizing MIPS1, MIPS2, and MIPS3 showed endosperm localization.
142.00686799015	-2.02963842558719	0.374556647789299	-5.41877560461543	6.0008578189743e-08	2.40420772296509e-06	AT3G13730	CYP90D1	Encodes a cytochrome P-450 gene that is involved in brassinosteroid biosynthesis, most likely in the conversion step of teasterone (TE) to 3-dehydroteasterone (3DT), and/or 6-deoxoteasterone (6-deoxoTE) to 6-deoxo-3-dehydroteasterone (6-deoxo3DT); or the conversion of cathasterone (CT) to TE, and/or 6-deoxocathasterone (6-deoxoCT) to 6-deoxoTE. Recently, CYP90D1 was shown to catalyse the C-23 hydroxylation of several brassinosteroids (the enzyme has a broad specificity for 22-hydroxylated substrates). Member of the CYP90C CYP450 family. Similar to Cytochrome P450 90C1 (ROT3).
55.5551173600036	-1.80306808949594	0.332770018052328	-5.41836100514442	6.01478727870163e-08	2.40548528381789e-06	AT4G08620	SULTR1;1	Encodes a sulfate transporter. Contains STAS domain. Expressed in roots and guard cells. Up-regulated by sulfur deficiency.
2217.80546220962	1.15355660734574	0.213017783657671	5.41530658867222	6.11837769138535e-08	2.44255234895306e-06	AT5G24810	ABC1K11	NA
148.298948487776	-1.45338933920929	0.268442080620461	-5.41416359108086	6.15758515643559e-08	2.45383055451124e-06	AT1G51860	NA	NA
379.801551699821	1.30814025244897	0.24186974278947	5.40844934700082	6.35727612965983e-08	2.52890863587676e-06	AT4G22950	AGL19; GL19	MADS-box protein AGL19
3727.82537423382	1.41566132522111	0.261791011965929	5.40760095081245	6.38745417497894e-08	2.53640822168136e-06	AT2G16660	NA	NA
436.789824961689	-1.74679920651674	0.324564508638378	-5.38197849741784	7.36715670347565e-08	2.90996193176439e-06	AT5G44585	PROSCOOP12	NA
339.126138924316	1.26095768849614	0.234569808158018	5.37561802346999	7.63204388490595e-08	3.00928265574566e-06	AT2G34350	NA	NA
272.638805941382	-2.17474449877857	0.404784475610226	-5.37259857977523	7.76099747478323e-08	3.05475042961767e-06	AT4G01430	UMAMIT29	NA
36.3508149493968	-3.15489698412474	0.587435170935767	-5.37063005454556	7.84620232422673e-08	3.08286925005933e-06	AT5G56100	NA	NA
611.528737227693	1.64533129784102	0.306463435950222	5.36876868439296	7.92760194448949e-08	3.10396106903473e-06	AT5G43380	TOPP6	encodes a type I serine/threonine protein phosphatase expressed in expressed in roots, rosettes and flowers.
449.837607426375	1.01748778238581	0.189672674787179	5.36444052116351	8.12005107561284e-08	3.17376376770375e-06	AT5G43190	NA	NA
459.930587157558	1.59323426430885	0.297060394179526	5.36333451219347	8.16995023588473e-08	3.18770392827307e-06	AT3G47790	ABCA8; ATATH7; ATH7	member of ATH subfamily
2053.96920541129	-2.49427825065144	0.46512748558828	-5.36256903308294	8.20465964680824e-08	3.1910778742044e-06	AT1G26250	EXT18	NA
17.3943224902857	-7.53848414219694	1.40577387695259	-5.36251545557152	8.20709437194917e-08	3.1910778742044e-06	AT5G44973	NA	Encodes a defensin-like (DEFL) family protein.
209.472616276064	1.59975765980348	0.298494133323324	5.35942747682296	8.34860992581649e-08	3.24047604676926e-06	AT4G14980	NA	NA
32.104940725888	-2.00001387744754	0.373393196477595	-5.35632115505765	8.49334880015117e-08	3.28526838908783e-06	AT3G02240	GLV4; RGF7	Encodes a root meristem growth factor (RGF).  Belongs to a family of functionally redundant homologous peptides that are secreted, tyrosine-sulfated, and expressed mainly in the stem cell area and the innermost layer of central columella cells. RGFs are required for maintenance of the root stem cell niche and transit amplifying cell proliferation.  Members of this family include: At5g60810 (RGF1), At1g13620 (RGF2), At2g04025 (RGF3), At3g30350 (RGF4), At5g51451 (RGF5), At4g16515 (RGF6), At3g02240 (RGF7), At2g03830 (RGF8) and At5g64770 (RGF9).
69.4719354548428	1.73563269127574	0.324503888819225	5.34857285560182	8.86504894808788e-08	3.42313165933407e-06	AT1G75900	GGL13	NA
58.5500286854504	1.85290980856613	0.346583168791765	5.34621982661655	8.98101243469996e-08	3.46194069685956e-06	AT5G12280	NA	NA
163.630986382727	-1.96358203803865	0.367401031020246	-5.34451967264743	9.06571303161548e-08	3.48858606625533e-06	AT5G52720	NA	NA
912.299274770808	2.06277135760791	0.386926843227327	5.33116632695343	9.75839894119207e-08	3.73588209721261e-06	AT1G60470	AtGolS4; GolS4	NA
22.3970461545197	-2.75495889705325	0.517116231102233	-5.32754288369764	9.95502797500483e-08	3.80465540150526e-06	AT1G07550	NA	NA
20.428112109995	2.67326204119322	0.502017128280417	5.32504149878325	1.00929994302414e-07	3.85081456967099e-06	AT4G12170	NA	NA
661.26897206675	1.89465652268574	0.35624890472113	5.31835044985997	1.04712235710051e-07	3.988325222725e-06	AT5G62480	ATGSTU9; GST14; GST14B; GSTU9	Encodes glutathione transferase belonging to the tau class of GSTs. Naming convention according to Wagner et al. (2002).
81.6603534148814	2.65705694169289	0.499716349002742	5.31713030201121	1.05416579702466e-07	4.00154189663802e-06	AT4G18350	ATNCED2; NCED2	Encodes 9-<i>cis</i>-epoxycarotenoid dioxygenase, a key enzyme in the biosynthesis of abscisic acid. The expression of this gene declines during the first 12h of imbibition.
22.0932071304581	2.91496104199431	0.548315026288318	5.31621586540572	1.05947452245116e-07	4.01488856257465e-06	AT1G80090	CBSX4	NA
1567.92836502778	1.10456477252412	0.207890198977797	5.31321234938104	1.07709400281027e-07	4.06789161668446e-06	AT2G18370	NA	Predicted to encode a PR (pathogenesis-related) protein.  Belongs to the lipid transfer protein (PR-14) family with the following members:   At2g38540/LTP1, At2g38530/LTP2, At5g59320/LTP3, At5g59310/LTP4, At3g51600/LTP5, At3g08770/LTP6, At2g15050/LTP7, At2g18370/LTP8, At2g15325/LTP9, At5g01870/LTP10, At4g33355/LTP11, At3g51590/LTP12, At5g44265/LTP13, At5g62065/LTP14, At4g08530/LTP15.
533.242779429868	-1.14147709102619	0.21490747156772	-5.31148164695845	1.08737523105434e-07	4.0997502509339e-06	AT1G80280	NA	NA
84.0726314330597	2.05856146967608	0.38759039699059	5.31117769082926	1.08919065873624e-07	4.0997502509339e-06	AT5G58780	AtcPT5; AtHEPS; cPT5; HEPS	NA
158.596584266516	-1.15402543970399	0.21743478111443	-5.30745556800621	1.1116609177768e-07	4.17252982867897e-06	AT5G66490	NA	NA
198.879032010742	-1.70699914250346	0.321628756303385	-5.30735858983107	1.11225232529083e-07	4.17252982867897e-06	AT2G16380	SFH7	NA
234.433139714081	-1.33460637953723	0.251536920762797	-5.30580709778102	1.12175538065447e-07	4.20114272661163e-06	AT4G30140	CDEF1	Member of the GDSL lipase/esterase family of proteins that functions as cutinase. Expressed in pollen and at the zone of lateral root emergence.
931.406161761291	1.33438684576765	0.251650985895933	5.3025297755816	1.14208831038079e-07	4.25594173033082e-06	AT4G28940	NA	NA
3208.95728842496	-1.56767886818387	0.295969946880159	-5.29675017585024	1.17881796625481e-07	4.38551614156856e-06	AT4G33720	AtCAPE3	NA
359.449494654397	1.3037524493738	0.246390613547666	5.29140469517755	1.21380438672643e-07	4.49745728415621e-06	AT5G47980	NA	NA
113.629530904297	1.33858785986669	0.25298212686627	5.29123490441003	1.21493197754711e-07	4.49745728415621e-06	AT3G48020	NA	NA
693.630563412367	1.24468849185978	0.235779357442763	5.27903929062975	1.29862959317463e-07	4.78357045538472e-06	AT2G32560	NA	NA
36.1267014342195	2.3843424195616	0.451833202921354	5.27704118277605	1.31286390044333e-07	4.82806238330521e-06	AT2G40250	NA	NA
2249.98580556197	-1.80385545199982	0.341909040318974	-5.27583432809195	1.32153439450453e-07	4.84403998352266e-06	AT4G16260	NA	NA
55.2457226119784	-1.68729876782999	0.320313945143688	-5.26764068006185	1.38188254546154e-07	5.0487180241691e-06	AT1G31885	NIP3;1	NA
340.886662554792	1.63739338812841	0.310936641954953	5.26600331769719	1.39425765220578e-07	5.08342489152661e-06	AT4G25433	NA	NA
27.9918725862348	-2.48400521488105	0.472104915453105	-5.26155338267769	1.42843402555777e-07	5.18496084868588e-06	AT1G47603	ATPUP19; PUP19	Member of a family of proteins related to PUP1, a purine transporter. May be involved in the transport of purine and purine derivatives such as cytokinins, across the plasma membrane.
97.4279079126654	2.28054872211463	0.433935874589389	5.25549708069792	1.47625195218072e-07	5.34986063447238e-06	AT5G20710	BGAL7	NA
1809.76305839114	1.00291919233169	0.190907484388711	5.25343045372506	1.49292064185182e-07	5.40152676816046e-06	AT1G22065	NA	NA
105.897708123416	1.65916209857019	0.315923078405924	5.2517913757423	1.50627016202505e-07	5.441036540115e-06	AT4G32770	ATSDX1; VTE1	Tocopherol cyclase involved in tocopherol (vitamin E)synthesis. VTE1 over-expressing plants have increased tocopherol indicating VTE1 is a major limiting factor in tocopherol synthesis. Mutants defective in this gene accumulate high amounts of zeaxanthin in conditions of high light or low temperature.  Plays a role in the adaptation to low temperature stress, notably phloem loading.
1106.41485823034	-1.06520859030576	0.202991379841329	-5.24755578851867	1.54130383801459e-07	5.55862169986712e-06	AT3G04720	AtPR4; HEL; PR-4; PR4	Encodes a protein similar to the antifungal chitin-binding protein hevein from rubber tree latex. mRNA levels increase in response to ethylene and turnip crinkle virus infection.
172.270155347565	1.14209140111591	0.218041030574177	5.23796552469226	1.62356380370851e-07	5.8458737858289e-06	AT1G56600	AtGolS2; GolS2	NA
24.9105718757588	-2.42531604053112	0.463933287851226	-5.2277258477492	1.71607712407516e-07	6.14932212332595e-06	AT3G50460	HR2	Homolog of RPW8
1097.7944258808	1.73211564174869	0.331500890130839	5.22507086199693	1.7408842620578e-07	6.22824982956014e-06	AT2G38530	AtLtpI-5; cdf3; LP2; LTP2	Involved in lipid transfer between membranes. Belongs to a family of Lipid transfer proteins. Sequence similarity to other plant/Arabidopsis LPT genes but highest similarity to LPT1. Stress and pathogen-inducible motifs found in the upstream region. Expressed in flower, leaves and siliques but absent in roots. Predicted to be a member of PR-14 pathogenesis-related protein family with the following members:   At2g38540/LTP1, At2g38530/LTP2, At5g59320/LTP3, At5g59310/LTP4, At3g51600/LTP5, At3g08770/LTP6, At2g15050/LTP7, At2g18370/LTP8, At2g15325/LTP9, At5g01870/LTP10, At4g33355/LTP11, At3g51590/LTP12, At5g44265/LTP13, At5g62065/LTP14, At4g08530/LTP15.
2406.04936670184	1.35674102346339	0.259682433354977	5.2246161048898	1.74516796572683e-07	6.22903262746557e-06	AT1G11210	NA	NA
2015.08045978607	1.37558789288255	0.263297754746061	5.22445736086601	1.74666569478852e-07	6.22903262746557e-06	AT1G73010	AtPPsPase1; ATPS2; PECP2; PPsPase1; PS2	NA
115.047316232672	-1.63242103752718	0.312669013836085	-5.22092361343797	1.78032969118321e-07	6.33899264924313e-06	AT4G33960	NA	NA
198.307568107073	-1.4376087439367	0.275668417896734	-5.21499254395993	1.8382462904186e-07	6.5038489605395e-06	AT1G03850	ATGRXS13; GRXS13; ROXY18	NA
12255.9339142414	1.11538929803922	0.214131822358056	5.20889088672746	1.89972783706399e-07	6.71077360234781e-06	AT2G23120	NA	NA
76.4021911298129	1.557838225395	0.299146688338659	5.20760645570443	1.91292094833885e-07	6.74673662346408e-06	AT3G25770	AOC2	Encodes allene oxide cyclase.  One of four genes in Arabidopsis that encode this enzyme, which catalyzes an essential step in jasmonic acid biosynthesis. Gene expression is induced during senescence, a process that involves jasmonic acid signalling pathway. Note: Nomenclature for Arabidopsis allene oxide cyclase 2 (AOC2, AT3G25770) gene is based on Stenzel et al. 2003 Plant Molecular Biology 51:895-911. AOC2 (AT3G25770) is also referred to as AOC3 in He et al. 2002 Plant Physiology, 128:876-884.
180.143168108614	-1.55368789840899	0.298403162684945	-5.20667369752167	1.92255729502248e-07	6.77006182064833e-06	AT4G35930	AtFBS4; FBS4	NA
319.854520762327	1.01835229695458	0.195712088055115	5.20331833906857	1.95761107205702e-07	6.87188990122084e-06	AT1G79520	NA	NA
260.815287520307	1.01766476247533	0.195611888009144	5.20246889303457	1.96658284425016e-07	6.89258049762544e-06	AT2G25737	NA	NA
173.198241368194	-1.20092904466183	0.231824470569036	-5.18033769995908	2.21484562849845e-07	7.7384840399144e-06	AT2G28160	ATBHLH029; ATBHLH29; ATFIT1; BHLH029; FIT; FIT1; FRU	Encodes a putative transcription factor that regulates iron uptake responses.  mRNA is detected in the outer cell layers of the root and accumulates in response to iron deficiency.  The expression of many iron-regulated genes is dependent on FIT1.  It specifically regulates FRO2 at the level of mRNA accumulation and IRT1 at the level of protein accumulation.Similar to FER in tomato and is a regulator of iron uptake.
145.891620907045	1.04114633753355	0.201272136246936	5.17282897149853	2.30576049381931e-07	8.03107496416444e-06	AT3G60090	VQ26	NA
36.8108015920535	2.16898306973908	0.419606060496261	5.1690937618343	2.35231866319484e-07	8.15519021376341e-06	AT4G37850	NA	NA
27793.7159998314	1.1593880376292	0.224581782676574	5.16243135935413	2.43762771259544e-07	8.4059028930828e-06	AT2G01520	MLP328; ZCE1	NA
97.4170098027644	1.51371734708062	0.293273919319492	5.16144548616196	2.45050253503992e-07	8.43033099458587e-06	AT1G71520	NA	encodes a member of the DREB subfamily A-5 of ERF/AP2 transcription factor family. The protein contains one AP2 domain. There are 16 members in this subfamily including RAP2.1, RAP2.9 and RAP2.10.
212.524225190773	1.24039498914719	0.240351823806265	5.16074714767718	2.45966207417307e-07	8.44886377502762e-06	AT5G19875	NA	NA
304.144491750224	1.25797055366793	0.243813797631509	5.15955440540398	2.47538284603351e-07	8.48984291267482e-06	AT4G13110	NA	NA
60.9430380538639	1.46838449062369	0.284889639117349	5.15422215835251	2.5468586493917e-07	8.70831241401167e-06	AT1G27740	RSL4	Basic helix-loop-helix (bHLH) transcription factor  that is sufficient to promote postmitotic cell growth in root-hair cells. RSL4 is a direct transcriptional target of RHD6
72.9415860543096	-1.45021378182873	0.281396530357159	-5.15363064351954	2.55490933678988e-07	8.72252279066251e-06	AT2G26410	Iqd4	NA
161.281084092264	-1.31635041433747	0.255483849573342	-5.15238210374461	2.57198310568686e-07	8.76744804185128e-06	AT4G33160	AtDIF1; DIF1	NA
109.537657039305	1.50808883224485	0.292758655512444	5.15130399681983	2.58681483537259e-07	8.79389702985799e-06	AT5G44820	NA	NA
18.2073921044783	4.45791045651076	0.865787523167086	5.14896592665547	2.61926452644332e-07	8.88803762639767e-06	AT1G17710	AtPEPC1; PEPC1	NA
154.252895526811	-1.22176151654017	0.237456202088719	-5.14520785641004	2.67224763510156e-07	9.04043172745233e-06	AT2G28970	NA	NA
774.823340291653	1.07538887242038	0.209440559266765	5.13457792600072	2.82777911401057e-07	9.55217813535153e-06	AT5G49990	NA	NA
87.5891635514334	-2.90389144448579	0.565724800087643	-5.13304603940982	2.85090133453061e-07	9.61578106749209e-06	AT1G31320	LBD4	NA
2602.84872036085	-1.48825879211949	0.289986585643133	-5.13216426483598	2.86429348105268e-07	9.64642357919637e-06	AT1G49570	NA	NA
22172.2651301135	1.35085992604282	0.263376837839477	5.12900047370964	2.91284610150941e-07	9.76588342655761e-06	AT4G23670	NA	NA
308.295722135194	1.0011004214361	0.195623855618624	5.11747618034776	3.09651153426343e-07	1.03506675106513e-05	AT2G21130	NA	NA
224.095897857922	-1.55983979623335	0.305042393821509	-5.11351808085426	3.16213473249585e-07	1.05542726481337e-05	AT1G68740	PHO1;H1	Encodes PHO1;H1, a member of the PHO1 family.  Involved in inorganic phosphate (Pi) transport and homeostasis.  Complements pho1 mutation.
1498.69661864393	1.05000404454695	0.205425815280493	5.11135391193777	3.19858120620949e-07	1.0660033436647e-05	AT3G58790	GAUT15	Encodes a protein with  putative galacturonosyltransferase activity.
150.615915333379	-1.62133655357184	0.317534573366508	-5.1060158154824	3.29022164995569e-07	1.0949153651175e-05	AT1G67030	ZFP6	Encodes a zinc finger protein containing only a single zinc finger.
485.821581736976	1.62369389448672	0.318098506487745	5.10437446693663	3.31890499334844e-07	1.10282190253756e-05	AT1G14960	NA	NA
1375.89096873372	1.25354301304841	0.245713698146643	5.10164074084419	3.36721478861105e-07	1.11721692452938e-05	AT1G70800	CAR6; EHB1	NA
7125.07533039621	1.13495453802605	0.222675246211312	5.09690483040498	3.45251783601941e-07	1.14382528780312e-05	AT3G30775	AT-POX; ATPDH; ATPOX; ERD5; PDH1; PRO1; PRODH	Encodes a proline oxidase that is predicted to localize to the inner mitochondrial membrane, its mRNA expression induced by high levels of Al and by osmotic stress.  The promoter contains an L-proline-inducible element.
870.272293095938	-1.372849819728	0.269373431066933	-5.09645592845003	3.4607108208921e-07	1.14484607894682e-05	AT4G25470	ATCBF2; CBF2; DREB1C; FTQ4	Encodes a member of the DREB subfamily A-1 of ERF/AP2 transcription factor family (CBF2). The protein contains one AP2 domain. There are six members in this subfamily, including CBF1, CBF2, and CBF3. This gene is involved in response to low temperature, abscisic acid, and circadian rhythm. Overexpressing this gene leads to increased freeze tolerance and induces the expression level of 85 cold-induced genes and reduces the expression level of 8 cold-repressed genes, which constitute the CBF2 regulon. Mutations in CBF2 increases the expression level of CBF1 and CBF3, suggesting that this gene may be involved in a negative regulatory or feedback circuit of the CBF pathway.
103.700919036794	-1.19275437313172	0.234652194974586	-5.08307358156571	3.71375749297087e-07	1.22134086362079e-05	AT5G24960	CYP71A14	putative cytochrome P450
695.310396160948	1.21912617729828	0.239912161033322	5.08155223164762	3.74363041634232e-07	1.22935992381822e-05	AT4G36900	DEAR4; RAP2.10	encodes a member of the DREB subfamily A-5 of ERF/AP2 transcription factor family (RAP2.10). The protein contains one AP2 domain. There are 16 members in this subfamily including RAP2.9 and RAP2.1.
125.269496288186	1.19837191207072	0.236012990959156	5.07756758304082	3.82297541447091e-07	1.25357770691787e-05	AT1G67370	ASY1; ATASY1	meiotic asynaptic mutant 1 (ASY1). ASY1 protein is  initially distributed as numerous foci throughout the  chromatin. During early G2, the foci are juxtaposed to  the nascent chromosome axes to form a continuous axis associated  signal.
55.3390701215874	1.86007287980413	0.36652836092585	5.07484025275859	3.87821678168574e-07	1.2698325006233e-05	AT4G33930	NA	Encodes a protein with 14.6% glycine residues, similar to hyphally regulated protein from Candida albicans, PIR2:S58135
119.33628496867	3.47874376018351	0.685663593236531	5.07354305303397	3.9047607742001e-07	1.2766572598392e-05	AT5G06510	NF-YA10	NA
135.926688342188	1.56369511373813	0.308806616369455	5.06367101884672	4.11259106680362e-07	1.34069271516934e-05	AT4G04745	NA	NA
20.1095751328863	2.45959226030849	0.487319687005994	5.04718427326381	4.48368856329974e-07	1.45320823536412e-05	AT4G24120	ATYSL1; YSL1	Member of a small family of oligopeptide transporters similar to the yellow stripe locus of maize (ZmYS1).
22.3638203698787	2.64231969302718	0.523808871911506	5.04443478283351	4.54863940503107e-07	1.47000473470528e-05	AT2G36630	NA	NA
4803.3589487834	1.32665586461791	0.262991679987372	5.04447845909654	4.54760058810418e-07	1.47000473470528e-05	AT2G05510	NA	NA
119.405445105075	1.58785715192277	0.315244803132293	5.03690191288077	4.73127071400525e-07	1.52682332724584e-05	AT1G32910	NA	NA
207.717781642706	1.58337270235523	0.314385417247655	5.03640632004232	4.74353095544553e-07	1.52857725580084e-05	AT4G01140	NA	NA
170.701051572162	-1.46547938893862	0.291313892693365	-5.03058530916401	4.8898475216295e-07	1.57346300423009e-05	AT3G10190	CML36	NA
1075.87317964885	1.09091009080788	0.216912623845648	5.02926049884565	4.92375084887825e-07	1.58209934019336e-05	AT2G31010	M3K&#952;1; RAF13	NA
54.2080636049063	2.28742896234012	0.454897427872215	5.02844998055842	4.94460454234142e-07	1.58652382994668e-05	AT2G21820	NA	NA
202.554647751781	-1.31424891377708	0.261444714012954	-5.02687124021165	4.98546850201967e-07	1.59506503673189e-05	AT3G16560	NA	NA
493.346826623921	-1.20203737794735	0.23925174482346	-5.0241530269061	5.05659076820643e-07	1.61551222317762e-05	AT4G05070	WIP2	NA
116.602577809798	-1.33151881819794	0.265095861070968	-5.02278237320908	5.09282412329228e-07	1.62245930391542e-05	AT1G69440	AGO7; ZIP	Encodes ARGONAUTE7, a member of the ARGONAUTE family, characterised by the presence of PAZ and PIWI domains. Involved in the regulation of developmental timing. Required for the accumulation of TAS3 ta-siRNAs but not for accumulation of miR171, miR173, miR390 or mi391.   Localized in mature rosette leaves and floral buds.
39.2621386296441	-1.82745515000323	0.364403514846479	-5.01492185324591	5.30550250115491e-07	1.68541892221086e-05	AT2G14920	ATST4A; ST4A	Encodes a brassinosteroid sulfotransferase that may be involved in brassinosteroid inactivation. In vitro experiements show that this enzyme can act on a broad group of naturally occurring brassinosteroids, including the 24-epimers and (22R,23R)-28 homobrassinosteroids, that have an array of different side chains, though it shows a preference for (22R,23R)-28 homobrassinosteroids. ST4A is expressed in the roots and transcript levels fall in response to cytokinin treatment.
206.160957799114	-1.20786769282383	0.240875426623126	-5.01449114074081	5.31740025234326e-07	1.68680589308045e-05	AT4G12030	BASS5; BAT5	Required for the biosynthesis of methionine-derived glucosinolates. Involved in the  transport of 2-keto acids between chloroplasts and the cytosol.
8.93298682903227	6.64006786050151	1.3246290312758	5.01277542898648	5.36504993226521e-07	1.69711381755666e-05	AT5G45950	GGL28	NA
2686.50014402339	1.08658550879338	0.216811170269094	5.01166756050793	5.39603673065366e-07	1.7045083021117e-05	AT3G29250	AtSDR4; SDR4	NA
18.2022928182133	3.52236097976237	0.702960037341694	5.0107556513205	5.42167200699701e-07	1.71019389110852e-05	AT5G24820	NA	NA
86.9068648512683	2.77303083442306	0.55384491264278	5.00687244952924	5.53215596725093e-07	1.74259022563364e-05	AT1G70720	NA	NA
651.194539821257	1.05816410231412	0.21138918007398	5.00576283962973	5.56412302301913e-07	1.75019802280248e-05	AT2G29670	NA	NA
30.4995646861157	-2.37777288608863	0.475409749053511	-5.00152319304035	5.68791226980074e-07	1.7841244144882e-05	AT3G10600	CAT7	Encodes a member of the cationic amino acid transporter (CAT) subfamily of amino acid polyamine choline transporters.
203.250930039567	-1.33477604378008	0.266923054964095	-5.00060230450915	5.71514922117825e-07	1.7901605868183e-05	AT5G38340	NA	NA
69.1175768170165	-2.66711562369347	0.534132294020232	-4.99336148282478	5.93373474048467e-07	1.85603244759629e-05	AT2G24720	ATGLR2.2; GLR2.2	member of Putative ligand-gated ion channel subunit family
54.9787712255389	3.48159748401321	0.698435383905515	4.98485266388538	6.20090465020177e-07	1.93419861484567e-05	AT4G10120	ATSPS4F; AtSPSC; SPS4F; SPSC	Encodes a protein with putative sucrose-phosphate synthase activity.
189.269554377177	1.07423894239957	0.215736119523564	4.97941162922529	6.37778659963799e-07	1.98496648204636e-05	AT1G53340	NA	NA
115.143023957372	-2.37597410161031	0.477170081508558	-4.97930233617906	6.38138894031692e-07	1.98496648204636e-05	AT4G18630	NA	NA
5390.91176664233	1.54557819912072	0.310537589917409	4.97710502465026	6.45423057681245e-07	2.00206299166609e-05	AT2G30040	MAPKKK14	member of MEKK subfamily
2655.80925144387	1.75511647204792	0.352805611658064	4.97474080358155	6.53350012269979e-07	2.02105343574564e-05	AT2G24850	TAT; TAT3	Encodes a tyrosine aminotransferase that is responsive to treatment with jasmonic acid.
5649.29326954819	1.10649214229243	0.2224698292607	4.97367281653188	6.56961534138601e-07	2.02942214049215e-05	AT1G08920	ESL1	Encodes ESL1, a transporter for monosaccharides.
60.4134532171034	-2.23557054046791	0.449545965449803	-4.97295207227822	6.59409678830252e-07	2.03138090331256e-05	AT1G15125	NA	NA
3902.60695936327	1.58696226204429	0.319770397942821	4.9628179226523	6.94777087305931e-07	2.13153803387721e-05	AT1G17340	SAC5	NA
563.910463630489	-1.59282265227811	0.321239021568682	-4.95837225658329	7.10862559700783e-07	2.17790395171802e-05	AT4G28410	RSA1	NA
7608.95559543986	-1.03767578127919	0.209312902907072	-4.95753375385501	7.13936417703945e-07	2.18135334391508e-05	AT2G37170	PIP2;2; PIP2B	a member of the plasma membrane intrinsic protein subfamily PIP2. localizes to the plasma membrane and exhibits water transport activity in Xenopus oocyte. expressed specifically in the vascular bundles and protein level increases slightly during leaf dev
543.541743009655	1.39865899471179	0.28271316452488	4.94727225406124	7.52606787701417e-07	2.29013337192404e-05	AT1G64950	CYP89A5	member of CYP89A
133.993846728461	1.08760907599837	0.220202679290475	4.93912735077885	7.84729528222687e-07	2.3781870790359e-05	AT1G17840	ABCG11; AtABCG11; ATWBC11; COF1; DSO; WBC11	Encodes a plasma membrane-localized ATP-binding cassette transporter, that is required for cutin  transport to the extracellular matrix.
91.6666141978127	2.08126229892874	0.42155961173756	4.93705336322498	7.93117748035042e-07	2.39712079419606e-05	AT2G47780	LDAP2; SRP2	NA
786.832034286696	1.60506227525561	0.325299534803635	4.93410565811136	8.05188460359753e-07	2.43032355232035e-05	AT5G42930	NA	NA
14.3630326099162	-6.28718077661709	1.27488736999442	-4.93155781804053	8.15764140169227e-07	2.45893050918304e-05	AT5G04730	NA	NA
18.933623525252	2.96982889737188	0.603036844143334	4.92478847057974	8.44516593376845e-07	2.542176562536e-05	AT3G60290	NA	NA
1074.35422149204	1.13305504978347	0.230198246182528	4.92208376290171	8.56275471386016e-07	2.57065515176262e-05	AT4G31110	NA	NA
902.418338182507	-1.31309672462377	0.266790764804983	-4.9218222586663	8.5742069939573e-07	2.57065515176262e-05	AT4G10310	ATHKT1; HKT1; HKT1;1	encodes a sodium transporter (HKT1) expressed in xylem parenchyma cells. Mutants over-accumulate sodium in shoot tissue and have increased sodium in the xylem sap and reduced sodium in phloem sap and roots.
389.116142259674	-1.38577700876976	0.281605406223208	-4.92098865343287	8.61081232216743e-07	2.57817851293131e-05	AT4G01440	UMAMIT31	NA
15236.3549680231	1.13187964256241	0.230490277479171	4.91074788464646	9.07296799938155e-07	2.69429106493549e-05	AT1G01470	AtLEA14; LEA1; LEA14; LSR3	Encodes late-embryogenesis abundant protein whose mRNA levels are induced in response to wounding and light stress. Might be involved in protection against dessication.
154.036213265753	-1.17291661469094	0.238853757520468	-4.91060566459973	9.07955139938282e-07	2.69429106493549e-05	AT3G50190	NA	NA
365.863435234406	-1.13675915911798	0.231503534688949	-4.91033176078865	9.09224343389242e-07	2.69429106493549e-05	AT2G39530	CASPL4D1	NA
102.45311612798	-1.94502703816595	0.39608713745451	-4.91060389051219	9.07963355135809e-07	2.69429106493549e-05	AT4G36850	NA	NA
249.056813438821	-1.15345742899622	0.234900322207483	-4.91041228958974	9.08851015386664e-07	2.69429106493549e-05	AT4G11610	MCTP7	NA
3392.30016252539	1.11458382993479	0.22716338242119	4.90652946815262	9.27020664872252e-07	2.74260961829312e-05	AT1G17190	ATGSTU26; GSTU26	Encodes glutathione transferase belonging to the tau class of GSTs. Naming convention according to Wagner et al. (2002).
414.785183307561	1.01591581866093	0.20720395877996	4.90297494624505	9.4396027723402e-07	2.78904147347403e-05	AT5G42500	NA	NA
176.646669306697	1.3124528428785	0.267711661405496	4.90248663800479	9.46310538247408e-07	2.79230182010395e-05	AT1G01140	CIPK9; PKS6; SnRK3.12	Encodes a CBL-interacting protein kinase with similarity to SOS2
63.7429320217314	1.7252449049288	0.352807271239073	4.89004917293703	1.00810791192623e-06	2.96293763720469e-05	AT3G01900	CYP94B2	member of CYP94B
281.147812041534	-1.14160983279914	0.23350409603327	-4.88903557664567	1.01331183386152e-06	2.97432920460848e-05	AT2G23600	ACL; ATME8; ATMES2; ME8; MES2	Encodes a protein shown to have carboxylesterase activity, methyl salicylate esterase activity, methyl jasmonate esterase activity, and methyl IAA esterase activity in vitro. MES2 appears to be involved in MeSA hydrolysis in planta. This protein does not act on MeGA4, or MEGA9 in vitro.
1269.0692701095	1.25756998730539	0.257260437537854	4.88831473405366	1.0170284470832e-06	2.98133103414597e-05	AT1G79270	ECT8	NA
1342.85629128566	1.37593340350184	0.281511988515301	4.88765473455867	1.02044286158814e-06	2.98555976755556e-05	AT3G15990	SPDT; SULTR3;4	Encodes sulfate transporter Sultr3;4.
2040.52715329545	1.61477929243936	0.330535418072851	4.88534421471122	1.03248314860021e-06	3.0147969486376e-05	AT5G05600	JAO2; JOX2	NA
224.854360032435	1.27121790209465	0.260284868790638	4.88394852916773	1.03982228878587e-06	3.02833029644321e-05	AT4G07960	ATCSLC12; CSLC12	encodes a gene similar to cellulose synthase
69.958430392705	1.35164037436301	0.276836032443443	4.88245826395144	1.04771419508295e-06	3.04473315761943e-05	AT1G55260	LTPG6	NA
82.7022984080459	-1.23633483181233	0.253343494509641	-4.88007333365842	1.0604640081811e-06	3.07246467363828e-05	AT1G11530	ATCXXS1; CXXS1	Encodes a monocysteinic thioredoxin, thioredoxin in which the second cysteine of the redox site is replaced by a serine, with low disulfide reductase but efficient disulfide isomerase activity.
15.4869724433803	3.08453415423086	0.632379045758499	4.87766660663329	1.07348166118457e-06	3.10215423017931e-05	AT5G57810	TET15	Member of TETRASPANIN family
2616.90856397552	1.1411382221094	0.234044699784631	4.87572768432477	1.08408074491932e-06	3.12874643855839e-05	AT2G22510	NA	NA
304.022946764721	1.00249424366554	0.205661251976617	4.87449256498505	1.09088493686911e-06	3.14433192356765e-05	AT3G04010	NA	NA
18.1496291904484	-2.85871027656546	0.586543063894031	-4.87382845785716	1.09456043060169e-06	3.15087087451869e-05	AT4G15360	CYP705A3	member of CYP705A
166.828951835818	-1.31541751568801	0.269940224877851	-4.87299555404625	1.09918697600527e-06	3.16012728043826e-05	AT4G29740	ATCKX4; CKX4	It encodes a protein whose sequence is similar to cytokinin oxidase/dehydrogenase, which catalyzes the degradation of cytokinins.
70.8289907657093	1.53412721976413	0.314846783859952	4.87261518430032	1.1013060766527e-06	3.16216037086075e-05	AT1G35240	ARF20	NA
209.018761852844	1.78260969346325	0.366042685694586	4.86995031762661	1.11626311735076e-06	3.19690905066339e-05	AT3G25655	IDL1	Similar to Inflorescence Deficient in Abscission (IDA). Involved in floral organ abscission.
19.2594724141413	-2.50943974395948	0.515657622979167	-4.86648433404593	1.13600923812649e-06	3.24930560626831e-05	AT2G04190	NA	NA
151.21523344597	1.42219231668246	0.292331519823781	4.86499819636201	1.14457851078306e-06	3.26964034789507e-05	AT1G19940	AtGH9B5; GH9B5	NA
4236.11341347788	-1.07227577882908	0.22055024415914	-4.86182086497883	1.16310857043145e-06	3.31834134310609e-05	AT2G43610	NA	NA
91.3937380755026	1.14368469668605	0.235395276540834	4.85857113826859	1.18235927143785e-06	3.36897178665676e-05	AT4G22960	NA	NA
507.180523919616	1.07163078676771	0.220935464687988	4.85042448156115	1.23197533965092e-06	3.4925721147876e-05	AT3G15540	IAA19; MSG2	Primary auxin-responsive gene. Involved in the regulation stamen filaments development.
252.194100642068	1.43069521795402	0.295154536577875	4.84727503951657	1.25168840866143e-06	3.54397137805075e-05	AT4G02170	NA	NA
24.5760546275547	-4.55067555545249	0.939347343568291	-4.8445078240876	1.26925916675907e-06	3.58465678420379e-05	AT5G26200	NA	NA
1058.91279558385	1.15683698563806	0.238841311375929	4.84353807544305	1.2754726555871e-06	3.59766821089783e-05	AT5G07870	NA	NA
80.0503855771266	-2.3816052031932	0.492093133466738	-4.83974483938656	1.30005936806935e-06	3.65756110586772e-05	AT1G10680	ABCB10; PGP10	NA
633.170100985088	-1.2520858102513	0.25872168422752	-4.83950857845459	1.30160573378129e-06	3.65756110586772e-05	AT4G02850	DAAR1; DEG20	NA
48.272111416129	-1.80040718255484	0.372588562560099	-4.83215901793667	1.3506030655341e-06	3.77629291581795e-05	AT5G53490	TL17	thylakoid lumenal 17.4 kDa protein, chloroplast, identical to SP:P81760 Thylakoid lumenal 17.4 kDa protein, chloroplast precursor (P17.4) {Arabidopsis thaliana}. Putative pentapeptide protein.
162.188599625134	1.22509802304829	0.253654469088015	4.8297908073648	1.36676566275172e-06	3.81196560186645e-05	AT1G70640	NA	NA
76.8534701666084	2.256354826502	0.46720878380948	4.82943579978177	1.36920449871799e-06	3.81401790463781e-05	AT3G44290	ANAC060; ANAC60; NAC060; NTL5	NA
217.063427053586	1.31928459796484	0.273192988586071	4.82913051609738	1.37130508725314e-06	3.81512406635048e-05	AT2G15310	ARFB1A; ATARFB1A	A member of ARF GTPase family. A thaliana has 21 members of this family, known to be essential for vesicle coating and uncoating and functions in GTP-binding. Gene encoding ADP-ribosylation factor and similar to ADP-ribosylation factor (GI:861205) (Chlamydomonas reinhardtii), other ARFs and ARF-like proteins.
58.3480325491647	1.61140095414095	0.333909502537166	4.8258613243916	1.39399484172067e-06	3.86385005880892e-05	AT1G11700	NA	NA
1814.68376127189	1.09105068243233	0.226074454874816	4.82606795640171	1.39255009201413e-06	3.86385005880892e-05	AT1G02270	NA	NA
17.5343572434229	2.53440028150311	0.525837366025415	4.8197417020011	1.43744207243338e-06	3.97443859928618e-05	AT3G52780	ATPAP20; PAP20	NA
148.128436934729	-1.11401725352903	0.231420214290198	-4.81382863180684	1.48065791115288e-06	4.08887972603944e-05	AT2G28660	AtHMP18	NA
180.556682500784	-1.04450499648077	0.217124409173894	-4.81062907876116	1.50456001555967e-06	4.14466495799194e-05	AT3G51710	NA	NA
573.050082407008	1.09134380916911	0.226919816793243	4.8093807962285	1.51398548486559e-06	4.16550600971127e-05	AT1G17180	ATGSTU25; GSTU25	Encodes glutathione transferase belonging to the tau class of GSTs. Naming convention according to Wagner et al. (2002).
2218.31071447988	-1.08413564504124	0.225454367495586	-4.80866996316878	1.51937814851633e-06	4.17169444696347e-05	AT2G01950	BRL2; VH1	Encodes a leucine rich repeat receptor kinase and associated with provascular/procambial cells. Similar to BRI, brassinosteroid receptor protein.
283.150485782323	-1.33059630957189	0.277153666219906	-4.80093345947709	1.57927742393764e-06	4.32389941155346e-05	AT3G23510	NA	NA
30.5687489129679	2.86856084370668	0.597599180243247	4.80014186521987	1.58553274541067e-06	4.33572544154057e-05	AT1G51915	NA	NA
2042.31303925069	1.07389079772415	0.223912404700083	4.79603083698093	1.61840377050028e-06	4.41483201511868e-05	AT5G49900	NA	NA
18.8059455705888	2.53632125591025	0.529246228608555	4.79232750052563	1.64857500513645e-06	4.47533161394375e-05	AT5G14545	NA	NA
130.136054598423	-1.18003166784507	0.246487519364889	-4.78738911765431	1.68965035228145e-06	4.57574477505386e-05	AT5G39110	NA	NA
103.594684172378	1.59613769328988	0.333737266321743	4.78261750892123	1.73027175678649e-06	4.67444707659713e-05	AT1G73810	NA	NA
4693.47322649661	1.00703915429925	0.210748083224537	4.77840243617458	1.76693462341627e-06	4.76774311156997e-05	AT4G30290	ATXTH19; XTH19	Encodes a xyloglucan endotransglucosylase/hydrolase with only only the endotransglucosylase (XET; EC   2.4.1.207) activity towards xyloglucan and non-detectable endohydrolytic (XEH; EC 3.2.1.151) activity. Expressed throughout both the main and the lateral root, with intensive expression at the dividing and elongating regions. Is expressed in lateral root primordia but expression ceases after lateral root begins to grow.
217.158345106789	1.91238034747086	0.401050537241295	4.76842734241312	1.85669611276603e-06	5.00391890992877e-05	AT4G11310	AtCP1; CP1	cysteine proteinase precursor-like protein
192.672590128138	1.06283770133834	0.223089939366453	4.76416688424707	1.89635512629097e-06	5.09241839429408e-05	AT3G25740	MAP1B; MAP1C	Encodes a plastid localized methionine aminopeptidase. Formerly called MAP1C, now called MAP1B.
79.1224143678778	1.37680580473668	0.28917261310054	4.76119017625641	1.9245458170411e-06	5.15575695196801e-05	AT1G52560	HSP26.5	NA
498.308139536572	1.29153379709297	0.27201266068813	4.74806501221556	2.05372026691965e-06	5.46909858477199e-05	AT5G56160	NA	NA
71.0799571677566	-3.16856262157597	0.667320426510715	-4.74818767071727	2.05247541554156e-06	5.46909858477199e-05	AT3G25790	HHO1; NIGT1.3	NA
9076.33508883878	1.29856506352397	0.273468829327199	4.7484938839968	2.04937084376215e-06	5.46909858477199e-05	AT2G22470	AGP2; ATAGP2	Encodes arabinogalactan-protein (AGP2).
100.675109593601	-1.12326676314896	0.236712223516837	-4.7452841533089	2.08213836460904e-06	5.52792335543839e-05	AT3G45410	LecRK-I.3	encodes a receptor-like kinase that has serine/threonine kinase activity whose expression is induced by high salt stress. This induction is inhibited by tobacco ethylene receptor.
7514.28767413204	1.02370913294115	0.215830386515008	4.74311865660291	2.10452915391994e-06	5.56015177859505e-05	AT5G01600	ATFER1; FER1	Encodes  a ferretin protein that is targeted to the chloroplast. Member of a Ferritin gene family. Gene expression is induced in response to iron overload and by nitric oxide. Expression of the gene is downregulated in the presence of paraquat, an inducer of photoxidative stress.
5285.34430361332	1.35701065409485	0.286099798119638	4.74313740524693	2.10433430804169e-06	5.56015177859505e-05	AT2G39420	MAGL8	NA
166.807969235887	-1.17389900743722	0.247499002471251	-4.74304540913686	2.10529054663717e-06	5.56015177859505e-05	AT4G24350	NA	NA
87.7467933844613	-1.37237790503729	0.289432157833725	-4.74162206200221	2.12013858299305e-06	5.59277075438308e-05	AT5G28960	NA	NA
12.1501557275179	3.80074241947427	0.8026632004811	4.7351646583476	2.1887732656326e-06	5.75349366867463e-05	AT5G46240	AtKAT1; KAT1	Encodes a potassium channel protein (KAT1). ABA triggers KAT1 endocytosis  both in epidermal cells as  well as guard cells. Upon removal of ABA, KAT1 is recycled back to the plasma membrane. KAT1 is localized  within 0.50.6 &#956;m diameter microdomains at the  plasma membrane surface.  KAT1 belongs to the Shaker family K+ channel. This family includes five groups based on phylogenetic analysis (FEBS Letters (2007) 581: 2357): I (inward rectifying channel): AKT1 (AT2G26650), AKT5 (AT4G32500) and SPIK (also known as AKT6, AT2G25600); II (inward rectifying channel): KAT1 (AT5G46240) and KAT2 (AT4G18290); III (weakly inward rectifying channel): AKT2 (AT4G22200); IV (regulatory subunit involved in inwardly rectifying conductance formation): KAT3 (also known as AtKC1, AT4G32650); V (outward rectifying channel): SKOR (AT3G02850) and GORK (AT5G37500).
26.9634935279016	-2.05315358345421	0.434121383404224	-4.72944586915788	2.25133469273065e-06	5.89718032495856e-05	AT1G21530	NA	NA
1129.68694395611	1.26846922833069	0.268345298074212	4.72700374269233	2.2785706692813e-06	5.96155008285327e-05	AT5G07322	NA	NA
1579.61472819908	1.32378908702918	0.280275692279627	4.72316766488779	2.32199262767577e-06	6.06099614095881e-05	AT1G55740	AtSIP1; RS1; SIP1	NA
216.178080243081	1.06876778417582	0.226403949278662	4.72062341483432	2.35122895833947e-06	6.1301657451654e-05	AT2G26910	ABCG32; AtABCG32; ATPDR4; PDR4; PEC1	NA
4966.43364269775	1.69494156048163	0.359271852616954	4.71771319722265	2.38510404441574e-06	6.21125467194592e-05	AT3G48340	CEP2	NA
137.368241993827	1.13137627256582	0.239986187559196	4.71433912123275	2.42496508497194e-06	6.30391615943627e-05	AT5G25110	CIPK25; SnRK3.25	member of AtCIPKs
495.995841277192	-1.0499274022913	0.222715913681288	-4.71420018864829	2.42662005610303e-06	6.30391615943627e-05	AT4G07825	NA	NA
555.002937166585	1.03695046453239	0.220085944289496	4.71157059974901	2.45814907854653e-06	6.36922910500689e-05	AT1G69080	NA	NA
79.189726438981	3.00739502928421	0.638320510203616	4.71141845077935	2.45998534373592e-06	6.36922910500689e-05	AT2G42560	LEA25	NA
2254.24849923646	1.24288706139638	0.263848904886484	4.71060155406407	2.46986689550979e-06	6.3874294447849e-05	AT4G05020	NDB2	NA
972.15404081294	-1.35556850555187	0.287811546844108	-4.70991702874975	2.47817655531552e-06	6.40152735096266e-05	AT5G54770	THI1; THI4; TZ	Encodes a thiamine biosynthetic gene that has a dual function in thiamine biosynthesis and mitochondrial DNA damage tolerance. It appears to be involved in producing the thiazole portion of thiamine (vitamin B1). A crystal structure of the protein reveals that it forms a 2-ring homo-octamer.
21688.8455798497	1.02915246617686	0.21853802412718	4.70926041491956	2.48617260324328e-06	6.41478359703185e-05	AT1G17620	NA	NA
14.1736481825428	-6.26743360089203	1.33181375321229	-4.70593848860262	2.52700710955261e-06	6.50515531328048e-05	AT2G28270	NA	NA
2639.24395179991	1.52500554225752	0.324552823545978	4.69878993994172	2.61707456617151e-06	6.70617871670219e-05	AT5G13200	GER5	NA
14.8434025211506	4.88105603787013	1.03896748529107	4.69798728735259	2.62737780905552e-06	6.72399110033048e-05	AT1G52680	NA	NA
7239.40864010379	-1.38008357835817	0.29390340453512	-4.69570463309574	2.65689231012339e-06	6.77719364208695e-05	AT5G59090	ATSBT4.12; SBT4.12	NA
239.46380817452	1.45287631364404	0.309477564860174	4.69460949229219	2.67116507658111e-06	6.80584903926172e-05	AT5G42900	COR27	NA
676.877396739534	1.01144971130385	0.215614817829762	4.6910027867493	2.71869267833595e-06	6.919072866365e-05	AT4G26220	CCoAOMT7	NA
111.161718453255	1.00389266798824	0.214163840554925	4.68749843758421	2.76564812031007e-06	7.02261397987123e-05	AT4G12430	TPPF	NA
14.4369668889031	3.60117423211169	0.768906734620968	4.68349940241697	2.82018276744731e-06	7.14488837779977e-05	AT5G62490	ATHVA22B; HVA22B	Part of the AtHVA22 family. Protein expression is ABA- and stress-inducible.
3187.53753340573	1.11918572363099	0.239029353911952	4.6822103867764	2.83797984978267e-06	7.17374680764477e-05	AT1G17360	NA	NA
20.0375107797353	3.22044002589165	0.68794349455746	4.6812566022785	2.85121780653944e-06	7.19908387770658e-05	AT5G01300	NA	NA
196.644146231536	1.48892933753204	0.318330749360073	4.67730290122829	2.90672737621497e-06	7.31450183345062e-05	AT5G22860	NA	NA
1711.0508664325	1.29570524618988	0.277066324346955	4.6765165317144	2.9178908705182e-06	7.33435285478403e-05	AT1G52820	NA	NA
77.8341112475501	-2.79857481371084	0.599830528034153	-4.66560917278204	3.07704068875834e-06	7.72571785486904e-05	AT4G35770	ATSEN1; DIN1; SAG1; SEN1	Senescence-associated gene that is strongly induced by phosphate starvation.  Transcripts are differentially regulated at the level of mRNA stability at different times of day. mRNAs are targets of the mRNA degradation pathway mediated by the downstream (DST) instability determinant.
1264.42624504638	1.7119585194302	0.367136755879981	4.66299952813727	3.11633468024241e-06	7.81561382964266e-05	AT4G21680	AtNPF7.2; NPF7.2; NRT1.8	Encodes a nitrate transporter (NRT1.8).  Functions in nitrate removal from the xylem sap. Mediates cadmium tolerance.
90.1997054300214	1.31218077167607	0.281574189976295	4.66015998052426	3.15963707826933e-06	7.90650636926479e-05	AT5G64572	NA	NA
60.9909149510493	-1.22615458406884	0.263207734948004	-4.65850513211954	3.18513867429482e-06	7.96142474882888e-05	AT5G18290	SIP1;2; SIP1B	Belongs to a family of plant aquaporins.Similar to yeast and radish aquaporins. Located on ER
1572.15061804212	1.18703247161945	0.255068088296	4.65378667927258	3.25893965354928e-06	8.13681298560642e-05	AT3G58550	LTPG22	NA
48.3788057698203	-2.05145664611857	0.441097859972893	-4.65079709578423	3.30654528518131e-06	8.21902199854834e-05	AT1G61750	NA	NA
190.796522916217	1.56156934191406	0.336243596818507	4.64416083068769	3.41461493955606e-06	8.47823904504406e-05	AT2G40080	ELF4	Encodes a novel nuclear 111 amino-acid phytochrome-regulated component of a negative feedback loop involving the circadian clock central oscillator components CCA1 and LHY. ELF4 is necessary for light-induced expression of both CCA1 and LHY, and conversely, CCA1 and LHY act negatively on light-induced ELF4 expression.  ELF4 promotes clock accuracy and is required for sustained rhythms in the absence of daily light/dark cycles.  It is involved in the phyB-mediated constant red light induced seedling de-etiolation process and may function to coregulate the expression of a subset of phyB-regulated genes.
1168.95526285699	1.34406041753767	0.290013587977646	4.63447394623891	3.57846297455739e-06	8.84583408147764e-05	AT1G04220	DAISY; KCS2	Encodes KCS2, a member of the 3-ketoacyl-CoA synthase family involved in the biosynthesis of VLCFA (very long chain fatty acids).
638.185136214607	1.39725900535382	0.30169251401155	4.63140098100121	3.63199689378092e-06	8.95839233844905e-05	AT1G02310	MAN1	NA
183.987258979208	1.15182526765253	0.248905944293707	4.62755227048086	3.70012862561583e-06	9.08641235737853e-05	AT1G16820	NA	NA
242.920340683529	1.1720264007468	0.25336922586381	4.62576461979949	3.7321896156624e-06	9.14508956590538e-05	AT2G38250	NA	NA
51.7220374189543	-2.40423507446797	0.52022788162365	-4.62150368981429	3.8096855647301e-06	9.32477791340932e-05	AT2G43920	ATHOL2; HOL2	NA
113.088993730874	1.33555719438921	0.289181497759839	4.61840472068641	3.86701466961629e-06	9.45476643457711e-05	AT1G21460	AtSWEET1; SWEET1	NA
199.895718036415	-1.13814523058041	0.246673535442788	-4.61397380362429	3.95042237880639e-06	9.64816353279693e-05	AT2G38600	NA	NA
359.738630590729	1.26259411529489	0.273666058011646	4.61363065799397	3.9569532049383e-06	9.65358648995623e-05	AT2G25150	NA	NA
306.428246843898	1.56078150256452	0.338315342316887	4.61339261730139	3.96148972764597e-06	9.65413753431546e-05	AT1G02850	BGLU11	NA
45.0145537169789	-2.93550575033731	0.636677114124642	-4.61066635695441	4.01380290632392e-06	9.75735104130056e-05	AT1G51830	SIF1	NA
177.049482075556	1.15508218739569	0.250532662989603	4.61050536729266	4.01691268980136e-06	9.75735104130056e-05	AT3G63050	NA	NA
21.8552511850335	4.46822916663001	0.969936573865276	4.60672304460461	4.09064249342911e-06	9.91493823407343e-05	AT1G19630	CYP722A1	member of CYP722A
848.662953146368	1.21230994838919	0.263736051531582	4.59667891950683	4.29278358854467e-06	0.000103600410828714	AT4G15230	ABCG30; ATPDR2; PDR2	NA
194.322140833097	1.16430349761443	0.253340817554233	4.59579908541657	4.3109394135743e-06	0.000103814837748828	AT1G52565	NA	NA
162.770422511057	-2.17780444569951	0.473854635040821	-4.59593361477175	4.30815857475189e-06	0.000103814837748828	AT4G37890	EDA40	NA
168.950644201109	1.2912384729038	0.281210427279942	4.5917161941452	4.39615922404557e-06	0.000105526668790701	AT1G15100	RHA2A	Encodes a putative RING-H2 finger protein RHA2a.
301.922775246258	1.79806363426384	0.391866915853501	4.58845480830549	4.46538947050318e-06	0.00010684493865533	AT3G52970	CYP76G1	member of CYP76G
1113.23686377186	-1.16754143660525	0.254474058307176	-4.58805681165311	4.47390900722439e-06	0.000106934542290072	AT3G52060	AtGnTL; GnTL	NA
214.743126889191	-1.14058993949253	0.248638185326678	-4.58734823049784	4.48911548843707e-06	0.000107183614583195	AT5G02400	PLL2	Encodes a protein with similarity to the POL locus which is a novel protein phosphatase 2C. Ubiquitously expressed. No phenotype observed in homozygous null mutant background.
164.964775097554	1.01182789340001	0.220782586530295	4.58291529826415	4.58537812183848e-06	0.00010913297387534	AT2G29500	HSP17.6B	NA
27.1861333168701	1.76974178819794	0.386219423881499	4.58221849748536	4.60068809087748e-06	0.00010938111516273	AT4G25760	ATGDU2; GDU2	Encodes a member of the GDU (glutamine dumper) family proteins involved in amino acid export: At4g31730 (GDU1), At4g25760 (GDU2), At5g57685 (GDU3), At2g24762 (GDU4), At5g24920 (GDU5), At3g30725 (GDU6) and At5g38770 (GDU7).
12.6829638589751	-3.52265216296387	0.769591188379974	-4.57730313983872	4.71008681773629e-06	0.000111863313223777	AT4G10530	NA	NA
2713.04809897001	1.10415663945374	0.24131829853384	4.5755197436837	4.75039161516837e-06	0.000112701028192067	AT4G31780	EMB2797; MGD1; MGDA; UGT81A1	Encodes an A-type monogalactosyldiacylglycerol (MGDG) synthase. It represents the isoform responsible for the bulk of MGDG synthesis in Arabidopsis.
95.85316541924	-1.86258206635518	0.407536404925119	-4.5703452350408	4.86921402569338e-06	0.000115032613206149	AT1G11070	NA	NA
120.037970572395	1.47072349509804	0.322136524153131	4.56552854093291	4.9823740007736e-06	0.000117581926365991	AT4G36820	MCU4	NA
302.872784226421	-1.56958999451501	0.344207790835835	-4.56000717096958	5.11518740099919e-06	0.000120462394356233	AT4G30110	ATHMA2; HMA2	encodes a protein similar to Zn-ATPase, a P1B-type ATPases transport zinc
1692.66734809668	-1.12767221909806	0.247333507890017	-4.55931842279741	5.1319907399461e-06	0.000120731160306547	AT3G01260	NA	NA
168.328180155787	1.26610483901788	0.277800767013185	4.55760022778407	5.17414013184023e-06	0.000121340358526381	AT5G35732	NA	NA
587.280103071423	1.79571089751283	0.394195703420038	4.55537917317023	5.2291166530116e-06	0.000122373350638294	AT1G80320	NA	NA
36.4548472057305	1.90515741663232	0.418399759496167	4.55343812560144	5.27761991451064e-06	0.000123122474588938	AT4G25830	CASPL2C1	NA
135.927644414528	-1.91977464653505	0.421693757549089	-4.55253276143544	5.30039036426321e-06	0.000123396613927275	AT5G15830	AtbZIP3; bZIP3	NA
221.807641242961	1.50484588692934	0.33057913951782	4.5521501723439	5.31004095544926e-06	0.000123492915096824	AT3G12510	NA	NA
1256.28873987092	-1.21837826791058	0.267873678213409	-4.548331422619	5.40729325155748e-06	0.00012523447741663	AT4G11290	PER39	NA
2508.79671087898	1.46119322402992	0.32196260888196	4.53839416044003	5.66842337555687e-06	0.000130472774839642	AT5G09980	PROPEP4	NA
21.806106462077	6.95318252501725	1.53203903144185	4.53851526124201	5.66516964685964e-06	0.000130472774839642	AT5G16740	NA	NA
51.70118752862	2.54795752220603	0.56205189842617	4.53331361274767	5.80655044933667e-06	0.000133377952680353	AT5G13370	GH3.15	NA
205.504240162269	-1.13505743119812	0.250428178991386	-4.53246689637577	5.82988145653442e-06	0.000133704241623283	AT1G79840	GL2	Glabra 2, a homeodomain protein affects epidermal cell identity including trichomes, root hairs, and seed coat. It also down-regulates seed oil content. Expressed in atrichoblasts and required to suppress root hair development. Also expressed abundantly during early seed development.  Directly regulated by WER.
373.887427238651	-1.07996696343213	0.23855751045811	-4.52707173778866	5.98066417327188e-06	0.000136537160881342	AT2G28960	NA	NA
110.862160906543	-2.6617137278653	0.588086754626337	-4.52605624412766	6.00945924121218e-06	0.000137054836218114	AT3G62930	GRXS6; ROXY17	NA
194.598567540937	-1.66264684376646	0.367838307401889	-4.52004810349972	6.18255817606461e-06	0.000140716029381243	AT5G43580	UPI	Predicted to encode a PR (pathogenesis-related) peptide that belongs to the PR-6 proteinase inhibitor family.  Six putative PR-6-type protein encoding genes are found in Arabidopsis: At2g38900, At2g38870, At5g43570, At5g43580, At3g50020 and At3g46860.
57.3822439507637	-1.37798700745252	0.305374073702087	-4.5124557915052	6.40812943661039e-06	0.000145701996814545	AT1G66930	LRK10L2	NA
658.19367082775	1.884748907429	0.417965363942285	4.50934232839748	6.50289039581278e-06	0.000147556973966183	AT3G06490	AtMYB108; BOS1; MYB108	putative transcription factor MYB108 (MYB108) mRNA,
10.2751747987052	5.85569945863447	1.30033064618438	4.50323883069056	6.69256002796087e-06	0.000151247804627863	AT3G11110	ATL66	NA
1818.69836401189	1.01672757872062	0.225864909936132	4.50148533036017	6.74802232743633e-06	0.000152347487948855	AT2G24330	LNP1; LNPB	NA
201.578908159131	-2.37925878040963	0.528685183076223	-4.50033187343289	6.78474500966925e-06	0.000153022305374172	AT3G50700	AtIDD2; IDD2	zinc finger protein, similar to maize Indeterminate1 (ID1)
14.4052887269379	3.5179890193875	0.782404127329256	4.49638351397274	6.91190180014014e-06	0.000155312434490114	AT3G21660	NA	NA
262.515929301219	-1.15190645847324	0.256218148278398	-4.49580354168205	6.93077071813715e-06	0.000155532606215831	AT1G51790	NA	NA
27.0157420398056	-2.18718560333105	0.486544822025442	-4.49534247271608	6.94580635835803e-06	0.000155713993194981	AT3G27027	NA	NA
5973.69207085686	1.02815871098418	0.229003856873378	4.48970041387849	7.13234142201773e-06	0.000159561444248344	AT4G21570	NA	NA
1146.32566496033	1.06289226509489	0.236989636474006	4.48497360858845	7.29229599462773e-06	0.000162667590732752	AT4G20390	CASPL1B2	NA
524.628586577568	1.39881203434213	0.312089335128881	4.48208854610324	7.39160605986489e-06	0.000164391667643232	AT3G07600	NA	NA
1246.60297483644	1.29640530679336	0.289336033654421	4.48062168551662	7.44259320479734e-06	0.000165361426006589	AT1G44350	ILL6	encodes a protein similar to IAA amino acid conjugate hydrolase.
298.455747108578	1.03982359545159	0.232230431249721	4.47755098182394	7.55042000667258e-06	0.00016759088847318	AT5G60860	AtRABA1f; RABA1f	NA
21.2874769626682	-2.31582102517653	0.517380500900719	-4.47605006594733	7.60366613175369e-06	0.000168605650184907	AT1G53640	NA	NA
99.6155208397375	-1.20591661918109	0.2697426431006	-4.47061912539853	7.7993486808241e-06	0.000172432589393619	AT4G29110	NA	NA
117.80479692044	-1.11648234822964	0.249841684189919	-4.46875929390927	7.86746024507428e-06	0.000173595704087373	AT4G11230	RbohI	NA
583.247802357214	1.19078191616063	0.266673982683237	4.46530967955381	7.99530190857993e-06	0.000176005043927365	AT1G78990	NA	NA
418.488842204951	1.97724058163484	0.443942971275601	4.45381661512411	8.4357159042888e-06	0.000184498333391066	AT2G32860	BGLU33	NA
425.635408122794	1.56580863299405	0.351872280095515	4.44993459720391	8.5896443593296e-06	0.000187498708646731	AT2G43500	NLP8	NA
25.2618293846793	-1.98080090175243	0.445164781229551	-4.44959032087272	8.60342432358303e-06	0.000187616641821778	AT5G25260	flot2	NA
75.4639633554575	1.18723920497481	0.267070258003622	4.44541902138242	8.77207195829308e-06	0.000190737207357215	AT5G59920	ULI3	Isolated in a screen for UV-B insensitive mutants using a hypocotyl growth inhibition assay. Mutants are defective in a number of UV-B responses.
95.2034093374748	1.03344210051907	0.232629300738476	4.442441675397	8.89437476041736e-06	0.000193208939994478	AT1G32690	NA	NA
497.657334292241	3.68805003556752	0.830544827856966	4.44051893632726	8.97422071450854e-06	0.000194754503025323	AT5G36140	CYP716A2	member of CYP716A
7.97405266899713	6.47783723179125	1.46147508207909	4.43239663215873	9.31913833297089e-06	0.000200684059716554	AT3G03620	NA	NA
161.382026892836	-1.63040677017215	0.367968123881922	-4.43083697840994	9.38680347650584e-06	0.000201743792231724	AT5G03230	NA	NA
79.379919357551	-1.0747178982697	0.242577857044131	-4.43040395922938	9.40567298338368e-06	0.000201771505877261	AT3G20590	NA	NA
452.768704355635	1.48168712830249	0.33451574831422	4.42934939765737	9.45177890919097e-06	0.000202566545885398	AT3G08860	PYD4	Encodes a protein that is predicted to have beta-alanine aminotransferase activity.
11.1258189036941	-4.9964895132913	1.12876477118211	-4.42651085580804	9.57695648495497e-06	0.000205053075943644	AT1G33870	NA	NA
35.4489175402228	-3.660189721451	0.828369760409149	-4.41854579486721	9.93672271644696e-06	0.00021154262543493	AT4G36570	ATRL3; RL3	NA
91.4920560781679	1.9827136097137	0.448780313811552	4.41800486495106	9.96161792686189e-06	0.000211871220408356	AT1G24070	ATCSLA10; CSLA10	encodes a gene similar to cellulose synthase
126.952923501374	-1.04044299553095	0.23567118351719	-4.41480786918124	1.01099741111738e-05	0.000214415700941145	AT5G18140	DJC69	NA
3502.98994190962	1.28296583788252	0.29065687990994	4.41402191573804	1.01467680284047e-05	0.000214992447269775	AT3G07390	AIR12	isolated from differential screening of a cDNA library from auxin-treated root culture. sequence does not show homology to any known proteins and is predicted to be extracellular.
73.6297390729176	5.55095153456819	1.25765320013791	4.41373785234236	1.01600977148389e-05	0.000215071406825644	AT5G13170	AtSWEET15; SAG29; SWEET15	NA
41.6667582694855	-1.57506951429126	0.357709582287615	-4.40320749647918	1.06662060958451e-05	0.000225358822379761	AT4G03460	NA	NA
846.798793679548	1.03409064675774	0.234906980967041	4.40212820624018	1.07194179733006e-05	0.000226269637068841	AT5G01670	NA	NA
43.7619869650162	2.50388691068103	0.569122417533667	4.39955769363612	1.08471737265081e-05	0.000228750755912312	AT3G50980	XERO1	NA
946.186454025365	1.21358782777133	0.276199721126389	4.3938778171901	1.11346412280294e-05	0.000234151572716382	AT5G07580	DEWAX2; ERF106	encodes a member of the ERF (ethylene response factor) subfamily B-3 of ERF/AP2 transcription factor family. The protein contains one AP2 domain. There are 18 members in this subfamily including ATERF-1, ATERF-2, AND ATERF-5.
57.6654696771755	1.23824911918501	0.282044879098562	4.39025563287144	1.13217483677321e-05	0.000237417487306862	AT1G44020	NA	NA
221.490071956553	1.18795732302245	0.270582508729181	4.3903699784654	1.13157961370196e-05	0.000237417487306862	AT3G25882	NIMIN-2	encodes a kinase that physically interacts with NPR1/NIM1
58.2001080311454	-1.50089329060562	0.342691056815416	-4.37972704789332	1.18828055362398e-05	0.000248484885891341	AT2G14510	NA	NA
2241.05972067613	1.48770316654789	0.339716332074712	4.37925123429365	1.1908777761546e-05	0.000248795696592895	AT1G09950	RAS1	NA
1625.5705660804	1.25188095876757	0.286077724904461	4.3760168995529	1.20867647364496e-05	0.000252278828553146	AT5G53050	NA	NA
291.503339094312	-1.13261984227113	0.259351068255388	-4.36713004457655	1.25889779239332e-05	0.000262272325194797	AT1G23150	NA	NA
1587.58647701803	-1.34085006271687	0.307183014935407	-4.36498763774037	1.27129947988413e-05	0.000264609880590009	AT1G01190	CYP78A8	member of CYP78A
80.5036728590602	2.42310016549365	0.55540376077091	4.36277234084686	1.28424564939338e-05	0.000267056319069769	AT4G33040	ROXY21	NA
19.8900722514586	2.36587882277063	0.543719227704621	4.35128776438252	1.3534028691805e-05	0.000280136882238138	AT1G68500	NA	NA
1308.28307239873	1.1498097037557	0.264404983202902	4.34866881035049	1.36966369185247e-05	0.000283240886821127	AT5G12010	NA	NA
2872.89623518049	1.12779201492492	0.259411700128658	4.34749864545654	1.3769892090191e-05	0.000284230878573196	AT1G01120	KCS1	Encodes a condensing enzyme KCS1 (3-ketoacyl-CoA synthase 1) which is involved in the critical fatty acid elongation process in wax biosynthesis.
8620.84873226977	1.32201190200054	0.304123239586755	4.34696113258856	1.38036668235082e-05	0.000284665674198241	AT4G31800	ATWRKY18; WRKY18	Pathogen-induced transcription factor. Binds W-box sequences  in vitro. Forms protein complexes with itself and with WRKY40 and WRKY60. Constitutive expression of WRKY18  enhanced resistance to P. syringae, but its coexpression with WRKY40 or WRKY60 made plants more susceptible to both  P. syringae and B. cinerea. WRKY18, WRKY40, and WRKY60 have partially redundant roles in response to the hemibiotrophic bacterial pathogen Pseudomonas syringae and the necrotrophic fungal pathogen Botrytis cinerea, with WRKY18 playing a more important role than the other two.
45.7140080284949	1.70584868595116	0.392462525165445	4.34652629631847	1.38310476547096e-05	0.000284963272480148	AT2G25625	CV	NA
2409.70399479133	1.69115724130315	0.389100225503076	4.34632809353069	1.38435452964101e-05	0.000284963272480148	AT4G14060	NA	NA
906.90826700498	1.24654566939129	0.286977720041377	4.34370190554012	1.40101593416996e-05	0.000287863787721747	AT3G22830	AT-HSFA6B; HSFA6B	member of Heat Stress Transcription Factor (Hsf) family
9590.179699944	1.02615405589786	0.236289419880348	4.34278460888126	1.40688050552467e-05	0.000288539338843685	AT5G62350	NA	NA
158.028746862649	1.20206839501747	0.277321528694801	4.33456573196801	1.46048145237128e-05	0.000298167206994595	AT2G46950	CYP709B2	member of CYP709B
47.8817984536873	1.48908646987856	0.343636208567525	4.33332237043917	1.46875793736345e-05	0.000299583813890635	AT5G24850	CRY3	Binds flavin adenine dinucleotide and DNA. It does not have photolyase activity, and it is likely to act as photoreceptor. Closely related to Synechocystis cryptochrome.
28.8547809163992	-1.7442915907071	0.403391859684548	-4.32406244407395	1.53181906915044e-05	0.000311312340042589	AT5G45090	AtPP2-A7; PP2-A7	NA
188.204464492482	-1.39955801638017	0.323847785068897	-4.32165381672264	1.54864033989805e-05	0.000313876462012278	AT1G63180	UGE3	Encodes a protein with UDP-D-glucose 4-epimerase activity. Involved in pollen development.
57.2883865537491	-1.80422304414615	0.417468340041015	-4.32182005459117	1.5474737399523e-05	0.000313876462012278	AT5G46040	NA	NA
99.3450668553902	-1.6275889374013	0.376865909524095	-4.31874811774993	1.56916744267029e-05	0.000317462276838698	AT2G47450	CAO; CPSRP43	A component of the chloroplast signal recognition particle pathway that is involved in LHCP targeting.  It is downregulated in response to high light. It recognizes the DPLG motif in Lhcb1.
120.157348059609	1.407900663642	0.326071943925925	4.31776081894933	1.5762009919398e-05	0.000318310166054857	AT3G53450	LOG4	NA
107.603318211416	-1.15771746529782	0.268167873002731	-4.31713706915978	1.58066008652102e-05	0.000318923092772296	AT4G36470	CLAMT	NA
1748.53241208557	1.44191158507741	0.334105416847758	4.31573842376357	1.59070254882904e-05	0.000320660434595637	AT5G64850	NOI6	NA
186.193500905484	1.21833098733161	0.282465897841058	4.31319673151186	1.60910812579224e-05	0.000323497177605413	AT5G42510	NA	NA
9664.92564378764	1.19541861412676	0.277208607178321	4.31234306284647	1.61533534833505e-05	0.000324457851670958	AT3G45970	ATEXLA1; ATEXPL1; ATHEXP; EXLA1; EXPL1	member of EXPANSIN-LIKE. Naming convention from the Expansin Working Group (Kende et al, 2004. Plant Mol Bio)
274.131863205683	-1.13115752102295	0.262356726135181	-4.31152476129051	1.62132613786926e-05	0.000325369356484946	AT1G46264	AT-HSFB4; HSFB4; SCZ	Encodes SCHIZORIZA, a member of Heat Shock Transcription Factor (Hsf) family. Functions as a nuclear factor regulating asymmetry of stem cell divisions.
33.9676693746008	-1.5894826990952	0.369283334638474	-4.30423620565303	1.67562814785927e-05	0.000334766886703444	AT2G19990	PR-1-LIKE; PRH1	Encodes a PR-1-like protein homolog that is differentially expressed in resistant compared to susceptible cultivars by powdery mildew infection. The deduced amino acid sequence has 24 amino acids comprising the signal peptide and 140 amino acids of the mature peptide (15 kDa). Northern blot analysis showed accumulation of the corresponding mRNA 12 h after inoculation of resistant barley cultivars with Erysiphe graminis.  Though the Genbank record for the cDNA associated to this gene model is called 'PR-1', the sequence actually corresponds to PR-1-like.  Expression of this gene is not salicylic-acid responsive.
151.01561497755	-1.25919211347187	0.292574317084285	-4.30383680297241	1.67865336831631e-05	0.000334774005670633	AT1G15890	NA	NA
87.0497492308334	1.42567742957484	0.331890284643516	4.29562869279575	1.74198944275428e-05	0.000346787516088221	AT4G34810	SAUR5	NA
192.208301998873	2.59994048939541	0.605371565186409	4.29478462305184	1.74863012270414e-05	0.000347491750027346	AT4G15100	scpl30	NA
95.8309480142665	-1.37808301252516	0.321459876665261	-4.28695184861335	1.81141538033362e-05	0.000358062302364975	AT4G02270	RHS13; SRPP	NA
851.64739369686	1.56596243920995	0.365864601335285	4.28016931262196	1.86751184623991e-05	0.00036752895701572	AT5G06300	LOG7	NA
286.792307877245	-1.42519019587574	0.333053017732456	-4.27916914123448	1.87592269053616e-05	0.000368536531379368	AT2G02930	ATGSTF3; GST16; GSTF3	Encodes glutathione transferase belonging to the phi class of GSTs. Naming convention according to Wagner et al. (2002).
722.637947260482	1.05535813241383	0.246984355227252	4.27297563622112	1.92881539228949e-05	0.000377602705644365	AT4G24140	NA	NA
39.6402445612604	-2.87902832888046	0.673840567744086	-4.27256604410003	1.93236293605028e-05	0.000377966814984997	AT2G28690	NA	NA
1458.16239184876	-1.27572677208134	0.29861403073282	-4.27215951290237	1.9358901128222e-05	0.000378326308610523	AT2G25900	AtC3H23; ATCTH; ATTZF1; TZF1	putative Cys3His zinc finger protein (ATCTH) mRNA, complete
2438.81485512586	-1.02243008077336	0.239584069233595	-4.26752114213608	1.97657043636917e-05	0.000384598362232181	AT4G36430	NA	NA
103.237092603368	-1.15335796406303	0.27039559576747	-4.26544656095241	1.9950276313008e-05	0.000387852767626847	AT4G37390	AUR3; BRU6; GH3-2; GH3.2; YDK1	Encodes an IAA-amido synthase that conjugates Asp and other amino acids to auxin in vitro. Lines carrying insertions in this gene are hypersensitive to auxin. May function as a negative component in auxin signaling by regulating auxin activity.
1083.90424261643	-1.29796768483666	0.304438919985013	-4.26347487010055	2.01272145745714e-05	0.000390953250314052	AT2G46890	PNET3	NA
10.5192549422289	3.27971609727271	0.770330692464462	4.25754306475853	2.06685854764167e-05	0.000400773714571279	AT4G32170	CYP96A2	member of CYP96A
18.4263514944911	-4.11374623684199	0.967075725210463	-4.25379950049591	2.10173504728851e-05	0.000406129923374232	AT5G58360	ATOFP3; OFP3	NA
1039.85323513339	1.32161280900856	0.311203192266357	4.2467842292485	2.16860622289973e-05	0.000417610532829428	AT4G00360	ATT1; CYP86A2	Encodes a member of the CYP86A subfamily of cytochrome p450 genes. Expressed at moderate levels in flowers, leaves, roots and stems.
2542.00381010504	1.40453661531313	0.331180390165877	4.24100175318245	2.22524398440632e-05	0.000427414787948233	AT5G24780	ATVSP1; VSP1	encodes an acid phosphatase similar to soybean vegetative storage proteins. Gene expression is induced by wounding and jasmonic acid.
10.2653673206743	-3.81112507394797	0.899174717796967	-4.23847000868247	2.2504823950701e-05	0.00043189206272485	AT5G59270	LecRK-II.2	NA
1162.52737364352	1.00567214105209	0.237433343868612	4.23559776679303	2.27944497726197e-05	0.000436740671898092	AT1G77640	NA	encodes a member of the DREB subfamily A-5 of ERF/AP2 transcription factor family. The protein contains one AP2 domain. There are 15 members in this subfamily including RAP2.1, RAP2.9 and RAP2.10.
220.939029852615	-1.11221374508178	0.262795498764891	-4.23224046952498	2.31374831905331e-05	0.000442516715230726	AT3G60690	SAUR59	NA
713.60059965006	-1.5393108757065	0.364083575029573	-4.22790529779178	2.35877027431656e-05	0.000450742483477761	AT1G78120	TPR12	NA
73.9375920097585	-1.74975402291452	0.41399737245278	-4.22648581692168	2.3736922590185e-05	0.000452821225153137	AT3G01350	NA	NA
30.425795387933	2.74178669576081	0.649971734059676	4.21831681608031	2.4613281887686e-05	0.000468740698262429	AT1G70260	RTP1; UMAMIT36	NA
79.1705067948824	1.03865944391486	0.246453411226951	4.21442510673301	2.50415229355396e-05	0.000475279616664699	AT1G16510	SAUR41	NA
81.6522177758058	-1.04054003486963	0.24714980634743	-4.21015921577091	2.55190784123337e-05	0.00048352392565366	AT5G50820	anac097; NAC097	NA
6985.40315756099	-1.3980110571532	0.332253015190377	-4.20767003830548	2.58017242543934e-05	0.000488053561149826	AT1G15380	GLYI4	NA
10.1028586131936	3.23066967102647	0.768195298092743	4.20553169102636	2.60469085611122e-05	0.000492275581548244	AT5G20790	NA	NA
3236.41150262256	1.24591861006569	0.296339506156663	4.204362173051	2.6181942005293e-05	0.000494410432673308	AT2G35290	SAUR79	NA
1382.30422538705	1.16668346599747	0.277562700793339	4.2033150083308	2.63034131526386e-05	0.00049524190395651	AT4G22610	NA	NA
245.087614452047	1.26218783776443	0.300495342466917	4.20035740788024	2.66493962066121e-05	0.000501125002051457	AT4G28290	NA	NA
133.153154958799	1.22008780045764	0.290585776006151	4.19871824845209	2.68430061723222e-05	0.000503919502292816	AT1G63240	RMB1	NA
5063.37160970751	1.22960700551547	0.293134683401137	4.1946827691926	2.73253744902722e-05	0.000511688199903125	AT4G21830	ATMSRB7; MSRB7	NA
160.631403384766	1.11746913134283	0.266640869597863	4.19091466746319	2.7783214510502e-05	0.000518527393481003	AT3G12730	NA	NA
398.605793857473	1.15411589684743	0.275549506189114	4.18841576894478	2.8090853269459e-05	0.00052296155429992	AT5G47060	NA	NA
125.378000957748	1.25477380020438	0.29968321817284	4.18700055296624	2.82665137280469e-05	0.000525794718815064	AT4G22620	SAUR34	NA
36.9621303656699	2.24473875576828	0.536776448391715	4.18188756696376	2.8909893208341e-05	0.000536870620475957	AT1G03170	FAF2; FTM5	NA
221.646643737479	-1.02611944415192	0.245599525653346	-4.17801883542824	2.94059308331526e-05	0.000545629848334122	AT1G20380	POQR	NA
1588.36177355106	1.39764896156326	0.334718374754117	4.17559676127721	2.97205886627955e-05	0.000550556082458204	AT4G28085	NA	NA
169.714763447005	1.13935190475684	0.272959170423236	4.17407447051595	2.99199882648737e-05	0.000552877934967088	AT5G64530	ANAC104; XND1	NA
562.064683808079	1.11557601406876	0.267390667710008	4.17208283154679	3.01827866408148e-05	0.000557274270080535	AT1G19230	AtRbohE; RBOHE	NA
103.814034161433	1.08025652590171	0.258952279511169	4.17164323844122	3.02410861110269e-05	0.000557890745092716	AT3G20460	NA	NA
55.9742402542762	-1.25506217282531	0.300888400282978	-4.17118829321755	3.0301534283601e-05	0.00055854581219385	AT2G03260	NA	NA
88.0472790059948	1.16387658479382	0.279272479956588	4.16753052422044	3.07917290511972e-05	0.000566648778825483	AT1G01130	NA	NA
133.407153140296	1.09394956414468	0.262649452463373	4.16505556697187	3.11276741102838e-05	0.000570954454851692	AT5G12110	NA	NA
5.85180343025673	-5.96505209347013	1.43379488600897	-4.16032457060445	3.1779564189215e-05	0.000581958397041421	AT1G33900	IAN4	NA
234.58082638089	-1.35847838108761	0.326767266546834	-4.15732700353848	3.21992936338946e-05	0.000587722396271152	AT5G18240	ATMYR1; MYR1	Encodes MYR1 (MYR1).
1441.56987450545	1.62979310601679	0.392298479629247	4.15447214467177	3.26039331164442e-05	0.000594139695749296	AT1G12950	AtDTX31; RHS2	NA
88.5644355232244	1.07030638615826	0.257736465156131	4.15271616885836	3.28552146115693e-05	0.000597260865617457	AT5G20220	NA	NA
278.791384706581	1.35453187945778	0.32620635631827	4.1523773317777	3.29039137408694e-05	0.000597661031744128	AT1G15540	NA	NA
9.75957369946299	-3.40088808376247	0.820709255354436	-4.14384029615183	3.41537638180741e-05	0.00061855086892901	AT4G29450	NA	NA
520.569615532776	1.08450559175803	0.261756795690827	4.1431802711972	3.42522487074168e-05	0.000619343578211634	AT1G53560	NA	NA
1966.14278606544	1.33971363715814	0.32337990652002	4.14284749963337	3.43020050643811e-05	0.000619538472114419	AT3G44870	FAMT-L	NA
41.4981197817456	-1.70523508497651	0.411938680062112	-4.13953621621401	3.48008660322777e-05	0.000627031533112543	AT2G37950	NA	NA
178.09429735851	-1.24297008377221	0.300264610143251	-4.13958236096893	3.47938670015121e-05	0.000627031533112543	AT2G25680	MOT1	Encodes a high-affinity molybdate transporter. Mutant has reduced concentrations of molybdate  in roots and shoots, and reduced shoot and root length when growing on Mo-limited medium.
1753.74575996978	1.26344352305129	0.305447090477018	4.13637439164396	3.52836349601927e-05	0.000635218881485913	AT3G19830	NTMC2T5.2; NTMC2TYPE5.2	NA
55.3489262437266	1.23868909297339	0.299636426104761	4.13397365959875	3.56544356411655e-05	0.000640350233054967	AT5G16340	NA	NA
280.63151410179	-1.82308419279501	0.441340109371464	-4.13079199937516	3.61515575100075e-05	0.000646531684720048	AT1G19050	ARR7	Encodes a member of the Arabidopsis response regulator (ARR) family, most closely related to ARR15. A two-component response regulator protein containing a phosphate accepting domain in the receiver domain but lacking a DNA binding domain in the output domain. Involved in response to cytokinin and meristem stem cell maintenance. Arr7 protein is stabilized by cytokinin.
3967.54321487613	1.16293031787576	0.281511398817359	4.1310239044006	3.61151020360779e-05	0.000646531684720048	AT3G54000	NA	NA
3165.36089290732	1.60671464608942	0.389208648421848	4.12815761572688	3.65681431251839e-05	0.000652573811499298	AT3G09390	ATMT-1; ATMT-K; MT2A	metallothionein, binds to and detoxifies excess copper and other metals, limiting oxidative damage
8902.53420422316	1.03023495761585	0.24979030183567	4.12439934635099	3.71703494775688e-05	0.000661738590540247	AT4G13340	LRX3	NA
201.867362643743	1.01539638148526	0.246453742546657	4.120028249492	3.7882594948319e-05	0.000672814112975853	AT1G56020	NA	NA
507.865339162907	-1.13617683323585	0.275755777033957	-4.12022857855102	3.78496711355386e-05	0.000672814112975853	AT3G07310	NA	NA
7673.8438061731	-1.26514903707908	0.307160338571128	-4.11885545824177	3.80758877445843e-05	0.000675711237660626	AT4G02520	ATGSTF2; ATPM24; ATPM24.1; GST2; GSTF2	Encodes glutathione transferase belonging to the phi class of GSTs. Naming convention according to Wagner et al. (2002).  The expression of this gene is upregulated by herbicide safeners such as benoxacor and fenclorim.
186.229659117599	1.2229968713708	0.296941392641706	4.11864732124593	3.8110289374572e-05	0.000675786255608009	AT3G06435	NA	NA
233.737532017254	-1.07310181792246	0.260570538325353	-4.11827762577888	3.81714667261696e-05	0.00067633557658172	AT3G25510	NA	NA
588.65089818526	1.19084305811978	0.289316253107757	4.11606000467679	3.85404008098293e-05	0.000682332661294022	AT1G49530	GFPPS3; GGPPS1; GGPS6	encodes a mitochondria-targeted geranylgeranyl pyrophosphate synthase
1444.71754193143	1.42309069120212	0.346244160064537	4.11007853803762	3.95524569407884e-05	0.000698593711077206	AT1G14120	AtDAO2	NA
12.3828143336029	-3.49329474592205	0.850115751771453	-4.10919893984178	3.97033942173991e-05	0.000700155288892024	AT2G24710	ATGLR2.3; GLR2.3	member of Putative ligand-gated ion channel subunit family
74.2816630443047	2.22521673809256	0.541643257693966	4.10826998487227	3.98633944584723e-05	0.000702423746885874	AT1G07985	LIPA	NA
318.91538045366	1.06286059711724	0.258829550031168	4.10641133127673	4.01853618272492e-05	0.00070587557920241	AT3G50650	NA	NA
3936.97130734758	1.06955022512716	0.260488992463007	4.10593251950578	4.02687034164797e-05	0.000706785173758213	AT1G79310	AtMC7; AtMCP2a; MC7; MCP2a	NA
3451.93251219676	1.23009704333874	0.299618092744426	4.10554994216591	4.03354123796548e-05	0.000707401641076545	AT2G34600	JAZ7; TIFY5B	NA
625.588465500406	1.11576075209627	0.271976340604739	4.102418429542	4.08854016304249e-05	0.000715926078901482	AT1G77450	anac032; NAC032; NAC32	NA
2599.415315345	1.18580186941248	0.289239845418285	4.09971823798215	4.13653439794246e-05	0.00072319925352318	AT4G30490	NA	NA
248.125394239806	1.64377396756392	0.401213396784853	4.09700668207093	4.18526826116994e-05	0.000730009875211542	AT5G65040	IRM1	NA
311.143485673669	1.71160952760849	0.417828019574103	4.096445062141	4.19542993265673e-05	0.000731212830908795	AT3G22250	NA	NA
223.472112099797	-1.34691991693412	0.328907778761928	-4.09512940680269	4.21932647108197e-05	0.000733095699351062	AT1G52700	NA	NA
118.625952591657	-1.97662736570708	0.482671669333331	-4.09517999769327	4.21840519511629e-05	0.000733095699351062	AT1G15550	ATGA3OX1; GA3OX1; GA4	Involved in later steps of the gibberellic acid biosynthetic pathway. Activated by AGAMOUS in a cal-1, ap1-1 background. Deletion of 208 bp from -1016 to -809  (&#916;-808) resulted in loss of GA-negative feedback (this sequence, which contains a 43-bp sequence GNFEI, was shown to be sufficient for GA-negative feedback).
8.95538811897011	3.67523731426054	0.897447965360339	4.09520936713571	4.21787045592753e-05	0.000733095699351062	AT2G43261	NA	NA
107.828048453481	1.25718257732366	0.307093274415475	4.09381345038115	4.24335761922287e-05	0.000736699513489266	AT3G23450	KRATOS	NA
16723.0571922982	1.38000257275047	0.337206883240489	4.0924507812205	4.26837861908967e-05	0.000740469462069188	AT3G47960	AtNPF2.10; GTR1; NPF2.10	NA
21.0563329168699	1.80770321306703	0.441917422615898	4.09059050527236	4.3027625947105e-05	0.000745279745329748	AT4G01830	ABCB5; PGP5	NA
75.9251634393039	-1.2338918807122	0.301809524732982	-4.08831325586509	4.34521134541277e-05	0.000752050643677469	AT1G47655	NA	NA
56.3718033133482	1.17065918032067	0.286433322794986	4.08702161081505	4.36946432113579e-05	0.000754499020325036	AT1G50450	NA	NA
113.10974225864	-2.15018622342139	0.526192406443857	-4.0863117694018	4.38284749757328e-05	0.00075584060758473	AT1G76800	AtVTL2; VTL2	NA
3377.00020150064	1.16088246963916	0.284148849706786	4.08547305694562	4.39871048900019e-05	0.00075779630855114	AT3G26460	NA	NA
46.4510266190342	1.2366106434226	0.302993106323621	4.08131610130365	4.47814021991616e-05	0.000769681570446397	AT5G14340	AtMYB40; MYB40	Member of the R2R3 factor gene family.
1026.06284752518	1.07941454122139	0.264488189219956	4.08114458496186	4.48144654340999e-05	0.000769681570446397	AT5G22570	ATWRKY38; WRKY38	member of WRKY Transcription Factor; Group III
1166.01829327652	1.46366884095948	0.358615430120422	4.08144412656193	4.47567378290991e-05	0.000769681570446397	AT4G36950	MAPKKK21	member of MEKK subfamily
19.3936318031949	2.30633050836363	0.56527804306888	4.0799930877248	4.50370399830134e-05	0.00077231971474699	AT3G13662	NA	NA
7043.19755181196	1.1241397975636	0.276088767966223	4.0716607410162	4.66791330788059e-05	0.000798644663432343	AT5G37600	ATGLN1;1; ATGSR1; GLN1;1; GSR	encodes a cytosolic glutamine synthetase, the enzyme has high affinity with substrate ammonium
16.3079974869643	2.87851840857467	0.707491677009782	4.06862511901306	4.72913641591721e-05	0.000806943130105793	AT5G38910	NA	NA
11776.7525886738	1.26610076368185	0.311389706460557	4.06596858346127	4.78333797613935e-05	0.000814039797215933	AT2G06050	AtOPR3; DDE1; OPR3	Encodes a 12-oxophytodienoate reductase that is required for jasmonate biosynthesis. Mutants are male sterile and defective in pollen dehiscence. Shows activity towards 2,4,6-trinitrotoluene.
1182.27975245238	1.29300321709957	0.31824720640079	4.06288944912593	4.84689878874992e-05	0.000821113050475364	AT3G19970	NA	NA
60.0664915560325	2.05500206493419	0.506017881771972	4.06112538501207	4.88367327501039e-05	0.000826093252772906	AT3G05858	NA	NA
30.0464810808595	1.71554279932367	0.422931835131678	4.05631039524263	4.98539974293909e-05	0.00084139421735391	AT3G59900	ARGOS	Encodes ARGOS (Auxin-Regulated Gene Involved in Organ Size).  Inducible by auxin.  Involved in lateral organ size control. Transgenic plants expressing sense or antisense ARGOS cDNA display enlarged or reduced aerial organs, respectively. The alteration in organ size is attributable mainly to changes in cell number and the duration of organ growth.
24.8885150433291	-1.77938248809204	0.439014524858713	-4.05312896803287	5.05371237369323e-05	0.000851639897074744	AT3G63350	AT-HSFA7B; HSFA7B	member of Heat Stress Transcription Factor (Hsf) family
419.987617519883	1.14273526016506	0.2821406200512	4.05023303612819	5.11666528381988e-05	0.00086056091250629	AT4G11350	NA	NA
2086.59322776074	1.06223512131336	0.262297666565116	4.04973149484596	5.12764321214243e-05	0.000860859800443342	AT3G22910	ACA13	NA
150.781141830358	1.0966708211331	0.270933609444076	4.04774742928108	5.17129040964056e-05	0.000866239491505684	AT5G37550	NA	NA
323.749772737379	1.30524289490638	0.32245197576042	4.04786756796358	5.16863751109591e-05	0.000866239491505684	AT3G28210	PMZ; SAP12	Encodes a putative zinc finger protein (PMZ).
351.900039641041	-1.17507277078645	0.290317628879993	-4.04754191235207	5.17583162002009e-05	0.000866352204499027	AT4G37160	sks15	NA
375.742228377677	-1.35322056874943	0.334437243706667	-4.04626157586781	5.20420783294429e-05	0.000870451371371324	AT5G49450	AtbZIP1; bZIP1	NA
328.732698921057	1.11468829521075	0.275695565603561	4.04318543452247	5.27298845528164e-05	0.000878674475033391	AT4G27480	NA	NA
384.149288120861	-1.15802142342699	0.286468239496839	-4.04240772192048	5.29051355605819e-05	0.000880939342761927	AT4G16920	NA	NA
132.048031300942	1.09128122913978	0.270002355392186	4.0417470712604	5.30544410636908e-05	0.0008821788371025	AT1G06460	ACD31.2; ACD32.1	ACD32.1 encodes an alpha-crystallin domain  containing protein with homology to small heat shock proteins.
4477.06008162852	1.42075402289703	0.351562795799167	4.04125248710518	5.31664771668603e-05	0.000883320788300448	AT1G26730	NA	NA
384.939800315926	-1.09866499488426	0.271876465020825	-4.04104487234711	5.32135740519925e-05	0.000883447890636341	AT4G18610	LSH9	NA
56.024516290264	1.54732048931896	0.383000737605328	4.03999349712331	5.34526834822328e-05	0.000886760221680064	AT2G02250	AtPP2-B2; PP2-B2	NA
10.9388097034211	5.94268757930994	1.47176445204751	4.03779801247577	5.39552789663078e-05	0.000894435549762717	AT3G59580	NLP9	NA
92.0283226053617	-1.19751486070414	0.296600779602112	-4.03746363145303	5.4032218035532e-05	0.000894533829358506	AT1G77990	AST56; SULTR2;2	cDNA encoding a sulfate transporter.
2624.28205207276	1.44107340145964	0.357125122655682	4.03520589854733	5.45544356862299e-05	0.000899706289859208	AT4G35480	ATL45; RHA3B	Encodes a putative RING-H2 finger protein RHA3b.
88.6288582205999	-1.18291002898058	0.293289996563261	-4.03324369341533	5.50121776885826e-05	0.000905921126112864	AT3G12970	NA	NA
38.5575297220659	-1.61077629632966	0.399463128397784	-4.03235288020289	5.52211847811988e-05	0.000908694823188632	AT4G15740	NA	NA
72.9981240557963	1.01114640663341	0.250868200013318	4.03058819961927	5.56374462230689e-05	0.00091487242702779	AT4G28330	NA	NA
510.147983298973	-1.78040158085893	0.442308697716553	-4.02524659824771	5.69156403323873e-05	0.000934518094489843	AT3G22970	NA	NA
216.451241953543	-1.37129464958662	0.340894903799434	-4.02263170937111	5.75514517325845e-05	0.000944265430771401	AT4G29920	AtHSPR; SMXL4	NA
983.674759305781	1.45150532330954	0.361100197692365	4.01967468471488	5.8278557385461e-05	0.000955495293707749	AT5G17000	NA	NA
10.4850092275734	-3.50623196133246	0.872639071953726	-4.01796352469351	5.87032811837146e-05	0.00096105167060707	AT5G38930	DEG8	NA
328.275559961729	1.23743704228405	0.308057287908391	4.0169055914432	5.8967333417327e-05	0.000964669393144233	AT5G36925	ARACIN1	NA
67.4699298770114	-1.3321877727174	0.331887929188836	-4.01396873930723	5.97062574599173e-05	0.000975332853444426	AT1G06160	ERF59; ORA59	encodes a member of the ERF (ethylene response factor) subfamily B-3 of ERF/AP2 transcription factor family. The protein contains one AP2 domain. There are 18 members in this subfamily including ATERF-1, ATERF-2, AND ATERF-5.
130.544284939259	1.62406453662716	0.404738502623382	4.01262673578251	6.00468219952947e-05	0.000980181213853222	AT1G05680	UGT74E2	Encodes a UDP-glucosyltransferase, UGT74E2,  that acts on IBA (indole-3-butyric acid) and affects auxin homeostasis. The transcript and protein levels of this enzyme are strongly induced by H2O2 and may allow integration of ROS (reactive oxygen species) and auxin signaling. This enzyme can also transfer glycosyl groups to several compounds related to the explosive TNT when this synthetic compound is taken up from the environment.
8104.15306584344	1.46135335461498	0.364480642754607	4.00941280055538	6.08699255532561e-05	0.000991449347411436	AT3G15353	ATMT3; MT3	metallothionein, binds to and detoxifies excess copper and other metals, limiting oxidative damage
241.573829302211	1.51810187899102	0.379050297892985	4.00501434091899	6.20137188141563e-05	0.00100861237949299	AT4G35180	LHT7	NA
154.799912025041	-1.7083908663107	0.426914067472371	-4.00172071261452	6.2883498552703e-05	0.00101979640375549	AT4G14620	NA	NA
20.5170065239155	-2.44819048010174	0.612090540029168	-3.99971951859455	6.34175995742358e-05	0.0010254877689997	AT1G07175	NA	NA
45.5672686799941	-1.16845182171823	0.292128651767169	-3.99978507636937	6.34000349565347e-05	0.0010254877689997	AT3G50870	AtGATA18; GATA18; HAN; MNP	Encodes a GATA factort transcriptional regulator required to position the proembryo boundary in the early embryo.
9.35961431985556	4.8093592712143	1.20285419983911	3.99828946172992	6.38018967834681e-05	0.00103095763373921	AT5G46610	NA	NA
35.454643096108	-2.09618033717141	0.52464354709122	-3.99543718548196	6.45749774719513e-05	0.00104269732910009	AT3G15250	NA	NA
71.7807899418434	1.10004786526953	0.275703071256114	3.98997319927439	6.60807615348708e-05	0.00106470844268703	AT3G06125	NA	NA
339.96432104525	-1.85234121672676	0.464371863296993	-3.98891785470232	6.63754001032666e-05	0.00106868688764397	AT5G10210	NA	NA
540.580759369495	1.059085142111	0.265563086190712	3.98807363366168	6.66119903138184e-05	0.00107095630658168	AT3G47950	AHA4; HA4	mutant has Slight reduction in root and shoot growth; Exaggerated defects in salt stress; Plasma Membrane H+ ATPase
20.7470614976534	-2.1772526810628	0.546695718567403	-3.98256764616378	6.81747113569651e-05	0.00109450955953447	AT1G24485	NA	NA
144.927064568026	1.34979485094076	0.339080993704118	3.98074464804297	6.86997179864529e-05	0.00110135925842849	AT3G61400	NA	1-aminocyclopropane-1-carboxylate oxidase-like protein
124.9967121327	1.30318037740985	0.327474026885933	3.97949232738319	6.90625888216153e-05	0.00110638464896201	AT4G37770	ACS8	Encodes an auxin inducible ACC synthase.
1143.63788665581	-1.08217579304883	0.272199559994958	-3.9756706185303	7.0181206184387e-05	0.00112109721376999	AT1G73805	SARD1	NA
393.594891045135	1.80778036084535	0.454805535962167	3.97484247200485	7.04258546022619e-05	0.00112420344951693	AT4G39795	NA	NA
1780.38356699101	-1.25950222953108	0.31768487253232	-3.96462764969378	7.3510601765473e-05	0.00117010905269334	AT1G80920	AtJ8; AtToc12; DJC22; J8; Toc12	A nuclear encoded soluble protein found in the chloroplast stroma.
5.62487505112589	-5.9102478374596	1.49152344951809	-3.96255777230267	7.41510559680348e-05	0.00117729565297963	AT1G31260	ZIP10	member of Fe(II) transporter isolog family
97.1301660599147	-1.25479637883471	0.317373404522045	-3.95369101807507	7.69547740130702e-05	0.00121457302240784	AT1G61795	NA	NA
2129.5201783507	-1.13969315357002	0.288278123221562	-3.95345002539123	7.70323587409489e-05	0.00121493382483491	AT1G31770	ABCG14; AtABCG14	NA
11.0627520835204	-3.31054410555248	0.839885821122765	-3.94165971408699	8.09197246564397e-05	0.00126999169825201	AT1G78460	cHBP3	NA
4773.19030598579	1.00169133398379	0.254395571880089	3.93753447271459	8.23231081832313e-05	0.00129020876897946	AT4G38080	NA	NA
2919.65187070014	1.02180579221816	0.259759052583409	3.93366768956033	8.36594260260352e-05	0.00130609423062838	AT1G72790	NA	NA
25.123519216166	-1.5836158345545	0.402796010516557	-3.93155789334563	8.43971661053844e-05	0.00131443597503212	AT2G38830	NA	NA
2436.51483809568	1.01945182282067	0.259462356236706	3.9290933667874	8.52667308612944e-05	0.00132705608364805	AT3G17860	JAI3; JAZ3; TIFY6B	JAZs are direct targets of the SCFCOI1 E3 ubiquitin-ligase and JA treatment  induces their proteasome-mediated degradation. Furthermore, JAI3 negatively  regulates the key transcriptional activator of JA responses, AtMYC2. The C-terminal portion of JAZ3, including the Jas domain, appears to be important for JAZ3-COI1 binding in the presence of coronatine.
143.266967845804	-1.00077768815925	0.254753004657017	-3.92842349202762	8.55045436036416e-05	0.00132983316565775	AT2G19060	NA	NA
1037.00178517615	1.13822389221296	0.290022250421918	3.92460885520715	8.6870771387084e-05	0.00134920790290231	AT5G13580	ABCG6; JAT3	NA
30.5189795205857	-1.94526014776328	0.496153817270455	-3.92067959582566	8.8299600457649e-05	0.00136855214660866	AT1G73120	NA	NA
387.95026858523	1.17629193393372	0.300188475584744	3.91851130074994	8.9097552867784e-05	0.00137710751830703	AT5G14130	NA	NA
133.688956155328	1.91659981858059	0.489202140426335	3.91780750777233	8.93580161528359e-05	0.00138018077914408	AT1G33090	NA	NA
228.351088252027	-1.1139369053307	0.285113630598282	-3.90699281192982	9.34519325886407e-05	0.00143352704264055	AT5G07390	ATRBOHA; RBOHA	NA
1339.14553302202	1.00902609735489	0.258294888714496	3.90648882901515	9.36469706110226e-05	0.00143553562888738	AT5G54170	NA	NA
40.3460554794944	1.8476645054484	0.473466521586479	3.90241848411435	9.52363161482846e-05	0.0014569074702575	AT4G03540	CASPL1C1	NA
27.7519295938262	1.60087686889748	0.410303843423725	3.90168626142807	9.55249164143186e-05	0.00145932880492161	AT4G01735	NA	NA
80.0584571634167	-1.05555317347114	0.270705290642997	-3.89927057193424	9.64829103740875e-05	0.00147195589968533	AT2G20210	NA	NA
112.106709747998	-1.12979206123103	0.289871591181548	-3.8975604909259	9.71665561076972e-05	0.00147986010580463	AT2G28990	NA	NA
61.069644756064	1.48093212896329	0.380145577907536	3.89569737234586	9.79165870641698e-05	0.00148875755864844	AT3G48510	AITR2; DIG1; SFL2	NA
195.15027194531	1.28387161587293	0.329667870611476	3.89443961733842	9.84260052392625e-05	0.00149245011058803	AT3G11580	NGAL2; SOD7	NA
1656.03178921058	-3.55240062172157	0.912239011352566	-3.89415556396176	9.85413988836806e-05	0.00149318888321983	AT2G22122	NA	NA
14.8512471156658	2.2517899920269	0.578399563618905	3.8931391613403	9.89553485858642e-05	0.0014975047751801	AT1G66725	NA	NA
2040.67036173987	1.59021653570698	0.408467582777058	3.8931278827454	9.89599512085441e-05	0.0014975047751801	AT4G38420	sks9	NA
80.797036097615	1.13441426294178	0.29141828481876	3.89273536369656	9.91202582160797e-05	0.00149891782782398	AT2G43670	NA	NA
2117.21070488827	1.0082974591852	0.259286800916953	3.88873423413539	0.00010076838841184	0.0015197365837519	AT4G15610	CASPL1D1	NA
1937.8056114572	-1.13546586091779	0.29200681650771	-3.88849094174421	0.000100869434224785	0.00152023677584003	AT4G04830	ATMSRB5; MSRB5	NA
197.474048608288	-1.11575810647124	0.287135612649352	-3.88582278657922	0.000101983884384066	0.0015329067615205	AT4G34138	UGT73B1	NA
925.81954344431	1.74892166617531	0.450214068115744	3.88464463914905	0.000102479669574471	0.0015393257409724	AT3G62740	BGLU7	NA
12.8893315421078	3.13930461198426	0.808268716635302	3.88398628744744	0.000102757705451937	0.00154143440810555	AT1G27461	AITRL; DRG; SDR4L; SFL1	NA
4304.12933340353	1.09520094966762	0.282209302027816	3.88081095058897	0.000104108744611289	0.00155752801891411	AT4G15910	ATDI21; DI21	encodes a gene whose transcript level in root and leaves increases to progressive drought stress. The transcript level is also affected by changes of endogenous or exogenous abscisic acid level. It appears to be a member of plant-specific gene family that includes late embryo-abundant and zinc- IAA-induced proteins in other plants.
313.274029028324	-1.58626111274799	0.40897302860234	-3.87864480493742	0.000105039994025539	0.00156936337971712	AT3G48100	ARR5; ATRR2; IBC6; RR5	Encodes a transcription repressor that mediates a negative feedback loop in cytokinin signalling. ARR5 expression is upregulated by Class I KNOX genes. Arr5 protein is stabilized by cytokinin in a two-component phosphorelay.
8.48596194529985	4.03838801637399	1.04127277813447	3.87831901608826	0.000105180732375564	0.00157041845485542	AT1G54870	ChlADR	NA
7.25601444936521	-5.28148701454959	1.36248615881292	-3.87636012328458	0.000106030718306358	0.00157994941263419	AT1G49100	NA	NA
10.1615029229965	6.82247611231161	1.7617966755088	3.87245373268815	0.000107745133692272	0.00160229748617007	AT4G30540	NA	NA
38.2618965404031	3.09192339468719	0.798559938667348	3.87187391324319	0.000108001819946822	0.0016039845885471	AT5G62040	BFT	NA
757.816473334351	1.22286869852819	0.315878588990308	3.8713250633322	0.000108245327465853	0.00160653568848591	AT2G26390	SERP4; SRP4	NA
84.318381362401	-1.20821301878925	0.31229736209161	-3.86879034359193	0.000109376638795747	0.00162225112746328	AT3G58980	NA	NA
35.3983638764643	-1.57385985002321	0.407117278525982	-3.86586355588139	0.000110696815397142	0.00163857625752438	AT1G08670	NA	NA
25.5309609476212	-1.94509702483165	0.503334878213544	-3.86441931410607	0.000111353790236449	0.00164721234222953	AT1G05880	ARI12; ATARI12	NA
390.067088704786	1.23124527845985	0.318695616435331	3.86338943795825	0.000111824517965796	0.00165308376525542	AT5G26340	ATSTP13; MSS1; STP13	Encodes a protein with high affinity, hexose-specific/H+ symporter activity. The activity of the transporter appears to be negatively regulated by phosphorylation. Importantly, microarray analysis, as well as the study of the expression of this gene in mutants involved in programmed cell death (PCD) demonstrated a tight correlation between this gene's expression and PCD.
10.2956169524234	3.86371160067124	1.00013849531376	3.86317656882023	0.000111922048331428	0.00165343416519173	AT4G31370	FLA5	fasciclin-like arabinogalactan-protein, putative (FLA5)
240.60134556958	1.33004973756992	0.344528565139249	3.86049190734693	0.000113158988721134	0.00166730836276218	AT1G55525	NA	NA
98.7525100751219	-2.06494489340126	0.53527619050291	-3.85771855733239	0.000114450325264965	0.00168301345018657	AT5G26220	AtGGCT2;1; GGCT2;1	NA
33.7580731494254	1.35374936695635	0.350999683776395	3.85683927800563	0.00011486263162864	0.00168575589643186	AT3G02410	ICME-LIKE2	NA
26.4068690788913	1.86405293996295	0.483358174327171	3.85646305156149	0.000115039477065308	0.00168724566362451	AT3G57260	AtBG2; AtPR2; BG2; BGL2; GNS2; PR-2; PR2	beta 1,3-glucanase
2375.26598995285	1.2164828539748	0.315526871838382	3.85540175037106	0.000115539727183246	0.00169347364528533	AT4G13180	NA	NA
1206.77442004711	-1.17507314849452	0.305594878320569	-3.84519909153014	0.000120454598533446	0.00175746005782088	AT1G48300	DGAT3	NA
1345.5823525635	1.01084647454969	0.263292910362977	3.8392468416872	0.00012341230715241	0.00179710145057567	AT5G37690	NA	NA
12.9028941303842	3.3328273566814	0.868186238443539	3.83883919037511	0.000123617356478193	0.00179891768400624	AT2G37810	NA	NA
56.6213115096111	1.52880233178586	0.398289845843465	3.83841653946333	0.000123830289711208	0.00180084621322871	AT1G28670	ARAB-1	Arabidopsis thaliana lipase
990.345641898622	-1.22459103534102	0.319436287975891	-3.83360025594039	0.000126281298145806	0.00183292025487587	AT4G00780	NA	NA
756.529973232249	1.0098623852024	0.263441736006554	3.83334243279235	0.00012641378541608	0.00183365488223998	AT3G11430	ATGPAT5; GPAT5	Encodes a protein with glycerol-3-phosphate acyltransferase activity, involved in the biosynthesis of suberin polyester.
62.3280035539696	-1.60963025121419	0.420010742413396	-3.83235495826893	0.000126922430564241	0.00183977947741273	AT1G74150	NA	NA
26.6595825003685	-1.65916736508548	0.433228660771883	-3.82977285512307	0.000128261596034994	0.00185684984149951	AT5G04230	ATPAL3; PAL3	Member of Phenylalanine ammonialyase (PAL) gene family. Differs significantly from PAL1 and PAL2 and other sequenced plant PAL genes.  Arabidopsis has four PALs: AT2G37040 (PAL1), AT3G53260 (PAL2), AT5G04230 (PAL3) and AT3G10340 (PAL4).
23.9384178077502	2.63397294578041	0.68872891972284	3.82439719075595	0.00013109243363869	0.00189163443221745	AT1G51913	NA	NA
522.09463953341	1.29868701652929	0.339592662167141	3.82424934697234	0.000131171114182608	0.00189163443221745	AT1G22810	AtERF019; ERF019; ERF19	encodes a member of the DREB subfamily A-5 of ERF/AP2 transcription factor family. The protein contains one AP2 domain. There are 16 members in this subfamily including RAP2.1, RAP2.9 and RAP2.10.
51.0691781474492	-1.45462705688665	0.380432386353035	-3.8236152048758	0.00013150910143688	0.00189406934776873	AT5G46260	NA	NA
627.573856124678	1.16220417834764	0.303989401506959	3.82317334942032	0.000131745088017745	0.00189624870902662	AT4G23920	ATUGE2; UGE2	Encodes a protein with UDP-D-glucose 4-epimerase activity. Involved in growth and cell wall carbohydrate biosynthesis.
104.847896458544	-1.16059272447043	0.303671888757621	-3.82186421409843	0.000132446616933457	0.00190389886575206	AT1G23205	NA	NA
77.5405827099399	1.61566269695855	0.423083746014784	3.81877751669073	0.000134114650262651	0.0019254049405656	AT5G37980	NA	NA
824.22970221481	-1.25080171553094	0.327790182075422	-3.81586082783632	0.000135708982397775	0.00194303620932718	AT5G59780	ATMYB59; ATMYB59-1; ATMYB59-2; ATMYB59-3; MYB59	Encodes a putative transcription factor (MYB59).
68.9264368410342	-2.57102995286882	0.673796261903104	-3.81573792886158	0.000135776552402082	0.00194303620932718	AT3G49110	ATPCA; ATPRX33; PRX33; PRXCA	Class III peroxidase Perx33. Expressed in roots. Located in the cell wall. Involved in cell elongation. Expression activated by light.  May play a role in generating H2O2 during defense response.
316.505197182549	1.41808108338781	0.372037512521831	3.81166155470571	0.000138035792122347	0.00197278844544466	AT4G22070	ATWRKY31; WRKY31	member of WRKY Transcription Factor; Group II-b
601.363739716253	1.28974867220633	0.338695311506694	3.80799092396304	0.000140100413873547	0.00199852794210953	AT4G26890	MAPKKK16	member of MEKK subfamily
46.3251672300969	1.29401224537866	0.340274673934583	3.80284618427828	0.00014304317523817	0.00203661471877562	AT5G43064	NA	NA
56.693182119707	1.07493080452207	0.282909280056133	3.79956007207961	0.000144953173878643	0.0020611881156737	AT1G32900	GBSS1	NA
54.9595949357575	1.76017320732916	0.464218052954005	3.79169486436056	0.000149622680841888	0.00212085415198413	AT5G12270	NA	NA
20.753051235474	2.03423547743645	0.537562304395257	3.78418549962298	0.000154212775983624	0.00218039730487957	AT4G24415	NA	NA
273.792590044148	-1.06324696560277	0.281056331527803	-3.78303865215573	0.000154925344884078	0.00218909023597717	AT3G59480	FRK4; FRK7	NA
71.2738376949499	-1.07245694560919	0.283752426577752	-3.77955162725392	0.000157111016388321	0.00221195813016066	AT1G72930	AtTN10; TIR; TN10	Toll/interleukin-1 receptor-like protein (TIR) mRNA,
12.1522668402335	-2.31465325217572	0.612421275098666	-3.77951150015619	0.000157136336179926	0.00221195813016066	AT3G55550	LecRK-S.4	NA
26.0867129108013	1.971923324421	0.52171792901672	3.77967329613815	0.000157034268026221	0.00221195813016066	AT2G23110	NA	NA
37.4483379966419	1.41900355575424	0.375614604916403	3.77781784089586	0.000158208526514926	0.00222425496536616	AT1G75960	NA	NA
426.608590182896	-1.20922038900538	0.320211580388479	-3.77631685755513	0.000159164492205775	0.00223629107116721	AT2G41310	ARR8; ATRR3; RR3	Encodes an A- type response Regulator that is primarily expressed in the root and is involved in cytokinin-mediated signalling.
938.854179978815	1.03460731375482	0.274241924000634	3.77260813613759	0.000161549912025343	0.00226129489357474	AT3G61060	AtPP2-A13; PP2-A13	NA
10.2820430283769	3.54054070523989	0.938479791288172	3.77263393213836	0.00016153320467665	0.00226129489357474	AT4G31380	FLP1	encodes a small protein with unknown function and is similar to flower promoting factor 1. This gene is not expressed in apical meristem after floral induction but is expressed in roots, flowers, and in low abundance, leaves.
13044.2963503893	1.17148739610702	0.310714745278949	3.77029868683992	0.000163052284554122	0.00227947500928471	AT3G62010	NA	NA
342.496168546452	-1.40590684924288	0.37299829454244	-3.76920449721496	0.000163768671431319	0.00228806186236794	AT2G41810	NA	NA
121.201843015194	-1.42037809704852	0.377116627297122	-3.76641599504292	0.000165607770421023	0.00230799727837538	AT3G46330	MEE39	NA
234.324584372157	-1.50389156765999	0.399593630393683	-3.76355240242028	0.000167516604103028	0.00232880314431497	AT3G45660	NA	NA
1597.18982310926	1.29161283093612	0.343353954630182	3.76175318070033	0.000168726509146121	0.00234271475439339	AT1G74710	ATICS1; EDS16; ICS1; SID2	Encodes a protein with isochorismate synthase activity. Mutants fail to accumulate salicylic acid.  Its function may be redundant with that of ICS2 (AT1G18870).
77.7392704487958	-1.94911951644915	0.518392903965148	-3.75992707759015	0.00016996289286432	0.00235550058699833	AT3G45210	NA	NA
20.9072267629745	1.98764575882179	0.530624876867367	3.74585860081832	0.00017977783663081	0.00247925149580273	AT2G22821	NA	NA
88.9251626862368	1.16201973261808	0.310422627771154	3.74334738727464	0.000181584908306351	0.0024964859462425	AT1G79360	ATOCT2; OCT2	NA
693.798415616458	1.35724316662899	0.362564214672383	3.74345594988024	0.000181506434654499	0.0024964859462425	AT4G21840	ATMSRB8; MSRB8	NA
9004.4144145218	1.18395661471489	0.316333219149331	3.74275145019146	0.000182016245329018	0.00250088087753908	AT5G62520	SRO5	Encodes a protein with similarity to RCD1 but without the WWE domain. The protein does have a PARP signature upstream of the C-terminal protein interaction domain. The PARP signature may bind NAD+ and attach the ADP-ribose-moiety from NAD+ to the target molecule. Its presence suggests a role for the protein in ADP ribosylation. Up-regulated by NaCl. SRO5 and P5CDH (an overlapping gene in the antisense orientation) generate 24-nt and 21-nt siRNAs, which together are components of a regulatory loop controlling reactive oxygen species (ROS) production and stress response.
55.5242820169018	1.30615504865086	0.349837193978095	3.73360829304115	0.000188755979528151	0.00258397244346728	AT3G54450	NA	NA
51.5608816139016	-1.27846670216711	0.342448680941144	-3.73330888194263	0.000188980602878917	0.00258546706296654	AT3G28380	ABCB17; PGP17	NA
196.856710050402	-1.35824033050969	0.364502871297403	-3.72628156720743	0.000194325321741891	0.00264726879910668	AT3G20640	PFA6	NA
270.952209943539	1.03161604768656	0.276951220848587	3.7249016073143	0.000195391417388589	0.00265533142222988	AT1G16120	WAKL1	wall-associated kinase like
123.707181187681	1.06606848436239	0.286409638038829	3.72218090027355	0.000197509433698562	0.00268056198420025	AT2G44280	NA	NA
297.584441042506	1.52613904856646	0.410458982842458	3.71812802828151	0.000200704551182665	0.00271599947328517	AT5G11210	ATGLR2.5; GLR2.5	member of Putative ligand-gated ion channel subunit family
1001.28140949516	-1.05907906790612	0.285343184102151	-3.71159756711405	0.000205955251347273	0.00277865892118887	AT4G40060	ATHB-16; ATHB16; HB16	Encodes a homeodomain leucine zipper class I (HD-Zip I) protein.
6034.33404264683	1.29642687730494	0.349604945870713	3.70826240480126	0.000208686341735907	0.00281211751475173	AT5G02230	NA	NA
1855.37568806799	1.51322175840477	0.408189550396395	3.7071545730048	0.000209601021030734	0.00282274471858347	AT1G28600	GGL2	NA
55.3617345568939	-1.24015919841207	0.334626384615081	-3.70610105906208	0.000210474344575711	0.0028311011538244	AT5G51310	NA	NA
33.9421795788154	1.31213333745517	0.35420706701462	3.70442450094031	0.000211871198118098	0.00284647111760823	AT3G13950	NA	NA
1005.85392539424	1.29101390693937	0.348505573343231	3.70442829523386	0.000211868027030251	0.00284647111760823	AT2G47950	NA	NA
10.3040501152154	3.018586608234	0.814940272230106	3.70405870355818	0.000212177123325772	0.00284870506328547	AT3G50310	AIK1; MAPKKK20; MKKK20	member of MEKK subfamily
123.555394080762	1.36269153102405	0.367920151609853	3.70376975836068	0.000212419068391085	0.00284870506328547	AT4G21920	NA	NA
500.07128626975	-1.00437669489214	0.271169727953756	-3.70386732498188	0.000212337343103171	0.00284870506328547	AT4G26010	PRX44	NA
167.982611721923	-1.61967282830049	0.43736303269449	-3.70326869722405	0.000212839240683369	0.00285263173808781	AT3G47500	CDF3	Dof-type zinc finger domain-containing protein, identical to H-protein promoter binding factor-2a GI:3386546 from (Arabidopsis thaliana). Interacts with LKP2 and FKF1, but its overexpression does not change flowering time under short or long day conditions.
563.415763723116	-1.21562268126678	0.328329574933252	-3.70244648692981	0.00021353040894975	0.00285847402201948	AT5G28770	AtbZIP63; bZIP63; BZO2H3	bZIP protein BZO2H3 mRNA, partial cds
180.088794167814	1.09118867139382	0.294740510954025	3.70220119338813	0.000213737015998131	0.00285953059157356	AT1G56320	NA	NA
915.784069590358	1.07756481479639	0.291312165102356	3.69900383122612	0.000216447334082062	0.00288544910363206	AT2G37440	NA	NA
116.41654682432	1.29420512396511	0.349979818798436	3.69794215108867	0.000217354405562028	0.00289581752942723	AT1G29670	GDSL1; GGL6	NA
120.499937107223	1.91669082014128	0.518379751380554	3.69746467726939	0.000217763509031971	0.00289782029012479	AT1G36622	NA	NA
23.3052297439088	-1.73348762230039	0.4690898121093	-3.69542799172215	0.000219516690497988	0.00291768296759225	AT1G26870	ANAC009; FEZ	NA
61.9575545219557	1.17912167804073	0.319143857669942	3.69464004931648	0.000220198500510634	0.00292327541045415	AT2G16630	FOCL1	NA
55.1703098519594	-1.78901881138392	0.484393501733648	-3.69331711713927	0.000221347712615351	0.00293331560457597	AT2G17050	NA	NA
35.9642263052166	-1.5850728128388	0.429359692457194	-3.69171312697647	0.000222748627754598	0.00294664989202126	AT1G16260	WAKL8	NA
1127.2778739306	1.06931690462126	0.290272244943605	3.68384137046588	0.000229745247694736	0.00303204158360124	AT3G05320	AtOFT1; OFT1	NA
268.15502820715	1.16139543334409	0.315309524208835	3.68335030874257	0.000230188480311776	0.00303610200533719	AT5G33290	XGD1	Acts as a xylogalacturonan xylosyltransferase within the XGA biosynthesis pathway. Involved in pectin biosynthesis.
48.8017696535005	1.76491719208805	0.479884175714288	3.67779827176223	0.000235255898079192	0.00309746683914261	AT4G05100	AtMYB74; MYB74	Member of the R2R3 factor gene family.
138.290702845376	-1.25539890797267	0.341685614571291	-3.67413450972411	0.000238656991487172	0.00313487506237343	AT1G62280	SLAH1	Encodes a protein with ten predicted transmembrane helices. The SLAH1 protein has similarity to the SLAC1 protein involved in ion homeostasis in guard cells. Although it is not expressed in guard cells, it can complement a slac1-2 mutant suggesting that it performs a similar function. SLAH1:GFP localizes to the plasma membrane.
570.381792318127	-1.6050699595714	0.43708557634005	-3.67220985192763	0.000240462093493409	0.00315673449348089	AT3G15356	NA	NA
51.4541276862658	1.7904452167976	0.4880976531815	3.66821107441757	0.000244253505477178	0.00319095598480388	AT3G21520	AtDMP1; DMP1	NA
12.1513591946258	2.54626373565977	0.694162542639088	3.6681088063025	0.000244351201729713	0.00319095598480388	AT2G38920	NA	NA
179.870027837754	-1.25532921959141	0.34245709803054	-3.66565396603187	0.000246707328796456	0.00321609856561434	AT4G15430	OSCA1.6	NA
28.3161786469935	2.51101229280781	0.685170454638748	3.66479943174392	0.000247532489001667	0.00322310326958218	AT3G61280	NA	NA
9.29894946941275	4.18170855218062	1.14171868099101	3.66264354065828	0.000249625791376986	0.00324657915705949	AT2G27220	BLH5	NA
75.5184580006742	1.09833985909043	0.300080136444871	3.66015515756142	0.000252062571804537	0.00326878596301935	AT4G24040	ATTRE1; TRE1	Encodes a trehalase, member of Glycoside Hydrolase Family 37.
44.4849238708521	1.59741533275202	0.437083202363591	3.65471682305283	0.000257465996872108	0.00333114296126385	AT1G73550	LTPG8	Encodes a Protease inhibitor/seed storage/LTP family protein
17.3226952971821	2.08598258180079	0.570836878680169	3.65425335977554	0.000257931472876776	0.00333523860655212	AT3G42550	NA	NA
330.680828962103	3.31016220392739	0.906041315078852	3.65343406402975	0.000258756257641374	0.00334397296372546	AT4G01985	NA	NA
704.89036794569	1.65163623519627	0.452979517266517	3.64616096807863	0.000266187270595344	0.00341634963452913	AT2G05580	NA	NA
96.5507263523335	1.33990337440606	0.367825951547151	3.64276465205935	0.000269725429692577	0.0034538426091452	AT3G45080	NA	NA
30.1236970895412	-2.99883995167709	0.82445398342332	-3.63736486447094	0.0002754416208617	0.00351498036513882	AT3G62950	GRXC11; ROXY4	NA
61.9998058573076	1.1028008901202	0.303174957135204	3.63750654256181	0.000275290201653056	0.00351498036513882	AT2G02700	NA	NA
1907.83430069157	-1.140758939674	0.314026273951561	-3.63268628869559	0.000280485943275772	0.00357527785179521	AT2G33850	E6L1	NA
6.9179927168994	4.33152569324799	1.19262562326764	3.63192405792872	0.000281315916249919	0.00358178013663058	AT3G51238	NA	NA
387.048734656472	1.00588829519992	0.277249489915143	3.62809791104678	0.000285516988292586	0.00362085983567427	AT1G49450	AIW2	NA
19.1909953493606	-2.2489014601632	0.620287401397544	-3.62557977978643	0.0002883138674118	0.00365146665557363	AT3G23880	NA	NA
300.059458898169	-1.29490396500375	0.35751002992057	-3.62200737498595	0.000292325785344102	0.00369465479038742	AT3G02885	GASA5	NA
45.5944407402204	1.13462472836886	0.313285101760458	3.62170024042959	0.000292673136907356	0.00369695858667634	AT2G47810	NF-YB5	NA
406.255517227087	1.37161086893888	0.379085849386458	3.61820645945714	0.000296651710962939	0.00374088497676013	AT5G20150	ATSPX1; SPX1	NA
29.1826455070049	-2.21992701846584	0.614222192103483	-3.61420842002372	0.000301266646710927	0.00379054371895389	AT5G42610	MCU5	NA
16.0669684455601	-2.09985382138391	0.581466899432283	-3.61130414032872	0.000304661123368138	0.00382037543054469	AT1G47620	CYP96A8	member of CYP96A
162.756559357959	1.54762041321859	0.428533920161726	3.61143036853309	0.000304512848372876	0.00382037543054469	AT2G30830	NA	encodes a protein whose sequence is similar to 2-oxoglutarate-dependent dioxygenase
1649.45878509936	1.18858491090612	0.329216631359263	3.610342849323	0.000305792531661548	0.00383241720150646	AT2G22760	NA	NA
35.9030787226091	1.97900584062075	0.549148844547306	3.60376947028297	0.000313635257788852	0.00391843705641267	AT5G50360	AITR5; DIG2; SLF4	NA
647.246585766232	1.07210758656399	0.29777377906287	3.60040964633637	0.000317716223039665	0.00396631690702138	AT3G26840	PES2	NA
22.4960641990486	1.45767902932524	0.405470058361937	3.59503494589499	0.000324348036450344	0.00403561034685662	AT3G20140	CYP705A23	member of CYP705A
135.85470552084	-1.0414671817391	0.290229010194276	-3.58843239358446	0.000332672232438695	0.00412543040847011	AT1G29660	GGL5	NA
235.905977126253	1.03941617950084	0.289714727707321	3.58772295673866	0.000333578455023286	0.00413209241078623	AT3G14070	ATCCX3; CAX9; CCX3	Involved in cation (K, Na and Mn) homeostasis and transport
152.154308033409	-1.77627040428392	0.495132609629808	-3.58746398386478	0.000333909837699011	0.00413391084859428	AT1G18970	GLP4	Encodes a germin-like protein with possible oxalate oxidase activity (based on GenBank record).
25.1064278201948	-1.76185026185077	0.491188842828419	-3.5869101824575	0.00033461951804027	0.00414040813592811	AT4G34930	NA	NA
105.010146569595	-3.78784058824613	1.05656436613383	-3.58505426612726	0.000337008124022015	0.00416306340077058	AT3G46880	NA	NA
1482.73147201836	1.28803734142291	0.359601619749315	3.58184521616122	0.000341175922344251	0.00420527020188324	AT1G52410	AtTSA1; TSA1	Contains a novel calcium-binding repeat sequence.  Binds TSK in vitro.  Localizes to small cytoplasmic vesicles in interphase cells.  In cells synchronized for cell division, TSA1 and TSK relocalize to ends of spindle microtubules that are ahead of separating chromatids during metaphase and anaphase of mitosis.  May be involved in mitosis together with TSK. Expressed preferentially in the flower and shoot apex.  Can form multimers.
422.394395404285	1.11147114062268	0.310455155708518	3.58013426475748	0.000343417704601581	0.00422592467706429	AT4G15233	ABCG42	NA
218.611739472074	-1.40411980749827	0.392243295424397	-3.57971652766952	0.000343967135685224	0.00423036132389142	AT3G57040	ARR9; ATRR4	response regulator ARR9, A two-component response regulator-like protein with a receiver domain with a conserved aspartate residue and a possible phosphorylation site and at the N-terminal half. Appears to interact with histidine kinase like genes ATHP3 and ATHP2
33.785176456278	1.20128879226198	0.335877713200811	3.57656594959538	0.00034813751668196	0.00427226730060777	AT4G31248	NA	NA
73.1396123563571	1.66554717386798	0.465744800601651	3.57609397188421	0.000348766325839243	0.00427763999643795	AT3G22275	JAZ13	NA
68.2898777926602	1.67285061192182	0.467966099274404	3.5747260635239	0.000350594777051797	0.0042953613932451	AT1G70380	NA	NA
299.437240973707	-1.49933106218746	0.419502062624467	-3.57407315903865	0.000351470656699337	0.00430138624450183	AT5G03680	PTL	Recessive mutations are defective in organ initiation and orientation in the second whorl. This gene encodes a trihelix transcription factor whose expression is limited to margins of floral and vegetative organs. Overexpression and double mutant analyses suggest that this gene is involved in limiting lateral growth of organs.
112.545229978131	1.56975951262378	0.440223409718029	3.5658247107514	0.00036271375681706	0.00442206711903912	AT1G78970	ATLUP1; LUP1	Lupeol synthase. Converts oxidosqualene to multiple triterpene alcohols and a triterpene diols. This conversion proceeds through the formation of a 17&#946;-dammarenyl cation.
80.7574942355561	1.3918338408895	0.390939172601751	3.56023120330118	0.000370528417955341	0.00451242765009669	AT1G56510	ADR2; WRR4; WRR4A	TIR-NB-LRR protein that confers resistance to four races of Albugo candida.
14.8918292835852	-2.04402532965338	0.574641122245479	-3.55704673843408	0.000375047448323619	0.00455705814041731	AT5G41280	NA	NA
5.0323998449946	5.80708249361774	1.63269985724157	3.55673608217787	0.000375491043657308	0.00455799317818378	AT1G60450	AtGolS7; GolS7	NA
9.53998100085057	-4.75461754481618	1.33705917432951	-3.55602626727457	0.000376506450739589	0.00456784315859362	AT1G07690	NA	NA
30.6469578493056	-3.91808178621247	1.1025076709284	-3.5537909526862	0.000379720915012175	0.00459936701601551	AT2G26695	NA	NA
476.290115884592	1.15077002943391	0.324186186152472	3.54971950869208	0.000385641806730115	0.00464845742923985	AT1G49960	NA	NA
336.282008594243	-1.2854558233879	0.362244767707178	-3.54858354897481	0.000387309104346652	0.0046635347854557	AT5G52710	NA	NA
49.029667990468	1.16600706954499	0.328600057805973	3.54840798668843	0.000387567384980584	0.00466413710587058	AT4G12410	SAUR35	NA
680.068854933723	-1.0117240448891	0.285241456230981	-3.54690393976195	0.000389786687637061	0.00468832580897939	AT5G24490	NA	NA
14.8299763931352	1.95811063459872	0.552214680022712	3.54592281849187	0.000391240779060935	0.00469824583798858	AT1G22290	NA	NA
1139.0840773012	-1.02833564704229	0.290262738795342	-3.54277525014104	0.000395939986494637	0.004744500769146	AT5G60530	NA	NA
27.7162337240569	1.62586411668086	0.459241432103391	3.54032542149816	0.000399633933378457	0.00478109058330338	AT5G39050	PMAT1	NA
51.5702915481615	1.1851711851236	0.3350181383808	3.53763289012273	0.000403730963938955	0.00482237795646764	AT4G24890	ATPAP24; PAP24	NA
123.956415110593	1.12783290539805	0.318854366418654	3.53714116593659	0.000404483409395728	0.0048287902115281	AT3G12720	ATMYB67; ATY53; MYB67	Member of the R2R3 factor gene family.
5.59636976210706	-4.89933304975582	1.38554132573829	-3.53604252629938	0.000406169303895055	0.00484375278489545	AT1G52130	NA	NA
5.66247451989258	4.97005343874013	1.40726703964647	3.53170599375986	0.000412888136097233	0.00491341269714858	AT1G51820	SIF4	NA
54.3976901244365	1.14190370896964	0.323877747272762	3.52572450125125	0.000422326054705158	0.00501240822531888	AT1G64000	ATWRKY56; WRKY56	member of WRKY Transcription Factor; Group II-c
1723.94851705521	-1.55899638696311	0.442729458040134	-3.52132969390482	0.000429388385971267	0.00506669246165042	AT4G24780	PLL19	NA
82.8751118392319	-1.43969438872395	0.4093827286895	-3.51674432708151	0.000436874375914685	0.0051360832141655	AT5G44582	PROSCOOP11	NA
11029.2342077966	1.06527710094684	0.303005729700679	3.51569952818769	0.000438597054750298	0.0051482283219013	AT4G25810	XTH23; XTR6	xyloglucan endotransglycosylase-related protein (XTR6)
1908.71819434499	1.00772552961489	0.286742329091466	3.51439403037505	0.000440758489497753	0.00516547730549014	AT5G58700	ATPLC4; PLC4	NA
66.032922627525	1.03444797317395	0.29456389742219	3.51179483374129	0.000445091459783032	0.00519451189854131	AT1G32740	NA	NA
44.0020107027701	1.61174142221694	0.459201183155723	3.50988081333051	0.000448307595337713	0.00522387976336287	AT1G31750	GPRP1	NA
32.629925053759	1.44893458350945	0.412975315739736	3.50852588105434	0.000450597390118667	0.00523931980417353	AT5G47590	NA	NA
1594.64423643546	-1.09128533937856	0.311642486565099	-3.501721961619	0.000462261745897946	0.00535305794267343	AT5G26920	CBP60G	Encodes a calmodulin-binding protein CBP60g (calmodulin binding protein 60-like.g).  The calmodulin-binding domain is located near the N-terminus; calmodulin binding is dependent on Ca(2+). Inducible by both bacterial pathogen and MAMP (microbe-associated molecular pattern) treatments. Bacterial growth is enhanced in cbp60g mutants.  cbp60g mutants also show defects in salicylic acid (SA) accumulation and SA signaling.
86.0570316940865	1.05411154382816	0.30124408947251	3.49919411090837	0.000466666714408952	0.00540127531571209	AT1G55265	NA	NA
1505.66706613446	1.04631980449163	0.299117947902566	3.49801746043156	0.000468730444720548	0.00542235900824453	AT2G40370	LAC5	putative laccase, a member of laccase family of genes (17 members in Arabidopsis).
64.850037016032	-2.31633997383136	0.662239464611212	-3.49773774837058	0.000469222283419803	0.00542524639105313	AT4G16008	NA	NA
12.5121950837327	-2.23067980964628	0.638040501213735	-3.49614139761173	0.0004720384938964	0.00544936809757926	AT2G05380	GRP3S	glycine-rich protein 3 short isoform (GRP3S) mRNA, complete
92.1596692134343	-1.30482256132584	0.373522557091545	-3.49328986041944	0.000477108323843769	0.00549656276790383	AT5G54400	NA	NA
239.584970147626	1.25100385109327	0.358803365804693	3.48660009999524	0.000489202268105583	0.00561279405558025	AT4G13420	ATHAK5; HAK5	Encodes a protein of the KUP/HAK/KT potassium channel class that is upregulated in the roots by K levels.
362.712682950355	1.19709760255892	0.343490967768942	3.48509193803367	0.000491967972660485	0.00563874857507893	AT3G01513	NA	NA
269.754913353188	1.16301109337755	0.333747710978363	3.48470133313649	0.000492686646966186	0.00564409726110214	AT5G23220	NIC3	NA
703.70701895002	1.09121877607504	0.3131657134589	3.48447716074208	0.0004930995439853	0.00564593935945541	AT4G32810	ATCCD8; CCD8; MAX4	Encodes a protein with similarity to carotenoid cleaving deoxygenases, the enzymes that cleave beta-carotene. Involved in the production of a graft transmissable signal to suppress axillary branching. Protein is localized to chloroplast stroma and expressed primarily in root tip.  Mutants in the gene exhibit increased shoot branching, and light-dependent defects in hook opening and hypocotyl/root elongation. Only upregulated by auxin in the root and hypocotyl, and this is not required for the inhibition of shoot branching.
64.9022754131109	-1.26854099597629	0.364568052343617	-3.47957257313553	0.000502214326089318	0.00574149670602163	AT1G17300	NA	NA
125.010335186531	-1.02732052758588	0.295362837569658	-3.47816447065248	0.000504860050186524	0.00576879881835581	AT2G46310	CRF5	CRF5 encodes one of the six cytokinin response factors. It is transcriptionally upregulated in response to cytokinin. CRF5 belongs to the AP2/ERF superfamily of the transcriptional factors.  CRF proteins rapidly relocalize to the nucleus in response to cytokinin.  Analysis of loos-of-function mutants revealed that the CRFs function redundantly to regulate the development of embryos, cotyledons and leaves.
87.4717582983517	2.63614215962369	0.758810509273827	3.47404540053938	0.00051267428023833	0.00584615742373607	AT4G01380	NA	NA
39.3445004168719	-1.28601722609786	0.37039503557761	-3.47201528792736	0.000516566918738431	0.00588156213119771	AT1G35625	NA	NA
3.40012488049697	-5.18276359311022	1.49303529862892	-3.47129341005509	0.000517957710086782	0.00589140724992563	AT1G33880	IAN2	NA
132.742465956447	1.3519722187488	0.38946845120991	3.47132666214377	0.000517893569019998	0.00589140724992563	AT5G14760	AO; FIN4	At5g14760 encodes for L-aspartate oxidase involved in the early steps of NAD biosynthesis. In contrary to the EC 1.4.3.16 (l-aspartate oxidase - deaminating) the enzyme catalyzes the reaction  L-aspartate + O2 = iminoaspartate (alpha-iminosuccinate) + H2O2
7.49023207220049	-2.96497551432655	0.854528489528814	-3.46972108087518	0.000520999094672823	0.00591698566140596	AT2G25410	ATL22	NA
36.1437176754633	1.36807870935852	0.394645917374778	3.46659790239085	0.000527089742837174	0.00597101764318733	AT2G21400	SRS3	A member of SHI gene family. Arabidopsis thaliana has ten members that encode proteins with a RING finger-like zinc finger motif. Despite being highly divergent in sequence, many of the SHI-related genes are partially redundant in function and synergistically promote gynoecium, stamen and leaf development in Arabidopsis.
239.047555930345	-1.00792756418721	0.291276938851238	-3.46037543570172	0.000539422736888403	0.00609839051759347	AT1G23390	KFB	NA
21.0389929297549	-2.1163937957066	0.611700434349271	-3.45985334791862	0.000540469652899825	0.00610714346435141	AT3G53280	CYP71B5	cytochrome P450 monooxygenase
567.426882250459	1.01163166276329	0.29253554948265	3.45814949517199	0.000543899486832613	0.00613661103632403	AT5G07070	CIPK2; SnRK3.2	Encodes CBL-interacting protein kinase 2 (CIPK2).
293.851954197962	1.05552265311638	0.30539775533812	3.45622269537562	0.000547802536688833	0.00617442657860247	AT1G05000	AtPFA-DSP1; PFA-DSP1	NA
42.5483781398252	1.17252954897705	0.339421755370227	3.45449144147553	0.000551331714753862	0.00620483672544095	AT4G26770	CDS3	NA
1602.53628525244	-1.04995988209356	0.304242804058863	-3.45105904917449	0.00055839138485268	0.00626853807276222	AT1G21100	IGMT1	NA
122.748575327967	1.27461071933669	0.369535723750818	3.4492219220358	0.000562204451608854	0.0062987148065192	AT5G52390	NA	NA
101.603412271024	-1.24646727537182	0.361442622022053	-3.44858962232675	0.000563522427074503	0.00631032413838029	AT3G01175	NA	NA
79.2965048216843	-1.87651877986252	0.545033204403671	-3.44294396139709	0.000575418534598822	0.00642426395856192	AT4G31330	NA	NA
855.248396738982	1.23773967341571	0.360313866936897	3.43517079688881	0.000592180472415291	0.00658013200700781	AT1G05100	MAPKKK18	member of MEKK subfamily
553.966455656284	1.06150430884214	0.309042211633511	3.43481980416633	0.000592947968297338	0.00658386846702388	AT2G35380	NA	NA
3.35982469636413	-5.16910415739128	1.50497561028013	-3.43467636424296	0.00059326188668168	0.00658408979887161	AT1G63570	NA	NA
30.6004840024012	1.39527746130612	0.406498741231733	3.43242750783996	0.00059820378025806	0.00663564728214933	AT1G22370	AtUGT85A5; UGT85A5	NA
149.819104636321	1.98960383183887	0.580081376002669	3.42987021157134	0.000603870022580969	0.00669187185834903	AT1G29395	COR413-TM1; COR413IM1; COR414-TM1; DEG25	Integral membrane protein in the inner  envelope of chloroplasts. Provide  freezing tolerance. Expression is induced by short-term cold-treatment, water deprivation, and abscisic acid treatment.
5.27479791602472	-4.81316205762089	1.40392711298247	-3.42835608281396	0.000607248403787691	0.00672598182553369	AT3G60270	NA	NA
5.00438049030464	-4.72887459585033	1.37957821563398	-3.42776838765694	0.000608564423525026	0.00673722631204473	AT1G51870	NA	NA
7482.83226954843	1.08889823833344	0.317914608897335	3.42512803079483	0.000614509762006706	0.00679419865469561	AT4G29670	ACHT2	Encodes a member of the thioredoxin family protein.  Located in the chloroplast.  Shows high activity towards the chloroplast 2-Cys peroxiredoxin A, and poor activity towards the chloroplast NADP-malate   dehydrogenase.
17250.183149832	1.1314069831429	0.330657502605315	3.42168852733819	0.000622335626468832	0.00686930935948545	AT5G09220	AAP2	member of AAAP family
7.63076788331341	3.05567276128728	0.893143238946548	3.42125722733054	0.000623323475225326	0.00687682391682088	AT1G61120	GES; TPS04; TPS4	Encodes a geranyllinalool synthase that produces a precursor to TMTT, a volatile plant defense C16-homoterpene. GES transcript levels rise in response to alamethicin, a fungal peptide mixture that damages membranes. This transcriptional response is blocked in JA biosynthetic and JA signaling mutants, but GES transcript levels still rise in response to alamethicin in mutants with salicylic acid and ethylene biosynthetic and/or signaling defects. GES transcripts also accumulate in response to a larval infestation. This enzyme does not localize to the plastids, and it may be present in the cytosol or endoplasmic reticulum.
7.67227873553472	-3.37529835275491	0.986631634669706	-3.42103195777303	0.000623840012010394	0.00687913387936228	AT1G24020	MLP423	NA
551.86238547888	1.06865251109377	0.312866106873489	3.41568641542207	0.000636214660363273	0.00699492564236419	AT1G78340	ATGSTU22; GSTU22	Encodes glutathione transferase belonging to the tau class of GSTs. Naming convention according to Wagner et al. (2002).
13.5850675679246	-2.26643330718315	0.663959027919339	-3.41351380413566	0.000641309095884726	0.00703367214076118	AT2G32550	NOT9c	NA
24.5576117023521	-2.33930950645363	0.68573128083776	-3.41140848000355	0.000646281929425007	0.00707781422562467	AT4G37580	COP3; HLS1; UNS2	involved in apical hook development. putative N-acetyltransferase
127.780057987939	-1.57870321656366	0.462820073972552	-3.41105173553315	0.000647128114681532	0.00708361742737418	AT1G22030	NA	NA
12.6581171544542	2.08654274438348	0.611914712308326	3.40985876367053	0.000649965291867934	0.00710772591634484	AT1G48820	NA	NA
659.185384818621	-1.07617121818814	0.315662382916478	-3.40924758992548	0.000651423288991256	0.00712019325536758	AT3G63210	MARD1	encodes a novel zinc-finger protein with a  proline-rich N-terminus, identical to senescence-associated protein SAG102
1748.87241990283	-1.02306927843893	0.300833872087682	-3.40077821469766	0.000671943204439801	0.0073123615192584	AT3G45650	AtNPF2.7; NAXT1; NPF2.7	Encodes a nitrate efflux transporter NAXT1 (for NITRATE EXCRETION TRANSPORTER1).  Localized to the plasma membrane.  NAXT1 belongs to a subclass of seven NAXT members from the large NITRATE TRANSPORTER1/PEPTIDE TRANSPORTER family and is mainly expressed in the cortex of mature roots.
4265.00303140594	1.03228087724532	0.303877476231174	3.39702991497802	0.000681215194295263	0.00740247233936765	AT1G06620	NA	encodes a protein whose sequence is similar to a 2-oxoglutarate-dependent dioxygenase
182.24057877774	-1.00616712159611	0.296742417380408	-3.39070878534447	0.000697121327747033	0.00755332813556969	AT3G07650	BBX7; COL9	This gene belongs to the CO (CONSTANS) gene family. This gene family is divided in three subgroups: groups III, to which COL9 belongs, is characterised by one B-box (supposed to regulate protein-protein interactions) and a second diverged zinc finger. COL9 downregulates expression of CO (CONSTANS) as well as FT and SOC1 which are known regulatory targets of CO.
47.9508749324694	-1.01204003060609	0.298518701124547	-3.39020646543631	0.000698400028450382	0.00756352371236691	AT2G40475	ASG8	NA
233.8309421707	-1.31832535499582	0.388908460048382	-3.38980888929958	0.000699413639392072	0.00757083995544942	AT4G00770	TRM9	NA
164.503849008859	-1.30519368494457	0.385074144990218	-3.3894607101646	0.000700302436553485	0.00757314020717134	AT3G54780	NA	NA
37.5303635475041	2.40799421968925	0.710658092385369	3.38840047765679	0.0007030153614848	0.00759148121302487	AT5G11930	ROXY20	NA
18.9554393813226	-1.5108106014385	0.445976345963192	-3.38764738335066	0.000704948309446081	0.00760868546426719	AT2G21188	NA	NA
99.0635026554543	1.0666278462398	0.314911730345266	3.38706927515963	0.000706435474412944	0.00762106401009262	AT4G29610	NA	NA
12.0783571539667	1.98751467643179	0.586856166286001	3.38671516226889	0.000707347857809899	0.00762356237897522	AT5G57123	NA	NA
535.788903574624	1.1729701124544	0.346778930898947	3.3824722552023	0.000718365338284568	0.00771261271151543	AT3G20810	JMJ30; JMJD5	NA
51.7323425895745	-1.34975322134858	0.39923298925465	-3.38086595466099	0.000722577836260615	0.00775038949625172	AT1G70080	TPS6	NA
3.37746308542518	-5.17514107919675	1.53156006326161	-3.37899975543615	0.000727500728686037	0.00778457062572981	AT3G46900	COPT2	encodes a member of copper transporter family and functionally complements a high affinity copper transporter mutant in yeast
13.6844657347647	2.49159669118887	0.737967821222528	3.3762944935204	0.000734692343841404	0.00785776969086537	AT2G46770	ANAC043; NST1	NAC transcription factor NST1. NST1 and NST2 are redundant in regulating secondary wall thickening  in anther walls and siliques. NST1 promoter  was detected in various tissues in which lignified secondary walls develop.
32.9704782420257	-1.32605223734191	0.393397114218056	-3.37077266054091	0.000749576876295065	0.00797886108436515	AT1G34050	NA	NA
143.217206821729	-3.32094020585455	0.985703309217779	-3.36910729100619	0.000754120679831024	0.00801960434259051	AT1G26240	EXT19	NA
174.392806507305	1.01969742700689	0.30298802023981	3.36547110410442	0.000764130703222414	0.00810296933208768	AT5G01790	NA	NA
7.08791088582117	-4.30703544291471	1.28294748679485	-3.35714087072641	0.000787529771497578	0.00830391561321081	AT5G52350	ATEXO70A3; EXO70A3; EXOCYST70A3	A member of EXO70 gene family, putative exocyst subunits, conserved in land plants. Arabidopsis thaliana contains 23 putative EXO70 genes, which can be classified into eight clusters on the phylogenetic tree.
52.2681227316099	1.15902700493625	0.34532630525112	3.35632411233026	0.000789859439462959	0.00831673343028323	AT5G02000	NA	NA
59.2189212151211	1.49513157161821	0.445781228592249	3.35395812053313	0.000796644190922366	0.00837997538983468	AT4G03140	NA	NA
61.6382698814383	1.24297437017199	0.371316570903604	3.34747885651101	0.000815502083832864	0.00853677644531957	AT4G33905	NA	NA
10.7600805726985	2.04105812358329	0.609850561639745	3.34681683016797	0.000817452055493306	0.00853901876624444	AT4G28088	NA	NA
12.8018826126738	2.12693765122074	0.635661787948982	3.34602093683104	0.000819802053365364	0.00855558564173844	AT1G49900	NA	NA
3391.77827232163	-1.34410830184858	0.401836502628099	-3.34491339900138	0.000823082660612258	0.00858582173594417	AT5G47450	ATTIP2;3; DELTA-TIP3; TIP2;3	Tonoplast intrinsic protein, transports ammonium (NH3) and methylammonium across the tonoplast membrane, gene expression shows diurnal regulation and is upregulated by ammonium (NH3).
96.3257959075406	1.93660844081578	0.579021066898319	3.34462518123864	0.000823938377407389	0.00859074669479325	AT4G23130	CRK5; RLK6	Encodes a receptor-like protein kinase. Naming convention from Chen et al 2003 (PMID 14756307)
76.9881592097382	1.025533677988	0.306683391107539	3.34394919230692	0.000825948623502933	0.00859723554376322	AT2G41312	NA	NA
22.6279185795578	-1.33274305228475	0.39876041823879	-3.34221500261006	0.000831126559481497	0.0086375454413678	AT2G03600	ATUPS3; UPS3	hypothetical protein, similar to ATUPS1, an allantoin transporter.
30.208228318492	-2.17416293811365	0.650681079728277	-3.34136492645763	0.000833675696318376	0.00866001896787864	AT2G43445	NA	NA
17.7299916075523	-1.74359286225412	0.521988052594718	-3.34029266299678	0.00083690145345407	0.00867742821831359	AT4G30120	ATHMA3; HMA3	encodes a protein similar to Zn-ATPase, a P1B-type ATPases transport zinc
22.3312739215077	1.97424245148685	0.591229649976716	3.3392142149241	0.000840157490871274	0.00869910641033428	AT4G27140	AT2S1; SESA1	NA
9.38799230078242	-2.77190067116839	0.832520950630472	-3.32952662520891	0.000869937463189827	0.00893917072877406	AT4G12480	EARLI1; pEARLI	a putative lipid transfer protein, vernalization-responsive and cold-induced
381.944700222085	-1.35385557126308	0.406658301366632	-3.32922152754109	0.000870891049597914	0.0089429050650137	AT5G48800	NA	NA
80.052027134854	1.43394731735581	0.430837921092586	3.3282755466821	0.000873853888646774	0.00896100352112324	AT1G23090	AST91; SULTR3;3	Encodes AST91 mRNA for sulfate transporter.
61.4986857646507	1.0886193866925	0.32706992573304	3.32839952879388	0.000873465041687386	0.00896100352112324	AT5G03890	NA	NA
63.0528426590376	-1.11308975442566	0.335232426333792	-3.32035228989858	0.000899039202344431	0.00917306695931931	AT3G51360	NA	NA
171.927877297586	-1.18556534446865	0.357324137661916	-3.3178988473216	0.000906973234224276	0.00922303867042952	AT1G76410	ATL8	NA
171.647047399176	1.11795991922894	0.33725877260758	3.31484311167125	0.000916945720665695	0.00929647639657262	AT2G23680	NA	NA
8.06815350980402	3.46668884807212	1.04637111723959	3.31305861845416	0.00092281636588393	0.00934753293999842	AT5G40790	AITR3; DIL2	NA
3333.84185966707	1.06646097749084	0.32224516010311	3.30947089212947	0.000934724846425047	0.00945105989188954	AT1G67560	ATLOX6; LOX6	NA
1274.43898212153	1.18690030830448	0.358987104315213	3.30624775663892	0.00094554441300615	0.00954322337705531	AT4G30650	NA	NA
3671.88921308821	1.02791106173785	0.311208307603672	3.30296793698357	0.000956673257045504	0.00963817105928525	AT4G19230	CYP707A1	Encodes a protein with ABA 8'-hydroxylase activity, involved in ABA catabolism. Member of the CYP707A gene family. CYP707A1 appears to play an important role in determining the ABA levels in dry seeds. Gene involved in postgermination growth. Overexpression of CYP707A1 leads to a decrease in ABA levels and a reduction in after-ripening period to break dormancy.
1052.84548555831	-4.23795939762943	1.28342330284822	-3.30207452850856	0.000959725661499367	0.00965589214507629	AT4G39675	NA	NA
1648.72331929617	1.15501764178913	0.349953959773474	3.30048456241722	0.000965180234503281	0.00969817710250733	AT1G05340	AthCYSTM1	NA
66.7486230447753	1.26786385017602	0.384470999476134	3.29768396550993	0.000974857905199172	0.00977172562725879	AT2G44290	LTPG13	NA
683.217813219469	-1.32858685042286	0.403144152596325	-3.29556274564943	0.000982247658349355	0.00982510877909431	AT4G29720	AtPAO5; PAO5	NA
2379.32524870939	2.76067646857848	0.838025314429887	3.29426381404312	0.000986798353236139	0.00986181879476866	AT4G33070	AtPDC1; PDC1	NA
2866.9962832833	1.10865631612607	0.337115395587228	3.28865525169765	0.00100667247172925	0.0100273407669992	AT5G41810	NA	NA
182.155403377987	-1.16957161029426	0.355984120140685	-3.28546006443222	0.00101815974524224	0.0101210411249202	AT1G19900	RUBY	NA
150.662133409013	1.15143729353282	0.350535684668218	3.28479337167243	0.00102057187328135	0.0101360211414675	AT5G24090	ATCHIA; CHIA; LYS1	Chitinase A (class III) expressed exclusively under environmental stress conditions.
8.26468319629326	3.26449222184953	0.994724459352226	3.2818055202698	0.00103144717665383	0.0102304211551546	AT3G22640	PAP85	NA
23.5067393492071	-1.30862400226977	0.398879640393251	-3.2807490524701	0.00103531814674371	0.0102642696832546	AT1G61390	NA	NA
163.907461970367	1.56041220732981	0.475759091647643	3.27983686433781	0.00103867127692978	0.0102929566009378	AT1G22160	NA	NA
34.1077283151389	2.01887772017001	0.61582187613005	3.2783468701324	0.0010441699968455	0.0103382985187232	AT3G22840	ELIP; ELIP1	Encodes an early light-inducible protein.
19.9260287113669	-1.41132937197955	0.431394296331497	-3.27155315677852	0.00106958479252406	0.0105294158300523	AT5G22560	NA	NA
19.0349749848929	-1.51900559433545	0.464392987423081	-3.27094860489695	0.00107187388427679	0.010547314372699	AT4G21250	NA	NA
18.8837941532645	-1.58369291399126	0.484199847078187	-3.27074228450868	0.00107265613806511	0.0105503763144955	AT3G60870	AHL18	Encodes an AT hook domain containing protein that, when overexpressed, delays flowering.
266.849282275439	-1.03165586768689	0.315900103011922	-3.26576616421031	0.00109168356780175	0.0107233970107404	AT4G19920	NA	NA
9743.23492074942	1.04052780511789	0.318982051954579	3.2620261821692	0.00110618926158569	0.010844686286334	AT5G56980	NA	NA
56.5039141883084	-1.18944569583502	0.364790609469781	-3.26062586305022	0.00111166617202519	0.0108767477451622	AT3G20898	SMR13	NA
119.051427864621	1.15409815550461	0.354073782716378	3.25948492048921	0.00111614713780274	0.0109110568739547	AT5G67020	NA	NA
98.9813943873028	1.11873067257424	0.343279781259933	3.25894717267701	0.00111826488703932	0.0109174631256028	AT1G33612	PNP-R1	NA
12.9242625363473	-3.57046985828217	1.09619533057203	-3.25714747974612	0.00112537945914785	0.0109773512051722	AT4G15690	GRXS5; ROXY12	NA
22.8830296504885	1.92205225533025	0.590553675718392	3.2546614039649	0.00113527629413118	0.0110450251448141	AT5G15780	NA	NA
6.51665726794965	4.26780150014585	1.31218768786595	3.25243220890656	0.00114421886449115	0.0110934743243047	AT4G11911	NA	NA
20.2300230576732	-1.84155961964557	0.566231710006421	-3.25230746901244	0.00114472118574863	0.0110935420493407	AT1G24145	NA	NA
46.0911915301829	1.32976575197914	0.408913218106625	3.25195100842252	0.00114615775828291	0.0111026596689031	AT5G61430	ANAC100; ATNAC5; NAC100; NAC5	NA
199.445043946816	-1.21032023377197	0.372831859867454	-3.24628971945224	0.00116919787078055	0.0113002929642402	AT1G51890	NA	NA
47.8212991410497	-1.24961450992603	0.385322111883719	-3.24303867176751	0.00118262158096413	0.0114163762617554	AT3G60470	NA	NA
115.953217044872	-1.89507395090357	0.584508459412472	-3.24216685043094	0.00118624550392239	0.0114365709452629	AT5G62920	ARR6	Encodes a Type-A response regulator that is responsive to cytokinin treatment.  Its C-ter domain is very short in comparison to other Arabidopsis ARRs (17 total). Arr6 protein is stabilized by cytokinin.
3118.77537079912	1.09120747491032	0.336827247667585	3.23966508786497	0.00119670168981804	0.011502717186766	AT2G32140	NA	NA
482.913492602914	1.17031868880496	0.36145910913284	3.23776233392656	0.00120471123826048	0.0115549091614911	AT4G34135	UGT73B2	The At4g34135 gene encodes a flavonol 7-O-glucosyltransferase (EC 2.4.1.237) that glucosylates also with a 20 fold lower activity flavonols (kaempferol and quercetin) at the 3-O-position.
5.53251250505127	4.0477353942017	1.25180929613216	3.23350801652327	0.00122279904229277	0.0116833649109167	AT1G80130	NA	NA
264.096204730174	-2.78004765670271	0.859742469651553	-3.23358186298444	0.00122248294641493	0.0116833649109167	AT4G29905	NA	NA
38.049905635984	-1.43605062237336	0.444439980582514	-3.23114635297026	0.00123294791740956	0.0117751139314792	AT2G43600	NA	NA
8.16305317337772	3.95682547309501	1.22569984476112	3.22821732417383	0.00124564301379643	0.0118661935078625	AT5G45120	NA	NA
5846.70483397401	1.105226524917	0.342449580856211	3.22741386382676	0.00124914643500761	0.0118945083156592	AT5G38700	NA	NA
2.86972457790101	5.00148722776037	1.55359379965228	3.21930174340281	0.00128503185913353	0.0121797779270008	AT2G47870	ROXY5	NA
10.2482464690332	2.94452571450511	0.914650835553616	3.21928937256463	0.00128508730315694	0.0121797779270008	AT4G24000	ATCSLG2; CSLG2	encodes a protein similar to cellulose synthase
19.2686464201495	2.10174083564519	0.65296380876408	3.21877079163596	0.00128741348333869	0.0121915062887329	AT5G39220	VTE7	NA
23.0591305027582	1.59946619380959	0.497224174302883	3.21679088924441	0.00129633045359853	0.0122500492990686	AT3G56080	NA	NA
12.3044426454571	1.92578661009063	0.600236603798178	3.2083791589927	0.0013348539105483	0.0125475834915668	AT1G48470	GLN1;5	Encodes cytosolic glutamine synthase isozyme.  Expression of mRNA is not detectable in roots.
7.0305821290691	-2.88388808460511	0.89921185116509	-3.20712864367669	0.00134067028839586	0.0125840954647585	AT4G28560	RIC7	encodes a member of a novel protein family that contains contain a CRIB (for Cdc42/Rac-interactive binding) motif required for their specific interaction with GTP-bound Rop1 (plant-specific Rho GTPase). Most similar to RIC6 and RIC8 (subfamily group II). Gene is  expressed in all tissues examined.
8.2844686839169	3.94677493910924	1.23228076572509	3.20282118238444	0.00136088453636962	0.0127577940881264	AT5G50270	NA	NA
71.8970041970469	1.0066776068222	0.314460576585934	3.2012839820864	0.00136816618459575	0.0128046175805292	AT3G04370	PDLP4	Encodes a plasmodesmal protein that may be involved in the intercellular movement of molecules through the plasmodesmata. The protein has two DUF26 domains and a single transmembrane domain.
40.3382051414108	1.83059603129773	0.572515017855898	3.19746377685151	0.00138641822870679	0.012948383090124	AT5G56840	NA	NA
43.1844364972546	-1.54862287588583	0.484638639485303	-3.19541767765464	0.00139628609868455	0.0130296764442247	AT2G20150	NA	NA
254.329169028336	1.21844199276977	0.381397740327239	3.19467543704991	0.00139988173531284	0.0130523527660559	AT3G22550	FLZ8	NA
53.5694259506523	1.62562137371435	0.508909954224594	3.19432025296351	0.00140160537243342	0.0130567619356184	AT1G54040	ESP; ESR; TASTY	Epithiospecifier protein, interacts with WRKY53. Involved in pathogen resistance and leaf senescence.
17.2735279421581	-2.04350104174177	0.639797188993849	-3.19398252586167	0.00140324610908735	0.0130593998833198	AT1G63410	NA	NA
128.816414943793	1.00489492030243	0.314674211663275	3.19344542087148	0.00140585910618018	0.0130699960738943	AT3G11370	NA	NA
30.1618503242473	-1.43890056050581	0.451050918383712	-3.19010670826687	0.00142220270408644	0.0131715632927254	AT3G45390	LecRK-I.2	NA
30.5166803388731	1.42171713398434	0.446202531648947	3.18625967613936	0.00144125172146704	0.0132996594783584	AT5G67370	CGLD27	NA
14621.6531668892	1.2452599583141	0.391026865538486	3.18458926498374	0.00144959595126683	0.0133601444134041	AT1G76680	ATOPR1; OPR1	Encodes a member of an alpha/beta barrel fold family of FMN-containing oxidoreductases.  One of the closely related 12-oxophytodienoic acid reductases. This enzyme is not expected to participate in jasmonic acid biosynthesis because during in vitro assays, it shows very little activity with the naturally occurring OPDA isomer.  Shows activity towards 2,4,6-trinitrotoluene.  Expressed predominately in root.  Up-regulated by senescence and jasmonic acid. Induced by salicylic acid. Independent of NPR1 for their induction by salicylic acid. Predicted to be a cytosolic protein.
1473.60263184483	-1.03246807645206	0.324458468620211	-3.18212707112477	0.00146197659650838	0.0134631693484382	AT1G10470	ARR4; ATRR1; IBC7; MEE7	Encodes a two-component response regulator. Acts redundantly with ARR3 in the control of circadian period in a cytokinin-independent manner.
1881.83602283476	-1.02394776284204	0.322147277348998	-3.17850820056054	0.00148035030480322	0.0135932453572665	AT5G14120	NA	NA
2961.30652934339	1.13526180142806	0.357612343569429	3.17455988822056	0.00150063920189826	0.0137275635261689	AT5G49480	ATCP1; CP1	AtCP1 encodes a novel Ca2+-binding protein, which shares sequence similarities with calmodulins. The expression of AtCP1 is induced by NaCl.
31.7689711698103	1.12285219879708	0.353713354261573	3.17446934154123	0.00150110747792407	0.0137275635261689	AT2G37820	NA	NA
24.9190233688691	2.31112407945552	0.728164825299262	3.17390239017065	0.00150404261556122	0.0137487911910649	AT1G55230	NA	NA
31.2943150158262	1.60426644084434	0.505678709686058	3.17250145223698	0.00151131803463861	0.0138040288351413	AT5G38800	AtbZIP43; bZIP43	NA
15.8506301024476	1.55026479630658	0.488816544179702	3.17146548079326	0.0015167189278808	0.0138477118258534	AT4G27530	NA	NA
42.1518244060036	1.13528407009556	0.358806716402797	3.1640546795704	0.00155587561433474	0.0141475396908814	AT2G36270	ABI5; AtABI5; DPBF1; GIA1	Encodes a member of the basic leucine zipper transcription factor family, involved in ABA signalling during seed maturation and germination. The Arabidopsis abscisic acid (ABA)-insensitive abi5 mutants have pleiotropic defects in ABA response, including decreased sensitivity to ABA inhibition of germination and altered expression of some ABA-regulated genes. Comparison of seed and ABA-inducible vegetative gene expression in wild-type and abi5-1 plants indicates that ABI5 regulates a subset of late embryogenesis-abundant genes during both developmental stages.
88.7951516185179	1.08682146233907	0.343565936793963	3.16335627588959	0.00155961338715111	0.0141757716796413	AT2G26370	NA	NA
14.6799504647366	-2.66603480106883	0.844414088021132	-3.15725997338181	0.00159259290058459	0.0144111962026232	AT2G34000	ATL99	NA
124.88954999257	-1.08800089696796	0.344780248059261	-3.1556358088731	0.00160148689978225	0.0144799760224155	AT1G72920	TN9	NA
26.2945537230204	-1.48669746442756	0.471647417979242	-3.15213739703541	0.0016207998765546	0.014619184065774	AT1G74890	ARR15	Encodes a nuclear response regulator that acts as a negative regulator in cytokinin-mediated signal transduction. Transcript accumulates in leaves and roots in response to cytokinin treatment.
97.6837792340036	1.00571164628983	0.319175135963718	3.150971153355	0.00162728561260798	0.0146658706559228	AT5G09640	SCPL19; SNG2	encodes a serine carboxypeptidase-like (SCPL) protein. Mutants accumulate sinapoylglucose instead of sinapoylcholine, and have increased levels of choline and decreased activity of the enzyme sinapoylglucose:choline sinapoyltransferase.
30.6116047290558	-1.39767243508212	0.443782981381875	-3.14945028024728	0.00163577940499418	0.0147246445153737	AT3G52070	NA	NA
14.286109603215	-2.89543501546536	0.919582258891043	-3.14864166578972	0.00164031196026078	0.0147535850048194	AT2G30540	ROXY7	NA
71.0820034916771	1.03326553773545	0.32873602117595	3.14314669271492	0.00167142054176279	0.0149972493803363	AT1G79160	NA	NA
23.9686639601216	2.8381767771138	0.903145069932336	3.14254804859471	0.00167484222046982	0.0150219328672976	AT4G08870	ARGAH2	Encodes one of the two arginase in the genome. Gene expression is enhanced by methyl jasmonate treatment.
5.72555816844879	-3.36625798181132	1.07387872994456	-3.13467236843876	0.00172046145010334	0.01535729559048	AT1G74110	CYP78A10	member of CYP78A
204.766374732919	1.0332409435364	0.330360552470503	3.1276159814167	0.00176230273115314	0.0156434926543423	AT5G24600	NA	NA
21.5578270643041	2.83379789077496	0.906323896816697	3.12669444194087	0.00176783559033995	0.0156863890179293	AT4G10265	WIP3	NA
74.6238209448282	1.41326327386082	0.452488332408428	3.12331428821279	0.00178826679042818	0.015842572404442	AT1G13510	NA	NA
22.1357561261304	-1.45797459228751	0.467565560530146	-3.11822494076423	0.0018194388287155	0.0160869135443791	AT2G20880	AtERF53; ERF53	NA
342.069471165669	-1.22577255582364	0.393548120083705	-3.11467008294418	0.00184150754459777	0.0162371665231542	AT5G01170	OPL1	NA
8.8357126445083	-2.68354806782353	0.861653555341617	-3.11441652063931	0.00184309102981699	0.0162447330593393	AT3G23480	NA	NA
416.339314927288	1.44018615721265	0.462685722781638	3.11266608477638	0.00185405659731487	0.0163156980563709	AT3G10040	HRA1	NA
12.0773531094377	2.21558055580489	0.712253029333962	3.11066498078178	0.00186666587927977	0.0164073190864794	AT1G20740	NA	NA
9.44432077225613	2.29626196242963	0.738905120473775	3.10765468908553	0.00188578266422886	0.0165428862311279	AT3G25795	NA	NA
25.6362425559709	-2.65726267005383	0.855878415506736	-3.10471980822248	0.00190459352265601	0.0166882928534444	AT5G10970	NA	NA
127.11250171363	1.12922853603474	0.363914700922405	3.10300334988533	0.00191567471953352	0.0167688029365465	AT4G25020	NA	NA
76.3753316507493	1.05243396967579	0.33930683407548	3.10171757236601	0.00192401425832303	0.016825546009138	AT1G64970	G-TMT; TMT1; VTE4	gamma-tocopherol methyltransferase (g-TMT) mRNA, nuclear; mutant has Deficient in alpha and beta tocopherol; Accumulates gamma tocopherol in leaves
258.570370498028	1.14405946205847	0.369725250705676	3.09435035847527	0.00197244407860683	0.0171552844988266	AT2G43530	NA	Encodes a defensin-like (DEFL) family protein.
43.5860900478681	1.53077567576691	0.494725938942202	3.0941892374593	0.0019735156343949	0.0171579410512066	AT1G66830	NA	NA
31.7021946812183	-1.11263885960099	0.359736259219362	-3.09292942005748	0.0019819126522375	0.0172220369534793	AT1G66450	NA	NA
60.4288822821021	-1.30115537202479	0.421005007923674	-3.09059357379587	0.00199756851626959	0.0173199939954989	AT2G24400	SAUR38	NA
22.8470508631014	1.40880421413057	0.455893477354221	3.0902048046543	0.00200018520801641	0.0173292641851975	AT2G22750	NA	NA
275.93298392318	-1.09968558303057	0.356246771536998	-3.08686469855169	0.00202279644543203	0.0174845809308745	AT5G64120	AtPRX71; PRX71	encodes a cell wall bound peroxidase that is induced by hypo-osmolarity
142.817995268736	1.58839966755979	0.515619680877902	3.08056446731311	0.00206608622295922	0.0177901065164916	AT4G19530	NA	Encodes a TIR-NB-LRR resistance protein.  Transient expression in tobacco induces cell death.
10.9729528522874	-2.13458732231916	0.693015574280175	-3.08014336407421	0.00206900976706094	0.0178084330296298	AT5G26620	NA	NA
30.9653000112031	-1.19817499035271	0.390330147347039	-3.06964501332105	0.00214313335382086	0.0183197002260198	AT3G47770	ABCA6; ATATH5; ATH5	member of ATH subfamily
9.80737617026744	-2.25035104624661	0.733872095410164	-3.06640770281486	0.00216647683175459	0.0184910118612713	AT1G28040	ATL20	NA
155.916482978804	1.01006946695636	0.32941892973146	3.06621561723777	0.00216786921389278	0.0184958472054639	AT3G22410	NA	NA
62.1645307151285	-1.14474174574375	0.373756708688688	-3.06279919298314	0.00219277150107066	0.0186727416494215	AT3G53800	Fes1B	Encodes one of the Arabidopsis orthologs of the human Hsp70-binding protein 1 (HspBP-1) and yeast Fes1p: Fes1A (AT3G09350), Fes1B (AT3G53800), Fes1C (AT5G02150).
63.7732069355922	1.3010120463926	0.424807273609046	3.0625936211957	0.0021942782424992	0.018675704865949	AT1G48500	AtJAZ4; JAZ4; TIFY6A	NA
1559.06696321173	-2.54740253303233	0.83179833463969	-3.06252420442245	0.0021947872480433	0.018675704865949	AT3G48360	ATBT2; BT2	encodes a protein (BT2) that is an essential component of the TAC1-mediated telomerase activation pathway. Acts redundantly with BT3 and BT1 during female gametophyte development and with BT3 during male gametophyte development. BT2 also mediates multiple responses to nutrients, stresses, and hormones.
60.1732512605384	1.08833593730134	0.35549117666203	3.06149915595806	0.00220231612901946	0.0187326517377591	AT3G22420	ATWNK2; WNK2; ZIK3	Encodes a member of the WNK family (9 members in all) of protein kinases, the structural design of which is clearly distinct from those of other known protein kinases, such as receptor-like kinases and mitogen-activated protein kinases.  Its transcription is under the control of circadian rhythms.
9.61939324618916	-2.06511065644983	0.675007596777331	-3.05938876289575	0.00221789134731124	0.0188371183004804	AT1G79130	SAUR40	NA
4233.89643748215	1.11353937607791	0.364116117153311	3.05819853508175	0.00222671997735966	0.0189043292695023	AT2G22860	ATPSK2; PSK2	Phytosulfokine 2 precursor, coding for a unique plant peptide growth factor.
17.516775543098	-2.35564461529856	0.771156957158379	-3.054688923483	0.00225294068451798	0.0190547052758552	AT5G42530	NA	NA
26.4845780460379	1.22495467929267	0.401449136598733	3.05133220529769	0.00227828348907365	0.0192254849364331	AT3G63160	OEP6; OEP7.2	NA
112.054040605917	1.22403432456909	0.401230742885123	3.05069924544527	0.00228309142227383	0.0192504023779785	AT4G22217	NA	Encodes a defensin-like (DEFL) family protein.
15.1323712011528	2.12802944101165	0.697843449826742	3.04943672042775	0.00229270927302752	0.0193108374872976	AT5G09210	NA	NA
6.26753961915583	2.75621122907214	0.904501315072435	3.04721638669084	0.00230971373464368	0.0194102622142889	AT5G50240	AtPIMT2; PIMT2	L-isoaspartyl methyltransferase 2 (PIMT2)gene,  alternatively spliced.
32.4672134003744	-1.10020813969352	0.361381794927234	-3.044448157426	0.00233107602672761	0.0195677581314061	AT2G28630	KCS12	Encodes KCS12, a member of the 3-ketoacyl-CoA synthase family involved in the biosynthesis of VLCFA (very long chain fatty acids).
24.3152979986959	1.60173958140598	0.526489045392065	3.04230372013382	0.00234774875155539	0.0196855788243484	AT5G61890	ERF114	encodes a member of the ERF (ethylene response factor) subfamily B-4 of ERF/AP2 transcription factor family. The protein contains one AP2 domain. There are 7 members in this subfamily.
5.60680784700744	3.98963299408206	1.31309230766788	3.0383492240297	0.00237878109368398	0.0199159556538865	AT5G65100	NA	NA
12.3699962994304	-2.37848970783849	0.783529465100884	-3.03560978084244	0.00240049817117022	0.0200154717205988	AT5G53980	ATHB52; HB52	Encodes a homeodomain leucine zipper class I (HD-Zip I) protein.
41.4321290322885	-1.97668707958705	0.651878267548594	-3.03229479795428	0.00242702049793455	0.0201765222983453	AT2G46660	CYP78A6; EOD3	member of CYP78A
439.459281949531	1.02391275654164	0.337743467822946	3.03162860007823	0.0024323828337376	0.0202061001277401	AT5G10625	NA	NA
15.3896145126275	1.48826677194257	0.491056179385471	3.03074644902147	0.00243950009726755	0.0202384773204365	AT2G29470	ATGSTU3; GST21; GSTU3	Encodes glutathione transferase belonging to the tau class of GSTs. Naming convention according to Wagner et al. (2002).
72.260446311576	1.03592895258161	0.341827902340765	3.03055703027103	0.00244103082589798	0.0202404022128142	AT3G01202	NA	NA
199.506951304531	-1.08362287988889	0.357979021387481	-3.02705693671352	0.00246947439024565	0.0204233192185899	AT2G12462	NA	NA
15.436923363556	-2.04538839592164	0.67594663046751	-3.02596137583669	0.00247843960396722	0.0204747817670416	AT3G52720	ACA1; ATACA1; CAH1	Encodes a putative alpha carbonic anhydrase (CAH1) located in the chloroplast stroma. Most chloroplast proteins are encoded by the nuclear genome and imported with the help of sorting signals that are intrinsic parts of the polypeptides. CAH1 takes an alternative route through the secretory pathway, and becomes N-glycosylated before entering the chloroplast.
126.045284671607	-1.07425750834533	0.355176468183431	-3.02457399230213	0.00248983559835401	0.0205386217534941	AT3G61390	PUB36	NA
173.455136858698	1.20365135893068	0.397947358790673	3.02464969886586	0.00248921250871961	0.0205386217534941	AT3G14020	NF-YA6	NA
32.3149700847574	2.27950461942897	0.754293891808317	3.02203775502433	0.00251079230038581	0.0206731367798495	AT1G03790	AtC3H2; AtTZF4; SOM; TZF4	Encodes SOMNUS (SOM), a nucleus-localized CCCH-type zinc finger protein.  SOM negatively regulates light-dependent seed germination downstream of PIL5 (AT2G20180).
2.69023977926042	4.90920530392096	1.62452613310376	3.02193064419446	0.00251168088846091	0.0206731367798495	AT4G32540	YUC; YUC1	Mutant has elevated levels of free IAA in dominant mutant allele; Flavin Monooxygenase-Like Enzyme; Auxin Biosynthesis
175.448975163896	-1.37047493278965	0.454543681111562	-3.01505661554512	0.00256931291016331	0.0210546402985794	AT5G24660	LSU2	NA
47.7552066621596	-1.10314611699368	0.366292394176168	-3.0116544447361	0.00259828189441037	0.0212353421103577	AT1G14200	SNIPER1; USR1	NA
30.8299594038738	1.48339274916414	0.492623109019497	3.0112122675622	0.00260206881784785	0.0212353421103577	AT4G23496	SP1L5	Belongs to a six-member gene family in Arabidopsis; all members share high sequence similarity in amino- and carboxy-terminal regions. Regulates cortical microtubule organization. Mutant plants exhibit altered patterns of root, leaf and petal growth as a result of defective anisotropic cell expansion.
39.8570483674164	1.03105141020584	0.342545017459192	3.00997345649223	0.00261270521546354	0.0212778712747351	AT1G76620	PDE339	NA
7.05181580850538	-2.88809022744999	0.959552396153336	-3.00983066586859	0.00261393376327679	0.021280138336004	AT5G07760	NA	NA
275.347909647319	-1.14040185153453	0.379037783227424	-3.00867592097087	0.00262388842676574	0.0213330026679998	AT1G69160	BGL1	NA
158.271278349944	1.26759717260342	0.421489141488504	3.00742545377766	0.00263470735503768	0.0213870626761232	AT5G03270	LOG6	NA
52.3837055774527	1.17531819337994	0.391559932406754	3.00163039194473	0.00268538005411058	0.0217353710487389	AT2G27300	ANAC040; NTL8	NA
11.9277983156539	2.16830108881684	0.722562467420559	3.00084931972366	0.00269227753414777	0.0217675984313262	AT1G76480	NA	NA
49.8996730191938	-1.99068733302865	0.665232044020218	-2.99247059867751	0.00276729320947492	0.022285616224164	AT2G01990	NA	NA
468.204961572634	1.0068496488693	0.336840845575999	2.98909607339213	0.00279804136079085	0.0224444607149971	AT3G18950	AIW1	NA
3.45587716595052	5.27309849218559	1.76554978491555	2.9866608901305	0.00282042385152108	0.0225957761076032	AT5G40420	OLE2; OLEO2	Encodes oleosin2, a protein found in oil bodies, involved in seed lipid accumulation. Suppression of OLEO1 (and OLEO2) resulted in an aberrant phenotype of embryo cells that contain unusually large oilbodies that are not normally observed in seeds. Changes in the size of oilbodies caused disruption of storage organelles, altering accumulation of lipids and proteins and causing delay in germination.  Functions in freezing tolerance of seeds.
15.2046588152459	1.46626507490134	0.491311608294369	2.98438923515691	0.00284145057777095	0.022741360833047	AT4G16050	NA	NA
102.591105255279	-1.50046322464474	0.503229479225987	-2.98166797969108	0.00286682723815813	0.0228978112788122	AT2G31160	LSH3; OBO1	NA
113.832477504721	1.01533697664468	0.341070855264178	2.9769092286066	0.00291170203507356	0.0231983204473524	AT4G38830	CRK26	Encodes a cysteine-rich receptor-like protein kinase.
15.9846010676817	1.51241357775918	0.508330012746893	2.97525926038964	0.002927410223429	0.0232852370609927	AT2G26750	NA	NA
4.19140306459271	4.52608055104363	1.52232871979388	2.97312958245737	0.00294779972100577	0.0234275807493418	AT1G09500	NA	similar to Eucalyptus gunnii alcohol dehydrogenase of unknown physiological function (GI:1143445), Vigna unguiculata (gi:1854445), NOT a cinnamyl-alcohol dehydrogenase
3324.45329814911	1.11003382742219	0.373824346505257	2.96939949952291	0.00298382397545393	0.0236634992047684	AT3G62150	ABCB21; PGP21	NA
354.38552297076	1.23931185153303	0.41746824695566	2.96863740073784	0.00299123337752846	0.0237138629108415	AT4G19810	ChiC	NA
5.10602115305494	-3.80605390648723	1.28229327391246	-2.96816179568222	0.00299586588563173	0.0237337857709969	AT5G54700	NA	NA
25.4332646839898	-1.27669038669244	0.430288084031588	-2.96705959117082	0.00300662679412019	0.0237937857530444	AT4G06536	NA	NA
2.54297110951066	4.82573617314982	1.62718315890784	2.96569943385405	0.00301995471552722	0.0238823819946849	AT5G53710	NA	NA
21.0294767968322	-1.87131836403319	0.632265640714035	-2.95970276341422	0.00307935987416313	0.0242620612755995	AT4G02810	FAF1	NA
920.243003834817	1.05016387908833	0.354959257923439	2.95854765200924	0.00309092449088528	0.0243319314228003	AT1G22830	NA	NA
34.4162436373706	1.67578402760851	0.566893522925881	2.95608250903867	0.00311573728596827	0.0244871688612935	AT3G60670	PLATZ10	NA
53.8512297860702	1.69971719311148	0.575209244826738	2.95495458113414	0.00312715084043935	0.0245480792928425	AT1G48800	NA	NA
46.808376723667	-1.61198138557504	0.545518150766668	-2.95495463039968	0.00312715034108779	0.0245480792928425	AT3G59930	DEFL206	Encodes a defensin-like (DEFL) family protein.
4.77793226158193	3.75353753662682	1.27121273715714	2.95272178047947	0.00314985713610864	0.024674431766453	AT5G64190	NA	NA
65.480112645151	-1.67128876296312	0.566128858098006	-2.95213490543137	0.00315585020807547	0.0246919299809681	AT1G64625	FST; LHL3; LL1	NA
21.4630212718148	1.19805759752523	0.405955289345316	2.95120578292584	0.00316535951136167	0.0247353076121619	AT1G12130	FMOGS-OX6	NA
8.56050724527059	-2.1882292753221	0.742115790960004	-2.94863591635936	0.00319179754163093	0.0248724765979006	AT1G19390	NA	NA
6.03702067632315	2.6935121422938	0.914238495203911	2.94618106372018	0.00321724012262911	0.0250533066016695	AT2G04050	NA	NA
73.1093959597987	1.58330907348749	0.537652976437026	2.94485317272849	0.00323107954075725	0.0251086944464953	AT4G17098	NA	NA
10.2553865477093	-2.5354894060388	0.862183026667883	-2.94077861383774	0.00327388428860862	0.025371933413132	AT4G15370	BARS1; PEN2	Encodes an oxidosqualene cyclase that primarily produces the tetracyclic triterpene baruol in vitro and when expressed in yeast. It can also make 22 other minor triterpenoid products with varying numbers of rings.
63.5499495391557	-1.00353017814513	0.341874751846957	-2.93537376692378	0.00333146130652654	0.0257280715244719	AT2G01505	CLE16	Member of a large family of putative ligands homologous to the Clavata3 gene.  Consists of a single exon.
125.587921599025	1.1055732426243	0.376925240006539	2.93313666817621	0.00335556146694187	0.0258784967677789	AT2G03980	NA	NA
8.28069641626167	2.41869091975941	0.825430049294186	2.93021912859557	0.00338723050929262	0.0260420235105106	AT3G19530	NA	NA
25.0368118577781	-1.25293885287437	0.42768908236922	-2.92955538152531	0.00339447318188967	0.0260798015031221	AT3G22961	NA	NA
49.8995818571478	1.1250189375333	0.384190905420997	2.92828102294745	0.00340841825825565	0.0261600189554125	AT5G06250	DPA4; NGAL3	NA
1547.58362162807	-1.15792306227231	0.395766398239981	-2.92577406121825	0.00343600381544328	0.0263086295557838	AT5G65660	NA	NA
12.5311268633693	2.17879499683652	0.744934248224653	2.92481517936526	0.00344660857057945	0.0263702171978877	AT5G61270	PIF7	Basic helix-loop-helix (bHLH) phytochrome interacting  factor. Interacts specifically with the far-red lightabsorbing Pfr form of phyB through a conserved  domain called the active phyB binding motif. Upon light exposure, PIF7 rapidly migrates to intranuclear  speckles, where it colocalizes with phyB. Role as negative regulator of phyB-mediated seedling deetiolation.
26.6542676956355	-1.28413413591564	0.439304812974551	-2.92310509238611	0.00346559524985217	0.0264899219166175	AT1G21360	GLTP2	NA
98.2549513111025	1.34198680949614	0.46001338943505	2.91727771477316	0.00353101228825099	0.0268981466692752	AT3G59740	LecRK-V.7	NA
7.49244129448167	-2.174120648582	0.745456921509822	-2.91649401306599	0.00353989516746556	0.0269474820430179	AT3G54510	OSCA2.5	NA
60.9342820183551	-1.12158231523075	0.384601585967169	-2.91621864327541	0.00354302117437411	0.0269621142444046	AT3G47050	NA	NA
18.8632074929157	1.74602638803194	0.598902766672141	2.91537539179172	0.00355260942043176	0.0270258969361378	AT1G75600	HTR14	NA
15.2176182522233	-1.45326983718412	0.499051719729183	-2.9120625773472	0.00359050696429201	0.0272494049380833	AT5G18740	NA	NA
6.02535446185224	-2.96329872090191	1.01810566268336	-2.91060037235401	0.00360735079870813	0.027340178845302	AT1G23510	NA	NA
2.58104970241209	4.84338513578263	1.66487128205688	2.90916492342809	0.00362395629422578	0.0274289034016494	AT1G75830	LCR67; PDF1.1; PR12	Predicted to encode a PR (pathogenesis-related) protein.  Belongs to the plant defensin (PDF) family with the following members: At1g75830/PDF1.1, At5g44420/PDF1.2a, At2g26020/PDF1.2b, At5g44430/PDF1.2c, At2g26010/PDF1.3, At1g19610/PDF1.4, At1g55010/PDF1.5, At2g02120/PDF2.1, At2g02100/PDF2.2, At2g02130/PDF2.3, At1g61070/PDF2.4, At5g63660/PDF2.5, At2g02140/PDF2.6, At5g38330/PDF3.1 and At4g30070/PDF3.2.
122.762200274443	-1.30283693865979	0.447930995095193	-2.90856616962377	0.00363090329398744	0.0274629213685048	AT1G13080	CYP71B2	cytochrome P450 monooxygenase
37.9511528952632	-1.26001606112781	0.434035380641307	-2.9030261525364	0.00369575773344018	0.0278781374867384	AT1G34760	GF14; GRF11; RHS5	Encodes a 14-3-3 protein. Binds H+-ATPase in response to blue light.
10.2003443448344	-1.9962681006839	0.687713971430906	-2.90275926273582	0.00369890851795663	0.0278831219010961	ATCG00020	PSBA	Encodes chlorophyll binding protein D1, a part of the photosystem II reaction center core
31.7663940938865	-1.02036263432938	0.351559097297308	-2.90239291821391	0.00370323739824956	0.027906360959353	AT4G21340	B70	NA
19.7292377446724	-1.42055193916564	0.489896305836847	-2.89969922663334	0.0037352088892316	0.0280905769923542	AT1G70860	NA	NA
86.1229227684495	-1.60157564331141	0.552846626591433	-2.89696195341898	0.00376795448195771	0.0282865191338672	AT5G05340	PRX52	NA
3.8691084722034	-4.33035643611959	1.49488465393495	-2.89678298905598	0.00377010446573467	0.0282865191338672	AT3G43860	AtGH9A4; GH9A4	NA
23.0268794265234	-1.26635145269833	0.437771101577371	-2.89272509796885	0.00381915405956613	0.0285207650276902	AT3G61198	NA	NA
6.1626244321244	4.23724880683112	1.46624546862626	2.88986318968886	0.00385409517253727	0.0287271059350761	AT3G19920	LDPS	NA
8702.85558986497	2.07026452614468	0.716490954978914	2.88944963192956	0.00385916825595591	0.0287375006587874	AT1G64370	AtPARCL; PARCL	NA
119.964138020605	-1.720990702478	0.595737811432729	-2.88883913266991	0.00386666829488759	0.0287700674858147	AT1G14630	NA	NA
13.871648434422	-1.52586771277031	0.52850495193327	-2.88713985969041	0.00388761379109196	0.028868368191411	AT1G80590	ATWRKY66; WRKY66	member of WRKY Transcription Factor; Group III
22.0203328149759	1.44619222235608	0.50119866285276	2.88546704040378	0.00390833383169139	0.0289933900280094	AT3G56380	ARR17; RR17	response regulator 17
4.71002881923581	3.11898393383123	1.08104775868126	2.88514906837786	0.00391228365483419	0.0290123709519712	AT3G57270	BG1; GNS1	encodes a member of glycosyl hydrolase family 17
22.212475407598	1.20599280327064	0.418606408418616	2.88097071381818	0.00396452475792751	0.0292902261370573	AT2G40100	LHCB4.3; LHCB8	Lhcb4:3 protein (Lhcb4.3, light harvesting complex of photosystem II
42.9440446538468	1.01867099470475	0.354254091425276	2.87553769839697	0.00403339977765197	0.0296754341065353	AT5G60910	AGL8; FUL	MADS box gene negatively regulated  by APETALA1
29.6836283478146	1.26138173420933	0.439120790602316	2.87251654033318	0.00407216761500509	0.029901726526444	AT5G37485	NA	NA
25.6836382626493	-1.84380844809141	0.642449732006211	-2.86996531593788	0.00410516825833589	0.0301045672277965	AT2G18560	NA	NA
29.4375088713218	1.35159387227174	0.471004464574231	2.86959885506293	0.00410992839244084	0.0301296092560082	AT2G03370	NA	NA
13.6100506592659	1.49034742265058	0.519728203950644	2.86755156122354	0.00413661394107236	0.0302657973943994	AT4G15236	ABCG43	NA
11.3278086605942	1.73541625742597	0.605499182420444	2.8660918260678	0.00415573683543091	0.0303785002534316	AT5G55930	ATOPT1; OPT1	oligopeptide transporter
1236.2480747873	-1.09669546694819	0.382945492410491	-2.8638422143186	0.00418536439747671	0.0305227681686383	AT2G39700	ATEXP4; ATEXPA4; ATHEXP; EXPA4; XPA4	putative expansin. Naming convention from the Expansin Working Group (Kende et al, 2004. Plant Mol Bio).  Involved in the formation of nematode-induced syncytia in roots of Arabidopsis thaliana.
704.951902127452	1.19760931511949	0.418226378930086	2.86354322791219	0.00418931646467169	0.0305317056761429	AT1G74430	ATMYB95; ATMYBCP66; MYB95	Encodes a putative transcription factor (MYB95).
19.0911785915236	-1.2789483108626	0.446625288218949	-2.86358239132134	0.00418879860162678	0.0305317056761429	AT4G40065	NA	NA
25.1233586057592	-1.20442320167376	0.420822636579561	-2.86206847488836	0.00420885964593899	0.0306342608483749	AT4G19100	PAM68	NA
15.1570563865525	-1.54751515600469	0.541353352517083	-2.8586045487838	0.00425508866385456	0.0309029895409784	AT4G05380	NA	NA
21.829078901479	1.58364944214962	0.554943520119977	2.85371282794192	0.00432115728975522	0.0312990422578777	AT3G03505	NA	NA
165.742821097011	-1.05761943868238	0.370699714795958	-2.85303547984793	0.00433037864544714	0.0313455591930944	AT2G38230	ATPDX1.1; PDX1.1	Encodes a protein predicted to function in tandem with PDX2 to form glutamine amidotransferase complex with involved in vitamin B6 biosynthesis.
10.0175975749559	-1.9762807118561	0.692922530657128	-2.8520947500176	0.00434321525272068	0.0314079789745769	AT5G65158	PLAT3	NA
18.700715457157	-1.47264116783597	0.51759153435439	-2.84518016638901	0.00443863095568579	0.0320131754593566	AT1G53635	NA	NA
4.95772198093735	3.86071899808659	1.3580642654185	2.84281023836296	0.00447176862945637	0.0321507962200016	AT5G62800	NA	NA
51.2467289581377	1.16110402646067	0.408612935720027	2.84157432366808	0.00448913867557384	0.0322446278954945	AT5G49620	AtMYB78; MYB78	Member of the R2R3 factor gene family.
1202.43483369437	-1.23485147773244	0.43469026835859	-2.84076172764413	0.0045005925157173	0.0323061762762835	AT4G14630	GLP9	germin-like protein with N-terminal signal sequence that may target it to the vacuole, plasma membrane and/or outside the cell.
200.680310074484	-1.06938149377619	0.377117632105884	-2.8356708961196	0.00457295419085182	0.0327416502743981	AT5G40590	NA	NA
37.9501469853581	-1.37562463304305	0.486702469226894	-2.82641802748232	0.00470717901741839	0.0334566744760718	AT5G28650	ATWRKY74; WRKY74	member of WRKY Transcription Factor; Group II-d
24.7570976827196	-2.71214226270386	0.960362191839114	-2.82408271145082	0.00474161468636584	0.0336587012728524	AT5G33355	DEFL207	Encodes a defensin-like (DEFL) family protein.
25.1683206528687	1.23753410770935	0.439071720891096	2.81852382840273	0.0048245029943268	0.0341388843794449	AT2G25770	NA	NA
42.9128343305793	1.07672478644988	0.382588720810547	2.8143139823065	0.00488814587136831	0.034523782697939	AT1G53100	NA	NA
23.8389540607005	-2.03223862716059	0.722303951208539	-2.81355047796749	0.00489976927157268	0.0345622779861864	AT3G55515	DVL8; RTFL7	NA
2.8732216856602	-4.95226400748568	1.76347140779215	-2.80824740656604	0.0049811942220936	0.0350483273006623	AT5G19700	ELS1	NA
15.6184629690905	-1.6804317577209	0.599118280404144	-2.80484140224755	0.00503413433626999	0.0353098880661142	AT3G21351	NA	NA
42.9993573438762	-1.01392056166512	0.361642344896912	-2.80365553418292	0.0050526855393529	0.0354178232674014	AT1G51355	SMR9	NA
50.7124743101806	1.00058913535915	0.357161012236503	2.80150716645575	0.00508645113787881	0.0355987999012293	AT4G25380	AtSAP10; SAP10	NA
31.1633575541146	-1.20181349525158	0.429079778617495	-2.80090919018335	0.00509588566629444	0.0356425532112212	AT3G15358	NA	NA
61.2309601267191	-1.24715458995541	0.445407485222979	-2.80003060418049	0.00510977618979606	0.035728550592155	AT2G22990	SCPL8; SNG1	sinapoylglucose:malate sinapoyltransferase. Catalyzes the formation of sinapoylmalate from sinapoylglucose. Mutants accumulate excess sinapoylglucose.
16.9176046762008	1.35938612631894	0.485854678481549	2.79792741847719	0.00514316686347551	0.0358947850029285	AT5G66110	AtHMP55; HIPP27	NA
16.4961574317816	1.43549574442117	0.513338129356189	2.79639415490433	0.00516763346242738	0.036020640841744	AT2G38340	DREB19	encodes a member of the DREB subfamily A-2 of ERF/AP2 transcription factor family. The protein contains one AP2 domain. There are eight members in this subfamily including DREB2A AND DREB2B that are involved in response to drought.
181.314523268061	1.12683441490403	0.403634499068804	2.79171977990897	0.00524287386971945	0.0364253117006384	AT5G24860	ATFPF1; FPF1	encodes a small protein of 12.6 kDa that regulates flowering and is involved in gibberellin signalling pathway. It is expressed in apical meristems immediately after the photoperiodic induction of flowering. Genetic interactions with flowering time and floral organ identity genes suggest that this gene may be involved in modulating the competence to flower. There are two other genes similar to FPF1, FLP1 (At4g31380) and FLP2 (no locus name yet, on BAC F8F16 on chr 4). This is so far a plant-specific gene and is only found in long-day mustard, arabidopsis, and rice.
442.303121614117	1.12202613576488	0.402065635400407	2.79065415438323	0.00526016448490893	0.0364979132030704	AT3G27220	HUP6	NA
13.3469981698304	-1.67362596444471	0.600041322193186	-2.78918451537222	0.00528409504696492	0.0366385735826088	AT1G71030	ATMYBL2; MYBL2	Encodes a putative myb family transcription factor.  In contrast to most other myb-like proteins its myb domain consists of a single repeat.  A proline-rich region potentially involved in transactivation is found in the C-terminal part of the protein.   Its transcript accumulates mainly in leaves.
14.2566159148696	1.51006464601094	0.543469552010353	2.77856347319743	0.00545998448220323	0.0375558392086682	AT4G22940	NA	NA
70.4416784132393	1.68440506779625	0.606428016610325	2.77758451400607	0.00547645960141533	0.0376575957117893	AT2G24010	scpl23	NA
13.7972827736282	-2.57442503750355	0.928526220911608	-2.77259271684975	0.0055611674676034	0.0381113545301242	AT3G13404	NA	NA
37.4614802748043	1.04284588134465	0.376199279210183	2.77205709573412	0.00557032652319061	0.0381507745606657	AT4G09750	NA	NA
4.68493274198332	-4.64294339287231	1.6756010463883	-2.77091220662581	0.00558994964370378	0.0382276436300575	AT2G21210	SAUR6	Putative auxin-regulated protein whose expression is downregulated in response to chitin oligomers.
2.23736515367922	-4.58280733284818	1.65427826057075	-2.77027598202678	0.00560088131922768	0.0382789606768483	AT1G30560	AtG3Pp3; G3Pp3	NA
18.7334795654488	1.20935819580521	0.436666959898976	2.7695207260128	0.00561388324058529	0.0383318686146793	AT4G38300	NA	NA
39.6164904559364	1.00124378161617	0.362971370324733	2.75846489137809	0.00580735429817486	0.0392935066048109	AT2G27505	NA	NA
330.079058193456	1.12046729634923	0.406189413889844	2.75848473159148	0.0058070017867117	0.0392935066048109	AT2G47520	AtERF71; ERF71; HRE2	encodes a member of the ERF (ethylene response factor) subfamily B-2 of ERF/AP2 transcription factor family. The protein contains one AP2 domain. There are 5 members in this subfamily including RAP2.2 AND RAP2.12.
2.21913973206981	4.62726054802478	1.67970882479534	2.75479921264841	0.00587281637507773	0.039616745643446	AT5G40382	NA	NA
50.4700575323726	-1.23942120428428	0.450327045906284	-2.75226907988602	0.00591838695409209	0.0398521329596652	AT1G80165	NA	NA
66.2138033708336	-1.58063146938089	0.574367055282423	-2.75195357192567	0.00592409190405261	0.0398665752052771	AT4G13620	NA	encodes a member of the DREB subfamily A-6 of ERF/AP2 transcription factor family. The protein contains one AP2 domain. There are 8 members in this subfamily including RAP2.4.
2.48212941423714	-4.73817946366833	1.72374592189796	-2.74876906362817	0.0059819515920628	0.040147374245082	AT5G24180	PRLIP5	NA
7.7374117902	2.50050017519782	0.910486077946526	2.74633543089132	0.00602651125187491	0.0403617661474254	AT1G27940	ABCB13; PGP13	NA
8.49153591354482	-1.98984563054992	0.724920937747633	-2.74491399949417	0.00605267569427025	0.0404885677565342	AT4G20450	NA	NA
10.6726057361536	-1.67675837621913	0.612745709756962	-2.73646693811075	0.00621028351143292	0.0412961726609417	AT4G03380	NA	NA
1118.81473682646	1.94312384156416	0.710176287551832	2.73611478674208	0.00621693357189571	0.0413227859706372	AT2G16005	ROSY1	NA
118.591362345534	-1.00371161239128	0.368877992152834	-2.7209853494741	0.00650876460783122	0.0429133422103844	AT1G52800	NA	NA
22.7650022913416	1.29040793469221	0.474670611573318	2.71853344873214	0.00655720255171227	0.0431799789321223	AT1G23050	NA	NA
10.143215723601	-2.35610200448174	0.86960040224867	-2.70940767551301	0.00674034615105984	0.0442169866429807	AT3G20680	NA	NA
17.6023482458279	1.26572358635704	0.467219511776543	2.7090554963004	0.00674750522732804	0.0442509888934814	AT4G33660	AthCYSTM11	NA
6.59206524721933	-2.19348334516766	0.81088568325474	-2.70504633447645	0.00682948626996556	0.0446057668422714	AT5G46130	AtDOA12	NA
34.3559699309702	1.68613986686577	0.624668622731974	2.69925494175052	0.00694949164093898	0.0452312742779626	AT4G08985	NA	NA
13.3404111585406	1.47256700579174	0.546887580050936	2.69263201342876	0.00708904644457627	0.0459260295553168	AT5G62210	NA	NA
106.919213816606	-1.00753806547114	0.374214883101263	-2.69240511526769	0.00709387178766278	0.0459440001609299	AT1G05950	NA	NA
3.0784844444194	4.05212988137267	1.50545146281426	2.69163767910372	0.00711021437631656	0.0460211454456595	AT2G47015	NA	NA
319.226831956881	-1.37006406633375	0.509471385450283	-2.68918747050505	0.00716261815697764	0.046289032836892	AT3G45060	ATNRT2.6; NRT2.6	member of High affinity nitrate transporter family
8.78038047724846	-1.87271156178987	0.69635782506434	-2.68929492049126	0.00716031282419248	0.046289032836892	AT4G12320	CYP706A6	member of CYP706A
548.074068254905	-2.92027562590813	1.0862295060612	-2.68845175868716	0.00717842071485972	0.0463575289302187	AT3G49620	DIN11	encodes a protein similar to 2-oxoacid-dependent dioxygenase. Expression is induced after 24 hours of dark treatment, in senescing leaves and treatment with exogenous photosynthesis inhibitor. Induction of gene expression was suppressed in excised leaves supplied with sugar. The authors suggest that the gene's expression pattern is responding to the level of sugar in the cell.
42.5902497796742	-1.01406762047102	0.377223003882547	-2.68824438073442	0.00718288069348567	0.0463640345493711	AT5G64380	NA	NA
2.35071177438715	-4.64189248073778	1.72974207699659	-2.68357493436112	0.0072839649854375	0.0468368676126145	AT1G27045	ATHB54; HB54	NA
1310.8045684338	1.06562624087064	0.397229947894825	2.68264325617461	0.00730428607262546	0.046953728726326	AT4G34131	UGT73B3	NA
328.167431193591	-2.19459310717138	0.818282036777554	-2.68195195364892	0.00731939711993951	0.0470103865495168	AT1G64160	AtDIR5; DIR5	NA
12.2052808037405	1.67408246049718	0.625628487535415	2.67584116428588	0.00745419629872109	0.0476438870736751	AT2G34390	NIP2;1; NLM4	aquaporin NIP2.1
18.7937101955029	1.45134448136599	0.542750653532703	2.67405386233873	0.00749404141466781	0.0478303082139927	AT5G01075	TWS1	NA
50.1863397935682	1.24337059935823	0.465059225250506	2.67357474456824	0.00750475501160016	0.0478714022329243	AT1G24600	NA	NA
4.93565935981212	4.76799815786445	1.78536973207726	2.67059425966459	0.00757171092624134	0.0481613285725933	AT2G01422	NA	NA
137.461492464932	-1.22151579175606	0.457673503681572	-2.66896768532603	0.00760847700149212	0.0482991640945061	AT2G41510	ATCKX1; CKX1	It encodes a protein whose sequence is similar to cytokinin oxidase/dehydrogenase, which catalyzes the degradation of cytokinins.
8.47577313284948	-1.9903225907142	0.745901501519244	-2.66834506521348	0.00762259262004636	0.0483750593138448	ATCG00280	PSBC	chloroplast gene encoding a CP43 subunit of  the photosystem II reaction center. promoter contains a blue-light responsive element.
23.5591848687369	1.43755327282382	0.539498806496396	2.6646088100909	0.00770779263901048	0.0487515010281626	AT3G01475	NA	NA
140.316134343266	1.08552221713602	0.407496304319706	2.66388236072041	0.00772445704892955	0.0488140350078516	AT5G06905	CYP712A2	member of CYP712A
34.2087540621706	1.02692884232435	0.385910993731717	2.66105101695616	0.00778971533011239	0.049143229445971	AT5G60320	LecRK-I.11	NA
2.32832980891814	4.70295247794546	1.76817268436426	2.65978120775934	0.00781914266615385	0.0492456465554504	AT1G07645	ATDSI-1VOC; DSI-1VOC	NA
6.95402552663894	-2.05025115374787	0.771024878139554	-2.65912451319992	0.00783440034651265	0.049327869035844	AT1G16225	NA	NA
11.7729558354358	1.62288455296625	0.61035532267658	2.65891767085678	0.00783921165436517	0.0493373792874528	AT1G75880	GGL12	NA
50.7277031663133	-2.1447379149486	0.806768938738981	-2.65842896517674	0.00785058983143575	0.0493742796587574	AT4G04640	ATPC1	One of two genes (with ATPC2) encoding the gamma subunit of Arabidopsis chloroplast ATP synthase.
2.02793000540804	4.5002034800322	1.69475249555049	2.65537504257839	0.00792202776523333	0.0497258222618177	AT3G60970	ABCC15; ATMRP15; MRP15	member of MRP subfamily
